date,state,district,pincode,total,anomaly_score
2025-01-11,Rajasthan,Jaipur,302012,144,-0.0252684097828485
2025-01-11,Andhra Pradesh,Chittoor,517501,94,-0.01742441442934306
2025-01-11,Andhra Pradesh,Kurnool,518002,83,-0.006863634027914123
2025-01-11,Assam,Nagaon,782124,112,-0.027877617564266544
2025-01-11,Bihar,East Champaran,845301,131,-0.006044309353788191
2025-01-11,Bihar,East Champaran,845418,137,-0.0069967883471278025
2025-01-11,Bihar,Gaya,824232,106,-0.0026505020026681425
2025-01-11,Bihar,Kishanganj,855107,148,-0.02143972447380349
2025-01-11,Telangana,Karimnagar,505001,97,-0.0012323742779791758
2025-01-11,Telangana,Nalgonda,508207,124,-0.028368473068360878
2025-01-11,Telangana,Suryapet,508204,127,-0.036764030011740556
2025-01-11,Telangana,Vikarabad,501144,99,-0.0013304075723655773
2025-01-11,Telangana,Vikarabad,509336,142,-0.045759327797324834
2025-01-11,Uttar Pradesh,Allahabad,212301,118,-0.006044309353788191
2025-01-11,Uttar Pradesh,Bareilly,243505,138,-0.0069967883471278025
2025-01-11,Uttar Pradesh,Chitrakoot,210205,142,-0.010340633000355814
2025-01-11,Uttar Pradesh,Hathras,204101,145,-0.01949701975680973
2025-01-11,Uttar Pradesh,Jalaun,285001,151,-0.01659280297335175
2025-01-11,Uttar Pradesh,Jalaun,285205,110,-0.0069260967688533626
2025-01-11,Uttar Pradesh,Lucknow,226003,155,-0.01659280297335175
2025-01-11,Uttar Pradesh,Moradabad,202411,127,-0.015073600384038377
2025-01-11,Uttarakhand,Nainital,263139,126,-0.036764030011740556
2025-01-11,West Bengal,Bankura,722207,150,-0.022413050222962028
2025-01-11,West Bengal,Birbhum,731224,141,-0.007473511387549925
2025-02-11,Bihar,West Champaran,845438,149,-0.027822405410321216
2025-02-11,Delhi,West Delhi,110059,167,-0.07279054545246455
2025-02-11,Haryana,Faridabad,121004,121,-0.0365215191767011
2025-02-11,Haryana,Panipat,132103,111,-0.03354833122284118
2025-02-11,Maharashtra,Thane,400612,105,-0.023236709926868993
2025-02-11,Manipur,Churachandpur,795128,134,-0.03453805309813429
2025-02-11,Manipur,Imphal West,795001,176,-0.07487767619532237
2025-02-11,Manipur,Senapati,795002,83,-0.012981542768023324
2025-02-11,Manipur,Thoubal,795138,146,-0.06295344765488287
2025-02-11,Telangana,Medchal-malkajgiri,500055,96,-0.026929305503589185
2025-02-11,Telangana,Nirmal,504103,119,-0.040504591543721324
2025-03-11,Bihar,Araria,854334,148,-0.018459228905746028
2025-03-11,Bihar,Bhagalpur,853204,134,-0.03592224802042465
2025-03-11,Bihar,East Champaran,845437,115,-0.002853698053878362
2025-03-11,Bihar,Gaya,823001,135,-0.03344577746423161
2025-03-11,Bihar,Gaya,824206,101,-0.004217231812313482
2025-01-11,West Bengal,South 24 Parganas,743376,149,-0.01659280297335175
2025-03-11,Maharashtra,Pune,411033,130,-0.03147062415099
2025-03-11,Maharashtra,Pune,411048,121,-0.03557317879274535
2025-03-11,Maharashtra,Sangli,416416,150,-0.004452440983092165
2025-03-11,Manipur,Imphal East,795114,101,-0.004217231812313482
2025-03-11,Manipur,Thoubal,795138,136,-0.0491901680294351
2025-03-11,Rajasthan,Alwar,301001,168,-0.060898544362443796
2025-03-11,Rajasthan,Udaipur,313001,116,-0.01297088290294457
2025-04-11,Bihar,East Champaran,845302,157,-0.004103423076169732
2025-04-11,Delhi,East Delhi,110092,144,-0.011667173311637802
2025-03-11,Bihar,Katihar,854104,134,-0.0006074854536192165
2025-03-11,Bihar,Lakhisarai,811311,181,-0.06863319130095347
2025-03-11,Bihar,Madhepura,852128,136,-0.010595288647168966
2025-03-11,Bihar,Nalanda,803110,121,-0.015377970999937207
2025-03-11,Bihar,Rohtas,802215,110,-0.020702315686255912
2025-03-11,Bihar,Sheohar,843329,140,-0.03990206792378914
2025-03-11,Bihar,Supaul,852131,133,-0.010595288647168966
2025-03-11,Bihar,West Champaran,845453,134,-0.012033737453045479
2025-03-11,Chhattisgarh,Bastar,494001,91,-0.0008148237121038404
2025-03-11,Chhattisgarh,Kawardha,491995,151,-0.05425838662968607
2025-03-11,Chhattisgarh,Raipur,492001,105,-0.020687367471936113
2025-03-11,Chhattisgarh,Surguja,497001,110,-0.028113632792671983
2025-03-11,Chhattisgarh,Surguja,497101,91,-0.001080840515336634
2025-03-11,Chhattisgarh,Surguja,497111,128,-0.023135602981395387
2025-03-11,Delhi,East Delhi,110096,123,-0.02508816829792815
2025-03-11,Delhi,North West Delhi,110042,142,-0.05425838662968607
2025-03-11,Delhi,South West Delhi,110045,143,-0.020762891894908098
2025-03-11,Delhi,West Delhi,110041,163,-0.04792662477413201
2025-03-11,Jharkhand,Sahebganj,816108,129,-0.0072502407698076254
2025-03-11,Madhya Pradesh,Bhopal,462001,117,-0.007141813765746408
2025-03-11,Madhya Pradesh,Burhanpur,450331,109,-0.028502787920041905
2025-03-11,Madhya Pradesh,Chhindwara,480001,128,-0.037559450073039624
2025-03-11,Uttar Pradesh,Ballia,221712,107,-0.00437247924955364
2025-03-11,Uttar Pradesh,Bareilly,262406,132,-0.02508816829792815
2025-03-11,Uttar Pradesh,Bulandshahr,203001,161,-0.06192530084904624
2025-03-11,Uttar Pradesh,Hathras,204101,158,-0.05527615175452427
2025-03-11,Uttar Pradesh,Jhansi,284204,158,-0.02039912119840981
2025-03-11,Uttar Pradesh,Kaushambi,212217,100,-0.00802497700151561
2025-03-11,Uttar Pradesh,Rampur,244921,99,-0.00898013799430053
2025-03-11,Uttar Pradesh,Shahjahanpur,242221,139,-0.03890509251919172
2025-03-11,Uttar Pradesh,Siddharthnagar,272192,128,-0.01143349205967703
2025-03-11,Uttar Pradesh,Sitapur,261201,147,-0.009794390496727812
2025-03-11,Uttar Pradesh,Sultanpur,228001,117,-0.02753631775702059
2025-03-11,Uttarakhand,Nainital,263139,144,-0.05936101236914759
2025-03-11,West Bengal,Bankura,722143,139,-0.00019186322402420242
2025-03-11,West Bengal,Jalpaiguri,735210,164,-0.0459123342716693
2025-03-11,West Bengal,Malda,732201,127,-0.020216645245066278
2025-03-11,West Bengal,Murshidabad,742302,116,-0.02216130015484663
2025-04-11,Bihar,Khagaria,848203,133,-0.016492085242029164
2025-04-11,Delhi,North East Delhi,110094,152,-0.03162277888023024
2025-04-11,Delhi,North West Delhi,110086,156,-0.04332397276581701
2025-03-11,Bihar,Banka,813106,149,-0.004452440983092165
2025-03-11,Bihar,Bhagalpur,812005,133,-0.017706765814711423
2025-03-11,Bihar,Gaya,824232,161,-0.02661713406191546
2025-03-11,Bihar,Khagaria,851204,117,-0.02753631775702059
2025-03-11,Bihar,Madhubani,847408,157,-0.026127463089061886
2025-03-11,Bihar,Sitamarhi,843317,113,-0.01297088290294457
2025-03-11,Delhi,North East Delhi,110053,156,-0.049590628848495966
2025-03-11,Delhi,North West Delhi,110034,112,-0.0014338636173575336
2025-03-11,Delhi,South West Delhi,110043,145,-0.039403411586518056
2025-03-11,Gujarat,Surat,395004,135,-0.018675036807175083
2025-03-11,Haryana,Rewari,123401,113,-0.029154796648082293
2025-03-11,Haryana,Rohtak,124001,150,-0.06552990967706251
2025-04-11,Uttar Pradesh,Ghaziabad,201001,158,-0.004103423076169732
2025-04-11,Uttar Pradesh,Jalaun,285001,154,-0.008387892072392655
2025-05-11,Bihar,East Champaran,845301,146,-0.026374041518496316
2025-05-11,Bihar,Gopalganj,841405,115,-0.0056214812403949654
2025-05-11,Bihar,Patna,804453,128,-0.019550996793436193
2025-05-11,Bihar,Purnia,854315,147,-0.02100764198892824
2025-05-11,Delhi,East Delhi,110092,146,-0.032274026251560506
2025-05-11,Delhi,North East Delhi,110053,123,-0.028262549864199626
2025-05-11,Delhi,West Delhi,110041,151,-0.037227404492512606
2025-05-11,Haryana,Faridabad,121002,117,-0.01616363403200627
2025-05-11,Haryana,Rohtak,124001,103,-0.01368252284286009
2025-04-11,Madhya Pradesh,Morena,476001,146,-0.027687651144639447
2025-05-11,Madhya Pradesh,Katni,483501,88,-0.0037702810585258373
2025-05-11,Maharashtra,Mumbai Suburban,400043,114,-0.01705810693266152
2025-05-11,Maharashtra,Osmanabad,413501,141,-0.0012621266094099415
2025-05-11,Maharashtra,Pune,411028,108,-0.010801862267873497
2025-05-11,Maharashtra,Raigad,410206,146,-0.019550996793436193
2025-05-11,Maharashtra,Thane,421306,128,-0.016646561333393484
2025-05-11,Manipur,Imphal West,795136,161,-0.033273720856454636
2025-04-11,Jharkhand,Giridih,815312,152,-0.03211616916662152
2025-06-11,Bihar,Araria,854312,156,-0.0058662441492070005
2025-06-11,Bihar,Katihar,854104,138,-0.008486261756801339
2025-06-11,Chhattisgarh,Kawardha,491559,121,-0.012090244587289245
2025-06-11,Chhattisgarh,Raipur,492001,137,-0.02175565090513032
2025-06-11,Delhi,North West Delhi,110034,118,-0.023352367587457734
2025-06-11,Delhi,South West Delhi,110043,136,-0.04012387676488316
2025-06-11,Delhi,South West Delhi,110045,127,-0.030704025936088897
2025-06-11,Delhi,West Delhi,110018,140,-0.01102012741001579
2025-06-11,Gujarat,Surat,395004,180,-0.062001512841540096
2025-06-11,Maharashtra,Palghar,401305,109,-0.01607494238466911
2025-06-11,Manipur,Imphal West,795002,156,-0.023216775561601843
2025-06-11,Rajasthan,Ganganagar,335001,104,-0.004583598920541276
2025-06-11,Jharkhand,Godda,814133,152,-0.012078885504202441
2025-06-11,Jharkhand,Godda,814153,130,-0.010552340049030606
2025-06-11,Jharkhand,Sahebganj,816108,134,-0.023704476536745234
2025-06-11,Madhya Pradesh,Gwalior,474001,122,-0.023352367587457734
2025-06-11,Madhya Pradesh,Indore,452001,125,-0.01594071949515663
2025-06-11,Telangana,Nirmal,504103,113,-0.022377771639343624
2025-06-11,Uttar Pradesh,Allahabad,212301,121,-0.012090244587289245
2025-06-11,Uttar Pradesh,Baghpat,250611,134,-0.010552340049030606
2025-06-11,Uttar Pradesh,Bahraich,271865,135,-0.020783214129132976
2025-06-11,Uttar Pradesh,Bulandshahr,203131,111,-0.01462829922602682
2025-06-11,Uttar Pradesh,Fatehpur,212601,149,-0.024680868960811786
2025-07-11,Chhattisgarh,Bilaspur,495551,131,-0.02598554626142291
2025-07-11,Delhi,North East Delhi,110053,113,-0.01337217167981819
2025-07-11,Gujarat,Surat,395006,159,-0.023685736296437554
2025-07-11,Haryana,Yamuna Nagar,135001,144,-0.016404944913282593
2025-06-11,Uttar Pradesh,Mirzapur,231211,133,-0.020783214129132976
2025-06-11,Uttar Pradesh,Muzaffarnagar,251001,151,-0.042622977130029716
2025-06-11,Uttar Pradesh,Sonbhadra,231216,166,-0.05484259054544505
2025-06-11,West Bengal,Jalpaiguri,736121,140,-0.0048167576565829595
2025-06-11,West Bengal,Murshidabad,742213,150,-0.028701551502083644
2025-08-11,Bihar,Katihar,854116,142,-0.02048244652330422
2025-08-11,Bihar,Kishanganj,855107,139,-0.003068561613947085
2025-08-11,Bihar,Kishanganj,855116,135,-0.0011476013674749375
2025-08-11,Bihar,Madhubani,847408,152,-0.04807602591975679
2025-08-11,Gujarat,Surat,395004,131,-0.010464078333421112
2025-08-11,Haryana,Panipat,132103,160,-0.05324199778537608
2025-08-11,Jharkhand,Chatra,825401,112,-0.017836213217206298
2025-08-11,Jharkhand,Godda,814133,142,-0.00304057896395471
2025-07-11,Rajasthan,Banswara,327001,121,-0.016404944913282593
2025-08-11,Maharashtra,Gadchiroli,442707,134,-0.008778558104755474
2025-07-11,Uttar Pradesh,Jhansi,284204,140,-0.009337925788569068
2025-07-11,Uttar Pradesh,Lalitpur,284403,134,-0.026475121182803152
2025-07-11,Uttar Pradesh,Pilibhit,262201,128,-0.02598554626142291
2025-07-11,Uttar Pradesh,Rae Bareli,229001,145,-0.004097846042042441
2025-07-11,Uttar Pradesh,Rampur,244921,120,-0.0053835956269076
2025-07-11,Uttar Pradesh,Siddharthnagar,272192,138,-0.019793453258853733
2025-07-11,West Bengal,Cooch Behar,736159,135,-0.009675883730383195
2025-07-11,West Bengal,Howrah,711303,140,-0.005998818833212516
2025-07-11,West Bengal,Howrah,711312,158,-0.0026754888461762993
2025-07-11,West Bengal,South 24 Parganas,743368,150,-0.012212631408281771
2025-07-11,Madhya Pradesh,Sidhi,486661,123,-0.0053835956269076
2025-06-11,West Bengal,Howrah,711401,153,-0.0058662441492070005
2025-06-11,West Bengal,North 24 Parganas,743425,125,-0.00041409142447323966
2025-06-11,West Bengal,South 24 Parganas,743399,157,-0.0432277243828193
2025-08-11,Bihar,East Champaran,845418,125,-0.022903456358668417
2025-08-11,Bihar,Katihar,854104,125,-0.0032184802360878395
2025-08-11,Bihar,Samastipur,848117,144,-0.0470679972191147
2025-08-11,Bihar,Sitamarhi,843324,118,-0.016001601200887228
2025-08-11,Bihar,West Champaran,845101,154,-0.03878293796699461
2025-08-11,Bihar,West Champaran,845103,136,-0.008778558104755474
2025-08-11,Bihar,West Champaran,845306,147,-0.021940984257266205
2025-08-11,Bihar,West Champaran,845451,133,-0.013703559645319885
2025-08-11,Chhattisgarh,Bilaspur,495001,127,-0.014787397284382275
2025-08-11,Chhattisgarh,Bilaspur,495551,124,-0.025609025450421763
2025-08-11,Delhi,East Delhi,110092,128,-0.03656564249101191
2025-08-11,Delhi,North West Delhi,110086,151,-0.03905268520948313
2025-08-11,Gujarat,Surat,395006,110,-0.02464293798385142
2025-08-11,Haryana,Hisar,125001,112,-0.020259788265133638
2025-08-11,Uttar Pradesh,Jhansi,284204,132,-0.01623436370168918
2025-08-11,Uttar Pradesh,Kushinagar,274401,96,-0.012674036958813861
2025-08-11,Uttar Pradesh,Shamli,247774,127,-0.014787397284382275
2025-08-11,West Bengal,Bankura,722152,145,-0.00493868655001084
2025-08-11,West Bengal,Howrah,711312,136,-0.0011476013674749375
2025-08-11,West Bengal,Jalpaiguri,735224,107,-0.027089578708722528
2025-08-11,West Bengal,Malda,732139,87,-0.012235068644783187
2025-09-11,Haryana,Gurgaon,122001,123,-0.01790799987245484
2025-08-11,Jharkhand,Dhanbad,828109,126,-0.009028812325934
2025-08-11,Madhya Pradesh,Bhind,477001,96,-0.017010854014781085
2025-08-11,Maharashtra,Ahmadnagar,414502,149,-0.008399977604816034
2025-08-11,Maharashtra,Latur,413520,149,-0.004745290677927061
2025-08-11,Maharashtra,Nanded,431605,136,-0.022416297159515763
2025-08-11,Maharashtra,Pune,410505,135,-0.017090682748945873
2025-08-11,Manipur,Tamenglong,795141,201,-0.054152927064186396
2025-09-11,Delhi,North West Delhi,110086,131,-0.021303643726858
2025-10-11,Uttar Pradesh,Ghaziabad,201001,148,-0.03557317879274535
2025-10-11,Uttar Pradesh,Hardoi,241001,145,-0.014781139803811905
2025-10-11,Uttar Pradesh,Mainpuri,205001,115,-0.009728081858910498
2025-10-11,Bihar,West Champaran,845106,116,-0.005911143193357615
2025-10-11,Chhattisgarh,Surguja,497001,113,-0.015592401702034797
2025-08-11,West Bengal,Bankura,722206,143,-0.010213315640635767
2025-08-11,West Bengal,Murshidabad,742135,121,-0.02463137791977643
2025-08-11,West Bengal,Murshidabad,742213,132,-0.013703559645319885
2025-08-11,West Bengal,Murshidabad,742304,126,-0.013824383381639604
2025-08-11,West Bengal,Uttar Dinajpur,733128,125,-0.0032184802360878395
2025-11-11,Chhattisgarh,Bilaspur,495551,113,-0.022965973722587796
2025-11-11,Chhattisgarh,Kondagaon,494226,108,-0.02144850783976504
2025-11-11,Delhi,South West Delhi,110043,97,-0.007383227659284675
2025-11-11,Delhi,South West Delhi,110045,106,-0.005058688677555323
2025-11-11,Gujarat,Surat,395006,122,-1.4524525016823553e-05
2025-11-11,Haryana,Faridabad,121001,112,-0.0243724765084391
2025-11-11,Haryana,Faridabad,121002,99,-0.018920402797166447
2025-11-11,Haryana,Karnal,132001,132,-0.031225901944879397
2025-11-11,Haryana,Palwal,121102,121,-0.011644312649492283
2025-10-11,Uttar Pradesh,Bulandshahr,203131,134,-0.020259788265133638
2025-10-11,Uttar Pradesh,Jaunpur,222001,123,-0.010206653480437033
2025-10-11,Uttar Pradesh,Kheri,262802,139,-0.023178921497297722
2025-10-11,Uttar Pradesh,Lalitpur,284403,131,-0.0192893742806175
2025-10-11,Uttar Pradesh,Pilibhit,262201,136,-0.03359227578084578
2025-10-11,Madhya Pradesh,Ratlam,457001,114,-0.009827307344694725
2025-11-11,Uttar Pradesh,Bahraich,271801,120,-0.011644312649492283
2025-11-11,Uttar Pradesh,Banda,210001,156,-0.03557317879274535
2025-11-11,Uttar Pradesh,Bulandshahr,203001,159,-0.03250141160302944
2025-11-11,Uttar Pradesh,Gautam Buddha Nagar,201306,114,-0.01859300447618617
2025-11-11,Uttar Pradesh,Hathras,204101,141,-0.036668634056150395
2025-11-11,Uttar Pradesh,Kheri,262701,166,-0.05782659803005474
2025-10-11,Manipur,Thoubal,795130,137,-0.04606133163284831
2025-11-11,Madhya Pradesh,Barwani,451666,125,-0.03525376058109464
2025-11-11,Madhya Pradesh,Katni,483501,98,-0.016878283822839735
2025-11-11,Madhya Pradesh,Morena,476001,113,-0.0082943082317527
2025-11-11,Maharashtra,Thane,421503,126,-0.0033252220169472935
2025-11-11,Manipur,Imphal West,795009,163,-0.04015334096849177
2025-10-11,Uttar Pradesh,Saharanpur,247121,131,-0.004734283246243032
2025-10-11,Uttarakhand,Nainital,263139,135,-0.03656564249101191
2025-10-11,Uttarakhand,Udham Singh Nagar,244713,120,-0.021404493595914675
2025-10-11,West Bengal,Cooch Behar,735303,129,-0.03366564391337701
2025-10-11,West Bengal,Jalpaiguri,736204,130,-0.004734283246243032
2025-10-11,West Bengal,Murshidabad,742202,151,-0.005684988348189313
2025-12-11,Jharkhand,Palamu,822122,114,-0.010149386008715622
2025-12-11,Karnataka,Bengaluru,560068,87,-0.006758723667584454
2025-09-11,Uttar Pradesh,Shahjahanpur,242001,144,-0.01678273815670306
2025-11-11,West Bengal,Malda,732123,126,-0.02084625944996632
2025-11-11,West Bengal,Paschim Medinipur,721507,130,-0.031225901944879397
2025-11-11,West Bengal,Puruliya,723101,125,-0.0033252220169472935
2025-11-11,West Bengal,Uttar Dinajpur,733129,144,-0.001613784335096513
2025-12-11,Andhra Pradesh,Chittoor,517425,93,-0.01635149497335009
2025-12-11,Madhya Pradesh,Bhind,477001,124,-0.006330173114584836
2025-12-11,Madhya Pradesh,Indore,452016,93,-0.004804754826451374
2025-12-11,Maharashtra,Nashik,422101,145,-0.03005062686668436
2025-12-11,Maharashtra,Pune,411041,112,-0.005854223379558321
2025-12-11,Manipur,Imphal West,795002,146,-0.008138193157241513
2025-12-11,Manipur,Imphal West,795140,143,-0.0009164036618594107
2025-12-11,Haryana,Sonipat,131001,111,-0.002058196066680784
2025-12-11,Jharkhand,Chatra,825401,128,-0.017366367760916157
2025-12-11,Telangana,Nirmal,504103,102,-0.019361306793449495
2025-12-11,Uttar Pradesh,Bareilly,262406,131,-0.021245478118172012
2025-12-11,Uttar Pradesh,Budaun,202523,130,-0.021245478118172012
2025-12-11,Rajasthan,Tonk,304001,109,-0.010149386008715622
2025-12-11,Uttar Pradesh,Moradabad,244501,153,-0.023192921176066084
2025-12-11,Uttar Pradesh,Pilibhit,262201,147,-0.0451305460969853
2025-12-11,Uttar Pradesh,Sitapur,261135,156,-0.02710365436886575
2025-12-11,West Bengal,Birbhum,731219,137,-0.005279994265155574
2025-12-11,West Bengal,Jalpaiguri,736204,144,-0.0009164036618594107
2025-12-11,West Bengal,Murshidabad,742304,120,-0.0202737312271547
2025-03-12,Uttar Pradesh,Chandauli,232101,162,-0.0252099232850862
2025-03-12,Uttar Pradesh,Kushinagar,274402,117,-0.00013205385463332941
2025-03-12,Uttar Pradesh,Pilibhit,262201,140,-0.00492646692707055
2025-03-12,Madhya Pradesh,Datia,475661,110,-0.015073600384038377
2025-03-12,Maharashtra,Nashik,422003,126,-0.015073600384038377
2025-03-12,Maharashtra,Pune,411048,115,-0.01074854395852265
2025-03-12,Bihar,Khagaria,848203,119,-0.00013205385463332941
2025-03-12,Bihar,Nalanda,803101,107,-0.000758578661890219
2025-03-12,Bihar,West Champaran,845452,120,-0.012187304151651923
2025-03-12,Chhattisgarh,Kondagaon,494226,106,-0.015073600384038377
2025-03-12,Chhattisgarh,Mahasamund,493558,131,-0.027226755028673777
2025-03-12,Delhi,South Delhi,110044,157,-0.02089541800645045
2025-03-12,Haryana,Karnal,132001,124,-0.015555789934028286
2025-03-12,Rajasthan,Alwar,301001,139,-0.016846275572707792
2025-03-12,Uttar Pradesh,Rampur,244922,133,-0.0014681156244320537
2025-03-12,Uttarakhand,Nainital,263139,130,-0.022340811429388263
2025-02-12,West Bengal,Malda,732123,146,-0.0252684097828485
2025-02-12,West Bengal,South 24 Parganas,743329,130,-0.019425073623479117
2025-02-12,West Bengal,Uttar Dinajpur,733128,154,-0.06852571482117542
2025-01-12,Madhya Pradesh,Barwani,451666,101,-0.028663409308151366
2025-01-12,Madhya Pradesh,Datia,475661,96,-0.01318458942626366
2025-01-12,Madhya Pradesh,Singrauli,486886,93,-0.01511018738940162
2025-01-12,Andhra Pradesh,East Godavari,533101,110,-0.017524524862248314
2025-01-12,Assam,Nagaon,782123,102,-0.01462829922602682
2025-01-12,Bihar,East Champaran,845302,109,-0.011743807037406517
2025-02-12,Madhya Pradesh,Indore,452010,133,-0.044679950837577365
2025-02-12,Maharashtra,Nashik,422003,150,-0.02486942480681109
2025-02-12,Maharashtra,Palghar,401208,118,-0.0035759394198069394
2025-02-12,Maharashtra,Pune,411028,112,-0.0002640573115777478
2025-02-12,Maharashtra,Pune,412105,120,-0.010269605825316885
2025-02-12,Maharashtra,Wardha,442001,123,-0.008823427190650435
2025-02-12,Manipur,Imphal East,795002,143,-0.024779651029752436
2025-02-12,Manipur,Imphal West,795113,120,-0.03917781623023586
2025-02-12,Manipur,Senapati,795007,101,-0.00905928481737528
2025-02-12,Manipur,Ukhrul,795142,153,-0.04428212274947152
2025-01-12,Maharashtra,Thane,421503,142,-0.03663930906815038
2025-01-12,Manipur,Bishnupur,795133,87,-0.0016417099817244152
2025-01-12,Punjab,Patiala,147001,152,-0.04012387676488316
2025-02-12,Assam,Nagaon,782124,150,-0.023892777406686716
2025-02-12,Bihar,Begusarai,851211,165,-0.04578901714873174
2025-02-12,Bihar,Bhagalpur,813205,100,-0.018283520696212863
2025-02-12,Bihar,Bhagalpur,813209,134,-0.019425073623479117
2025-02-12,Bihar,Kaimur (Bhabua),821101,141,-0.04067433959589106
2025-02-12,Bihar,Katihar,854116,132,-0.008345791124574675
2025-02-12,Bihar,Khagaria,848203,147,-0.029117488424706184
2025-02-12,Bihar,Lakhisarai,811302,136,-0.01796018415247902
2025-02-12,Bihar,Madhepura,852128,139,-0.040175160926896325
2025-02-12,Bihar,Madhubani,847228,112,-0.005011371912789331
2025-02-12,Bihar,Madhubani,847404,121,-0.011707392902224445
2025-02-12,Bihar,Muzaffarpur,843113,148,-0.015644417042698033
2025-02-12,Bihar,Muzaffarpur,843128,143,-0.021356075743259817
2025-02-12,Bihar,Nalanda,803110,119,-0.00643847520328944
2025-02-12,Bihar,Patna,803212,138,-0.037684327365574255
2025-02-12,Bihar,Purnia,854326,134,-0.0018314724540333671
2025-02-12,Bihar,Samastipur,848211,161,-0.0282981168932831
2025-02-12,Bihar,Sheohar,843334,136,-0.019413597102553193
2025-02-12,Bihar,Supaul,852131,157,-0.05387764865816913
2025-02-12,Bihar,Vaishali,844508,126,-0.01265617188617374
2025-02-12,Bihar,West Champaran,845459,165,-0.05744405256697416
2025-02-12,Chhattisgarh,Baloda Bazar,493101,126,-0.014098808036451915
2025-02-12,Chhattisgarh,Bastar,494001,184,-0.07320366578068738
2025-02-12,Chhattisgarh,Jashpur,496220,112,-0.005011371912789331
2025-02-12,Delhi,East Delhi,110091,143,-0.02862612631847128
2025-02-12,Rajasthan,Bhilwara,311001,134,-0.0018314724540333671
2025-01-12,Telangana,Hyderabad,500008,109,-0.017041003743659355
2025-01-12,Telangana,Vikarabad,501141,93,-0.01511018738940162
2025-01-12,Uttar Pradesh,Agra,282010,121,-0.009249833922881034
2025-01-12,Uttar Pradesh,Allahabad,211003,139,-0.016782738156702948
2025-01-12,Uttar Pradesh,Bareilly,243003,134,-0.0012852416589395066
2025-01-12,Uttar Pradesh,Hathras,204215,119,-0.005279994265155463
2025-01-12,Uttar Pradesh,Maharajganj,273162,115,-0.014146736991316966
2025-01-12,Uttar Pradesh,Saharanpur,247554,135,-0.030211590763337348
2025-01-12,Uttarakhand,Dehradun,248001,135,-0.03713609461868117
2025-01-12,Uttarakhand,Udham Singh Nagar,244713,108,-0.00887100076079772
2025-02-12,Andhra Pradesh,Chittoor,517501,106,-0.000758578661890219
2025-02-12,Assam,Dhubri,783348,151,-0.04227768219309991
2025-02-12,Telangana,Nizamabad,503001,107,-0.006379107300896081
2025-02-12,Uttar Pradesh,Allahabad,212301,122,-0.0007474010099388639
2025-02-12,Uttar Pradesh,Ballia,277001,123,-0.003587162360170093
2025-02-12,Uttar Pradesh,Balrampur,271206,140,-0.005626269254976002
2025-02-12,Uttar Pradesh,Bara Banki,225305,154,-0.025358244320168644
2025-02-12,Uttar Pradesh,Bareilly,243302,149,-0.038679649746016675
2025-02-12,Uttar Pradesh,Budaun,243635,134,-0.0032521147602601053
2025-02-12,Uttar Pradesh,Chandauli,232104,156,-0.025358244320168644
2025-02-12,Uttar Pradesh,Farrukhabad,209739,130,-0.005011371912789331
2025-02-12,Uttar Pradesh,Fatehpur,212655,144,-0.01989872402851245
2025-02-12,Uttar Pradesh,Ghaziabad,201002,117,-0.0012087093316298647
2025-02-12,Uttar Pradesh,Ghaziabad,245304,127,-0.005011371912789331
2025-02-12,Uttar Pradesh,Ghazipur,233001,157,-0.0472989732866228
2025-02-12,Uttar Pradesh,Kasganj,207403,155,-0.0037263033484877806
2025-02-12,Uttar Pradesh,Maharajganj,273157,136,-0.01796018415247902
2025-02-12,Uttar Pradesh,Meerut,250004,120,-0.005475497838436705
2025-02-12,Uttar Pradesh,Muzaffarnagar,251314,113,-0.005011371912789331
2025-02-12,Uttar Pradesh,Sant Kabir Nagar,272175,137,-0.023315357330104036
2025-02-12,Uttar Pradesh,Siddharthnagar,272201,134,-0.016509718288392428
2025-02-12,Uttar Pradesh,Sultanpur,228001,162,-0.03613449609719033
2025-03-12,Madhya Pradesh,Gwalior,474001,133,-0.032801149451368916
2025-03-12,Madhya Pradesh,Indore,452001,145,-0.013062212730991063
2025-03-12,Madhya Pradesh,Jabalpur,482001,160,-0.03720144286312699
2025-03-12,Madhya Pradesh,Morena,476001,147,-0.045759327797324834
2025-03-12,Madhya Pradesh,Ratlam,457001,140,-0.0125817097305998
2025-03-12,Maharashtra,Pune,411033,134,-0.012990912411279809
2025-03-12,Haryana,Sonipat,131001,94,-0.002993384802973287
2025-01-12,Rajasthan,Jodhpur,342001,146,-0.03119679439647549
2025-02-12,Rajasthan,Banswara,327001,135,-0.049212255348100364
2025-02-12,Rajasthan,Dholpur,328021,101,-0.025220721102900634
2025-02-12,Rajasthan,Jaipur,302029,124,-0.009779669355719278
2025-02-12,Haryana,Sonipat,131001,115,-0.00643847520328944
2025-02-12,Haryana,Yamuna Nagar,135001,136,-0.04971755046042614
2025-02-12,Jharkhand,Dhanbad,826001,124,-0.003587162360170093
2025-02-12,Jharkhand,Latehar,829202,123,-0.04167371071775261
2025-02-12,Jharkhand,Lohardaga,835302,124,-0.009779669355719278
2025-02-12,Andhra Pradesh,Chittoor,517425,88,-0.0029648445449700356
2025-01-12,West Bengal,Uttar Dinajpur,733210,111,-0.00496013227182468
2025-04-12,Haryana,Palwal,121102,121,-0.006287425124634316
2025-04-12,Jharkhand,Palamu,822113,114,-0.009961215035015125
2025-04-12,Bihar,Patna,801503,129,-0.007240233318263289
2025-04-12,Chhattisgarh,Rajnandgaon,491441,142,-0.04644128852665386
2025-04-12,Chhattisgarh,Surguja,497001,143,-0.034460836001872885
2025-04-12,Delhi,North Delhi,110084,134,-0.028543168363406868
2025-05-12,Assam,Dhubri,783348,160,-0.03754768320288082
2025-05-12,Delhi,East Delhi,110092,142,-0.03805685838903561
2025-05-12,Delhi,West Delhi,110018,133,-0.01791367131245758
2025-04-12,Madhya Pradesh,Datia,475661,115,-0.02105435602227157
2025-04-12,Madhya Pradesh,Jabalpur,482001,138,-0.036940746246478695
2025-04-12,Uttar Pradesh,Baghpat,250611,141,-0.04644128852665386
2025-04-12,Uttar Pradesh,Bareilly,262406,150,-0.01498078550962989
2025-04-12,Uttar Pradesh,Jhansi,284204,115,-0.014281462570282066
2025-04-12,Uttar Pradesh,Shahjahanpur,242221,141,-0.011135492390984547
2025-05-12,Gujarat,Surat,395004,131,-0.020823261083058875
2025-05-12,Haryana,Hisar,125001,121,-0.013079150982387433
2025-05-12,Haryana,Mewat,122508,142,-0.03805685838903561
2025-04-12,Uttar Pradesh,Shamli,247776,139,-0.01732294934587475
2025-04-12,Uttarakhand,Dehradun,248001,148,-0.022174827666437302
2025-04-12,West Bengal,Malda,732125,132,-0.025113318431638887
2025-06-12,Haryana,Gurgaon,122001,169,-0.04624028587109241
2025-06-12,Jharkhand,Garhwa,822114,123,-0.002168302806011546
2025-05-12,Telangana,Hyderabad,500013,83,-0.0002728426870184375
2025-05-12,Telangana,Hyderabad,500053,137,-0.06295344765488287
2025-05-12,Uttar Pradesh,Bareilly,243505,157,-0.04566276295373395
2025-05-12,Uttar Pradesh,Bijnor,246762,160,-0.034075287779979924
2025-05-12,Chhattisgarh,Kondagaon,494347,124,-0.024244298347131266
2025-05-12,Chhattisgarh,Rajnandgaon,491666,139,-0.03160505480729481
2025-05-12,Delhi,North West Delhi,110085,119,-0.016946429882198077
2025-05-12,Haryana,Rohtak,124001,99,-0.008421529021430008
2025-05-12,Haryana,Yamuna Nagar,135001,106,-0.019005671975652616
2025-06-12,Bihar,Khagaria,851204,131,-0.011709888613678832
2025-06-12,Chhattisgarh,Baloda Bazar,493118,139,-0.03823388582744969
2025-06-12,Chhattisgarh,Mahasamund,493449,161,-0.011130877929523053
2025-06-12,Delhi,West Delhi,110041,159,-0.017873786600323127
2025-06-12,Madhya Pradesh,Katni,483501,114,-0.013284299959178791
2025-06-12,Madhya Pradesh,Ratlam,457001,147,-0.0077832994428541635
2025-05-12,Madhya Pradesh,Dewas,455001,90,-0.011672639036247934
2025-05-12,Madhya Pradesh,Ratlam,457001,102,-0.02143320992186748
2025-05-12,Uttar Pradesh,Gautam Buddha Nagar,201306,114,-0.02925674825903457
2025-05-12,Uttar Pradesh,Ghaziabad,201005,117,-0.004004738801235752
2025-05-12,Uttar Pradesh,Kushinagar,274304,164,-0.06346804301573183
2025-05-12,Uttar Pradesh,Rampur,244921,128,-0.01405254627591801
2025-05-12,Uttar Pradesh,Shamli,247776,120,-0.011159042273743758
2025-05-12,West Bengal,Puruliya,723212,113,-0.009244123016811323
2025-07-12,Telangana,Hyderabad,500053,124,-0.033364064265919424
2025-07-12,Telangana,Nirmal,504103,117,-0.018681532617324192
2025-07-12,Uttar Pradesh,Gautam Buddha Nagar,201306,123,-0.024030555613664073
2025-07-12,Uttar Pradesh,Mau,275101,134,-0.008972050160080736
2025-06-12,Telangana,Hyderabad,500008,121,-0.02589611509177836
2025-06-12,Uttar Pradesh,Ghaziabad,201005,139,-0.002554746975539146
2025-06-12,Uttar Pradesh,Kheri,262804,158,-0.006353469251735633
2025-06-12,Uttar Pradesh,Shahjahanpur,242221,136,-0.002554746975539146
2025-07-12,Chhattisgarh,Mungeli,495115,148,-0.005754124616205614
2025-07-12,Gujarat,Surat,395004,143,-0.04031857087915047
2025-06-12,West Bengal,Murshidabad,742202,124,-0.008359574355636612
2025-07-12,Uttar Pradesh,Kushinagar,274304,131,-0.01633491645607077
2025-07-12,Uttar Pradesh,Pilibhit,262122,154,-0.018594975149744508
2025-08-12,Bihar,Araria,854333,153,-0.032343448373200245
2025-08-12,Bihar,Khagaria,848203,105,-0.0037034766159832477
2025-08-12,Bihar,Kishanganj,855107,151,-0.036303844822487386
2025-08-12,Chhattisgarh,Bastar,494442,146,-0.049758470262845855
2025-08-12,Delhi,North West Delhi,110042,145,-0.023998445522423473
2025-08-12,Delhi,South Delhi,110044,160,-0.030473396627463734
2025-09-12,Bihar,Gaya,824232,153,-0.03299539656144779
2025-09-12,Bihar,Katihar,854317,147,-0.01943163220087274
2025-09-12,Bihar,Saran,841301,129,-0.009319167189941746
2025-09-12,Bihar,Sheohar,843329,138,-0.013635493190600756
2025-09-12,Chhattisgarh,Bemetara,491335,122,-0.02074548790617714
2025-09-12,Gujarat,Banaskantha,385535,125,-0.0004312678210126597
2025-09-12,Jharkhand,Gumla,835324,119,-0.016385998729032014
2025-08-12,Madhya Pradesh,Indore,452001,131,-0.01800707962496395
2025-08-12,Madhya Pradesh,Ratlam,457001,115,-0.015338085316580763
2025-08-12,Madhya Pradesh,Sidhi,486661,118,-0.026660661897122684
2025-08-12,Maharashtra,Beed,431122,161,-0.042388572275352754
2025-08-12,Maharashtra,Mumbai Suburban,400043,114,-0.013892936283293689
2025-08-12,Maharashtra,Parbhani,431401,123,-0.006555262598614386
2025-08-12,Maharashtra,Thane,421306,154,-0.015366559277111502
2025-08-12,Manipur,Imphal West,795001,117,-0.026660661897122684
2025-08-12,Manipur,Thoubal,795148,117,-0.0055921254397771625
2025-08-12,Rajasthan,Bhilwara,311001,130,-0.013664214707703848
2025-08-12,Uttar Pradesh,Bareilly,262406,153,-0.026544473335781915
2025-08-12,Uttar Pradesh,Etah,207302,123,-0.0074971477441316825
2025-08-12,Uttar Pradesh,Hardoi,241001,168,-0.05261706501196195
2025-08-12,Uttar Pradesh,Jalaun,285001,146,-0.01623152331751021
2025-08-12,Uttar Pradesh,Muzaffarnagar,251002,151,-0.01971982186674892
2025-08-12,Uttar Pradesh,Shamli,247776,145,-0.010461260917058457
2025-08-12,Jharkhand,Palamu,822113,111,-0.016288292270187132
2025-08-12,Jharkhand,Palamu,822124,122,-0.006543992136042287
2025-08-12,Uttarakhand,Haridwar,247667,163,-0.04907346816826619
2025-10-12,Assam,Dhubri,783348,131,-0.008445789119267078
2025-10-12,Bihar,Begusarai,851129,135,-0.029646516566459113
2025-10-12,Bihar,East Champaran,845418,117,-0.01890515868282694
2025-10-12,Bihar,East Champaran,845437,121,-0.031123674043968652
2025-10-12,Bihar,Lakhisarai,811311,119,-0.01890515868282694
2025-10-12,Bihar,West Champaran,845455,146,-0.041548155670496745
2025-10-12,Chhattisgarh,Bastar,494001,141,-0.053136680828365424
2025-10-12,Chhattisgarh,Bilaspur,495119,142,-0.002474079180471378
2025-10-12,Chhattisgarh,Sukma,494122,132,-0.028663409308151366
2025-10-12,Delhi,North West Delhi,110085,140,-0.028663409308151366
2025-10-12,Delhi,South Delhi,110062,147,-0.02719124051037547
2025-10-12,Delhi,West Delhi,110041,150,-0.038554603358566086
2025-10-12,Maharashtra,Latur,413512,116,-0.02670118123632992
2025-09-12,Uttar Pradesh,Baghpat,250611,139,-0.021374159716889163
2025-09-12,Uttar Pradesh,Jhansi,284204,135,-0.004693307828446791
2025-09-12,Uttar Pradesh,Pilibhit,262201,160,-0.008602690517277356
2025-09-12,Uttar Pradesh,Unnao,241503,135,-0.007072346036675947
2025-09-12,Uttarakhand,Dehradun,248001,155,-0.01435780169472034
2025-09-12,Uttarakhand,Nainital,263139,160,-0.04444978712468828
2025-09-12,Madhya Pradesh,Singrauli,486886,118,-0.01590324766111184
2025-09-12,Maharashtra,Latur,413512,134,-0.018946821195966024
2025-09-12,Maharashtra,Nashik,423203,159,-0.03547034092982493
2025-10-12,Assam,Marigaon,782121,115,-0.025232991249156123
2025-10-12,Uttar Pradesh,Balrampur,271201,129,-4.056985232780974e-05
2025-10-12,Uttar Pradesh,Budaun,243639,116,-0.01648615851147628
2025-10-12,Uttar Pradesh,Hardoi,241001,140,-0.00392404397498769
2025-10-12,Uttar Pradesh,Kanpur Nagar,208021,117,-0.011193075884422199
2025-10-12,Uttar Pradesh,Kaushambi,212216,100,-0.001196839197657673
2025-10-12,Uttar Pradesh,Mathura,281001,131,-0.011416314170908715
2025-10-12,Uttar Pradesh,Muzaffarnagar,251318,105,-0.009278064645312667
2025-10-12,Uttar Pradesh,Rampur,243701,131,-0.011416314170908715
2025-10-12,Uttar Pradesh,Shahjahanpur,242221,127,-0.03359227578084578
2025-10-12,Uttar Pradesh,Shamli,247774,135,-0.031123674043968652
2025-10-12,Uttar Pradesh,Siddharthnagar,272153,157,-0.03161672652859493
2025-10-12,Uttarakhand,Nainital,263139,135,-0.029646516566459113
2025-11-12,Bihar,Banka,813101,119,-7.000336269169516e-05
2025-11-12,Bihar,Gaya,824201,159,-0.04206262990035692
2025-11-12,Bihar,Gaya,824232,135,-0.019303298388163692
2025-11-12,Bihar,Jamui,811308,104,-0.000542038249394361
2025-11-12,Bihar,Madhepura,852101,117,-0.008714758102974063
2025-11-12,Bihar,Muzaffarpur,843111,112,-0.004804754826451374
2025-11-12,Bihar,Muzaffarpur,843125,112,-0.004804754826451374
2025-11-12,Bihar,Nalanda,803110,122,-0.010528904911093151
2025-11-12,Bihar,Patna,804452,125,-0.0256346482867692
2025-11-12,Bihar,Samastipur,848117,147,-0.0256346482867692
2025-11-12,Bihar,West Champaran,845106,155,-0.03163089014810072
2025-11-12,Chhattisgarh,Bastar,494010,110,-0.0038552400268909714
2025-11-12,Chhattisgarh,Bemetara,491340,143,-0.04966560277764254
2025-11-12,Chhattisgarh,Durg,491001,149,-0.04312381251836295
2025-11-12,Chhattisgarh,Mahasamund,493445,135,-0.012927717974586472
2025-11-12,Chhattisgarh,Surajpur,497223,151,-0.035091681191012136
2025-11-12,Gujarat,Surat,395006,156,-0.03311207951613704
2025-10-12,Rajasthan,Ajmer,305001,158,-0.040548954331390163
2025-10-12,Rajasthan,Banswara,327001,110,-0.015038681529738529
2025-10-12,Rajasthan,Bhilwara,311001,103,-0.013113276824515574
2025-10-12,Rajasthan,Bikaner,334001,142,-0.029154796648082293
2025-11-12,Madhya Pradesh,Datia,475661,122,-0.023192921176066084
2025-11-12,Madhya Pradesh,Katni,483501,121,-0.029227719379206096
2025-11-12,Maharashtra,Thane,421306,153,-0.03163089014810072
2025-10-12,Maharashtra,Beed,431122,141,-0.02425585221358162
2025-10-12,Maharashtra,Thane,401107,156,-0.03161672652859493
2025-10-12,Maharashtra,Thane,421301,159,-0.04104838598946192
2025-11-12,Jharkhand,Sahebganj,816109,124,-0.0202737312271547
2025-10-12,Jharkhand,Garhwa,822114,108,-0.007845203518228816
2025-10-12,Jharkhand,Gumla,835324,127,-0.03359227578084578
2025-10-12,Jharkhand,Lohardaga,835302,108,-0.011193075884422199
2025-10-12,Madhya Pradesh,Datia,475661,119,-0.01215252676372891
2025-10-12,Madhya Pradesh,Jabalpur,482001,112,-0.013113276824515574
2025-11-12,Uttarakhand,Nainital,263139,169,-0.0584135753588384
2025-11-12,West Bengal,Malda,732125,145,-0.02759398604286567
2025-11-12,West Bengal,Murshidabad,742148,126,-0.026123985715048592
2025-10-12,West Bengal,Malda,732125,146,-0.03606924277004586
2025-12-12,Madhya Pradesh,Indore,452016,115,-0.013354029089101993
2025-12-12,Maharashtra,Hingoli,431513,142,-0.00405989387062633
2025-12-12,Uttar Pradesh,Bahraich,271801,154,-0.02513233928300318
2025-12-12,Uttar Pradesh,Bijnor,246763,156,-0.005805164993098133
2025-12-12,Haryana,Yamuna Nagar,135001,115,-0.013354029089101993
2025-12-12,Jharkhand,Giridih,815312,107,-0.013113276824515685
2025-12-12,Jharkhand,Giridih,825412,115,-0.022406526849745534
2025-12-12,Jharkhand,Palamu,822113,106,-0.006554950175193142
2025-12-12,Assam,Dhubri,783348,144,-0.023524231886198343
2025-12-12,Bihar,Araria,854311,149,-0.02171860519989377
2025-12-12,Bihar,Begusarai,851112,112,-0.008084170647382316
2025-12-12,Bihar,Katihar,854104,118,-0.007270065528343861
2025-12-12,Bihar,Khagaria,851204,134,-0.02989287127246365
2025-12-12,Bihar,Lakhisarai,811311,121,-0.02011809596025904
2025-12-12,Bihar,Saran,841301,114,-0.004276105926836582
2025-12-12,Bihar,West Champaran,845455,140,-0.026456644120581907
2025-12-12,Chhattisgarh,Bemetara,491335,142,-0.04065250486940586
2025-12-12,Delhi,North Delhi,110084,146,-0.04616565571547304
2025-12-12,Delhi,South West Delhi,110043,138,-0.030877643331178484
2025-12-12,Gujarat,Ahmedabad,382350,128,-0.017211363017494263
2025-12-12,Maharashtra,Thane,421503,126,-0.02498894998140999
2025-12-12,Rajasthan,Jodhpur,342001,150,-0.04616565571547304
2025-12-12,Uttar Pradesh,Firozabad,283204,130,-0.027436763223347538
2025-12-12,Uttar Pradesh,Gautam Buddha Nagar,201306,127,-0.021089632107338607
2025-12-12,Uttar Pradesh,Ghaziabad,201005,149,-0.02547785039122863
2025-12-12,Uttar Pradesh,Kheri,261505,126,-0.016245071288897406
2025-12-12,Uttar Pradesh,Moradabad,244501,143,-0.009299690106336245
2025-12-12,Uttar Pradesh,Muzaffarnagar,251002,147,-0.000591280042632758
2025-12-12,Uttar Pradesh,Rampur,244924,134,-0.017211363017494263
2025-12-12,Uttar Pradesh,Saharanpur,247554,129,-0.013495108827131563
2025-12-12,Uttar Pradesh,Unnao,241504,142,-0.009299690106336245
2025-12-12,Uttarakhand,Udham Singh Nagar,244713,141,-0.026946537888178024
2025-12-12,Uttar Pradesh,Kasganj,207242,152,-0.02513233928300318
2025-12-12,Uttar Pradesh,Kaushambi,212217,132,-0.008701758078384358
2025-12-12,Uttar Pradesh,Shahjahanpur,242221,141,-0.02303665282087286
2025-12-12,Uttar Pradesh,Sonbhadra,231216,107,-0.003327305996718155
2025-12-12,Uttarakhand,Dehradun,248001,161,-0.027090315776315377
2025-01-03,Punjab,Hoshiarpur,146111,158,-0.024392491964376206
2025-01-03,Andhra Pradesh,West Godavari,534111,143,-0.014691644962625094
2025-01-03,Karnataka,Belgaum,591125,118,-0.04349202604012081
2025-01-03,Telangana,Nizamabad,503219,112,-0.02065524353046222
2025-01-03,Karnataka,Vijayapura,586206,100,-0.026190244005622754
2025-01-03,West Bengal,Paschim Medinipur,721306,151,-0.0209822535907076
2025-01-03,Karnataka,Udupi,576232,176,-0.06470421677075266
2025-01-03,Odisha,Mayurbhanj,757021,166,-0.04737371719629624
2025-01-03,Himachal Pradesh,Sirmaur,173223,115,-0.03488264947788777
2025-01-03,Maharashtra,Palghar,401504,129,-0.029945081981505695
2025-01-03,Karnataka,Bengaluru,560051,145,-0.05344489306064415
2025-01-03,West Bengal,Paschim Bardhaman,713321,158,-0.0443565638499519
2025-01-03,Andhra Pradesh,East Godavari,533251,144,-0.015173575999360422
2025-01-03,Kerala,Ernakulam,686693,150,-0.0209822535907076
2025-01-03,Karnataka,Shivamogga,577214,139,-0.06038568690123447
2025-01-03,Karnataka,Vijayapura,586114,169,-0.06449827883112036
2025-01-03,Kerala,Thiruvananthapuram,695043,144,-0.014210039883552184
2025-01-03,Andhra Pradesh,Eluru,534002,150,-0.02536981602227706
2025-01-03,Karnataka,Udupi,574105,138,-0.022441806842815493
2025-01-03,Tamil Nadu,Dindigul,624206,87,-0.016729856797043308
2025-01-03,Karnataka,Bellary,583119,156,-0.05854199615227129
2025-01-03,Karnataka,Bagalkot,586126,101,-0.03562525977542674
2025-01-03,Telangana,Mahabubnagar,509381,211,-0.07749454537553302
2025-01-03,Tamil Nadu,Theni,625562,151,-0.0209822535907076
2025-01-03,Karnataka,Belagavi,591119,129,-0.04409748351348919
2025-01-03,Andhra Pradesh,Tirupati,517112,120,-0.015655833214371584
2025-01-03,Bihar,Siwan,841417,162,-0.028800883634617636
2025-01-03,Assam,Udalguri,784190,161,-0.04687000735313551
2025-01-03,Andhra Pradesh,Visakhapatnam,531060,136,-0.018072019695479336
2025-01-03,Karnataka,Davangere,583125,106,-0.033644216004963146
2025-01-03,Andhra Pradesh,East Godavari,533345,132,-0.021954959883767056
2025-01-03,Andhra Pradesh,Ananthapur,515271,110,-0.023575985383253895
2025-01-03,Himachal Pradesh,Mandi,175009,128,-0.045863609500151226
2025-01-03,Karnataka,Bellary,583132,136,-0.0209822535907076
2025-01-03,Andhra Pradesh,East Godavari,533462,122,-0.0041712403185090174
2025-01-03,Karnataka,Mysuru,570029,127,-0.032409689870432024
2025-01-03,Tamil Nadu,Ramanathapuram,623538,133,-0.04085199710229226
2025-01-03,Karnataka,Mysuru,570001,156,-0.03175476006885014
2025-01-03,Gujarat,Navsari,396570,141,-0.06141174893340473
2025-01-03,Himachal Pradesh,Shimla,171220,151,-0.045863609500151226
2025-01-03,Telangana,Vikarabad,501121,125,-0.043854894681031875
2025-01-03,Assam,Baksa,781349,95,-0.0036980500545207295
2025-01-03,Karnataka,Dharwad,580009,214,-0.07749454537553302
2025-01-03,Andhra Pradesh,Visakhapatnam,531087,160,-0.0209822535907076
2025-01-03,Kerala,Thrissur,680511,130,-0.018556238621388776
2025-01-03,Rajasthan,Sikar,332029,133,-0.03488264947788777
2025-01-03,Karnataka,Uttara Kannada,581411,157,-0.0443565638499519
2025-01-03,Andhra Pradesh,Anakapalli,531032,145,-0.018556238621388776
2025-01-04,Haryana,Bhiwani,127031,163,-0.05997158796131152
2025-01-04,Haryana,Rohtak,124401,112,-0.032307295873436837
2025-01-04,Haryana,Ambala,134007,171,-0.05639324168396975
2025-01-04,Haryana,Karnal,132023,130,-0.037260899975308126
2025-01-04,Madhya Pradesh,Balaghat,481116,187,-0.07906892144930866
2025-01-04,Haryana,Kaithal,136042,134,-0.035275435582305614
2025-01-05,Haryana,Rohtak,124111,119,-0.03475824816127415
2025-01-05,Andhra Pradesh,Sri Sathya Sai,515271,163,-0.07435536384370367
2025-01-05,Karnataka,Ballari,583120,149,-0.059873176315006216
2025-01-05,Madhya Pradesh,Agar Malwa,465550,160,-0.06449827883112036
2025-01-05,Haryana,Ambala,133205,168,-0.06811510245341534
2025-01-05,Haryana,Karnal,132157,110,-0.03716543945428019
2025-01-05,Madhya Pradesh,Narsinghpur,487225,159,-0.06811510245341534
2025-01-03,Kerala,Thrissur,679562,124,-0.007024929055779228
2025-01-03,Tamil Nadu,Vellore,632113,147,-0.017588128274663495
2025-01-03,Karnataka,Belgaum,591233,220,-0.07749454537553302
2025-01-03,Tamil Nadu,Tiruppur,642113,138,-0.014691644962625094
2025-01-03,Gujarat,Sabarkantha,383240,107,-0.014849210196559048
2025-01-03,Uttar Pradesh,Pratapgarh,230126,163,-0.051415688409480076
2025-01-03,Karnataka,Belgaum,590006,144,-0.022928983307310857
2025-01-03,Andhra Pradesh,Warangal,506005,122,-0.0032113650906209212
2025-01-03,Karnataka,Udupi,576235,86,-0.009379011508690471
2025-01-03,Andhra Pradesh,Sri Sathya Sai,515134,99,-0.017177601597098135
2025-01-03,Tamil Nadu,Sivaganga,630003,121,-0.03488264947788777
2025-01-03,Andhra Pradesh,Chittoor,517237,120,-0.028470314335566238
2025-01-03,West Bengal,Bankura,722161,160,-0.0209822535907076
2025-01-03,West Bengal,Purba Medinipur,721602,163,-0.04135163386433305
2025-01-03,Karnataka,Gulbarga,585306,168,-0.05293707693226213
2025-01-03,Telangana,Narayanpet,509204,121,-0.015655833214371584
2025-01-03,Kerala,Kannur,670591,130,-0.018556238621388776
2025-01-03,Odisha,Baleswar,756080,153,-0.056499015629854155
2025-01-03,Karnataka,Davangere,583127,101,-0.029698176413698874
2025-01-03,Gujarat,Mahisagar,389172,132,-0.04687000735313551
2025-01-03,Karnataka,Tumakuru,572128,93,-0.01572872257595459
2025-01-03,Karnataka,Belagavi,591225,184,-0.040102259553385866
2025-01-03,Andhra Pradesh,Medak,502255,149,-0.045863609500151226
2025-01-03,Andhra Pradesh,Anantapur,515832,155,-0.03175476006885014
2025-01-03,Karnataka,Ballari,583104,173,-0.06315896801407728
2025-01-03,Telangana,Nizamabad,503321,107,-0.02743147464545259
2025-01-03,Uttar Pradesh,Jaunpur,222113,138,-0.014691644962625094
2025-01-03,Karnataka,Bijapur,586124,141,-0.05040314362517251
2025-01-03,Tamil Nadu,The Nilgiris,643202,129,-0.013247806716687793
2025-01-03,Karnataka,Shivamogga,577412,137,-0.031916101059116464
2025-01-03,Himachal Pradesh,Una,174315,154,-0.0209822535907076
2025-01-03,Maharashtra,Chhatrapati Sambhajinagar,431112,129,-0.029945081981505695
2025-01-03,Karnataka,Belgaum,591131,110,-0.028383918586840196
2025-01-03,Karnataka,Dakshina Kannada,574145,112,-0.02065524353046222
2025-01-03,Kerala,Malappuram,673633,117,-0.0013179259127977794
2025-01-03,Karnataka,Belagavi,591301,89,-0.020605512576592933
2025-01-03,Tamil Nadu,Salem,636204,142,-0.02585897420804073
2025-01-03,Andhra Pradesh,East Godavari,533288,125,-0.029945081981505695
2025-01-03,Telangana,Mahabubnagar,509338,161,-0.07279054545246455
2025-01-03,Karnataka,Udupi,574104,143,-0.045863609500151226
2025-01-03,Tamil Nadu,Tiruchirappalli,620014,153,-0.045863609500151226
2025-01-03,Gujarat,Navsari,396350,100,-0.002848278070051835
2025-01-03,Telangana,Nalgonda,508115,84,-0.0012966316253760768
2025-01-03,Gujarat,Gandhinagar,382021,153,-0.04687000735313551
2025-01-03,Telangana,Warangal,506252,113,-0.032351977756030936
2025-01-03,West Bengal,Paschim Bardhaman,713338,116,-0.03339786992447158
2025-01-03,Nagaland,Peren,797101,124,-0.028961570985874707
2025-01-03,Uttarakhand,Nainital,244713,143,-0.015173575999360422
2025-01-03,Andhra Pradesh,Palnadu,522402,101,-0.004745864518624243
2025-01-03,Maharashtra,Chandrapur,442917,120,-0.0027375247847367667
2025-01-03,Karnataka,Shivamogga,577426,85,-0.006775134172910424
2025-01-03,Bihar,Muzaffarpur,843153,160,-0.028800883634617636
2025-01-03,Himachal Pradesh,Bilaspur,174021,163,-0.05547959687816306
2025-01-03,Haryana,Fatehabad,125133,162,-0.03224823968212287
2025-01-03,Andhra Pradesh,Tirupati,517640,126,-0.029945081981505695
2025-01-03,Karnataka,Tumakuru,572221,147,-0.05446155664312957
2025-01-03,Uttarakhand,Almora,263646,84,-0.0012966316253760768
2025-01-03,Odisha,Bargarh,768050,169,-0.052429604269118135
2025-01-03,Karnataka,Belagavi,591215,133,-0.046610049081462046
2025-01-03,Gujarat,Bhavnagar,364330,146,-0.03835887771907054
2025-01-03,Kerala,Malappuram,679578,108,-0.014849210196559048
2025-01-03,Tamil Nadu,Thiruvarur,614713,147,-0.02634846346352493
2025-01-03,Karnataka,Dakshina Kannada,574223,116,-0.006548509417373616
2025-01-03,Telangana,Hyderabad,500067,147,-0.056499015629854155
2025-01-03,Andhra Pradesh,Anakapalli,531113,143,-0.03488264947788777
2025-01-03,Odisha,Jajapur,755028,113,-0.024063929477083024
2025-01-03,Gujarat,Navsari,396110,84,-0.02277151142156153
2025-01-03,West Bengal,Howrah,711205,115,-0.006548509417373616
2025-01-03,Andhra Pradesh,Prakasam,523263,160,-0.0209822535907076
2025-01-03,Gujarat,Botad,364720,109,-0.034300288007665825
2025-01-03,Karnataka,Bijapur,586122,100,-0.02642244589079279
2025-01-03,Telangana,Medak,502113,170,-0.07279054545246455
2025-01-03,Telangana,Nagarkurnool,509235,95,-0.025479675573282345
2025-01-03,Odisha,Khorda,751012,147,-0.05446155664312957
2025-01-03,Karnataka,Belagavi,591227,191,-0.07592336166471647
2025-01-03,Himachal Pradesh,Bilaspur,174030,108,-0.024983679264184544
2025-01-03,Goa,North Goa,403006,138,-0.04787776795796084
2025-01-03,Madhya Pradesh,Shajapur,465335,99,-0.002848278070051835
2025-01-03,Tamil Nadu,Kanyakumari,629602,178,-0.07182629438989374
2025-01-03,Karnataka,Belagavi,591232,138,-0.050647875588593294
2025-01-03,Gujarat,Banaskantha,385010,149,-0.045863609500151226
2025-01-03,Andhra Pradesh,Ananthapuramu,515671,189,-0.06243920034445649
2025-01-03,Punjab,Hoshiarpur,144210,156,-0.043854894681031875
2025-01-03,Tamil Nadu,Kanyakumari,629003,159,-0.0687100765819878
2025-01-03,Karnataka,Dakshina Kannada,574326,180,-0.06573612647490734
2025-01-03,Kerala,Kottayam,686016,122,-0.0032113650906209212
2025-01-03,Karnataka,Tumkur,572118,90,-0.020948858876644882
2025-01-03,Karnataka,Dakshina Kannada,574151,151,-0.05547959687816306
2025-01-03,Karnataka,Dharwad,581103,194,-0.07644673526117429
2025-01-03,Tamil Nadu,Thoothukkudi,628712,123,-0.004646050984932315
2025-01-03,Andhra Pradesh,Ananthapur,515661,96,-0.02349017220332783
2025-01-03,Andhra Pradesh,Kurnool,518411,127,-0.032409689870432024
2025-01-03,Chhattisgarh,Sakti,495661,144,-0.04085199710229226
2025-01-03,Karnataka,Mysore,571314,86,-0.002716187231149747
2025-01-03,Andhra Pradesh,Guntur,522302,153,-0.0209822535907076
2025-01-03,Tamil Nadu,Villupuram,605751,156,-0.03175476006885014
2025-01-03,Gujarat,Navsari,396421,99,-0.02484741272292723
2025-01-03,Karnataka,Davangere,583213,85,-0.015764216188846714
2025-01-03,Himachal Pradesh,Kangra,176030,89,-0.0036641596523259157
2025-01-03,Andhra Pradesh,Parvathipuram Manyam,535501,163,-0.051415688409480076
2025-01-03,Rajasthan,Ajmer,305002,148,-0.04135163386433305
2025-01-03,Andhra Pradesh,East Godavari,533309,134,-0.015173575999360422
2025-01-03,Andhra Pradesh,Kurnool,518523,134,-0.015173575999360422
2025-01-03,Andhra Pradesh,Sri Sathya Sai,515110,129,-0.03736398910500893
2025-01-03,Tamil Nadu,Ramanathapuram,623701,156,-0.043854894681031875
2025-01-03,Andhra Pradesh,Sri Sathya Sai,515101,80,-0.0029741357206677366
2025-01-03,Andhra Pradesh,Ananthapuramu,515465,82,-0.003448136168441751
2025-01-03,Uttar Pradesh,Ayodhya,224201,116,-0.023088371314063494
2025-01-03,Himachal Pradesh,Solan,173207,96,-0.011879392041937442
2025-01-03,Andhra Pradesh,Dr. B. R. Ambedkar Konaseema,533255,161,-0.0209822535907076
2025-01-03,Gujarat,Vadodara,391140,125,-0.03935511350044418
2025-01-03,Gujarat,Chhotaudepur,391140,105,-0.024393829579958726
2025-01-03,Himachal Pradesh,Kangra,176208,153,-0.02830973566640138
2025-01-03,Tamil Nadu,Kanyakumari,629163,115,-0.028470314335566238
2025-01-03,Madhya Pradesh,Betul,461441,103,-0.02642244589079279
2025-01-03,Telangana,Karimnagar,505526,126,-0.0075016711422620785
2025-01-03,Bihar,Darbhanga,846006,153,-0.04687000735313551
2025-01-03,Gujarat,Kheda,387380,142,-0.04085199710229226
2025-01-03,Karnataka,Belagavi,591114,196,-0.07487767619532237
2025-01-03,Karnataka,Hassan,573126,82,-0.015198953537210569
2025-01-03,Andhra Pradesh,East Godavari,533252,149,-0.02536981602227706
2025-01-03,Karnataka,Belgaum,591301,90,-0.013214771563426764
2025-01-03,Karnataka,Belagavi,591201,118,-0.03935511350044418
2025-01-03,Haryana,Sirsa,125058,124,-0.04085199710229226
2025-01-03,Kerala,Malappuram,679584,136,-0.030929924738145487
2025-01-03,Goa,South Goa,403804,106,-0.0385346894899008
2025-01-03,Telangana,K.v. Rangareddy,500104,104,-0.008079023277260955
2025-01-03,Telangana,K.v. Rangareddy,500037,231,-0.0780189823730888
2025-01-03,Karnataka,Bangalore,560099,157,-0.05700924253267059
2025-01-03,Manipur,Tamenglong,795159,174,-0.07279054545246455
2025-01-03,Kerala,Thiruvananthapuram,695312,82,-0.004872063244822367
2025-01-03,Andhra Pradesh,Visakhapatnam,530028,123,-0.0041712403185090174
2025-01-03,Karnataka,Chikkamagaluru,577132,178,-0.06521999707884063
2025-01-03,Karnataka,Belagavi,591147,58,-0.0070499161210983985
2025-01-03,Jammu and Kashmir,Jammu,180006,149,-0.045863609500151226
2025-01-03,Maharashtra,Amravati,444903,118,-0.029945081981505695
2025-01-03,Telangana,Narayanpet,509409,138,-0.04787776795796084
2025-01-03,Karnataka,Vijayapura,586124,147,-0.05476709704062288
2025-01-03,Andhra Pradesh,Warangal,506331,159,-0.024392491964376206
2025-01-03,Punjab,SAS Nagar (Mohali),160059,147,-0.017588128274663495
2025-01-03,Rajasthan,Jodhpur,342011,131,-0.028961570985874707
2025-01-03,Karnataka,Tumkur,572119,117,-0.04249019608771831
2025-01-03,Gujarat,Valsad,396140,109,-0.040954297561516584
2025-01-03,West Bengal,Howrah,711226,154,-0.020496393811421876
2025-01-03,Jammu and Kashmir,Pulwama,191103,153,-0.05547959687816306
2025-01-03,Gujarat,Valsad,396150,231,-0.0780189823730888
2025-01-03,Andhra Pradesh,Ananthapur,515561,71,-0.006026864082991246
2025-01-03,Karnataka,Udupi,576283,111,-0.028802229420160974
2025-01-03,Assam,Kamrup Metro,781016,137,-0.014210039883552184
2025-01-03,Haryana,Panipat,132102,121,-0.015655833214371584
2025-01-03,Telangana,Nalgonda,508126,121,-0.04560400275900145
2025-01-03,Gujarat,Junagadh,362215,103,-0.011907727820595793
2025-01-03,Telangana,Medak,502117,86,-0.01081498905798639
2025-01-03,Karnataka,Udupi,576117,122,-0.02552974414081588
2025-01-03,Karnataka,Ramanagar,562128,146,-0.017588128274663495
2025-01-03,Gujarat,Anand,388480,125,-0.017588128274663495
2025-01-03,Andhra Pradesh,Rangareddi,500005,135,-0.016621327062420033
2025-01-03,Kerala,Kollam,691571,123,-0.02552974414081588
2025-01-03,Himachal Pradesh,Solan,173206,145,-0.04536092102962974
2025-01-03,Karnataka,Chamrajanagar,571123,133,-0.03438738806183872
2025-01-03,Andhra Pradesh,Nandyal,518134,127,-0.007024929055779228
2025-01-03,Telangana,K.v. Rangareddy,500090,113,-0.03284586157534253
2025-01-03,Uttar Pradesh,Bulandshahr,203394,141,-0.06295344765488287
2025-01-03,Rajasthan,Jaisalmer,345022,106,-0.005121183010455943
2025-01-03,Kerala,Thiruvananthapuram,695543,153,-0.020496393811421876
2025-01-03,Manipur,Senapati,795150,121,-0.008933834273290642
2025-01-03,Andhra Pradesh,Palnadu,522410,115,-0.013247806716687793
2025-01-03,Telangana,Warangal Urban,506013,131,-0.03686704941633723
2025-01-03,Gujarat,Navsari,396430,157,-0.06295344765488287
2025-01-03,Karnataka,Belagavi,591216,87,-0.01721316732663347
2025-01-03,Andhra Pradesh,Medak,502334,124,-0.03935511350044418
2025-01-03,Gujarat,Bharuch,392035,112,-0.029453160126176492
2025-01-03,Andhra Pradesh,East Godavari,533106,153,-0.028800883634617636
2025-01-03,Andhra Pradesh,Adilabad,504216,116,-0.03142284609028656
2025-01-03,Himachal Pradesh,Kangra,176200,102,-0.011907727820595793
2025-01-03,Punjab,Hoshiarpur,144222,130,-0.03290361275018283
2025-01-03,Telangana,Warangal,506365,112,-0.028961570985874707
2025-01-03,Karnataka,Gadag,582203,130,-0.04737371719629624
2025-01-03,Assam,Nalbari,781350,147,-0.022441806842815493
2025-01-03,Rajasthan,Jhunjhunun,333032,122,-0.016621327062420033
2025-01-03,Gujarat,Amreli,365610,112,-0.02797938995036875
2025-01-03,Tamil Nadu,Villupuram,606202,158,-0.024392491964376206
2025-01-03,Tamil Nadu,Tiruchirappalli,620026,132,-0.032409689870432024
2025-01-03,Telangana,Mahabubnagar,509336,188,-0.07018956269563192
2025-01-03,Andhra Pradesh,Ananthapur,515651,78,-0.010476486636343596
2025-01-03,Kerala,Wayanad,670644,146,-0.022928983307310857
2025-01-03,Gujarat,Chhotaudepur,391145,165,-0.06007786405179172
2025-01-03,Karnataka,Chamrajanagar,571442,153,-0.028800883634617636
2025-01-03,Karnataka,Uttara Kannada,581346,166,-0.06863319130095347
2025-01-03,Manipur,Imphal West,795002,170,-0.06470421677075266
2025-01-03,Punjab,Hoshiarpur,146105,144,-0.04085199710229226
2025-01-03,Haryana,Bhiwani,127309,155,-0.0488868931599139
2025-01-03,Karnataka,Haveri,581123,155,-0.06295344765488287
2025-01-03,Gujarat,Surat,394530,99,-0.02202849318038258
2025-01-03,Telangana,Sangareddy,502295,107,-0.028383918586840196
2025-01-03,Telangana,Medak,502101,120,-0.03935511350044418
2025-01-03,Karnataka,Tumkur,572216,161,-0.051922474838906774
2025-01-03,Odisha,Ganjam,760007,170,-0.06315896801407728
2025-01-03,Telangana,Nizamabad,503124,84,-0.016246873158146102
2025-01-03,Bihar,Patna,803307,163,-0.051922474838906774
2025-01-03,Ladakh,Leh,194401,207,-0.07749454537553302
2025-01-03,Uttar Pradesh,Prayagraj,212405,153,-0.04135163386433305
2025-01-03,Andhra Pradesh,East Godavari,507134,158,-0.052429604269118135
2025-01-03,Karnataka,Dakshina Kannada,575023,142,-0.052429604269118135
2025-01-03,Rajasthan,Sikar,332411,132,-0.021954959883767056
2025-01-03,Andhra Pradesh,Hyderabad,500061,162,-0.051922474838906774
2025-01-03,Karnataka,Shivamogga,577413,119,-0.044569675047885116
2025-01-03,Tamil Nadu,Coimbatore,641401,172,-0.06470421677075266
2025-01-03,Andhra Pradesh,Chittoor,517599,153,-0.037861265130040844
2025-01-03,Karnataka,Tumakuru,572107,146,-0.052429604269118135
2025-01-03,Tamil Nadu,Tirunelveli,627719,132,-0.037861265130040844
2025-01-03,Chhattisgarh,Dakshin Bastar Dantewada,494449,154,-0.05425838662968607
2025-01-03,Himachal Pradesh,Mandi,175123,155,-0.04349202604012081
2025-01-03,Telangana,Warangal Rural,506332,91,-0.006144321694946608
2025-01-03,Uttar Pradesh,Faizabad,224133,127,-0.008456123532558424
2025-01-03,Telangana,Siddipet,502107,86,-0.009379011508690471
2025-01-03,Gujarat,Gandhinagar,382729,137,-0.018072019695479336
2025-01-03,Telangana,Nalgonda,508256,156,-0.05854199615227129
2025-01-03,Karnataka,Bijapur,586245,154,-0.06398298666256919
2025-01-03,Telangana,Nirmal,504202,115,-0.009890225939329311
2025-01-03,Uttar Pradesh,Prayagraj,211004,136,-0.04035269827331378
2025-01-03,Tamil Nadu,Tirunelveli,627853,149,-0.02929236401926938
2025-01-03,Karnataka,Chikkamagaluru,577144,81,-0.0025004558666429366
2025-01-03,Uttar Pradesh,Prayagraj,212208,118,-0.03438738806183872
2025-01-03,Karnataka,Mysuru,570004,126,-0.029945081981505695
2025-01-03,Andhra Pradesh,Vizianagaram,532122,148,-0.04536092102962974
2025-01-03,Odisha,Ganjam,761116,162,-0.024392491964376206
2025-01-03,Assam,Sonitpur,784028,127,-0.017588128274663495
2025-01-03,Andhra Pradesh,Adilabad,504206,100,-0.010948607972497082
2025-01-03,Andhra Pradesh,Ananthapur,515301,141,-0.05040314362517251
2025-01-03,Gujarat,Arvalli,383345,155,-0.05578555100441973
2025-01-03,Kerala,Kozhikode,673523,154,-0.0483821598688684
2025-01-03,Himachal Pradesh,Mandi,175023,120,-0.03985373714883411
2025-01-03,Telangana,Khammam,507115,124,-0.03637044583654214
2025-01-03,Karnataka,Hassan,573214,109,-0.028802229420160974
2025-01-03,Karnataka,Belagavi,591243,153,-0.06141174893340473
2025-01-03,Andhra Pradesh,Ananthapur,515571,127,-0.008456123532558424
2025-01-03,Maharashtra,Wardha,442105,120,-0.03488264947788777
2025-01-03,Assam,Sonitpur,784025,136,-0.013728760541678042
2025-01-03,Odisha,Sundergarh,770023,145,-0.05040314362517251
2025-01-03,Telangana,Warangal,506172,85,-0.01383685059096107
2025-01-03,Gujarat,Kheda,388180,162,-0.04135163386433305
2025-01-03,Maharashtra,Jalgaon,425307,137,-0.018072019695479336
2025-01-03,Karnataka,Belagavi,591104,182,-0.05578555100441973
2025-01-03,Karnataka,Tumakuru,572139,99,-0.002848278070051835
2025-01-03,Assam,Kokrajhar,783354,157,-0.052429604269118135
2025-01-03,Telangana,Karimnagar,505403,99,-0.017177601597098135
2025-01-03,Karnataka,Chamrajanagar,571443,120,-0.0032113650906209212
2025-01-03,Telangana,Kamareddy,503309,140,-0.06038568690123447
2025-01-03,Karnataka,Hassan,573122,141,-0.05527615175452427
2025-01-03,Telangana,Wanaparthy,509382,117,-0.032409689870432024
2025-01-03,Gujarat,Chhotaudepur,391152,110,-0.02792202819321532
2025-01-03,West Bengal,Nadia,713130,161,-0.03224823968212287
2025-01-03,Telangana,Medak,502248,190,-0.07644673526117429
2025-01-03,Karnataka,Shivamogga,577222,179,-0.07592336166471647
2025-01-03,Gujarat,Surendra Nagar,363115,163,-0.05956556166385096
2025-01-03,Madhya Pradesh,Sehore,466111,119,-0.025040808632271427
2025-01-03,Himachal Pradesh,Kangra,177106,111,-0.004646050984932315
2025-01-03,Kerala,Ernakulam,682314,160,-0.0209822535907076
2025-01-03,Andhra Pradesh,East Godavari,534313,155,-0.0488868931599139
2025-01-03,Telangana,Bhadradri Kothagudem,507140,107,-0.02743147464545259
2025-01-03,Telangana,Rajanna Sircilla,505402,117,-0.03438738806183872
2025-01-03,Uttarakhand,Pithoragarh,262553,157,-0.03175476006885014
2025-01-03,Haryana,Jind,126110,164,-0.0448585725562165
2025-01-03,Andhra Pradesh,Dr. B. R. Ambedkar Konaseema,533212,146,-0.018072019695479336
2025-01-03,Tamil Nadu,Virudhunagar,626103,152,-0.046366638197896215
2025-01-03,Gujarat,Surat,394405,139,-0.049897384806780076
2025-01-03,Tamil Nadu,Perambalur,621220,149,-0.02536981602227706
2025-01-03,Tamil Nadu,Kanyakumari,629251,167,-0.07279054545246455
2025-01-03,Tamil Nadu,Kancheepuram,603209,128,-0.008456123532558424
2025-01-03,Karnataka,Vijayapura,586130,169,-0.056295295023496505
2025-01-03,Madhya Pradesh,East Nimar,450337,71,-0.0032475340891222615
2025-01-03,Uttar Pradesh,Auraiya,206128,161,-0.051415688409480076
2025-01-03,Karnataka,Dakshina Kannada,575029,116,-0.023088371314063494
2025-01-03,Tamil Nadu,Villupuram,606204,113,-0.009890225939329311
2025-01-03,Jammu and Kashmir,Jammu,180017,159,-0.04687000735313551
2025-01-03,Karnataka,Belagavi,591226,130,-0.0424544304180039
2025-01-03,Maharashtra,Solapur,413220,131,-0.008933834273290642
2025-01-03,Goa,North Goa,403516,140,-0.05040314362517251
2025-01-03,Tamil Nadu,Tenkasi,627753,106,-0.005121183010455943
2025-01-03,Andhra Pradesh,Rangareddi,500092,87,-0.004138627118820626
2025-01-03,Andhra Pradesh,Ananthapuramu,515751,160,-0.05854199615227129
2025-01-03,Jammu and Kashmir,Kargil,194105,116,-0.026508608138902878
2025-01-03,Karnataka,Dharwad,581212,205,-0.07279054545246455
2025-01-03,Kerala,Kollam,691302,158,-0.04687000735313551
2025-01-03,Kerala,Kozhikode,673102,119,-0.007024929055779228
2025-01-03,Andhra Pradesh,Ananthapuramu,515401,207,-0.07749454537553302
2025-01-03,Kerala,Kollam,691589,159,-0.052429604269118135
2025-01-03,Madhya Pradesh,Betul,460666,156,-0.05854199615227129
2025-01-03,Karnataka,Dharwad,581117,221,-0.07435536384370367
2025-01-03,Andhra Pradesh,Kakinada,533446,108,-0.02743147464545259
2025-01-03,Tamil Nadu,Chennai,600090,158,-0.04687000735313551
2025-01-03,Tripura,Gomati,799125,141,-0.043854894681031875
2025-01-03,Rajasthan,Ajmer,305819,123,-0.03142284609028656
2025-01-03,Andhra Pradesh,Khammam,507166,153,-0.0209822535907076
2025-01-03,Kerala,Thiruvananthapuram,695123,149,-0.017588128274663495
2025-01-03,Karnataka,Mysuru,571301,149,-0.05446155664312957
2025-01-03,Kerala,Kollam,690524,136,-0.014691644962625094
2025-01-03,Gujarat,Mahesana,384410,172,-0.06470421677075266
2025-01-03,Telangana,Nalgonda,508280,81,-0.008563412113256064
2025-01-03,Karnataka,Mysuru,570028,167,-0.055989133822821
2025-01-03,Telangana,Hyderabad,500049,116,-0.03637044583654214
2025-01-03,Karnataka,Kodagu,571251,131,-0.013247806716687793
2025-01-03,Telangana,Nizamabad,503186,187,-0.07644673526117429
2025-01-03,Andhra Pradesh,Chittoor,517305,145,-0.014691644962625094
2025-01-03,Karnataka,Belagavi,591234,82,-0.015198953537210569
2025-01-03,Maharashtra,Nandurbar,425417,157,-0.05547959687816306
2025-01-03,Karnataka,Shivamogga,577428,135,-0.0488868931599139
2025-01-03,Andhra Pradesh,Visakhapatnam,530029,157,-0.04939196806214852
2025-01-03,Tamil Nadu,Thoothukkudi,628801,140,-0.014210039883552184
2025-01-03,Jammu and Kashmir,Ramban,182143,87,-0.011773927974238707
2025-01-03,Himachal Pradesh,Shimla,172001,154,-0.043854894681031875
2025-01-03,Telangana,K.v. Rangareddy,509340,106,-0.017262663306393256
2025-01-03,Haryana,Charkhi Dadri,127309,111,-0.004646050984932315
2025-01-03,Karnataka,Mysuru,571121,99,-0.009512359484077804
2025-01-03,Karnataka,Kalaburagi,585213,101,-0.008079023277260955
2025-01-03,Andhra Pradesh,Warangal,506112,153,-0.0209822535907076
2025-01-03,Himachal Pradesh,Mandi,175035,90,-0.006144321694946608
2025-01-03,Karnataka,Belgaum,591240,191,-0.07279054545246455
2025-01-03,Karnataka,Bangalore,560050,131,-0.008933834273290642
2025-01-03,Karnataka,Udupi,574118,137,-0.018072019695479336
2025-01-03,Karnataka,Chitradurga,577531,117,-0.0013179259127977794
2025-01-03,Karnataka,Belgaum,591215,115,-0.03432951954698904
2025-01-03,Tamil Nadu,Villupuram,607202,115,-0.030929924738145487
2025-01-03,Gujarat,Kheda,387520,94,-0.018145156054337086
2025-01-03,Andhra Pradesh,Ananthapur,515631,113,-0.026998537076539098
2025-01-03,Karnataka,Bengaluru,560041,167,-0.05803073256007596
2025-01-03,Tamil Nadu,Pudukkottai,622506,156,-0.020496393811421876
2025-01-03,Kerala,Kannur,670502,133,-0.03985373714883411
2025-01-03,Telangana,Khammam,507318,160,-0.052429604269118135
2025-01-03,Assam,West Karbi Anglong,782486,138,-0.022441806842815493
2025-01-03,Kerala,Thrissur,680724,132,-0.021954959883767056
2025-01-03,Jammu and Kashmir,Badgam,191112,122,-0.008933834273290642
2025-01-03,Tamil Nadu,Thanjavur,614704,127,-0.032409689870432024
2025-01-03,Madhya Pradesh,Shajapur,465106,180,-0.07279054545246455
2025-01-03,Karnataka,Dakshina Kannada,574220,132,-0.03537824609441664
2025-01-03,Karnataka,Ballari,583134,71,-0.01022368542422114
2025-01-03,Telangana,Sangareddy,502210,78,-0.007132000087381241
2025-01-03,Kerala,Thiruvananthapuram,695017,128,-0.026508608138902878
2025-01-03,Telangana,K.v. Rangareddy,500092,175,-0.07279054545246455
2025-01-03,Himachal Pradesh,Shimla,172101,101,-0.011907727820595793
2025-01-05,Andhra Pradesh,Srikakulam,532443,175,-0.06863319130095347
2025-01-06,Maharashtra,Pune,412301,146,-0.06243920034445649
2025-01-06,Madhya Pradesh,Rajgarh,465680,172,-0.088582581671379
2025-01-06,Maharashtra,Chandrapur,441228,100,-0.030240658950840604
2025-01-07,Haryana,Bhiwani,127031,169,-0.07122890004406812
2025-01-07,Madhya Pradesh,Sehore,466651,179,-0.0822272766441482
2025-01-03,Andhra Pradesh,East Godavari,533254,154,-0.0209822535907076
2025-01-03,Karnataka,Bijapur,586115,185,-0.07279054545246455
2025-01-03,Himachal Pradesh,Mandi,175124,144,-0.0488868931599139
2025-01-03,Karnataka,Belgaum,591248,222,-0.07749454537553302
2025-01-03,Karnataka,Belagavi,591136,76,-0.008888101068890375
2025-01-03,Karnataka,Tumakuru,572224,136,-0.0483821598688684
2025-01-03,Odisha,Jagatsinghapur,754139,168,-0.06161685255888916
2025-01-03,Karnataka,Chitradurga,577532,162,-0.05905360577546326
2025-01-03,Punjab,Ferozepur,152024,151,-0.04085199710229226
2025-01-03,Arunachal Pradesh,Papum Pare,791123,165,-0.0448585725562165
2025-01-03,Kerala,Palakkad,678683,149,-0.0209822535907076
2025-01-03,Tamil Nadu,Kanniyakumari,629401,135,-0.014691644962625094
2025-01-03,Karnataka,Belgaum,591109,256,-0.07435536384370367
2025-01-03,Goa,North Goa,403001,170,-0.05293707693226213
2025-01-03,Telangana,Adilabad,504273,81,-0.0025004558666429366
2025-01-03,Gujarat,Navsari,396325,157,-0.06863319130095347
2025-01-03,Karnataka,Shivamogga,577227,193,-0.07644673526117429
2025-01-03,Himachal Pradesh,Chamba,176303,121,-0.02552974414081588
2025-01-03,Tamil Nadu,Kanyakumari,629601,118,-0.03488264947788777
2025-01-03,Andhra Pradesh,Prakasam,523227,138,-0.017588128274663495
2025-01-03,Bihar,Bhagalpur,813228,122,-0.02552974414081588
2025-01-03,Maharashtra,Nagpur,441201,143,-0.014691644962625094
2025-01-03,Arunachal Pradesh,Anjaw,792104,117,-0.007024929055779228
2025-01-03,Karnataka,Gadag,582206,91,-0.023258911035144214
2025-01-03,Punjab,Sri Muktsar Sahib,152114,163,-0.03224823968212287
2025-01-03,Gujarat,Junagadh,362263,116,-0.026508608138902878
2025-01-03,Tamil Nadu,Kancheepuram,603105,157,-0.03175476006885014
2025-01-03,Jharkhand,East Singhbhum,831016,134,-0.04085199710229226
2025-01-03,Jharkhand,Hazaribagh,825317,138,-0.03686704941633723
2025-01-03,Assam,Cachar,788816,169,-0.055989133822821
2025-01-03,Karnataka,Dharwad,580011,172,-0.06552990967706251
2025-01-03,Kerala,Kottayam,686574,153,-0.037861265130040844
2025-01-03,Jammu and Kashmir,Srinagar,190012,153,-0.04687000735313551
2025-01-03,Kerala,Wayanad,673591,119,-0.007024929055779228
2025-01-03,Chhattisgarh,Mohla-Manpur-Ambagarh Chouki,491229,134,-0.018556238621388776
2025-01-03,Maharashtra,Bhandara,441924,134,-0.014210039883552184
2025-01-03,Gujarat,Sabarkantha,383421,117,-0.031916101059116464
2025-01-03,Odisha,Bargarh,768052,144,-0.015173575999360422
2025-01-03,Odisha,Khorda,751025,142,-0.037861265130040844
2025-01-03,Karnataka,Chitradurga,577599,147,-0.04536092102962974
2025-01-03,Karnataka,Bidar,585414,157,-0.052429604269118135
2025-01-03,Andhra Pradesh,Mahabub Nagar,509301,105,-0.0008565454691651375
2025-01-03,Maharashtra,Ahmadnagar,414609,127,-0.008456123532558424
2025-01-03,Andhra Pradesh,Hyderabad,500036,145,-0.02634846346352493
2025-01-03,Karnataka,Vijayapura,586211,173,-0.06759736401914562
2025-01-03,Punjab,Faridkot,151208,142,-0.015173575999360422
2025-01-03,Tamil Nadu,Kanniyakumari,629201,144,-0.05293707693226213
2025-01-03,Gujarat,Kachchh,370627,114,-0.013247806716687793
2025-01-03,Andhra Pradesh,Kurnool,518511,161,-0.0209822535907076
2025-01-03,Telangana,Karimnagar,505212,121,-0.03488264947788777
2025-01-03,Telangana,Nizamabad,503144,119,-0.03537824609441664
2025-01-03,Andhra Pradesh,Ananthapur,515122,73,-0.006979319453888966
2025-01-03,Kerala,Thiruvananthapuram,695612,118,-0.0008453662486685998
2025-01-03,Odisha,JAJPUR,755013,151,-0.04939196806214852
2025-01-03,Telangana,Kamareddy,503310,115,-0.032351977756030936
2025-01-03,Assam,Cachar,788110,157,-0.0209822535907076
2025-01-03,Karnataka,Bijapur,586210,165,-0.04610685575094475
2025-01-03,Telangana,Mahabubnagar,509406,159,-0.06863319130095347
2025-01-03,Karnataka,Tumkur,572127,134,-0.015173575999360422
2025-01-03,Karnataka,Kolar,563113,158,-0.04687000735313551
2025-01-03,Kerala,Ernakulam,683561,161,-0.04135163386433305
2025-01-03,Telangana,Kamareddy,503122,114,-0.032351977756030936
2025-01-03,Andhra Pradesh,Cuddapah,516247,155,-0.05700924253267059
2025-01-03,Maharashtra,Nagpur,440033,146,-0.018072019695479336
2025-01-03,West Bengal,South 24 Parganas,743613,158,-0.03175476006885014
2025-01-03,Rajasthan,Sikar,332316,159,-0.0443565638499519
2025-01-03,Andhra Pradesh,Adilabad,504205,119,-0.007024929055779228
2025-01-03,Karnataka,Belagavi,591120,101,-0.02642244589079279
2025-01-03,Gujarat,Navsari,396460,142,-0.02585897420804073
2025-01-03,Karnataka,Haveri,581116,168,-0.06449827883112036
2025-01-03,Madhya Pradesh,Khandwa,450554,108,-0.030843236223588977
2025-01-03,Gujarat,Chhotaudepur,391168,177,-0.06915163079892517
2025-01-03,Punjab,Sri Muktsar Sahib,152115,142,-0.03488264947788777
2025-01-03,Karnataka,Dharwad,580112,223,-0.0780189823730888
2025-01-03,Gujarat,Kheda,387411,180,-0.0733117987111307
2025-01-03,Karnataka,Uttara Kannada,581356,114,-0.03488264947788777
2025-01-03,Odisha,Jajapur,755027,129,-0.016621327062420033
2025-01-09,Haryana,Gurgaon,122001,163,-0.04578901714873174
2025-01-09,Haryana,Mewat,122508,163,-0.030203294966322458
2025-01-09,Jharkhand,Bokaro,827013,164,-0.03217501380388965
2025-01-09,Jharkhand,Chatra,825408,164,-0.05336953983230086
2025-01-09,Jharkhand,Khunti,835210,140,-0.017032858117038363
2025-01-09,Jharkhand,Palamu,822124,110,-0.006954234653231528
2025-01-09,Assam,Barpeta,781308,107,-0.0031522694043625288
2025-01-09,Bihar,Begusarai,851112,96,-0.0011609666697961485
2025-01-09,Bihar,Bhagalpur,812006,144,-0.017032858117038363
2025-01-09,Bihar,East Champaran,845302,110,-0.006954234653231528
2025-01-09,Bihar,Gaya,824211,143,-0.05387764865816913
2025-01-09,Bihar,Madhepura,852112,111,-0.0017206363199444574
2025-01-09,Bihar,Madhepura,852210,134,-0.036296806243202195
2025-01-09,Bihar,Saharsa,852127,132,-0.012695907479122415
2025-01-09,Bihar,Siwan,841226,123,-0.026435958304707352
2025-01-09,Chhattisgarh,Surajpur,497223,131,-0.0044771067092526096
2025-01-09,Delhi,North West Delhi,110042,114,-0.035142615419870626
2025-01-09,Haryana,Faridabad,121004,126,-0.011256115990833981
2025-01-09,West Bengal,Jalpaiguri,735121,148,-0.027255703965882727
2025-01-09,West Bengal,Jalpaiguri,735211,156,-0.05744405256697416
2025-01-09,West Bengal,Murshidabad,742136,159,-0.03168158371748764
2025-01-09,West Bengal,Murshidabad,742301,133,-0.01606680777303282
2025-01-09,West Bengal,Murshidabad,742308,153,-0.01945371086755443
2025-01-09,West Bengal,Murshidabad,742401,121,-0.026435958304707352
2025-01-09,West Bengal,Nadia,741404,146,-0.020424347378366292
2025-01-09,West Bengal,North 24 Parganas,743251,134,-0.01751637372254311
2025-01-09,West Bengal,Paschim Medinipur,721424,145,-0.012215652232028917
2025-01-09,West Bengal,South 24 Parganas,743338,148,-0.016549669540931178
2025-02-09,Bihar,Bhagalpur,812006,110,-0.004642815353797625
2025-02-09,Bihar,Khagaria,848203,137,-0.02480517363853829
2025-02-09,Bihar,Lakhisarai,811302,132,-0.007243606508244627
2025-02-09,Bihar,Madhepura,852112,120,-0.014616899506184833
2025-02-09,Bihar,Madhepura,852128,153,-0.015888610023431782
2025-02-09,Bihar,Muzaffarpur,843111,150,-0.015888610023431782
2025-02-09,Bihar,Patna,804452,122,-0.00028318177934483213
2025-02-09,Bihar,Purnia,854204,152,-0.013507972031776894
2025-02-09,Bihar,Saharsa,852127,129,-0.012763905126305097
2025-02-09,Bihar,Samastipur,848504,144,-0.024316728198674364
2025-02-09,Bihar,Siwan,841226,130,-0.03474652614111773
2025-02-09,Chhattisgarh,Durg,491001,122,-0.04464611708115074
2025-02-09,Delhi,West Delhi,110041,124,-0.04014153256758435
2025-02-09,Gujarat,Banaskantha,385535,116,-0.028335383038175954
2025-02-09,Haryana,Panipat,132103,158,-0.05078212068045673
2025-02-09,Telangana,Hyderabad,500053,102,-0.0017286073553649528
2025-02-09,Telangana,Nirmal,504103,114,-0.01221238171194916
2025-02-09,Uttar Pradesh,Allahabad,212106,101,-0.034177929876938684
2025-02-09,Uttar Pradesh,Allahabad,212306,111,-0.0331886949809741
2025-01-09,Madhya Pradesh,Datia,475661,130,-0.0427782838805536
2025-01-09,Madhya Pradesh,Jabalpur,482001,136,-0.046291995361235516
2025-02-09,Bihar,Araria,854312,134,-0.01903748329634536
2025-02-09,Bihar,Banka,813106,114,-0.01221238171194916
2025-02-09,Bihar,Begusarai,851111,148,-0.022925663408563834
2025-02-09,Bihar,Begusarai,851129,152,-0.04673165559219106
2025-02-09,Bihar,Muzaffarpur,843119,117,-0.014616899506184833
2025-02-09,Bihar,Purnia,854304,124,-0.0031210547930295984
2025-02-09,Bihar,Samastipur,848101,142,-0.0091811074972874
2025-02-09,Bihar,Sitamarhi,843324,131,-0.007243606508244627
2025-02-09,Bihar,Vaishali,844102,161,-0.03317120562814735
2025-02-09,Bihar,West Champaran,845105,126,-0.01848108749402999
2025-02-09,Chhattisgarh,Rajnandgaon,491441,112,-0.004642815353797625
2025-02-09,Haryana,Gurgaon,122001,146,-0.04271496910809758
2025-02-09,Haryana,Karnal,132001,110,-0.011252849893339523
2025-02-09,Jharkhand,Chatra,825408,155,-0.04371710342308033
2025-02-09,Jharkhand,Hazaribagh,825406,117,-0.038148282728024174
2025-02-09,Jharkhand,Pakur,816107,110,-0.01221238171194916
2025-02-09,Jharkhand,Palamu,822110,111,-0.004642815353797625
2025-02-09,Jharkhand,Palamu,822113,138,-0.04565086634155269
2025-02-09,Jharkhand,Palamu,822124,117,-0.03178052919734875
2025-01-09,Telangana,Vikarabad,509336,114,-0.025457192547903906
2025-01-09,Uttar Pradesh,Azamgarh,276204,105,-0.027746138549368804
2025-01-09,Uttar Pradesh,Bahraich,271855,97,-0.025036030160305978
2025-01-09,Uttar Pradesh,Balrampur,271201,129,-0.012215652232028917
2025-01-09,Uttar Pradesh,Banda,210121,98,-0.019194573061006692
2025-01-09,Uttar Pradesh,Bara Banki,225305,98,-0.007430928892664612
2025-01-09,Uttar Pradesh,Bara Banki,227131,92,-0.01291961924745022
2025-01-09,Uttar Pradesh,Bareilly,243201,147,-0.0554040394417632
2025-01-09,Uttar Pradesh,Basti,272131,80,-0.005641610514689588
2025-01-09,Uttar Pradesh,Chitrakoot,210205,160,-0.0554040394417632
2025-01-09,Uttar Pradesh,Chitrakoot,210209,86,-0.015702845987178193
2025-01-09,Uttar Pradesh,Ghazipur,275204,117,-0.03911820397208199
2025-01-09,Uttar Pradesh,Gorakhpur,273402,115,-0.040777907729054985
2025-01-09,Uttar Pradesh,Hardoi,241402,116,-0.030364292645643
2025-01-09,Uttar Pradesh,Hardoi,241403,81,-0.0018467309005791854
2025-01-09,Uttar Pradesh,Jaunpur,222142,90,-0.02409506571959852
2025-01-09,Uttar Pradesh,Kaushambi,212217,148,-0.06141174893340473
2025-01-09,Uttar Pradesh,Kheri,262902,122,-0.03778747591428022
2025-01-09,Uttar Pradesh,Maharajganj,273304,112,-0.035142615419870626
2025-01-09,Uttar Pradesh,Mainpuri,205001,104,-0.029117488424706184
2025-01-09,Uttar Pradesh,Mainpuri,205262,95,-0.021622751128801077
2025-01-09,Uttar Pradesh,Pilibhit,262001,119,-0.03878293796699461
2025-01-09,Uttar Pradesh,Sant Kabir Nagar,272270,63,-0.006734659739110693
2025-01-09,Uttar Pradesh,Sant Ravidas Nagar,221303,83,-0.00945708632785558
2025-01-09,Uttar Pradesh,Sitapur,261204,80,-0.005166126494129508
2025-01-09,Uttar Pradesh,Sonbhadra,231216,186,-0.07435536384370367
2025-01-09,Uttar Pradesh,Sultanpur,222302,80,-0.005166126494129508
2025-01-09,Uttar Pradesh,Varanasi,221101,102,-0.011735721809165267
2025-01-09,Uttar Pradesh,Varanasi,221104,146,-0.06295344765488287
2025-01-09,West Bengal,Bankura,722207,122,-0.01751637372254311
2025-01-09,West Bengal,Cooch Behar,736168,146,-0.039281174358257065
2025-01-09,West Bengal,Dakshin Dinajpur,733121,134,-0.01751637372254311
2025-01-09,West Bengal,Jalpaiguri,735133,141,-0.000688513166225424
2025-01-09,West Bengal,Malda,732102,149,-0.037290249797136465
2025-01-09,West Bengal,Murshidabad,742406,138,-0.01751637372254311
2025-01-09,West Bengal,Nadia,741123,127,-0.006954234653231528
2025-02-09,Assam,Dhubri,783334,111,-0.01799691939714776
2025-02-09,Assam,Marigaon,782127,85,-0.006097273451992069
2025-02-09,West Bengal,Murshidabad,742136,111,-0.004642815353797625
2025-02-09,West Bengal,Murshidabad,742147,143,-0.03118512939870266
2025-02-09,West Bengal,Murshidabad,742226,124,-0.02872465711488348
2025-02-09,West Bengal,Paschim Medinipur,721301,148,-0.013507972031776894
2025-02-09,West Bengal,South 24 Parganas,743503,137,-0.02480517363853829
2025-03-09,Assam,Lakhimpur,787031,89,-0.00974500997348382
2025-02-09,Uttar Pradesh,Agra,282007,134,-0.026762263509447215
2025-02-09,Uttar Pradesh,Allahabad,212301,155,-0.058837087089259166
2025-02-09,Uttar Pradesh,Allahabad,212402,182,-0.0780189823730888
2025-02-09,Uttar Pradesh,Allahabad,221503,112,-0.03715367889261967
2025-02-09,Uttar Pradesh,Azamgarh,276305,102,-0.02679119388926965
2025-02-09,Uttar Pradesh,Bahraich,271855,140,-0.04867328461131226
2025-02-09,Uttar Pradesh,Bahraich,271903,108,-0.022467246825699116
2025-02-09,Uttar Pradesh,Ballia,277303,73,-0.004899892120944882
2025-02-09,Uttar Pradesh,Balrampur,271208,102,-0.011831960257729368
2025-02-09,Uttar Pradesh,Bara Banki,225302,96,-0.0017286073553649528
2025-02-09,Uttar Pradesh,Budaun,243633,125,-0.04816869579600691
2025-02-09,Uttar Pradesh,Bulandshahr,202393,109,-0.031214236481066027
2025-02-09,Uttar Pradesh,Fatehpur,212655,147,-0.05577349231642892
2025-02-09,Uttar Pradesh,Ghaziabad,201102,151,-0.049683487013281846
2025-02-09,Uttar Pradesh,Ghazipur,233227,103,-0.02679119388926965
2025-02-09,Uttar Pradesh,Gorakhpur,273413,84,-0.0003110542656783455
2025-02-09,Uttar Pradesh,Hardoi,241124,101,-0.020449716058632994
2025-02-09,Uttar Pradesh,Hardoi,241304,102,-0.0331886949809741
2025-02-09,Uttar Pradesh,Kaushambi,212201,129,-0.051719990974465
2025-02-09,Uttar Pradesh,Kaushambi,212206,97,-0.031707350259730815
2025-02-09,Uttar Pradesh,Kheri,262902,135,-0.05170799738009557
2025-02-09,Uttar Pradesh,Kushinagar,274302,131,-0.0491782149400235
2025-02-09,Uttar Pradesh,Kushinagar,274306,123,-0.0491782149400235
2025-02-09,Uttar Pradesh,Maharajganj,273157,92,-0.023878764130458308
2025-02-09,Uttar Pradesh,Maharajganj,273162,140,-0.05170799738009557
2025-02-09,Uttar Pradesh,Maharajganj,273163,99,-0.02446819288316071
2025-02-09,Uttar Pradesh,Maharajganj,273164,155,-0.06552990967706251
2025-02-09,Uttar Pradesh,Maharajganj,273302,84,-0.010822813844162948
2025-02-09,Uttar Pradesh,Mahoba,210423,92,-0.0036231594842993653
2025-02-09,Uttar Pradesh,Mau,275305,88,-0.017541639626949657
2025-02-09,Uttar Pradesh,Shamli,247776,88,-0.017541639626949657
2025-02-09,Uttar Pradesh,Shrawasti,271845,90,-0.018025499583539828
2025-02-09,Uttar Pradesh,Siddharthnagar,272206,122,-0.0431533965755424
2025-02-09,Uttar Pradesh,Sitapur,261203,107,-0.02679119388926965
2025-02-09,Uttar Pradesh,Sitapur,261303,135,-0.023828613122538367
2025-02-09,Uttar Pradesh,Sultanpur,228001,102,-0.020449716058632994
2025-02-09,Uttar Pradesh,Unnao,209821,105,-0.019550996793436193
2025-02-09,Uttar Pradesh,Unnao,241501,146,-0.05577349231642892
2025-02-09,Uttar Pradesh,Varanasi,221007,102,-0.011831960257729368
2025-02-09,West Bengal,Cooch Behar,736145,88,-0.0031490406581961006
2025-02-09,West Bengal,Cooch Behar,736165,112,-0.004642815353797625
2025-02-09,West Bengal,Dakshin Dinajpur,733125,149,-0.02823356070304417
2025-02-09,West Bengal,Jalpaiguri,735121,158,-0.03317120562814735
2025-02-09,Maharashtra,Beed,431122,130,-0.05069505731878876
2025-02-09,Maharashtra,Thane,421302,130,-0.024316728198674364
2025-01-09,Rajasthan,Alwar,301001,126,-0.04227768219309991
2025-02-09,Madhya Pradesh,Barwani,451666,113,-0.0331886949809741
2025-02-09,Madhya Pradesh,Ratlam,457001,105,-0.010773570669041388
2025-03-09,West Bengal,Uttar Dinajpur,733201,155,-0.01362571061268425
2025-04-09,Assam,Dhubri,783348,159,-0.05087935084204409
2025-04-09,Bihar,Patna,803212,148,-0.013759796627320187
2025-03-09,Rajasthan,Banswara,327801,112,-0.013753892581322424
2025-03-09,Haryana,Faridabad,121004,152,-0.029318046119857222
2025-03-09,Haryana,Mewat,122508,140,-0.019138015158108868
2025-03-09,Haryana,Yamuna Nagar,135001,88,-0.0026752425059081153
2025-02-09,West Bengal,Nadia,741152,161,-0.03317120562814735
2025-02-09,West Bengal,Paschim Medinipur,721253,141,-0.0004972610280568057
2025-02-09,West Bengal,Paschim Medinipur,721516,92,-0.0036231594842993653
2025-02-09,West Bengal,Puruliya,723131,125,-0.02285337316782532
2025-02-09,West Bengal,Uttar Dinajpur,733209,158,-0.05078212068045673
2025-03-09,Bihar,Araria,854312,156,-0.01362571061268425
2025-03-09,Bihar,Begusarai,851129,119,-0.015198759102793113
2025-03-09,Bihar,Begusarai,851211,140,-0.01420676017116762
2025-03-09,Bihar,Bhagalpur,813209,157,-0.01362571061268425
2025-03-09,Bihar,Gaya,824232,142,-0.03623404592161317
2025-03-09,Bihar,Khagaria,851204,160,-0.03137217051196883
2025-03-09,Bihar,Khagaria,852161,101,-0.007526583099283779
2025-03-09,Bihar,Lakhisarai,811302,141,-0.019138015158108868
2025-03-09,Bihar,Patna,801503,134,-0.0031098393155077897
2025-03-09,Delhi,East Delhi,110092,109,-0.019066105055394078
2025-03-09,Delhi,North West Delhi,110086,137,-0.0396427142666097
2025-04-09,West Bengal,Murshidabad,742303,145,-0.004566949035191614
2025-05-09,Uttar Pradesh,Hathras,204101,117,-0.012344315220615631
2025-05-09,Uttar Pradesh,Kheri,261505,114,-0.004702873007159769
2025-05-09,Uttar Pradesh,Kushinagar,274304,155,-0.045759327797324834
2025-05-09,Uttar Pradesh,Maharajganj,273164,97,-0.004576322519475928
2025-05-09,Uttar Pradesh,Siddharthnagar,272153,117,-0.02161697975843957
2025-05-09,West Bengal,South 24 Parganas,743376,142,-0.022013182919139118
2025-06-09,Assam,Dhubri,783330,121,-0.02924511432331167
2025-06-09,Bihar,Begusarai,851129,117,-0.020823261083058875
2025-06-09,Bihar,Bhagalpur,813209,149,-0.024244298347131266
2025-06-09,Bihar,Bhagalpur,853202,159,-0.027670022747460443
2025-06-09,Bihar,Darbhanga,848213,105,-0.0025825703989569293
2025-06-09,Bihar,East Champaran,845301,142,-0.0023385497484371687
2025-06-09,Bihar,Gaya,823001,128,-0.03716543945428019
2025-06-09,Bihar,Gaya,824231,126,-0.04015334096849177
2025-06-09,Bihar,Madhubani,847408,154,-0.007088701927409957
2025-06-09,Bihar,Muzaffarpur,843119,131,-0.01791367131245758
2025-06-09,Bihar,Nalanda,803111,113,-0.00541854435138911
2025-06-09,Bihar,Patna,804453,132,-0.052226983360508794
2025-06-09,Bihar,Rohtas,821304,141,-0.0023385497484371687
2025-06-09,Bihar,Samastipur,848210,157,-0.01447420422899115
2025-06-09,Bihar,Saran,841301,152,-0.03754768320288082
2025-06-09,Bihar,Siwan,841226,121,-0.03567603108676698
2025-06-09,Bihar,West Champaran,845452,128,-0.008299903444289436
2025-06-09,Chhattisgarh,Surguja,497116,144,-0.0431533965755424
2025-06-09,Delhi,North West Delhi,110042,111,-0.028274168067845662
2025-06-09,Delhi,South Delhi,110044,132,-0.059873176315006216
2025-05-09,Haryana,Hisar,125001,132,-0.034284716576014174
2025-04-09,Maharashtra,Thane,400612,141,-0.0335983445344189
2025-04-09,Telangana,Vikarabad,501144,138,-0.039824284914532826
2025-04-09,Telangana,Vikarabad,509336,160,-0.047952569962771974
2025-04-09,Uttar Pradesh,Allahabad,212106,98,-0.006445817601593129
2025-04-09,Uttar Pradesh,Amroha,244221,125,-0.02523899060002277
2025-04-09,Uttar Pradesh,Bareilly,243001,113,-0.0006322082262656403
2025-04-09,Uttar Pradesh,Bareilly,243301,112,-0.013119715971965706
2025-04-09,Uttar Pradesh,Bareilly,243302,103,-0.005969789649552526
2025-04-09,Uttar Pradesh,Bareilly,243503,175,-0.06015389061221388
2025-04-09,Uttar Pradesh,Chandauli,232101,149,-0.03756555176395704
2025-04-09,Uttar Pradesh,Firozabad,283204,126,-0.029813981488947094
2025-04-09,Uttar Pradesh,Jaunpur,222001,175,-0.06351401116996724
2025-04-09,Uttar Pradesh,Kushinagar,274402,107,-0.00976274041140568
2025-04-09,Uttar Pradesh,Meerut,250001,139,-0.03409307191377475
2025-04-09,Uttar Pradesh,Rampur,244921,131,-0.017458711449399367
2025-04-09,Uttar Pradesh,Shahjahanpur,242401,174,-0.05810655364454642
2025-04-09,Uttar Pradesh,Unnao,241503,113,-0.0006322082262656403
2025-05-09,Uttar Pradesh,Deoria,274001,119,-0.01764599785110177
2025-08-09,Assam,Nagaon,782122,122,-0.029911436051531126
2025-08-09,Bihar,Begusarai,851129,150,-0.030896233248601246
2025-08-09,Bihar,Bhagalpur,813210,114,-0.01001400328963098
2025-08-09,Bihar,East Champaran,845433,133,-0.024030555613664073
2025-08-09,Bihar,Kaimur (Bhabua),821102,114,-0.006742367975260288
2025-08-09,Chhattisgarh,Mungeli,495115,158,-0.028018636339262715
2025-04-09,Uttar Pradesh,Agra,282006,150,-0.04986753132423727
2025-04-09,Uttar Pradesh,Bareilly,243303,110,-0.010720254489780978
2025-04-09,Uttar Pradesh,Farrukhabad,209625,118,-0.007851058507514663
2025-04-09,Uttar Pradesh,Hardoi,241123,115,-0.011579040574331012
2025-06-09,Bihar,Araria,854325,145,-0.005660280171935761
2025-06-09,Bihar,Aurangabad,824301,149,-0.006711027399447955
2025-06-09,Bihar,Begusarai,851217,115,-0.01839778306576645
2025-08-09,Bihar,Aurangabad,824125,114,-0.005790233023777902
2025-08-09,Bihar,Aurangabad,824301,146,-0.0014856446289880365
2025-08-09,Bihar,Banka,813101,131,-0.0004220511582790909
2025-08-09,Bihar,Bhojpur,802301,125,-0.018197228947883115
2025-08-09,Bihar,Muzaffarpur,843113,161,-0.04281833099648269
2025-08-09,Bihar,Vaishali,844508,153,-0.006230006602862548
2025-08-09,Chhattisgarh,Baloda Bazar,493526,135,-0.030896233248601246
2025-08-09,Chhattisgarh,Bilaspur,495551,146,-0.026965027455956747
2025-08-09,Delhi,South Delhi,110044,142,-0.04181741205325906
2025-08-09,Delhi,West Delhi,110041,158,-0.0503685512898181
2025-07-09,Telangana,Vikarabad,509336,93,-0.0003462066306553213
2025-07-09,Jharkhand,Chatra,825408,100,-0.006009833053191804
2025-07-09,Uttar Pradesh,Unnao,209801,115,-0.012704003655478857
2025-07-09,West Bengal,Malda,732125,121,-0.018008373235304687
2025-08-09,Madhya Pradesh,Datia,475661,156,-0.05442677656252448
2025-08-09,Madhya Pradesh,Dhar,454001,113,-0.00905744424474142
2025-08-09,Madhya Pradesh,Jabalpur,482001,140,-0.01088623209665518
2025-08-09,Madhya Pradesh,Jhabua,457661,147,-0.026965027455956747
2025-08-09,Madhya Pradesh,Neemuch,458441,114,-0.016374095862117355
2025-08-09,Madhya Pradesh,Sidhi,486771,145,-0.037329999970788674
2025-08-09,Manipur,Thoubal,795138,144,-0.01136558757192574
2025-06-09,West Bengal,Malda,732122,148,-0.006711027399447955
2025-06-09,West Bengal,Murshidabad,742133,126,-0.015498019608028102
2025-06-09,West Bengal,Murshidabad,742135,157,-0.06243920034445649
2025-06-09,West Bengal,Murshidabad,742223,133,-0.03965451468081682
2025-06-09,West Bengal,Nadia,741123,137,-0.029131532227572587
2025-06-09,West Bengal,Paschim Medinipur,721201,100,-0.009844237834767844
2025-06-09,Uttar Pradesh,Allahabad,212306,122,-0.05121334149651502
2025-06-09,Uttar Pradesh,Amroha,244241,120,-0.048685229616162506
2025-06-09,Uttar Pradesh,Amroha,244255,119,-0.04666888884270315
2025-06-09,Uttar Pradesh,Bareilly,243302,89,-0.022427821757397548
2025-06-09,Uttar Pradesh,Bareilly,243505,152,-0.06192530084904624
2025-06-09,Uttar Pradesh,Bulandshahr,203001,173,-0.07854377431760284
2025-06-09,Uttar Pradesh,Chandauli,232101,147,-0.051719990974465
2025-06-09,Uttar Pradesh,Chandauli,232110,77,-0.003099458332355698
2025-06-09,Uttar Pradesh,Etah,207001,186,-0.08117306665841306
2025-06-09,Uttar Pradesh,Etah,207302,105,-0.03567603108676698
2025-06-09,Uttar Pradesh,Etawah,206242,119,-0.045160210327276906
2025-06-09,Uttar Pradesh,Fatehpur,212655,89,-0.026334402475935437
2025-06-09,Uttar Pradesh,Gorakhpur,273202,92,-0.029646516566459113
2025-06-09,Uttar Pradesh,Gorakhpur,273402,85,-0.014084985046602494
2025-06-09,Uttar Pradesh,Hardoi,241001,123,-0.049695448192726754
2025-06-09,Uttar Pradesh,Hathras,204101,134,-0.060898544362443796
2025-06-09,Uttar Pradesh,Kanpur Dehat,209306,105,-0.04254871001672711
2025-06-09,Uttar Pradesh,Kanpur Nagar,208001,130,-0.012129806785043384
2025-06-09,Uttar Pradesh,Kheri,262802,172,-0.07644673526117429
2025-06-09,Uttar Pradesh,Kheri,262804,154,-0.07226964474733999
2025-06-09,Uttar Pradesh,Lalitpur,284403,114,-0.02925674825903457
2025-06-09,Uttar Pradesh,Maharajganj,273151,94,-0.03260383284002788
2025-06-09,Uttar Pradesh,Maharajganj,273163,93,-0.019399670852020767
2025-06-09,Uttar Pradesh,Mathura,281403,89,-0.025232991249156123
2025-06-09,Uttar Pradesh,Mirzapur,231304,84,-0.006436069599711436
2025-06-09,Uttar Pradesh,Muzaffarnagar,251001,110,-0.0016248688636646413
2025-06-09,Uttar Pradesh,Muzaffarnagar,251201,114,-0.01791367131245758
2025-06-09,Uttar Pradesh,Saharanpur,247554,115,-0.00541854435138911
2025-06-09,Uttar Pradesh,Sant Ravidas Nagar,221404,82,-0.010723448679870518
2025-06-09,Uttar Pradesh,Shahjahanpur,242127,123,-0.04818063272176376
2025-06-09,Uttar Pradesh,Shahjahanpur,242401,107,-0.023381161734961742
2025-06-09,Uttar Pradesh,Shrawasti,271831,118,-0.04465799760604894
2025-06-09,Uttar Pradesh,Sitapur,261001,135,-0.04465799760604894
2025-08-09,Jharkhand,Lohardaga,835302,124,-0.013924596547659318
2025-08-09,Jharkhand,Pakur,816107,135,-0.03782725299145617
2025-08-09,Jharkhand,West Singhbhum,833214,154,-0.03385863308081649
2025-08-09,Rajasthan,Bharatpur,321001,114,-0.011451271028117826
2025-09-09,Bihar,Banka,813211,125,-0.01439934117745223
2025-09-09,Bihar,Begusarai,851129,147,-0.027681631464011702
2025-09-09,Bihar,Gaya,824231,126,-0.01681126983407044
2025-09-09,Bihar,Khagaria,851214,143,-0.007986778285841711
2025-09-09,Bihar,Madhepura,852113,129,-0.0011609666697960375
2025-09-09,Bihar,Madhubani,847228,145,-0.00025240928374092864
2025-09-09,Bihar,Munger,811202,132,-0.016328231130856352
2025-09-09,Bihar,Muzaffarpur,843109,134,-0.0026018270812979694
2025-09-09,Chhattisgarh,Balrampur,497118,151,-0.022893679436203573
2025-09-09,Chhattisgarh,Janjgir-champa,495691,115,-0.005378595556696175
2025-09-09,Delhi,South West Delhi,110045,117,-0.021404493595914675
2025-09-09,Delhi,West Delhi,110018,106,-0.004053356469919889
2025-09-09,Delhi,West Delhi,110041,127,-0.03168989637007147
2025-08-09,Uttar Pradesh,Meerut,250001,150,-0.030896233248601246
2025-08-09,Uttar Pradesh,Muzaffarnagar,251201,127,-0.033364064265919424
2025-08-09,Uttar Pradesh,Sonbhadra,231216,168,-0.0615055716057219
2025-08-09,Uttar Pradesh,Sultanpur,228001,146,-0.04382060527261833
2025-08-09,West Bengal,Barddhaman,713143,118,-0.012002202864776379
2025-08-09,West Bengal,Murshidabad,742135,128,-0.035344348822167415
2025-08-09,West Bengal,Murshidabad,742148,147,-0.03435353662743035
2025-08-09,West Bengal,Paschim Medinipur,721437,154,-0.012805601486794993
2025-09-09,Gujarat,Surat,395004,143,-0.031123674043968763
2025-09-09,Haryana,Hisar,125001,127,-0.03465552464044486
2025-09-09,Jharkhand,Bokaro,827013,133,-0.023767778311373666
2025-09-09,Jharkhand,Godda,814133,154,-0.031225901944879397
2025-09-09,Jharkhand,Latehar,829202,140,-0.023280034521601323
2025-09-09,Jharkhand,Palamu,822113,115,-0.017524524862248314
2025-09-09,Jharkhand,Sahebganj,816102,149,-0.03656564249101191
2025-09-09,Jharkhand,Simdega,835211,134,-0.0026018270812979694
2025-09-09,Jharkhand,West Singhbhum,833104,148,-0.02817235432172438
2025-09-09,Telangana,Vikarabad,501141,120,-0.03021159076333746
2025-09-09,Uttar Pradesh,Agra,283110,98,-0.005420773738590845
2025-09-09,Uttar Pradesh,Allahabad,212402,153,-0.05212180881914352
2025-09-09,Uttar Pradesh,Allahabad,221505,107,-0.006962265362566611
2025-09-09,Uttar Pradesh,Ambedkar Nagar,224122,106,-0.010728906870263288
2025-09-09,Maharashtra,Thane,400612,182,-0.05936101236914759
2025-09-09,Uttar Pradesh,Banda,210121,139,-0.04656449415194808
2025-09-09,Uttar Pradesh,Banda,210129,124,-0.00021637921011663508
2025-09-09,Uttar Pradesh,Bareilly,243505,164,-0.05262907316163279
2025-09-09,Uttar Pradesh,Bijnor,246761,128,-0.03763321640124906
2025-09-09,Uttar Pradesh,Budaun,243635,126,-0.022377771639343624
2025-09-09,Uttar Pradesh,Budaun,243639,114,-0.01795180000670138
2025-09-09,Uttar Pradesh,Chandauli,232104,166,-0.05884919482920592
2025-09-09,Uttar Pradesh,Etawah,206001,150,-0.025232991249156123
2025-09-09,Uttar Pradesh,Hardoi,241123,132,-0.040623020723975056
2025-09-09,Uttar Pradesh,Kannauj,209728,95,-0.0005839261446292099
2025-09-09,Uttar Pradesh,Kanpur Dehat,209101,110,-0.018492549084319188
2025-09-09,Uttar Pradesh,Kasganj,207243,136,-0.037559450073039624
2025-09-09,Uttar Pradesh,Kaushambi,212207,119,-0.02824517844253782
2025-09-09,Uttar Pradesh,Kheri,261505,170,-0.05364463205170855
2025-09-09,Uttar Pradesh,Kheri,261506,122,-0.010628242775316044
2025-09-09,Uttar Pradesh,Kheri,262722,124,-0.011995558124665573
2025-09-09,Uttar Pradesh,Kushinagar,274305,122,-0.03465552464044486
2025-09-09,Uttar Pradesh,Maharajganj,273151,101,-0.01248990838149222
2025-09-09,Uttar Pradesh,Maharajganj,273164,186,-0.06449827883112036
2025-09-09,Uttar Pradesh,Maharajganj,273303,177,-0.06295344765488287
2025-09-09,Uttar Pradesh,Maharajganj,273304,103,-0.0035789466768665346
2025-09-09,Uttar Pradesh,Mahoba,210427,107,-0.011687729223608168
2025-09-09,Uttar Pradesh,Mathura,281001,123,-0.030704025936088897
2025-09-09,Uttar Pradesh,Rampur,244922,132,-0.029646516566459113
2025-09-09,Uttar Pradesh,Saharanpur,247341,108,-0.012589521430735995
2025-09-09,Uttar Pradesh,Sant Ravidas Nagar,221304,104,-0.010086637398225462
2025-09-09,Uttar Pradesh,Varanasi,221104,114,-0.022377771639343624
2025-09-09,Uttarakhand,Nainital,263139,117,-0.021890967990984223
2025-09-09,West Bengal,Cooch Behar,735303,109,-0.01457199330064185
2025-09-09,West Bengal,Cooch Behar,736134,120,-0.009192643891528074
2025-09-09,West Bengal,Cooch Behar,736157,155,-0.02435711636214688
2025-09-09,West Bengal,Malda,732201,141,-0.04004986046765724
2025-09-09,West Bengal,Murshidabad,742302,135,-0.030630955039079644
2025-09-09,Madhya Pradesh,Bhind,477001,109,-0.016984507016629014
2025-09-09,Madhya Pradesh,Datia,475661,147,-0.04858055201467659
2025-09-09,Madhya Pradesh,Katni,483501,119,-0.02824517844253782
2025-09-09,Madhya Pradesh,Umaria,484661,133,-0.023767778311373666
2025-09-09,Maharashtra,Aurangabad,431001,152,-0.05110830917821274
2025-08-09,Telangana,Vikarabad,501141,114,-0.019166164070875014
2025-08-09,Uttar Pradesh,Agra,282006,119,-0.025496302467703846
2025-08-09,Uttar Pradesh,Agra,283125,119,-0.022567780855073716
2025-08-09,Uttar Pradesh,Allahabad,212301,116,-0.018681532617324192
2025-08-09,Uttar Pradesh,Amroha,244241,109,-0.011831488276332625
2025-08-09,Uttar Pradesh,Bahraich,271801,172,-0.05646414129485777
2025-08-09,Uttar Pradesh,Bareilly,243123,119,-0.02451880736755796
2025-08-09,Uttar Pradesh,Bijnor,246763,117,-0.008650507449214917
2025-08-09,Uttar Pradesh,Bulandshahr,202393,128,-0.03385863308081649
2025-08-09,Uttar Pradesh,Chandauli,232103,152,-0.04081784661018817
2025-08-09,Uttar Pradesh,Chandauli,232104,123,-0.029911436051531126
2025-08-09,Uttar Pradesh,Deoria,274702,116,-0.011451271028117826
2025-08-09,Uttar Pradesh,Etawah,206001,106,-0.005145543302622513
2025-08-09,Uttar Pradesh,Fatehpur,212655,116,-0.021594245870256712
2025-08-09,Uttar Pradesh,Gautam Buddha Nagar,203207,131,-0.004684034871681342
2025-08-09,Uttar Pradesh,Hardoi,241123,114,-0.011451271028117826
2025-08-09,Uttar Pradesh,Hardoi,241124,112,-0.017229604074683103
2025-08-09,Uttar Pradesh,Hardoi,241404,146,-0.037329999970788674
2025-08-09,Uttar Pradesh,Lucknow,226003,137,-0.01088623209665518
2025-10-09,Bihar,Aurangabad,824125,138,-0.005378595556696175
2025-10-09,Bihar,Begusarai,851112,135,-0.011586928820559339
2025-10-09,Bihar,Darbhanga,848213,147,-0.011586928820559339
2025-10-09,Bihar,Muzaffarpur,843109,155,-0.017850109090834287
2025-10-09,Bihar,Sitamarhi,843314,142,-0.0077599559721389655
2025-10-09,Bihar,Siwan,841226,128,-0.008237195536048847
2025-10-09,Bihar,Vaishali,844122,156,-0.009670853120472112
2025-10-09,Delhi,East Delhi,110092,147,-0.04012387676488316
2025-10-09,Delhi,North Delhi,110084,115,-0.020918348231442008
2025-10-09,Delhi,North West Delhi,110042,146,-0.046135951317186064
2025-10-09,Haryana,Hisar,125001,137,-0.015917105978551005
2025-10-09,Madhya Pradesh,Jabalpur,482001,143,-0.03416041684197901
2025-10-09,Madhya Pradesh,Morena,476001,155,-0.04312381251836295
2025-10-09,Madhya Pradesh,Ratlam,457001,157,-0.031035612540447954
2025-10-09,Manipur,Thoubal,795138,122,-0.022864904763836624
2025-10-09,Jharkhand,Chatra,825408,161,-0.04162232235553798
2025-10-09,Jharkhand,Deoghar,815353,149,-0.009192643891528074
2025-10-09,Jharkhand,Godda,814133,138,-0.0077599559721389655
2025-09-09,Uttarakhand,Udham Singh Nagar,244713,122,-0.010628242775316044
2025-09-09,West Bengal,Bankura,722144,130,-0.018746696139986252
2025-09-09,West Bengal,Bankura,722207,117,-0.0077599559721389655
2025-09-09,West Bengal,Dakshin Dinajpur,733121,148,-0.04104838598946192
2025-09-09,West Bengal,Murshidabad,742308,144,-0.026211453417541053
2025-09-09,West Bengal,Nadia,741126,133,-0.012956095636010634
2025-11-09,Bihar,Khagaria,851214,139,-0.02020170714108316
2025-11-09,Bihar,Madhepura,852112,111,-0.007368229081053057
2025-11-09,Bihar,Muzaffarpur,843125,153,-0.015022457239216691
2025-11-09,Bihar,Nalanda,803108,143,-0.010697711292213752
2025-11-09,Bihar,Nawada,805103,131,-0.011995558124665573
2025-11-09,Bihar,Nawada,805130,147,-0.029646516566459113
2025-11-09,Bihar,Patna,801110,123,-0.029646516566459113
2025-11-09,Bihar,Patna,803212,155,-0.02214632156844154
2025-11-09,Bihar,Purnia,854326,144,-0.008377259568647766
2025-11-09,Bihar,Saharsa,852106,149,-0.02020170714108316
2025-11-09,Bihar,Sitamarhi,843315,138,-0.004741536403303104
2025-11-09,Bihar,Supaul,852131,148,-0.011628165662332157
2025-11-09,Chhattisgarh,Durg,491001,134,-0.045558509431482874
2025-11-09,Delhi,East Delhi,110092,170,-0.06079215312314068
2025-11-09,Delhi,North East Delhi,110053,106,-0.021717873597526638
2025-11-09,Delhi,South Delhi,110062,141,-0.03805685838903561
2025-11-09,Gujarat,Banaskantha,385535,131,-0.018420703762223267
2025-11-09,Haryana,Faridabad,121002,88,-0.007170482044860482
2025-11-09,Jharkhand,Chatra,825401,130,-0.012475664408710507
2025-11-09,Jharkhand,Chatra,825408,129,-0.025232991249156123
2025-11-09,Jharkhand,Garhwa,822114,106,-0.013113276824515574
2025-11-09,Jharkhand,Latehar,829202,108,-0.020360491651335244
2025-11-09,Jharkhand,Palamu,822124,135,-0.031123674043968652
2025-11-09,Jharkhand,Sahebganj,816109,146,-0.018746696139986252
2025-11-09,Jharkhand,West Singhbhum,833201,107,-0.009278064645312667
2025-12-09,Bihar,Begusarai,851217,138,-0.01219539452887175
2025-12-09,Bihar,Gopalganj,841428,154,-0.0011545960625264362
2025-12-09,Bihar,Jamui,811308,102,-0.0022129657486671395
2025-12-09,Bihar,Katihar,854116,156,-0.02670118123632992
2025-12-09,Bihar,Madhubani,847408,150,-0.017495964690021792
2025-12-09,Bihar,Muzaffarpur,843109,144,-0.03260383284002788
2025-12-09,Bihar,Muzaffarpur,843128,157,-0.018948434429568284
2025-12-09,Bihar,Nawada,805121,148,-0.017495964690021792
2025-12-09,Bihar,Nawada,805130,141,-0.002185017280114332
2025-12-09,Bihar,Rohtas,821107,109,-0.00018239458852364887
2025-12-09,Bihar,Samastipur,848132,141,-0.005506018833203452
2025-12-09,Bihar,Supaul,852139,138,-0.005506018833203452
2025-12-09,Bihar,Vaishali,844114,138,-0.019875052405389226
2025-12-09,Bihar,West Champaran,845404,142,-0.006934127157357972
2025-12-09,Chhattisgarh,Mahasamund,493449,133,-0.03766258109788034
2025-12-09,Delhi,North West Delhi,110033,87,-0.004423716415576262
2025-12-09,Delhi,West Delhi,110018,120,-0.016557809658196643
2025-11-09,Madhya Pradesh,Sidhi,486771,108,-0.0021427542870106064
2025-11-09,Punjab,Patiala,147001,144,-0.018746696139986252
2025-11-09,Rajasthan,Ajmer,305001,113,-0.021332356023652244
2025-11-09,Rajasthan,Alwar,301001,133,-0.049590628848495966
2025-11-09,Telangana,Komaram Bheem,504299,106,-0.002616192043150778
2025-11-09,Uttar Pradesh,Agra,282009,66,-0.002122034719579058
2025-11-09,Uttar Pradesh,Allahabad,212306,119,-0.03905268520948313
2025-11-09,Uttar Pradesh,Allahabad,212402,152,-0.0613052856868882
2025-11-09,Uttar Pradesh,Allahabad,221503,91,-0.01339464558160497
2025-11-09,Uttar Pradesh,Amroha,244221,147,-0.05618954966144396
2025-11-09,Uttar Pradesh,Amroha,244241,98,-0.012433515037804765
2025-11-09,Uttar Pradesh,Auraiya,206122,106,-0.020259788265133638
2025-11-09,Uttar Pradesh,Auraiya,206244,86,-0.0019464735100935826
2025-11-09,Uttar Pradesh,Baghpat,250611,131,-0.04204826360327385
2025-11-09,Uttar Pradesh,Bahraich,271865,122,-0.028663409308151366
2025-11-09,Uttar Pradesh,Bareilly,243001,143,-0.049590628848495966
2025-11-09,Uttar Pradesh,Bareilly,243301,79,-0.006126316600528647
2025-11-09,Uttar Pradesh,Budaun,202523,68,-0.002122034719579058
2025-11-09,Uttar Pradesh,Budaun,243635,115,-0.03955110416979324
2025-11-09,Uttar Pradesh,Budaun,243638,157,-0.05262907316163279
2025-11-09,Uttar Pradesh,Chandauli,232106,98,-0.01918882118180887
2025-11-09,Uttar Pradesh,Deoria,274509,87,-0.0024197784204105233
2025-11-09,Uttar Pradesh,Etawah,206242,150,-0.06079215312314068
2025-11-09,Uttar Pradesh,Gautam Buddha Nagar,203207,110,-0.029154796648082293
2025-11-09,Uttar Pradesh,Hardoi,241301,115,-0.0107138370887222
2025-11-09,Uttar Pradesh,Hardoi,241402,116,-0.03260383284002788
2025-11-09,Uttar Pradesh,Hardoi,241404,146,-0.03309788711870154
2025-11-09,Uttar Pradesh,Jalaun,285001,134,-0.03905268520948313
2025-11-09,Uttar Pradesh,Jaunpur,222139,97,-0.01532081279917541
2025-11-09,Uttar Pradesh,Kannauj,209722,81,-0.0012581402983292689
2025-11-09,Uttar Pradesh,Kanpur Dehat,209306,113,-0.029154796648082293
2025-11-09,Uttar Pradesh,Kasganj,207123,101,-0.02600841900487938
2025-11-09,Uttar Pradesh,Kasganj,207243,108,-0.017452776693528405
2025-11-09,Uttar Pradesh,Kaushambi,212207,91,-0.021759699714737013
2025-11-09,Uttar Pradesh,Kheri,261501,104,-0.025519159741009156
2025-11-09,Uttar Pradesh,Kheri,262722,132,-0.006875538500749401
2025-11-09,Uttar Pradesh,Maharajganj,273151,79,-0.000785621070647835
2025-11-09,Uttar Pradesh,Mathura,281001,124,-0.026211453417541053
2025-11-09,Uttar Pradesh,Rampur,244921,120,-0.028663409308151366
2025-11-09,Uttar Pradesh,Shahjahanpur,242127,108,-0.025131604207472846
2025-11-09,Uttar Pradesh,Shamli,247776,97,-0.0033673494778005963
2025-11-09,Uttar Pradesh,Shrawasti,271831,160,-0.061818765546580834
2025-11-09,Uttar Pradesh,Siddharthnagar,272153,197,-0.07540034205590651
2025-11-09,Uttar Pradesh,Sitapur,261203,112,-0.020360491651335244
2025-11-09,Uttar Pradesh,Sonbhadra,231210,104,-0.016285852999905148
2025-11-09,Uttar Pradesh,Unnao,241503,101,-0.010515151280653834
2025-11-09,Uttarakhand,Udham Singh Nagar,263153,117,-0.028663409308151366
2025-11-09,Madhya Pradesh,Alirajpur,457990,105,-0.014456952647925347
2025-11-09,Madhya Pradesh,Ashok Nagar,473331,80,-0.003151417456496497
2025-11-09,Madhya Pradesh,Dhar,454001,101,-0.003465682370430323
2025-11-09,Madhya Pradesh,Indore,452001,114,-0.022792620620990522
2025-11-09,Madhya Pradesh,Jabalpur,482001,142,-0.04757184106483625
2025-11-09,West Bengal,Cooch Behar,736146,110,-0.01215252676372891
2025-11-09,West Bengal,Murshidabad,742224,153,-0.0280118415710926
2025-11-09,West Bengal,Puruliya,723133,122,-0.003408960480456469
2025-11-09,West Bengal,South 24 Parganas,743336,131,-0.00456761273408568
2025-11-09,West Bengal,South 24 Parganas,743349,147,-0.03458205716096319
2025-11-09,West Bengal,Uttar Dinajpur,733156,142,-0.01584551913448351
2025-11-09,Bihar,Begusarai,851112,120,-0.023280034521601323
2025-11-09,Bihar,Gaya,824233,135,-0.030138569288376105
2025-11-09,Bihar,Kaimur (Bhabua),821105,135,-0.007352179477426279
2025-12-09,Uttar Pradesh,Chandauli,232104,106,-0.030256144314343758
2025-12-09,Uttar Pradesh,Deoria,274509,83,-0.008710141716807951
2025-12-09,Uttar Pradesh,Farrukhabad,209625,171,-0.07070905556950002
2025-12-09,Uttar Pradesh,Ghaziabad,201001,158,-0.052226983360508794
2025-12-09,Uttar Pradesh,Ghazipur,233226,108,-0.024860959679609218
2025-12-09,Uttar Pradesh,Gorakhpur,273209,123,-0.04172602351786758
2025-12-09,Uttar Pradesh,Gorakhpur,273212,78,-0.006325572318951478
2025-12-09,Uttar Pradesh,Hardoi,241404,142,-0.03557317879274535
2025-12-09,Uttar Pradesh,Jalaun,285001,176,-0.06967042118465594
2025-12-09,Uttar Pradesh,Jaunpur,222139,90,-0.013022747878691177
2025-12-09,Uttar Pradesh,Jaunpur,222203,99,-0.023783125915007086
2025-12-09,Uttar Pradesh,Kannauj,209721,127,-0.04775115890593451
2025-12-09,Uttar Pradesh,Kannauj,209727,104,-0.020962332705929287
2025-12-09,Uttar Pradesh,Kanpur Dehat,209306,140,-0.049770432642865625
2025-12-09,Uttar Pradesh,Kanpur Dehat,209715,104,-0.027308339205911802
2025-12-09,Uttar Pradesh,Kaushambi,212216,114,-0.031241408276936555
2025-12-09,Uttar Pradesh,Kheri,262723,128,-0.029748537179816625
2025-12-09,Uttar Pradesh,Kheri,262901,105,-0.013284299959178791
2025-12-09,Uttar Pradesh,Kushinagar,274306,87,-0.004423716415576262
2025-12-09,Uttar Pradesh,Maharajganj,273302,102,-0.03064644870910671
2025-12-09,Uttar Pradesh,Maharajganj,273303,172,-0.06863319130095347
2025-12-09,Uttar Pradesh,Maharajganj,273304,86,-0.001699329758819701
2025-12-09,Uttar Pradesh,Mahoba,210429,87,-0.00406822239288529
2025-12-09,Uttar Pradesh,Sant Kabir Nagar,272125,101,-0.017568301514204077
2025-12-09,Uttar Pradesh,Shrawasti,271845,109,-0.02150535761709982
2025-12-09,Uttar Pradesh,Sitapur,261141,125,-0.03823388582744969
2025-12-09,Uttar Pradesh,Sitapur,261201,164,-0.06449827883112036
2025-12-09,Uttar Pradesh,Sonbhadra,231210,110,-0.012803646748428932
2025-12-09,Uttarakhand,Haridwar,247663,98,-0.007959175617841208
2025-12-09,West Bengal,Cooch Behar,735304,70,-5.427694217863266e-05
2025-12-09,West Bengal,Dakshin Dinajpur,733124,150,-0.025232991249156123
2025-12-09,West Bengal,Dakshin Dinajpur,733132,160,-0.04254871001672711
2025-12-09,West Bengal,Malda,732201,130,-0.034189642793162944
2025-12-09,West Bengal,Paschim Medinipur,721127,109,-0.00018239458852364887
2025-12-09,West Bengal,Paschim Medinipur,721301,122,-0.00484742611755451
2025-12-09,West Bengal,South 24 Parganas,743354,128,-0.029748537179816625
2025-12-09,West Bengal,Uttar Dinajpur,733143,148,-0.03408699905277668
2025-12-09,Jharkhand,Chatra,825404,124,-0.02540693178550002
2025-12-09,Jharkhand,Deoghar,815353,129,-0.034189642793162944
2025-12-09,Jharkhand,Gumla,835208,120,-0.006344822444976139
2025-12-09,West Bengal,Cooch Behar,735211,106,-0.008970105973525988
2025-12-09,West Bengal,Dakshin Dinajpur,733121,132,-0.00932075874074223
2025-12-09,West Bengal,Malda,732138,148,-0.005506018833203452
2025-12-09,West Bengal,Murshidabad,742224,139,-0.04415612456015261
2025-12-09,West Bengal,Murshidabad,742301,88,-0.004423716415576262
2025-12-09,West Bengal,Murshidabad,742304,123,-0.010093105387151136
2025-12-09,West Bengal,Paschim Medinipur,721212,115,-0.01462829922602682
2025-12-09,West Bengal,Puruliya,723152,153,-0.05070703469473026
2025-12-09,West Bengal,South 24 Parganas,743375,153,-0.04215202453737488
2025-12-09,West Bengal,Uttar Dinajpur,733123,133,-0.04566276295373395
2025-12-09,West Bengal,Uttar Dinajpur,733209,133,-0.026211453417541053
2025-12-09,Telangana,Vikarabad,501141,124,-0.031792203728211565
2025-12-09,Telangana,Vikarabad,501142,154,-0.05476709704062288
2025-12-09,Uttar Pradesh,Agra,282006,181,-0.07226964474733999
2025-12-09,Uttar Pradesh,Agra,283125,112,-0.03574960837127794
2025-12-09,Uttar Pradesh,Aligarh,202133,103,-0.018536385013739443
2025-12-09,Uttar Pradesh,Allahabad,212106,114,-0.039728491296150414
2025-12-09,Uttar Pradesh,Allahabad,221503,117,-0.03420521220139516
2025-12-09,Uttar Pradesh,Amroha,244255,90,-0.013022747878691177
2025-12-09,Uttar Pradesh,Auraiya,206122,98,-0.012267194988305197
2025-12-09,Uttar Pradesh,Auraiya,206243,86,-0.00300069845223061
2025-12-09,Uttar Pradesh,Azamgarh,223221,82,-0.010144760242882356
2025-12-09,Uttar Pradesh,Azamgarh,276001,101,-0.028678861103647035
2025-12-09,Uttar Pradesh,Azamgarh,276202,92,-0.015536019533439194
2025-12-09,Uttar Pradesh,Bahraich,271903,124,-0.03823388582744969
2025-12-09,Uttar Pradesh,Ballia,221712,101,-0.026608920924340862
2025-12-09,Uttar Pradesh,Bareilly,243504,87,-0.009188024380921367
2025-12-09,Uttar Pradesh,Bijnor,246701,159,-0.06295344765488287
2025-12-09,Uttar Pradesh,Bijnor,246733,112,-0.03031369067280887
2025-12-09,Uttar Pradesh,Bijnor,246762,127,-0.02925674825903457
2025-12-09,Uttar Pradesh,Chandauli,232103,149,-0.056805384045099605
2025-12-09,Uttar Pradesh,Etawah,206242,139,-0.05578555100441973
2025-12-09,Uttar Pradesh,Ghazipur,233227,98,-0.016984507016629014
2025-12-09,Uttar Pradesh,Gorakhpur,273402,107,-0.03064644870910671
2025-12-09,Uttar Pradesh,Hardoi,241124,139,-0.051288478301581786
2025-12-09,Uttar Pradesh,Hathras,204215,95,-0.013609270679552754
2025-12-09,Uttar Pradesh,Jaunpur,222001,182,-0.0733117987111307
2025-12-09,Uttar Pradesh,Jaunpur,222202,110,-0.024429557537529845
2025-12-09,Uttar Pradesh,Kanpur Dehat,209302,106,-0.0301540524791436
2025-12-09,Uttar Pradesh,Kasganj,207242,124,-0.021991900278477305
2025-12-09,Uttar Pradesh,Kasganj,207243,130,-0.04876011266801594
2025-12-09,Uttar Pradesh,Kheri,261505,178,-0.06967042118465594
2025-12-09,Uttar Pradesh,Kushinagar,274303,87,-0.005374000982523275
2025-12-09,Uttar Pradesh,Kushinagar,274802,101,-0.028678861103647035
2025-12-09,Uttar Pradesh,Lucknow,226002,154,-0.04104838598946192
2025-12-09,Uttar Pradesh,Maharajganj,273151,90,-0.011582293656001164
2025-12-09,Uttar Pradesh,Mathura,281001,107,-0.01714125544209033
2025-12-09,Uttar Pradesh,Meerut,250401,107,-0.0083933325179818
2025-12-09,Uttar Pradesh,Mirzapur,231304,117,-0.032285708683924
2025-12-09,Uttar Pradesh,Moradabad,202411,101,-0.024759624837298544
2025-12-09,Uttar Pradesh,Muzaffarnagar,251001,140,-0.05578555100441973
2025-12-09,Uttar Pradesh,Muzaffarnagar,251314,109,-0.008492370700157958
2025-12-09,Uttar Pradesh,Rampur,244921,148,-0.0491901680294351
2025-12-09,Uttar Pradesh,Rampur,244922,130,-0.04775115890593451
2025-12-09,Uttar Pradesh,Rampur,244924,118,-0.0293296812233087
2025-12-09,Uttar Pradesh,Saharanpur,247341,107,-0.0083933325179818
2025-12-09,Uttar Pradesh,Sant Kabir Nagar,272175,150,-0.056805384045099605
2025-12-09,Uttar Pradesh,Shahjahanpur,242301,108,-0.024860959679609218
2025-12-09,Uttar Pradesh,Siddharthnagar,272192,110,-0.03031369067280887
2025-12-09,Uttar Pradesh,Sitapur,261303,120,-0.0387317506118503
2025-12-09,Uttar Pradesh,Sonbhadra,231208,89,-0.010623613878693927
2025-12-09,Uttar Pradesh,Sonbhadra,231213,89,-0.010144760242882356
2025-12-09,Uttar Pradesh,Sonbhadra,231216,190,-0.0733117987111307
2025-12-09,Uttar Pradesh,Unnao,241504,87,-0.004423716415576262
2025-12-09,Uttar Pradesh,Varanasi,221007,108,-0.031241408276936555
2025-12-09,Uttar Pradesh,Varanasi,221307,107,-0.027308339205911802
2025-12-09,Uttarakhand,Nainital,263139,98,-0.020375766738975676
2025-12-09,Punjab,Gurdaspur,143505,110,-0.0025461468448331193
2025-03-11,Haryana,Faridabad,121001,166,-0.059873176315006216
2025-03-11,Haryana,Jhajjar,124507,149,-0.030485050229511312
2025-03-11,Haryana,Karnal,132001,177,-0.06811510245341534
2025-03-11,Haryana,Yamuna Nagar,135001,166,-0.06141174893340473
2025-03-11,Jharkhand,Deoghar,815353,133,-0.010595288647168966
2025-01-11,Bihar,West Champaran,845449,141,-0.006001590505537058
2025-01-11,Chhattisgarh,Surguja,497116,151,-0.008862724684363998
2025-01-11,Delhi,North East Delhi,110053,119,-0.0069967883471278025
2025-01-11,Delhi,West Delhi,110041,136,-0.035275435582305614
2025-01-11,Haryana,Mewat,122508,136,-0.0022047676948476758
2025-01-11,Bihar,Kaimur (Bhabua),821101,144,-0.01852763723173345
2025-02-11,Bihar,West Champaran,845455,150,-0.029295856621753713
2025-02-11,Manipur,Imphal East,795114,93,-0.02917367274920235
2025-02-11,Manipur,Imphal West,795132,125,-0.011330648439533686
2025-01-11,Telangana,Hyderabad,500053,108,-0.016196169062697163
2025-01-11,Telangana,Medchal-malkajgiri,500090,103,-0.015174896529758897
2025-01-11,Uttar Pradesh,Agra,282007,110,-0.02445091229782792
2025-01-11,Uttar Pradesh,Balrampur,271604,147,-0.028207916929826382
2025-01-11,Uttar Pradesh,Bijnor,246701,139,-0.024291222852296013
2025-01-11,Uttar Pradesh,Bijnor,246763,117,-0.0031945933905125345
2025-02-11,Telangana,Vikarabad,501141,116,-0.049825964660840216
2025-02-11,Uttar Pradesh,Agra,282001,115,-0.04215202453737488
2025-01-11,Maharashtra,Thane,421306,140,-0.01610991203183365
2025-01-11,Manipur,Senapati,795118,74,-0.005829493431519284
2025-01-11,Manipur,Thoubal,795130,104,-0.015657154638525128
2025-01-11,Uttar Pradesh,Jhansi,284204,148,-0.013700352011943417
2025-01-11,Uttarakhand,Dehradun,248001,128,-0.010340633000355814
2025-01-11,West Bengal,Bankura,722140,145,-0.006001590505537058
2025-01-11,West Bengal,Cooch Behar,736135,142,-0.006001590505537058
2025-01-11,West Bengal,Dakshin Dinajpur,733124,133,-0.0022047676948476758
2025-01-11,West Bengal,Murshidabad,742189,160,-0.024363657413774664
2025-01-11,West Bengal,Murshidabad,742303,134,-0.00986197076077866
2025-01-11,Bihar,Samastipur,848117,150,-0.02143972447380349
2025-01-11,Bihar,West Champaran,845454,151,-0.013700352011943417
2025-01-11,Chhattisgarh,Bilaspur,495551,169,-0.05894747339762396
2025-01-11,Chhattisgarh,Surguja,497001,102,-0.009413178188309002
2025-01-11,Delhi,South Delhi,110044,133,-0.020881462965718245
2025-01-11,Haryana,Faridabad,121001,134,-0.03975029868510782
2025-01-11,Haryana,Sirsa,125055,104,-0.0012310795868570867
2025-03-11,Madhya Pradesh,Barwani,451666,174,-0.06759736401914562
2025-03-11,Madhya Pradesh,Dhar,454331,111,-0.006750430278763764
2025-03-11,Madhya Pradesh,Indore,452001,140,-0.04606133163284831
2025-03-11,Madhya Pradesh,Umaria,484661,101,-0.010894341848992406
2025-03-11,Madhya Pradesh,Vidisha,464221,104,-0.023221708953359732
2025-05-11,Bihar,Bhagalpur,813209,114,-0.000881222569002138
2025-05-11,Bihar,Kishanganj,855107,159,-0.02345350495122156
2025-05-11,Bihar,Sitamarhi,843327,131,-0.01616363403200627
2025-05-11,Bihar,Supaul,852139,145,-0.006594214161201317
2025-05-11,Chhattisgarh,Bilaspur,495001,111,-0.0037215282744087474
2025-05-11,Gujarat,Ahmedabad,382350,117,-0.008481069222576632
2025-05-11,Gujarat,Surat,395006,148,-0.02100764198892824
2025-04-11,Madhya Pradesh,Jabalpur,482001,156,-0.007433531948600525
2025-05-11,Telangana,Sangareddy,502032,92,-0.0041256240813686285
2025-05-11,Uttar Pradesh,Agra,282006,138,-0.043642726500476736
2025-05-11,Uttar Pradesh,Chandauli,232101,126,-0.0027734782760827636
2025-05-11,Uttar Pradesh,Etah,207001,125,-0.034177929876938684
2025-05-11,Uttar Pradesh,Kushinagar,274304,157,-0.04514832176145833
2025-05-11,Uttar Pradesh,Mirzapur,231001,148,-0.037227404492512606
2025-05-11,Uttar Pradesh,Pilibhit,262001,115,-0.013753892581322424
2025-05-11,Uttar Pradesh,Pilibhit,262122,122,-0.02100764198892824
2025-05-11,Uttar Pradesh,Unnao,209801,152,-0.03474652614111773
2025-06-11,Madhya Pradesh,Datia,475661,105,-0.006962265362566611
2025-06-11,Madhya Pradesh,Katni,483501,144,-0.04815084782423895
2025-06-11,Maharashtra,Jalna,431213,136,-0.007531768611865108
2025-06-11,Maharashtra,Mumbai Suburban,400043,132,-0.010552340049030606
2025-06-11,Maharashtra,Palghar,401208,159,-0.028210470717898506
2025-06-11,Maharashtra,Palghar,401303,133,-0.016423495924585585
2025-06-11,Maharashtra,Pune,410501,127,-0.002778628822616702
2025-06-11,Manipur,Bishnupur,795134,164,-0.05382541170700561
2025-06-11,Bihar,Bhagalpur,853204,130,-0.021269268032784172
2025-06-11,Bihar,East Champaran,845301,153,-0.0017358294617904058
2025-06-11,Bihar,Gaya,823001,120,-0.023352367587457734
2025-06-11,Bihar,Kaimur (Bhabua),821101,139,-0.026147937134711752
2025-06-11,Bihar,Supaul,852131,141,-0.0391266014176157
2025-06-11,Gujarat,Ahmedabad,382330,126,-0.014012876864183843
2025-06-11,Gujarat,Panchmahals,389001,121,-0.026284080717592806
2025-06-11,Gujarat,Surat,395009,136,-0.020783214129132976
2025-06-11,Haryana,Yamuna Nagar,135001,147,-0.04916034280052073
2025-06-11,Telangana,Hyderabad,500053,125,-0.01594071949515663
2025-06-11,Jharkhand,Bokaro,827013,142,-0.03962507040554286
2025-06-11,Telangana,Medchal-malkajgiri,500090,106,-0.010305946123543186
2025-06-11,Uttar Pradesh,Agra,282006,122,-0.012090244587289245
2025-06-11,Uttar Pradesh,Bijnor,246725,129,-0.014012876864183843
2025-06-11,Uttar Pradesh,Hapur,245101,144,-0.016806380330426918
2025-06-11,Uttar Pradesh,Jalaun,285001,145,-0.012939859657889907
2025-06-11,Uttar Pradesh,Lalitpur,284403,144,-0.0391266014176157
2025-06-11,Uttar Pradesh,Maharajganj,273164,107,-0.006962265362566611
2025-06-11,Uttar Pradesh,Maharajganj,273303,134,-0.010552340049030606
2025-06-11,Uttar Pradesh,Saharanpur,247554,136,-0.008963992895543282
2025-06-11,Uttar Pradesh,Siddharthnagar,272153,155,-0.01931554905504196
2025-06-11,West Bengal,Cooch Behar,736135,141,-0.024192507595346746
2025-05-11,Rajasthan,Jaipur,302012,168,-0.057315818302732024
2025-07-11,Uttar Pradesh,Gautam Buddha Nagar,201306,125,-0.01207180619499748
2025-07-11,Uttar Pradesh,Hardoi,241001,141,-0.016404944913282593
2025-07-11,Madhya Pradesh,Jabalpur,482001,134,-0.004572607034099896
2025-07-11,Madhya Pradesh,Katni,483501,125,-0.02354263409249724
2025-07-11,Madhya Pradesh,Morena,476001,132,-0.026475121182803152
2025-07-11,Manipur,Imphal East,795005,154,-0.0433192986032922
2025-07-11,Manipur,Tamenglong,795141,141,-0.04374621796230549
2025-08-11,Telangana,Jogulamba Gadwal,509125,77,-0.0012781065469711361
2025-08-11,Uttar Pradesh,Balrampur,271604,126,-0.0032184802360878395
2025-08-11,Uttar Pradesh,Bareilly,243123,138,-0.02048244652330422
2025-08-11,Uttar Pradesh,Etah,207001,139,-0.04606133163284831
2025-08-11,Uttar Pradesh,Gautam Buddha Nagar,201301,150,-0.03520190588698313
2025-08-11,Uttar Pradesh,Hapur,245101,106,-0.00581804271448616
2025-08-11,Uttar Pradesh,Hardoi,241001,134,-0.04004986046765724
2025-08-11,Uttar Pradesh,Lucknow,226003,152,-0.025457192547903906
2025-08-11,Uttar Pradesh,Muzaffarnagar,251201,132,-0.01623436370168918
2025-08-11,Madhya Pradesh,Katni,483501,86,-0.0016122101414238754
2025-08-11,Madhya Pradesh,Ratlam,457001,113,-0.019277899932371834
2025-08-11,Maharashtra,Akola,444001,130,-0.0055925207548320754
2025-08-11,Maharashtra,Beed,414202,139,-0.008778558104755474
2025-08-11,Maharashtra,Buldhana,443202,141,-6.583069095278393e-05
2025-08-11,Maharashtra,Latur,413531,145,-0.003321620658328195
2025-08-11,Maharashtra,Nashik,422204,142,-0.003321620658328195
2025-08-11,Maharashtra,Thane,421306,143,-0.018542329028417237
2025-08-11,Maharashtra,Washim,444403,151,-0.004745290677927061
2025-08-11,Maharashtra,Yavatmal,445402,141,-0.0014278834942806906
2025-08-11,Manipur,Senapati,795118,88,-0.01031724122600175
2025-08-11,Manipur,Ukhrul,795145,133,-0.04858055201467659
2025-08-11,Rajasthan,Jaipur,302012,126,-0.013824383381639604
2025-08-11,Uttarakhand,Dehradun,248001,111,-0.01071211148053286
2025-08-11,West Bengal,Jalpaiguri,735211,123,-0.011422542085468224
2025-08-11,West Bengal,Murshidabad,742148,140,-0.03223406406817397
2025-08-11,West Bengal,Paschim Medinipur,721516,146,-0.00026187886963313645
2025-08-11,West Bengal,Uttar Dinajpur,733201,147,-0.001416695126099543
2025-08-11,Bihar,East Champaran,845305,135,-0.016596023654639414
2025-08-11,Bihar,Gaya,824201,105,-0.009645796034760346
2025-08-11,Bihar,Madhepura,852112,134,-0.008778558104755474
2025-08-11,Bihar,Purnia,854304,118,-0.023655052420341716
2025-08-11,Bihar,West Champaran,845454,147,-0.013672195191878123
2025-08-11,Chhattisgarh,Bastar,494442,104,-0.013975506304755636
2025-08-11,Delhi,South Delhi,110062,121,-0.015036945381786015
2025-08-11,Delhi,South West Delhi,110043,99,-0.003928786914584093
2025-08-11,Rajasthan,Banswara,327001,135,-0.028775148588132016
2025-09-11,Delhi,North East Delhi,110094,147,-0.038525203025244203
2025-06-11,West Bengal,Uttar Dinajpur,733123,161,-0.035611683994014265
2025-10-11,Bihar,Lakhisarai,811311,151,-0.006160823542365579
2025-10-11,Bihar,Nalanda,803101,138,-0.019774417130676403
2025-10-11,Bihar,Saran,841301,132,-0.0033106355464176396
2025-10-11,Bihar,Sitamarhi,843302,140,-0.011416314170908715
2025-10-11,Chhattisgarh,Bilaspur,495001,119,-0.02091834823144212
2025-09-11,Uttar Pradesh,Sambhal,244302,130,-0.002907009215844303
2025-10-11,Uttar Pradesh,Baghpat,250611,140,-0.025722056829826645
2025-10-11,Uttar Pradesh,Meerut,250001,149,-0.028663409308151366
2025-10-11,Rajasthan,Banswara,327001,136,-0.029646516566459113
2025-10-11,Haryana,Gurgaon,122001,178,-0.06233259293727356
2025-10-11,Haryana,Hisar,125001,120,-0.01511018738940162
2025-10-11,Haryana,Sonipat,131001,132,-0.04012387676488327
2025-10-11,Jharkhand,Chatra,825401,111,-0.015592401702034797
2025-10-11,Uttar Pradesh,Sonbhadra,231216,129,-0.028663409308151366
2025-10-11,West Bengal,Jalpaiguri,735224,120,-0.013565736446055743
2025-10-11,West Bengal,Paschim Medinipur,721260,124,-0.0037848637424059417
2025-12-11,Bihar,Araria,854318,153,-0.025145641825520815
2025-12-11,Bihar,East Champaran,845433,158,-0.013408455158634425
2025-12-11,Bihar,Madhubani,847408,110,-0.004903289428270785
2025-12-11,Bihar,Patna,801503,147,-0.03598058343429855
2025-12-11,Bihar,Saran,841101,124,-0.01254691301162969
2025-12-11,Bihar,Sitamarhi,843302,133,-0.003380964231376238
2025-12-11,Bihar,West Champaran,845453,132,-0.021245478118172012
2025-12-11,Delhi,West Delhi,110041,141,-0.03005062686668436
2025-12-11,Gujarat,Surat,395004,153,-0.023192921176066084
2025-12-11,Haryana,Karnal,132001,142,-0.040623020723974945
2025-11-11,Uttarakhand,Dehradun,248001,148,-0.02074548790617714
2025-11-11,West Bengal,Murshidabad,742148,118,-0.010685549006535622
2025-11-11,West Bengal,South 24 Parganas,743338,162,-0.036668634056150395
2025-11-11,West Bengal,South 24 Parganas,743349,145,-0.001613784335096513
2025-12-11,Uttar Pradesh,Chitrakoot,210205,162,-0.041958881509126855
2025-12-11,Uttar Pradesh,Kushinagar,274401,113,-0.010149386008715622
2025-12-11,Uttar Pradesh,Mainpuri,205001,137,-0.0256346482867692
2025-12-11,Uttar Pradesh,Mau,275305,128,-0.018818574182791314
2025-12-11,Uttar Pradesh,Shahjahanpur,242401,122,-0.011586928820559339
2025-12-11,Uttar Pradesh,Sonbhadra,231216,132,-0.013989327167508558
2025-12-11,Uttarakhand,Dehradun,248001,151,-0.042622977130029716
2025-12-11,Uttarakhand,Haridwar,247667,125,-0.016399866425991783
2025-12-11,Uttarakhand,Udham Singh Nagar,262308,129,-0.011107423639479252
2025-12-11,West Bengal,Cooch Behar,736157,113,-0.022864904763836624
2025-12-11,West Bengal,Murshidabad,742135,134,-0.04012387676488316
2025-12-11,Madhya Pradesh,Katni,483501,104,-0.020432531675024124
2025-12-11,Maharashtra,Palghar,401606,155,-0.02857564520734135
2025-12-11,Maharashtra,Pune,411014,152,-0.0114874564440689
2025-12-11,Maharashtra,Pune,411028,158,-0.025145641825520815
2025-12-11,Maharashtra,Pune,411048,137,-0.023192921176066084
2025-12-11,Maharashtra,Sangli,416410,144,-0.008138193157241513
2025-12-11,Uttar Pradesh,Balrampur,271201,141,-0.005755555353159747
2025-12-11,Uttar Pradesh,Gorakhpur,273015,142,-0.018818574182791314
2025-12-11,Uttar Pradesh,Jaunpur,222001,169,-0.053720012891778635
2025-12-11,Uttar Pradesh,Kheri,262902,134,-0.013989327167508558
2025-12-11,Uttar Pradesh,Kushinagar,274402,115,-0.005378595556696175
2025-12-11,Uttar Pradesh,Muzaffarnagar,251308,128,-0.02368060600619759
2025-12-11,Uttar Pradesh,Muzaffarnagar,251318,132,-0.021245478118172012
2025-12-11,Uttar Pradesh,Sultanpur,228001,129,-0.011107423639479252
2025-12-11,West Bengal,Howrah,711303,134,-0.005279994265155574
2025-12-11,West Bengal,Uttar Dinajpur,733208,158,-0.013408455158634425
2025-01-12,Bihar,East Champaran,845305,113,-0.016557809658196643
2025-01-12,Bihar,Katihar,854317,148,-0.024067383207900694
2025-01-12,Bihar,Katihar,855102,122,-0.01607494238466911
2025-01-12,Bihar,Kishanganj,855117,133,-0.02033181818095975
2025-01-12,Bihar,Purnia,854304,120,-0.01607494238466911
2025-01-12,Bihar,Sheohar,843329,118,-0.0082943082317527
2025-01-12,Bihar,West Champaran,845307,111,-0.016557809658196643
2025-01-12,Bihar,West Champaran,845451,103,-0.01511018738940162
2025-01-12,Chhattisgarh,Bastar,494223,108,-0.009827307344694614
2025-01-12,Chhattisgarh,Bastar,494224,131,-0.02579463500786061
2025-01-12,Chhattisgarh,Bemetara,491340,118,-0.004804754826451374
2025-01-12,Chhattisgarh,Mahasamund,493445,128,-0.029227719379206096
2025-01-12,Chhattisgarh,Rajnandgaon,491441,143,-0.05425838662968607
2025-01-12,Chhattisgarh,Surajpur,497223,111,-0.03031369067280887
2025-01-12,Delhi,East Delhi,110096,116,-0.032779547651316854
2025-01-12,Delhi,North East Delhi,110053,164,-0.051795178633267436
2025-01-12,Delhi,North West Delhi,110042,136,-0.03317120562814735
2025-01-12,Delhi,South Delhi,110062,155,-0.03317120562814735
2025-01-12,Haryana,Kaithal,136027,94,-0.008771909453421434
2025-01-12,Haryana,Mewat,122508,138,-0.016782738156702948
2025-01-12,Haryana,Rohtak,124001,106,-0.03557317879274535
2025-01-12,Jharkhand,Garhwa,822114,133,-0.027263966154224883
2025-01-12,Madhya Pradesh,Bhopal,462001,83,-0.003536026617844912
2025-01-12,Madhya Pradesh,Indore,452010,122,-0.026284080717592806
2025-01-12,Maharashtra,Akola,444001,83,-0.006387131452582184
2025-01-12,Maharashtra,Jalna,431203,119,-0.03475824816127415
2025-01-12,Maharashtra,Nanded,431802,113,-0.004329836819497501
2025-01-12,Maharashtra,Nashik,422009,103,-0.01511018738940162
2025-01-12,Maharashtra,Nashik,422010,87,-0.0016417099817244152
2025-01-12,Maharashtra,Nashik,423203,169,-0.06449827883112036
2025-01-12,Maharashtra,Palghar,401303,107,-0.0010143926165074868
2025-01-12,Maharashtra,Sangli,416416,122,-0.01994704370426914
2025-01-12,Manipur,Imphal East,795008,81,-0.011425830067355758
2025-01-12,Manipur,Thoubal,795148,152,-0.06449827883112036
2025-02-12,Bihar,Aurangabad,824203,131,-0.037684327365574255
2025-02-12,Bihar,Banka,813101,144,-0.0252684097828485
2025-02-12,Bihar,Bhagalpur,812005,145,-0.040175160926896325
2025-02-12,Bihar,Gaya,824236,92,-0.01636788960426938
2025-02-12,Bihar,Gopalganj,841437,119,-0.00643847520328944
2025-02-12,Bihar,Jamui,811308,125,-0.011216460969762143
2025-02-12,Bihar,Madhepura,852101,122,-0.0007474010099388639
2025-02-12,Bihar,Madhepura,852112,133,-0.009779669355719278
2025-02-12,Bihar,Nalanda,803107,124,-0.02731435605268595
2025-02-12,Bihar,Nawada,805130,123,-0.008823427190650435
2025-02-12,Bihar,Patna,803202,125,-0.038679649746016675
2025-02-12,Bihar,Samastipur,848302,137,-0.019413597102553193
2025-02-12,Bihar,West Champaran,845404,130,-0.03322200630932015
2025-02-12,Chhattisgarh,Dhamtari,493778,114,-0.0035759394198069394
2025-02-12,Chhattisgarh,Jashpur,496118,156,-0.046795313997064714
2025-02-12,Chhattisgarh,Jashpur,496223,114,-0.0361938668488474
2025-02-12,Delhi,North West Delhi,110042,160,-0.03613449609719033
2025-02-12,Delhi,South Delhi,110025,138,-0.011216460969762143
2025-02-12,Gujarat,Banaskantha,385535,156,-0.03563838798531371
2025-02-12,Haryana,Faridabad,121001,163,-0.05032809567454832
2025-02-12,Haryana,Jhajjar,124507,105,-0.000758578661890219
2025-02-12,Haryana,Kaithal,136027,105,-0.003124283410206097
2025-02-12,Haryana,Mewat,122508,152,-0.008963607591833456
2025-02-12,Haryana,Rewari,123401,110,-0.0002640573115777478
2025-01-12,Rajasthan,Ajmer,305001,120,-0.005279994265155463
2025-01-12,Telangana,Nizamabad,503001,94,-0.02817235432172438
2025-01-12,Uttar Pradesh,Ambedkar Nagar,224190,133,-0.016782738156702948
2025-01-12,Uttar Pradesh,Baghpat,250611,151,-0.023579436778114804
2025-01-12,Uttar Pradesh,Bahraich,271902,137,-0.016299718751102477
2025-01-12,Uttar Pradesh,Bareilly,262406,164,-0.051795178633267436
2025-01-12,Uttar Pradesh,Budaun,243635,106,-0.009827307344694614
2025-01-12,Uttar Pradesh,Bulandshahr,203205,125,-0.008615688717846792
2025-01-12,Uttar Pradesh,Ghaziabad,201005,158,-0.027652665510807695
2025-01-12,Uttar Pradesh,Hardoi,241124,114,-0.0038552400268909714
2025-01-12,Uttar Pradesh,Kheri,261505,134,-0.02033181818095975
2025-01-12,Uttar Pradesh,Kushinagar,274402,109,-0.013665500464827618
2025-01-12,Uttar Pradesh,Lucknow,226017,100,-0.006962265362566611
2025-01-12,Uttar Pradesh,Pilibhit,262201,145,-0.015362907962122363
2025-01-12,Uttar Pradesh,Rampur,244921,152,-0.03713609461868117
2025-01-12,Uttar Pradesh,Shahjahanpur,242307,118,-0.004804754826451374
2025-01-12,Uttar Pradesh,Shamli,247776,153,-0.03763321640124906
2025-01-12,Uttar Pradesh,Shrawasti,271831,138,-0.016782738156702948
2025-01-12,Uttarakhand,Haridwar,247667,116,-0.007340074657411377
2025-02-12,West Bengal,Malda,732140,145,-0.040175160926896325
2025-02-12,West Bengal,Murshidabad,742305,145,-0.0008859782978751785
2025-01-12,West Bengal,Uttar Dinajpur,733202,150,-0.023579436778114804
2025-04-12,Bihar,Khagaria,851204,117,-0.003436724229065269
2025-04-12,Bihar,Patna,804453,155,-0.0039701974597753376
2025-04-12,Bihar,Sheohar,843329,123,-0.019271236366591893
2025-04-12,Bihar,West Champaran,845106,163,-0.04342791271849589
2025-04-12,Bihar,West Champaran,845454,126,-0.031989300949599064
2025-04-12,Delhi,North West Delhi,110042,132,-0.003507065569875234
2025-04-12,Delhi,West Delhi,110018,130,-0.003507065569875234
2025-03-12,Telangana,Mahabubnagar,509001,99,-0.005620799610049909
2025-03-12,Uttar Pradesh,Etah,207001,156,-0.01943900036756996
2025-03-12,Uttar Pradesh,Etawah,206001,132,-0.012990912411279809
2025-03-12,Uttar Pradesh,Kheri,262804,151,-0.01653501863743634
2025-03-12,Uttar Pradesh,Maharajganj,273303,115,-0.008834734149807844
2025-04-12,Haryana,Faridabad,121001,157,-0.04392929289951164
2025-04-12,Haryana,Mewat,122508,157,-0.019816763340587573
2025-04-12,Jharkhand,Chatra,825401,124,-0.024624664575738642
2025-03-12,Assam,Goalpara,783129,165,-0.05547959687816306
2025-03-12,Bihar,Darbhanga,847203,97,-0.00838134831906745
2025-03-12,Bihar,Gaya,823003,117,-0.008834734149807844
2025-03-12,Bihar,Lakhisarai,811311,145,-0.009215962955110513
2025-03-12,Bihar,West Champaran,845455,142,-0.016363213193100523
2025-03-12,Chhattisgarh,Bastar,494442,109,-0.026099822165705944
2025-03-12,Chhattisgarh,Surajpur,497223,141,-0.03610519244824206
2025-03-12,Chhattisgarh,Surguja,497001,164,-0.03919212675650452
2025-03-12,Delhi,North West Delhi,110033,111,-0.007879769780462897
2025-03-12,Delhi,South West Delhi,110043,147,-0.03017422827152727
2025-03-12,Delhi,West Delhi,110018,157,-0.03472065218975995
2025-03-12,Haryana,Faridabad,121001,136,-0.003836224752375106
2025-03-12,Haryana,Hisar,125001,121,-0.014591736966558466
2025-03-12,Maharashtra,Latur,413512,136,-0.003836224752375106
2025-03-12,Maharashtra,Mumbai Suburban,400043,136,-0.022340811429388263
2025-03-12,Maharashtra,Nashik,423203,146,-0.03859067485800405
2025-03-12,Maharashtra,Raigarh,410206,131,-5.109073392661756e-05
2025-03-12,Manipur,Imphal East,795005,116,-0.008834734149807844
2025-03-12,Jharkhand,Chatra,825401,109,-0.004547552475978156
2025-03-12,Uttarakhand,Dehradun,248001,155,-0.0008995448401185602
2025-05-12,Manipur,Imphal East,795010,89,-0.004988191611899118
2025-05-12,Rajasthan,Bhilwara,311001,120,-0.011159042273743758
2025-05-12,Rajasthan,Bikaner,334001,118,-0.03567603108676698
2025-05-12,Maharashtra,Nashik,423203,128,-0.024232744665669714
2025-05-12,Telangana,Vikarabad,501141,101,-0.03171902361890799
2025-05-12,Uttar Pradesh,Allahabad,212402,99,-0.031225901944879397
2025-05-12,Uttar Pradesh,Balrampur,271604,133,-0.03816005921452703
2025-05-12,Uttar Pradesh,Budaun,243639,112,-0.00590545927078534
2025-05-12,Uttar Pradesh,Gorakhpur,273165,88,-0.011672639036247934
2025-05-12,Uttar Pradesh,Hardoi,241001,150,-0.022781090182319552
2025-05-12,Uttar Pradesh,Shrawasti,271831,120,-0.011159042273743758
2025-05-12,Rajasthan,Alwar,301001,124,-0.01839778306576645
2025-05-12,Uttarakhand,Haridwar,247667,133,-0.026188283247926658
2025-07-12,Haryana,Faridabad,121001,120,-0.015298277992873976
2025-07-12,Haryana,Gurgaon,122001,154,-0.04582922716707338
2025-07-12,Haryana,Panipat,132103,149,-0.046332232594330836
2025-05-12,Uttar Pradesh,Jhansi,284204,119,-0.016946429882198077
2025-05-12,Uttar Pradesh,Kheri,262804,145,-0.029634876390161602
2025-05-12,Uttar Pradesh,Rampur,243701,120,-0.0063814436830443855
2025-05-12,Uttar Pradesh,Shamli,247774,155,-0.06501391975727
2025-05-12,Uttarakhand,Dehradun,248001,114,-0.013571373456023772
2025-05-12,Uttarakhand,Nainital,263139,119,-0.034684770372198304
2025-05-12,Uttarakhand,Udham Singh Nagar,244713,102,-0.0011744700388665041
2025-06-12,West Bengal,Malda,732125,116,-0.005976188899449619
2025-08-12,Chhattisgarh,Bastar,494001,181,-0.06294127420180484
2025-08-12,Chhattisgarh,Sukma,494122,146,-0.025953349151490834
2025-08-12,Delhi,North Delhi,110084,151,-0.0358076221703334
2025-08-12,Delhi,South Delhi,110062,149,-0.013921352507163864
2025-08-12,Haryana,Sonipat,131001,113,-0.011011423262611175
2025-08-12,Jharkhand,Garhwa,822114,133,-0.005532828929450839
2025-07-12,Telangana,Medchal-malkajgiri,500055,117,-0.018681532617324192
2025-07-12,Telangana,Medchal-malkajgiri,500090,126,-0.0383248425605518
2025-07-12,Uttar Pradesh,Budaun,243638,152,-0.027528017449857667
2025-07-12,Uttar Pradesh,Bulandshahr,203001,128,-0.012962749373688132
2025-07-12,Uttar Pradesh,Pilibhit,262001,157,-0.029492486256680217
2025-07-12,Delhi,North East Delhi,110053,130,-0.020622027355429173
2025-08-12,Assam,Barpeta,781308,128,-0.022535735873477236
2025-08-12,Bihar,East Champaran,845301,125,-0.01085470707308922
2025-08-12,Bihar,Gaya,824232,132,-0.02889564247352705
2025-08-12,Bihar,Khagaria,851204,139,-0.014302894734999017
2025-08-12,Bihar,Patna,801503,120,-0.004166738293012062
2025-07-12,Haryana,Faridabad,121004,147,-0.03683308327092227
2025-07-12,Punjab,Amritsar,143001,142,-0.037329999970788674
2025-07-12,Rajasthan,Jaipur,302012,141,-0.01136558757192574
2025-08-12,Uttar Pradesh,Bahraich,271851,142,-0.021562244221727145
2025-08-12,Uttar Pradesh,Bareilly,243123,147,-0.02693278674828581
2025-08-12,Uttar Pradesh,Gautam Buddha Nagar,201306,131,-0.01800707962496395
2025-08-12,Uttar Pradesh,Rampur,244922,128,-0.020590068981368947
2025-08-12,Uttar Pradesh,Sitapur,261135,129,-0.021562244221727145
2025-08-12,Uttar Pradesh,Sonbhadra,231216,139,-0.023510545719157006
2025-08-12,Uttar Pradesh,Sultanpur,228001,137,-0.017523232126850585
2025-08-12,West Bengal,Malda,732125,171,-0.059861052180106955
2025-08-12,West Bengal,Murshidabad,742202,162,-0.0516028956571275
2025-09-12,Delhi,South Delhi,110044,156,-0.0033680624101635193
2025-09-12,Delhi,West Delhi,110041,162,-0.03905268520948313
2025-09-12,Gujarat,Surat,395004,164,-0.022448393023086433
2025-09-12,Haryana,Faridabad,121001,148,-0.01411670940770926
2025-09-12,Jharkhand,Lohardaga,835302,123,-0.010276080630882922
2025-09-12,Madhya Pradesh,Katni,483501,120,-0.017836213217206298
2025-09-12,Madhya Pradesh,Ratlam,457001,119,-0.002183441799949448
2025-11-12,Haryana,Faridabad,121002,113,-0.011586928820559339
2025-11-12,Jharkhand,Chatra,825401,111,-0.004903289428270785
2025-11-12,Jharkhand,Deoghar,815353,162,-0.04607577590107792
2025-11-12,Jharkhand,Garhwa,822114,110,-0.0024333747633333846
2025-11-12,Jharkhand,Jamtara,815352,143,-0.021630949089756157
2025-11-12,Jharkhand,Sahebganj,816108,112,-0.0077599559721389655
2025-10-12,Uttar Pradesh,Bahraich,271865,154,-0.02399497838125575
2025-10-12,Uttar Pradesh,Bijnor,246701,142,-0.013337120089151444
2025-10-12,Uttar Pradesh,Bijnor,246725,140,-0.023767778311373666
2025-10-12,Uttar Pradesh,Ghaziabad,201005,134,-0.02719124051037547
2025-10-12,Uttar Pradesh,Kheri,262802,147,-0.02719124051037547
2025-10-12,Uttar Pradesh,Kheri,262804,135,-0.02817235432172438
2025-10-12,Uttar Pradesh,Lalitpur,284403,130,-0.002975720123285841
2025-10-12,Uttar Pradesh,Maharajganj,273303,144,-0.013337120089151444
2025-10-12,Uttar Pradesh,Muzaffarnagar,251309,120,-0.005684988348189313
2025-10-12,Uttar Pradesh,Rampur,244924,121,-0.023280034521601323
2025-10-12,Uttar Pradesh,Shamli,247776,154,-0.04304949513994538
2025-10-12,Uttar Pradesh,Varanasi,221007,130,-0.0002084461853455455
2025-11-12,Bihar,East Champaran,845418,122,-0.012066758538059164
2025-11-12,Bihar,Gaya,823003,126,-0.021245478118172012
2025-11-12,Bihar,Katihar,854104,148,-0.02759398604286567
2025-11-12,Bihar,Kishanganj,855101,163,-0.05230222190746536
2025-11-12,Bihar,West Champaran,845453,128,-0.005755555353159747
2025-11-12,Chhattisgarh,Bilaspur,495001,166,-0.04607577590107792
2025-11-12,Chhattisgarh,Narayanpur,494661,132,-0.03614285952224383
2025-11-12,Delhi,South West Delhi,110043,132,-0.01688295361306602
2025-10-12,Assam,Goalpara,783129,102,-0.0030899502291849013
2025-10-12,Assam,Nagaon,782124,142,-0.02425585221358162
2025-11-12,Jharkhand,Lohardaga,835302,130,-0.03317120562814735
2025-11-12,Rajasthan,Bikaner,334001,137,-0.0202737312271547
2025-11-12,Rajasthan,Jodhpur,342001,154,-0.0014171344703640676
2025-11-12,Telangana,Hyderabad,500053,100,-0.009293103869852049
2025-11-12,Uttar Pradesh,Agra,282002,120,-0.011586928820559339
2025-11-12,Uttar Pradesh,Agra,282006,162,-0.05230222190746536
2025-11-12,Uttar Pradesh,Bijnor,246701,155,-0.0014171344703640676
2025-11-12,Uttar Pradesh,Bijnor,246761,143,-0.003925623375228282
2025-11-12,Uttar Pradesh,Chitrakoot,210205,141,-4.2140506450238924e-05
2025-11-12,Uttar Pradesh,Deoria,274702,113,-0.00728303919277884
2025-11-12,Uttar Pradesh,Gautam Buddha Nagar,201306,142,-0.021630949089756157
2025-11-12,Uttar Pradesh,Ghaziabad,201009,110,-0.0038552400268909714
2025-11-12,Uttar Pradesh,Ghazipur,233001,118,-0.013508197106331332
2025-11-12,Uttar Pradesh,Jalaun,285001,141,-0.014852619813337187
2025-11-12,Uttar Pradesh,Mirzapur,231211,147,-0.02818645101945172
2025-11-12,Uttar Pradesh,Shamli,247774,161,-0.05382541170700561
2025-11-12,Uttar Pradesh,Shamli,247776,149,-0.03163089014810072
2025-11-12,Bihar,East Champaran,845305,106,-0.004329836819497501
2025-11-12,Bihar,Khagaria,851204,124,-0.023192921176066084
2025-11-12,Bihar,Sheohar,843329,146,-0.02416862090885996
2025-11-12,Bihar,Sitamarhi,843324,135,-0.02173184488914104
2025-11-12,Bihar,West Champaran,845449,140,-0.014370905857719607
2025-11-12,Chhattisgarh,Bastar,494001,180,-0.06509044176253631
2025-11-12,Chhattisgarh,Bemetara,491335,161,-0.05739156762938524
2025-11-12,Chhattisgarh,Rajnandgaon,491441,150,-0.046135951317186064
2025-11-12,Madhya Pradesh,Singrauli,486886,115,-0.01688295361306602
2025-11-12,Maharashtra,Latur,413512,122,-0.012066758538059164
2025-11-12,Maharashtra,Palghar,401208,131,-0.025145641825520815
2025-11-12,Maharashtra,Pune,412105,117,-0.008714758102974063
2025-11-12,Manipur,Imphal East,795002,142,-0.007184170690681224
2025-12-12,Andhra Pradesh,Chittoor,517425,88,-0.009073853713886915
2025-10-12,West Bengal,Uttar Dinajpur,733202,144,-0.02425585221358162
2025-12-12,Haryana,Rohtak,124001,95,-0.007269348626048555
2025-12-12,Bihar,Begusarai,851129,118,-0.017211363017494263
2025-12-12,Bihar,East Champaran,845401,165,-0.053750020288841904
2025-12-12,Bihar,Gaya,823001,110,-0.012392953469258727
2025-12-12,Bihar,Gaya,824232,128,-0.013495108827131563
2025-12-12,Bihar,Nalanda,803107,120,-0.028765291963368744
2025-12-12,Bihar,Sitamarhi,843317,112,-0.0006271233144752308
2025-12-12,Chhattisgarh,Bastar,494001,112,-0.011433177471135036
2025-12-12,Chhattisgarh,Bemetara,491340,127,-0.016245071288897406
2025-12-12,Chhattisgarh,Janjgir-champa,495689,128,-0.0002735524709995829
2025-12-12,Chhattisgarh,Surajpur,497223,123,-0.030733113797384637
2025-12-12,Delhi,East Delhi,110096,117,-0.017211363017494263
2025-12-12,Delhi,South Delhi,110044,137,-0.018805388131353906
2025-12-12,Madhya Pradesh,Barwani,451666,120,-0.024500380243041575
2025-12-12,Madhya Pradesh,Indore,452001,117,-0.02191970375258434
2025-12-12,Madhya Pradesh,Katni,483501,127,-0.032706268449662956
2025-12-12,Madhya Pradesh,Singrauli,486886,109,-0.012392953469258727
2025-12-12,Maharashtra,Latur,413512,138,-0.022549403533296375
2025-11-12,Uttar Pradesh,Siddharthnagar,272153,162,-0.05230222190746536
2025-11-12,Uttar Pradesh,Sitapur,261135,134,-0.01688295361306602
2025-11-12,Madhya Pradesh,Gwalior,474001,120,-0.011586928820559339
2025-11-12,Maharashtra,Beed,431122,141,-0.02368060600619759
2025-11-12,Maharashtra,Palghar,401209,145,-0.021630949089756157
2025-11-12,Punjab,Patiala,147001,146,-0.02416862090885996
2025-11-12,Rajasthan,Alwar,301001,142,-0.04112250251131078
2025-01-03,Manipur,Thoubal,795101,126,-0.011806896142106948
2025-01-03,Telangana,Sangareddy,502345,91,-0.013214771563426764
2025-01-03,Gujarat,Gandhinagar,382835,103,-0.016239864372097568
2025-01-03,Telangana,Nirmal,504310,165,-0.07279054545246455
2025-01-03,Assam,Nalbari,781338,140,-0.014210039883552184
2025-01-03,Maharashtra,Nashik,422306,132,-0.008933834273290642
2025-01-03,Tamil Nadu,Perambalur,621107,144,-0.018556238621388776
2025-01-03,Karnataka,Tumkur,572107,96,-0.02435893871434258
2025-01-03,Odisha,Ganjam,761141,129,-0.008933834273290642
2025-01-03,Haryana,Sonipat,131408,132,-0.01132724218448311
2025-01-03,Kerala,Thiruvananthapuram,695009,149,-0.02929236401926938
2025-01-03,Karnataka,Belgaum,591108,134,-0.04737371719629624
2025-01-03,Karnataka,Uttara Kannada,581301,138,-0.017588128274663495
2025-01-03,Tamil Nadu,Ramanathapuram,623518,167,-0.06264458169841813
2025-01-03,Telangana,Siddipet,506223,204,-0.07644673526117429
2025-01-03,Gujarat,Sabarkantha,383330,131,-0.008933834273290642
2025-01-03,Telangana,Kamareddy,503305,181,-0.07018956269563192
2025-01-03,Kerala,Kollam,690520,124,-0.04536092102962974
2025-01-03,Karnataka,Belgaum,591234,111,-0.029698176413698874
2025-01-03,Assam,Tinsukia,786145,109,-0.001801999770665974
2025-01-03,Karnataka,Bidar,585443,173,-0.06470421677075266
2025-01-03,Gujarat,Tapi,394640,147,-0.05446155664312957
2025-01-03,Kerala,Malappuram,676517,163,-0.028800883634617636
2025-01-03,Tamil Nadu,Villupuram,606213,122,-0.008933834273290642
2025-01-03,Odisha,Kendujhar,758037,142,-0.04335356481980779
2025-01-03,Himachal Pradesh,Kangra,176036,100,-0.008079023277260955
2025-01-03,Karnataka,Belgaum,591201,99,-0.014211358628253512
2025-01-03,Himachal Pradesh,Kullu,175102,123,-0.03637044583654214
2025-01-03,Haryana,Panchkula,134114,123,-0.014210039883552184
2025-01-03,Telangana,Sangareddy,502296,109,-0.02841291375510069
2025-01-03,Karnataka,Bijapur,586111,131,-0.0483821598688684
2025-01-03,Odisha,JAJPUR,754292,153,-0.056499015629854155
2025-01-03,Odisha,Baleswar,756079,135,-0.04135163386433305
2025-01-03,Telangana,Hanumakonda,506370,147,-0.04085199710229226
2025-01-03,Karnataka,Bijapur,586121,103,-0.02642244589079279
2025-01-03,Goa,South Goa,403801,120,-0.04135163386433305
2025-01-03,Gujarat,Kachchh,370650,166,-0.04737371719629624
2025-01-03,Tamil Nadu,Vellore,632013,133,-0.018556238621388776
2025-01-03,Odisha,Khorda,751007,141,-0.04085199710229226
2025-01-03,Karnataka,Bellary,583128,157,-0.04687000735313551
2025-01-03,West Bengal,Birbhum,731244,159,-0.0209822535907076
2025-01-03,Jammu and Kashmir,Kargil,194109,80,-0.0029741357206677366
2025-01-03,Karnataka,Belgaum,591220,206,-0.07749454537553302
2025-01-03,Karnataka,Udupi,576228,118,-0.03488264947788777
2025-01-03,Gujarat,Mahisagar,388270,147,-0.018072019695479336
2025-01-03,Himachal Pradesh,Shimla,171209,124,-0.004646050984932315
2025-01-03,Karnataka,Ramanagar,561101,140,-0.042351922102629724
2025-01-03,Odisha,JAJPUR,755028,120,-0.00797873589506004
2025-01-03,Madhya Pradesh,East Nimar,450551,150,-0.0209822535907076
2025-01-03,Andhra Pradesh,Adilabad,504207,146,-0.018072019695479336
2025-01-03,Karnataka,Mysuru,571604,182,-0.07592336166471647
2025-01-03,Karnataka,Tumakuru,572213,116,-0.029453160126176492
2025-01-03,Karnataka,Belgaum,591243,263,-0.07749454537553302
2025-01-03,Andhra Pradesh,Ananthapur,515731,87,-0.01721316732663347
2025-01-03,Goa,North Goa,403513,170,-0.06161685255888916
2025-01-03,Madhya Pradesh,East Nimar,450771,137,-0.05527615175452427
2025-01-03,Karnataka,Mysuru,571189,121,-0.02552974414081588
2025-01-03,Odisha,Mayurbhanj,757104,155,-0.02830973566640138
2025-01-03,Kerala,Ernakulam,682027,140,-0.03488264947788777
2025-01-03,Kerala,Kasaragod,671317,150,-0.02536981602227706
2025-01-03,Karnataka,Haveri,581119,152,-0.06295344765488287
2025-01-03,Andhra Pradesh,Hyderabad,500017,164,-0.04737371719629624
2025-01-03,Telangana,Nalgonda,508204,188,-0.07592336166471647
2025-01-03,Telangana,Vikarabad,501202,178,-0.06521999707884063
2025-01-03,Karnataka,Hassan,573225,103,-0.013829865475096348
2025-01-03,Telangana,Jogulamba Gadwal,509152,115,-0.03284586157534253
2025-01-03,Andhra Pradesh,Ananthapur,515741,102,-0.009990785101411048
2025-01-03,Tamil Nadu,Tirupattur,635852,140,-0.04536092102962974
2025-01-03,Rajasthan,Sikar,332318,124,-0.008933834273290642
2025-01-03,Himachal Pradesh,Sirmaur,173030,128,-0.032409689870432024
2025-01-03,Odisha,Jajapur,755012,124,-0.008933834273290642
2025-01-03,Karnataka,Vijayapura,586108,222,-0.0780189823730888
2025-01-03,Andhra Pradesh,West Godavari,534007,159,-0.020496393811421876
2025-01-03,Kerala,Ernakulam,683520,131,-0.018556238621388776
2025-01-03,Haryana,Karnal,132040,143,-0.051415688409480076
2025-01-03,Goa,North Goa,403503,146,-0.05293707693226213
2025-01-03,Madhya Pradesh,Niwari,472442,115,-0.009890225939329311
2025-01-03,Odisha,Jajapur,755043,141,-0.04285257403678644
2025-01-03,Himachal Pradesh,Kangra,176202,132,-0.021954959883767056
2025-01-03,Karnataka,Udupi,576112,152,-0.0443565638499519
2025-01-03,Tamil Nadu,Kallakurichi,606205,110,-0.00607241200895503
2025-01-03,Bihar,Bhojpur,841312,132,-0.03537824609441664
2025-01-03,Maharashtra,Ahmadnagar,414605,128,-0.020496393811421876
2025-01-03,Karnataka,Mysore,571301,96,-0.022895498093215005
2025-01-03,Odisha,Koraput,764041,112,-0.004646050984932315
2025-01-03,Assam,Bongaigaon,783381,143,-0.015173575999360422
2025-01-03,Haryana,Rewari,123102,157,-0.05700924253267059
2025-01-03,Telangana,Warangal,506122,124,-0.04035269827331378
2025-01-03,Himachal Pradesh,Shimla,171201,133,-0.011806896142106948
2025-01-03,Assam,Cachar,788103,120,-0.03438738806183872
2025-01-03,Maharashtra,Sindhudurg,416512,129,-0.008456123532558424
2025-01-03,Karnataka,Hassan,573124,130,-0.04737371719629624
2025-01-03,Odisha,Sundergarh,769013,131,-0.04085199710229226
2025-01-03,Karnataka,Belgaum,591104,228,-0.06811510245341534
2025-01-03,Andhra Pradesh,Srikakulam,535125,123,-0.02552974414081588
2025-01-03,Jammu and Kashmir,Udhampur,182142,159,-0.028800883634617636
2025-01-03,Maharashtra,Dhule,424308,142,-0.014691644962625094
2025-01-03,Andhra Pradesh,East Godavari,533448,176,-0.06521999707884063
2025-01-03,Telangana,K.v. Rangareddy,500083,79,-0.006655508030682378
2025-01-03,Telangana,Sangareddy,502270,132,-0.04737371719629624
2025-01-03,Karnataka,Belgaum,591130,161,-0.056295295023496505
2025-01-03,Telangana,Mahabubnagar,509104,117,-0.04206400026355972
2025-01-03,Madhya Pradesh,Narmadapuram,461223,117,-0.007024929055779228
2025-01-03,Kerala,Palakkad,678623,83,-0.0053473482388904925
2025-01-03,Karnataka,Vijayapura,586102,151,-0.06141174893340473
2025-01-03,Gujarat,Sabarkantha,383440,153,-0.06398298666256919
2025-01-03,Jammu and Kashmir,Jammu,181205,138,-0.014210039883552184
2025-01-03,Karnataka,Bellary,583224,135,-0.04085199710229226
2025-01-03,Himachal Pradesh,Kangra,176103,134,-0.030929924738145487
2025-01-03,Telangana,Sangareddy,502221,110,-0.029785524653197393
2025-01-03,Karnataka,Belgaum,590005,174,-0.07592336166471647
2025-01-03,Himachal Pradesh,Kullu,172026,128,-0.03686704941633723
2025-01-03,Gujarat,Patan,384246,151,-0.028800883634617636
2025-01-03,Telangana,Karimnagar,505302,172,-0.07279054545246455
2025-01-03,Telangana,Nizamabad,503301,110,-0.026508608138902878
2025-01-03,Tamil Nadu,Kanyakumari,629802,176,-0.07279054545246455
2025-01-03,Andhra Pradesh,Y. S. R,516172,161,-0.04687000735313551
2025-01-03,Assam,Kamrup Metro,781037,113,-0.004646050984932315
2025-01-03,Assam,Kamrup Metro,781006,145,-0.017588128274663495
2025-01-03,Gujarat,Kachchh,370645,145,-0.04085199710229226
2025-01-03,Uttar Pradesh,Sultanpur,228159,158,-0.02830973566640138
2025-01-03,Jammu and Kashmir,Ganderbal,193504,130,-0.029453160126176492
2025-01-03,Karnataka,Belagavi,591305,141,-0.0361213590019307
2025-01-03,Karnataka,Belgaum,591221,198,-0.07749454537553302
2025-01-03,Jammu and Kashmir,Baramula,193198,113,-0.004646050984932315
2025-01-03,Karnataka,Mandya,571463,118,-0.03438738806183872
2025-01-03,Madhya Pradesh,East Nimar,450991,104,-0.008079023277260955
2025-01-03,Andhra Pradesh,Y. S. R,516193,104,-0.0003842978631511951
2025-01-03,Karnataka,Udupi,576225,144,-0.05293707693226213
2025-01-03,Meghalaya,East Khasi Hills,793009,153,-0.02830973566640138
2025-01-03,Karnataka,Ballari,583132,145,-0.046366638197896215
2025-01-03,Karnataka,Belagavi,591129,192,-0.07018956269563192
2025-01-03,Tamil Nadu,Virudhunagar,626201,158,-0.02830973566640138
2025-01-03,Karnataka,Dakshina Kannada,575005,154,-0.04939196806214852
2025-01-03,Andhra Pradesh,Alluri Sitharama Raju,507129,112,-0.009890225939329311
2025-01-03,Karnataka,Belgaum,591120,157,-0.056295295023496505
2025-01-03,Odisha,Puri,752121,120,-0.0027375247847367667
2025-01-03,Karnataka,Udupi,576104,106,-0.0008565454691651375
2025-01-03,Odisha,JAJPUR,755001,130,-0.018556238621388776
2025-01-03,Gujarat,Botad,364750,161,-0.06346804301573183
2025-01-03,Andhra Pradesh,Kurnool,518563,127,-0.008456123532558424
2025-01-03,Bihar,Patna,800018,165,-0.05956556166385096
2025-01-03,Uttar Pradesh,Bulandshahr,203408,108,-0.025040808632271427
2025-01-03,Uttar Pradesh,Ayodhya,224203,131,-0.021954959883767056
2025-01-03,Andhra Pradesh,Tirupati,524121,160,-0.0209822535907076
2025-01-03,Karnataka,Raichur,584134,134,-0.015173575999360422
2025-01-03,Himachal Pradesh,Mandi,175011,137,-0.0488868931599139
2025-01-03,Odisha,Cuttack,754290,141,-0.043854894681031875
2025-01-03,Odisha,Khorda,751009,85,-0.01081498905798639
2025-01-03,Gujarat,Kachchh,370160,113,-0.029698176413698874
2025-01-03,Andhra Pradesh,Eluru,534198,107,-0.0008565454691651375
2025-01-03,Karnataka,Belagavi,591309,208,-0.0780189823730888
2025-01-03,Uttarakhand,Nainital,263158,112,-0.02797938995036875
2025-01-03,Gujarat,Mahisagar,388260,158,-0.05497040456263014
2025-01-03,Karnataka,Bijapur,586103,143,-0.05527615175452427
2025-01-03,Telangana,Siddipet,502279,175,-0.0733117987111307
2025-01-03,Gujarat,Mahisagar,388265,137,-0.03686704941633723
2025-01-03,Gujarat,Amreli,364530,142,-0.018072019695479336
2025-01-03,Karnataka,Vijayapura,586208,180,-0.0733117987111307
2025-01-03,Assam,Jorhat,785683,116,-0.0013179259127977794
2025-01-03,Himachal Pradesh,Shimla,171011,149,-0.05497040456263014
2025-01-03,Gujarat,Surendra Nagar,382760,94,-0.002346728411547483
2025-01-03,Haryana,Rohtak,124111,161,-0.06007786405179172
2025-01-03,Gujarat,Ahmedabad,382465,95,-0.007573726935813485
2025-01-03,Madhya Pradesh,Shajapur,465440,152,-0.056499015629854155
2025-01-03,Tripura,Unakoti,799280,99,-0.014211358628253512
2025-01-03,Uttarakhand,Pithoragarh,262521,138,-0.03537824609441664
2025-01-03,Karnataka,Belgaum,591147,66,-0.005603045390893735
2025-01-03,Gujarat,Sabarkantha,383462,196,-0.07644673526117429
2025-01-03,Odisha,Ganjam,761133,129,-0.020496393811421876
2025-01-03,Karnataka,Chikkamagaluru,577102,98,-0.014282781447349291
2025-01-03,Telangana,Mahabubnagar,509103,129,-0.04349202604012081
2025-01-03,Telangana,Mahabubnagar,509228,70,-0.004125815494305685
2025-01-03,Telangana,Narayanpet,509353,162,-0.0448585725562165
2025-01-03,Gujarat,Arvalli,383245,126,-0.04206400026355972
2025-01-03,Karnataka,Mysuru,571601,91,-0.020948858876644882
2025-01-03,Madhya Pradesh,Sehore,466118,130,-0.037861265130040844
2025-01-03,Telangana,Siddipet,502375,98,-0.029698176413698874
2025-01-03,Karnataka,Mysuru,570010,164,-0.06264458169841813
2025-01-03,Karnataka,Belagavi,591156,95,-0.026190244005622754
2025-01-03,Telangana,Warangal,506001,113,-0.032351977756030936
2025-01-03,Karnataka,Shimoga,577214,171,-0.06470421677075266
2025-01-03,Karnataka,Belagavi,591230,122,-0.03562525977542674
2025-01-03,Gujarat,Jamnagar,361250,142,-0.015173575999360422
2025-01-03,Arunachal Pradesh,West Siang,791125,121,-0.008933834273290642
2025-01-03,Karnataka,Haveri,581145,92,-0.017554891347503765
2025-01-03,Gujarat,Kachchh,370450,152,-0.04536092102962974
2025-01-03,Maharashtra,Nashik,422222,153,-0.0488868931599139
2025-01-03,Karnataka,Dharwad,580006,190,-0.07644673526117429
2025-01-03,Tamil Nadu,Kanniyakumari,629901,83,-0.0053473482388904925
2025-01-03,Karnataka,Shimoga,577413,140,-0.03935511350044418
2025-01-03,Telangana,Medak,502381,172,-0.07279054545246455
2025-01-03,Kerala,Kasaragod,671552,116,-0.013247806716687793
2025-01-03,Gujarat,Vadodara,391220,155,-0.055989133822821
2025-01-03,Andhra Pradesh,Alluri Sitharama Raju,533483,141,-0.04536092102962974
2025-01-03,Andhra Pradesh,Ananthapuramu,515231,97,-0.02435893871434258
2025-01-03,Kerala,Kasaragod,671313,166,-0.06264458169841813
2025-01-03,Haryana,Charkhi Dadri,127022,165,-0.05547959687816306
2025-01-03,Punjab,Rupnagar,140103,127,-0.011806896142106948
2025-01-03,Karnataka,Hassan,573212,131,-0.028961570985874707
2025-01-03,Kerala,Thiruvananthapuram,695143,126,-0.017588128274663495
2025-01-03,Telangana,Mahabubnagar,509353,130,-0.04687000735313551
2025-01-03,Assam,Cachar,788013,205,-0.06552990967706251
2025-01-03,Tamil Nadu,Salem,636401,154,-0.043854894681031875
2025-01-03,Himachal Pradesh,Chamba,176301,123,-0.0443565638499519
2025-01-03,Kerala,Malappuram,676502,121,-0.0032113650906209212
2025-01-03,Karnataka,Belgaum,591226,245,-0.0780189823730888
2025-01-03,Telangana,K.v. Rangareddy,500043,90,-0.019977513091222976
2025-01-03,Madhya Pradesh,Khandwa,450337,140,-0.050647875588593294
2025-01-03,Maharashtra,Nandurbar,425426,92,-0.0047178148596264124
2025-01-03,Uttar Pradesh,Gorakhpur,273006,158,-0.04939196806214852
2025-01-03,Madhya Pradesh,Morena,476335,143,-0.014691644962625094
2025-01-03,Andhra Pradesh,Hyderabad,500064,160,-0.0443565638499519
2025-01-03,Uttarakhand,Haridwar,246763,166,-0.051922474838906774
2025-01-03,Rajasthan,Ganganagar,335064,140,-0.02536981602227706
2025-01-03,Karnataka,Vijayanagara,583126,131,-0.021954959883767056
2025-01-03,Ladakh,Kargil,194102,117,-0.043456211940521405
2025-01-03,Telangana,Rajanna Sircilla,505404,78,-0.00427787757439857
2025-01-03,Telangana,Jayashankar Bhupalpally,506164,159,-0.04939196806214852
2025-01-03,Karnataka,Raichur,584118,142,-0.049897384806780076
2025-01-03,Tamil Nadu,Sivaganga,630106,126,-0.014210039883552184
2025-01-03,Maharashtra,Nagpur,440012,126,-0.029945081981505695
2025-01-03,Rajasthan,Ajmer,305024,154,-0.0209822535907076
2025-01-03,West Bengal,Purba Bardhaman,713151,102,-0.009990785101411048
2025-01-03,Telangana,Siddipet,502114,86,-0.01081498905798639
2025-01-03,Kerala,Kannur,670674,135,-0.03438738806183872
2025-01-03,Andhra Pradesh,Warangal,506314,158,-0.04085199710229226
2025-01-03,Karnataka,Bijapur,586116,94,-0.009962525905476638
2025-01-03,Sikkim,East Sikkim,737102,161,-0.04687000735313551
2025-01-03,Tamil Nadu,Virudhunagar,626142,164,-0.04135163386433305
2025-01-03,Karnataka,Ballari,583124,98,-0.026912316512505474
2025-01-03,Telangana,Mahabubnagar,509135,182,-0.04610685575094475
2025-01-03,Telangana,Karimnagar,505525,158,-0.04939196806214852
2025-01-03,Karnataka,Belagavi,591125,97,-0.025336217338170708
2025-01-03,West Bengal,Nadia,741503,124,-0.004646050984932315
2025-01-03,Karnataka,Dakshina Kannada,574201,95,-0.018145156054337086
2025-01-03,Telangana,Mahabubnagar,509351,69,-0.004125815494305685
2025-01-03,Andhra Pradesh,Ananthapur,515751,89,-0.013695703029721451
2025-01-03,Tamil Nadu,Kallakurichi,606102,116,-0.03339786992447158
2025-01-03,Tamil Nadu,Kanyakumari,629166,121,-0.043670361806989244
2025-01-03,Chhattisgarh,Sukma,494114,206,-0.07697046308486433
2025-01-03,Gujarat,Arvalli,383246,111,-0.0389588510730533
2025-01-03,Assam,Baksa,781344,159,-0.06007786405179172
2025-01-03,Chhattisgarh,Dakshin Bastar Dantewada,494552,95,-0.022895498093215005
2025-01-03,Odisha,Khorda,751020,124,-0.014210039883552184
2025-01-03,Uttar Pradesh,Ayodhya,224135,143,-0.018556238621388776
2025-01-03,Karnataka,Ramanagar,562121,125,-0.0075016711422620785
2025-01-03,Haryana,Bhiwani,127310,130,-0.008933834273290642
2025-01-03,Karnataka,Gulbarga,585217,141,-0.052429604269118135
2025-01-03,Telangana,Adilabad,504296,108,-0.028383918586840196
2025-01-03,Karnataka,Chickmagalur,577132,109,-0.014849210196559048
2025-01-03,Karnataka,Tumkur,572218,194,-0.07697046308486433
2025-01-03,Jammu and Kashmir,Jammu,180015,140,-0.042351922102629724
2025-01-03,Telangana,Jagitial,505453,141,-0.043854894681031875
2025-01-03,Karnataka,Chitradurga,577554,102,-0.00664859344681179
2025-01-03,Bihar,Saharsa,852210,139,-0.021954959883767056
2025-01-03,Chhattisgarh,Bilaspur,495223,126,-0.035874178138293966
2025-01-03,Karnataka,Uttara Kannada,581358,161,-0.05905360577546326
2025-01-03,Gujarat,Bhavnagar,364760,162,-0.06863319130095347
2025-01-03,Karnataka,Bijapur,586114,126,-0.04536092102962974
2025-01-03,Tamil Nadu,Tirunelveli,627759,92,-0.0047178148596264124
2025-01-03,Maharashtra,Mumbai Suburban,400082,97,-0.00275003180479394
2025-01-03,Telangana,Karimnagar,505211,96,-0.00275003180479394
2025-01-03,Karnataka,Uttara Kannada,581352,100,-0.014211358628253512
2025-01-03,Telangana,Karimnagar,505504,152,-0.05547959687816306
2025-01-03,Tamil Nadu,Kanniyakumari,629158,162,-0.051415688409480076
2025-01-03,Andhra Pradesh,Medak,502247,134,-0.013247806716687793
2025-01-03,Madhya Pradesh,Agar Malwa,465550,133,-0.021954959883767056
2025-01-03,Uttarakhand,Pithoragarh,262547,114,-0.0008453662486685998
2025-01-03,West Bengal,Paschim Medinipur,721242,133,-0.021954959883767056
2025-01-03,Kerala,Kollam,691014,132,-0.008933834273290642
2025-01-03,Telangana,Mancherial,504272,113,-0.004646050984932315
2025-01-03,Tamil Nadu,Kanniyakumari,629004,163,-0.05905360577546326
2025-01-03,Gujarat,Bhavnagar,364110,145,-0.03835887771907054
2025-01-03,Gujarat,Kachchh,370475,130,-0.008933834273290642
2025-01-03,Karnataka,Belagavi,591109,144,-0.044569675047885116
2025-01-03,Tamil Nadu,Kanyakumari,629851,93,-0.009962525905476638
2025-01-03,Rajasthan,Alwar,301714,113,-0.013247806716687793
2025-01-03,Assam,North Cachar Hills,788832,113,-0.022114132356891303
2025-01-03,Uttar Pradesh,Gorakhpur,273003,151,-0.04687000735313551
2025-01-03,Gujarat,Tapi,394680,161,-0.06863319130095347
2025-01-03,Karnataka,Vijayapura,586212,208,-0.07749454537553302
2025-01-03,Andhra Pradesh,Ananthapuramu,515775,166,-0.06759736401914562
2025-01-03,Uttar Pradesh,Prayagraj,211006,112,-0.009890225939329311
2025-01-03,Andhra Pradesh,Nandyal,518599,129,-0.029945081981505695
2025-01-03,Odisha,Jajapur,755049,84,-0.01095556478963744
2025-01-03,Assam,Chirang,783380,115,-0.023088371314063494
2025-01-03,Telangana,Karimnagar,505153,128,-0.032409689870432024
2025-01-03,Karnataka,Dharwad,580002,147,-0.06141174893340473
2025-01-03,Punjab,Rupnagar,140125,151,-0.0209822535907076
2025-01-03,Kerala,Wayanad,670646,130,-0.008933834273290642
2025-01-03,Telangana,Mahabubnagar,509131,212,-0.07435536384370367
2025-01-03,West Bengal,Purba Bardhaman,713152,166,-0.052429604269118135
2025-01-03,Karnataka,Bellary,583129,117,-0.011806896142106948
2025-01-03,Gujarat,Kachchh,370425,128,-0.032409689870432024
2025-01-03,Karnataka,Tumakuru,572125,137,-0.04335356481980779
2025-01-03,Gujarat,Vadodara,391520,142,-0.018072019695479336
2025-01-03,Haryana,Panipat,132140,164,-0.06213054329179246
2025-01-03,Gujarat,Ahmedabad,382463,146,-0.04761745767976
2025-01-03,Andhra Pradesh,Alluri Sitharama Raju,531149,153,-0.020496393811421876
2025-01-03,Telangana,Warangal,506105,126,-0.0448585725562165
2025-01-03,Jammu and Kashmir,Srinagar,190023,149,-0.045863609500151226
2025-01-03,Andhra Pradesh,Warangal,506348,147,-0.02634846346352493
2025-01-03,Telangana,Sangareddy,502318,135,-0.05476709704062288
2025-01-03,Kerala,Palakkad,679304,143,-0.022441806842815493
2025-01-03,Tamil Nadu,Kanniyakumari,629203,92,-0.021577708728947043
2025-01-03,Telangana,Rajanna Sircilla,505405,136,-0.03438738806183872
2025-01-03,Tamil Nadu,Tiruchirappalli,621014,129,-0.020496393811421876
2025-01-03,Kerala,Kannur,670613,167,-0.05803073256007596
2025-01-03,Tamil Nadu,Tirunelveli,627453,126,-0.026508608138902878
2025-01-03,Maharashtra,Buldhana,443403,157,-0.020496393811421876
2025-01-03,Tamil Nadu,Villupuram,604206,109,-0.0041712403185090174
2025-01-03,Kerala,Kannur,670601,184,-0.0723468950287347
2025-01-03,Jammu and Kashmir,Anantnag,192221,131,-0.021954959883767056
2025-01-03,Madhya Pradesh,Harda *,461441,145,-0.03488264947788777
2025-01-03,Madhya Pradesh,Hoshangabad,461221,146,-0.052429604269118135
2025-01-03,Andhra Pradesh,Khammam,507208,138,-0.014210039883552184
2025-01-03,Gujarat,Navsari,396415,74,-0.004752760414542978
2025-01-03,Tamil Nadu,Dindigul,624301,151,-0.02536981602227706
2025-01-03,Tamil Nadu,Tirupattur,635602,167,-0.052429604269118135
2025-01-03,Karnataka,Davanagere,577601,103,-0.007601890694341695
2025-01-03,Gujarat,Chhotaudepur,391125,133,-0.04687000735313551
2025-01-03,Gujarat,Kheda,387340,106,-0.024006877362612755
2025-01-03,Telangana,Medak,502345,161,-0.04135163386433305
2025-01-03,Tamil Nadu,Ramanathapuram,623536,146,-0.04085199710229226
2025-01-03,Jammu and Kashmir,Kathua,184142,140,-0.014210039883552184
2025-01-03,West Bengal,Purba Bardhaman,713406,138,-0.022441806842815493
2025-01-03,Karnataka,Dakshina Kannada,574240,169,-0.052429604269118135
2025-01-03,Assam,Biswanath,784170,125,-0.0075016711422620785
2025-01-03,Karnataka,Belagavi,591241,109,-0.0424544304180039
2025-01-03,Telangana,Nalgonda,508377,138,-0.04536092102962974
2025-01-03,Karnataka,Belagavi,591122,189,-0.044459349963959505
2025-01-03,Andhra Pradesh,Sri Potti Sriramulu Nellore,523105,160,-0.03224823968212287
2025-01-03,Karnataka,Dakshina Kannada,575018,148,-0.04135163386433305
2025-01-03,Andhra Pradesh,West Godavari,534244,102,-0.00664859344681179
2025-01-03,Karnataka,Mandya,571802,126,-0.03637044583654214
2025-01-03,Andhra Pradesh,Bapatla,523155,152,-0.028800883634617636
2025-01-03,Gujarat,Gir Somnath,362710,72,-0.008888101068890375
2025-01-03,Tamil Nadu,Villupuram,605803,127,-0.017588128274663495
2025-01-03,Karnataka,Mysuru,571102,156,-0.04939196806214852
2025-01-03,Madhya Pradesh,Niwari,472337,125,-0.007024929055779228
2025-01-03,Karnataka,Kolar,563115,95,-0.014282781447349291
2025-01-03,Nagaland,Mon,798602,132,-0.018556238621388776
2025-01-03,Haryana,Panchkula,134108,89,-0.013214771563426764
2025-01-03,West Bengal,South 24 Parganas,700100,161,-0.04135163386433305
2025-01-03,Odisha,Baleswar,756055,120,-0.04135163386433305
2025-01-03,Bihar,Patna,800010,160,-0.024392491964376206
2025-01-03,Tamil Nadu,Villupuram,606102,126,-0.029945081981505695
2025-01-03,Andhra Pradesh,Kakinada,533344,141,-0.014691644962625094
2025-01-03,Madhya Pradesh,Bhopal,462024,160,-0.04085199710229226
2025-01-03,Karnataka,Bangalore,560049,152,-0.04135163386433305
2025-01-03,Odisha,Baleswar,756166,175,-0.07592336166471647
2025-01-03,Karnataka,Vijayanagara,583127,175,-0.0733117987111307
2025-01-03,Gujarat,Porbandar,360545,164,-0.06141174893340473
2025-01-03,Karnataka,Belgaum,591316,123,-0.0460771537017427
2025-01-03,Chhattisgarh,Dantewada,494449,126,-0.040954297561516584
2025-01-03,Andhra Pradesh,Prakasam,523254,133,-0.011806896142106948
2025-01-03,Haryana,Bhiwani,127029,141,-0.02585897420804073
2025-01-03,Telangana,Mahabubnagar,509408,194,-0.07644673526117429
2025-01-03,Assam,Cachar,788006,158,-0.0209822535907076
2025-01-03,Tamil Nadu,Ramanathapuram,623503,135,-0.043854894681031875
2025-01-03,Karnataka,Bijapur,586118,190,-0.07383340476195199
2025-01-03,Karnataka,Belgaum,591265,222,-0.056295295023496505
2025-01-03,Karnataka,Dakshina Kannada,574325,158,-0.056499015629854155
2025-01-03,Gujarat,Bharuch,392030,88,-0.007945945691613665
2025-01-03,Karnataka,Belagavi,591101,160,-0.06243920034445649
2025-01-03,Karnataka,Dakshina Kannada,574154,158,-0.024392491964376206
2025-01-03,Andhra Pradesh,Tirupati,524101,147,-0.04085199710229226
2025-01-03,Andhra Pradesh,West Godavari,534204,157,-0.0483821598688684
2025-01-03,Assam,Kamrup Metro,781007,155,-0.04135163386433305
2025-01-03,Andhra Pradesh,Cuddapah,516505,158,-0.0488868931599139
2025-01-03,Karnataka,Vijayapura,586209,187,-0.06243920034445649
2025-01-03,Madhya Pradesh,Khandwa,450110,117,-0.03835887771907054
2025-01-03,West Bengal,Alipurduar,736202,134,-0.015173575999360422
2025-01-03,Telangana,Mancherial,504206,167,-0.06161685255888916
2025-01-03,Tamil Nadu,Tirunelveli,627356,146,-0.03537824609441664
2025-01-03,Telangana,Vikarabad,509335,153,-0.05854199615227129
2025-01-03,Karnataka,Shivamogga,577225,92,-0.029698176413698874
2025-01-03,Telangana,Adilabad,504203,104,-0.020598460981901323
2025-01-03,Karnataka,Kalaburagi,585265,115,-0.032351977756030936
2025-01-03,Uttar Pradesh,Allahabad,211007,158,-0.03175476006885014
2025-01-03,Andhra Pradesh,Krishna,521225,117,-0.011806896142106948
2025-01-03,Tamil Nadu,Sivaganga,630203,111,-0.019199312893457443
2025-01-03,Odisha,Bhadrak,756122,164,-0.05854199615227129
2025-01-04,Karnataka,Ballari,583120,152,-0.057413897591659824
2025-01-04,Haryana,Kaithal,136021,164,-0.07540034205590651
2025-01-04,Rajasthan,Jodhpur,342015,114,-0.024939448555536536
2025-01-04,Haryana,Sonipat,131408,142,-0.036764030011740556
2025-01-04,Rajasthan,Sawai Madhopur,322021,139,-0.049792537129027536
2025-01-04,Madhya Pradesh,Anuppur,484444,128,-0.04626228591562287
2025-01-05,Madhya Pradesh,Chhindwara,480108,150,-0.06863319130095347
2025-01-05,Maharashtra,Gadchiroli,442710,158,-0.038130674643421125
2025-01-05,Andhra Pradesh,Y. S. R,516329,145,-0.06038568690123447
2025-01-05,Madhya Pradesh,Chhindwara,480337,126,-0.05324199778537608
2025-01-05,Andhra Pradesh,Annamayya,517280,146,-0.057315818302732024
2025-01-05,Andhra Pradesh,Annamayya,516257,127,-0.05324199778537608
2025-01-05,Madhya Pradesh,Shajapur,465339,157,-0.06501391975727
2025-01-05,Karnataka,Belagavi,591201,139,-0.05578555100441973
2025-01-05,Karnataka,Kalaburagi,585311,138,-0.05578555100441973
2025-01-06,Andhra Pradesh,Sri Sathya Sai,515672,192,-0.08964682479678643
2025-01-06,Karnataka,Belagavi,591115,163,-0.08433998102968354
2025-01-06,Madhya Pradesh,Sehore,466111,114,-0.052734318886731635
2025-01-07,Haryana,Rohtak,124113,131,-0.050201070337339115
2025-01-03,Telangana,Sangareddy,502313,137,-0.06141174893340473
2025-01-03,Telangana,Karimnagar,505129,143,-0.03835887771907054
2025-01-03,Gujarat,Bharuch,392220,158,-0.051415688409480076
2025-01-03,Himachal Pradesh,Kullu,175126,130,-0.020010862647033112
2025-01-03,Kerala,Palakkad,679536,132,-0.03985373714883411
2025-01-03,Kerala,Kannur,670622,147,-0.0388568270998898
2025-01-03,Karnataka,Bangalore,560030,116,-0.011806896142106948
2025-01-03,Tamil Nadu,Villupuram,607204,122,-0.016621327062420033
2025-01-03,West Bengal,Purba Medinipur,721447,118,-0.015173575999360422
2025-01-03,Karnataka,Bagalkot,587102,133,-0.050647875588593294
2025-01-03,Haryana,Rewari,123301,139,-0.04787776795796084
2025-01-03,Tamil Nadu,Coimbatore,641034,150,-0.02536981602227706
2025-01-03,Himachal Pradesh,Kullu,175134,131,-0.05382541170700561
2025-01-03,Tamil Nadu,Villupuram,604207,118,-0.015173575999360422
2025-01-03,Chandigarh,Chandigarh,160011,129,-0.037861265130040844
2025-01-03,Tamil Nadu,Thoothukkudi,628552,143,-0.03835887771907054
2025-01-03,Tamil Nadu,Villupuram,606205,150,-0.0209822535907076
2025-01-03,Tamil Nadu,Kanniyakumari,629804,156,-0.055989133822821
2025-01-03,Telangana,Karimnagar,505471,100,-0.014692964599872793
2025-01-03,Gujarat,Junagadh,362205,108,-0.024983679264184544
2025-01-03,Himachal Pradesh,Kangra,176217,136,-0.03686704941633723
2025-01-03,West Bengal,Nadia,741316,142,-0.015173575999360422
2025-01-03,Telangana,Mahabubnagar,509360,98,-0.027294746343197618
2025-01-03,Himachal Pradesh,Kangra,176095,131,-0.03290361275018283
2025-01-03,Karnataka,Tumkur,572112,132,-0.01132724218448311
2025-01-03,Rajasthan,Sikar,332703,130,-0.04687000735313551
2025-01-03,Kerala,Kannur,670306,159,-0.04687000735313551
2025-01-03,Telangana,Medak,502251,139,-0.04135163386433305
2025-01-03,Karnataka,Raichur,584113,150,-0.02536981602227706
2025-01-03,Karnataka,Dakshina Kannada,574265,121,-0.008933834273290642
2025-01-03,Madhya Pradesh,Neemuch,458468,97,-0.01669431512265529
2025-01-03,Karnataka,Tumkur,572125,166,-0.06161685255888916
2025-01-03,Madhya Pradesh,Satna,485114,149,-0.018072019695479336
2025-01-03,Andhra Pradesh,West Godavari,534005,149,-0.0209822535907076
2025-01-03,Odisha,Khorda,754005,127,-0.03686704941633723
2025-01-03,Gujarat,Surat,394330,137,-0.014210039883552184
2025-01-03,Tamil Nadu,Tirunelveli,627004,149,-0.018072019695479336
2025-01-03,Telangana,Nalgonda,508277,101,-0.02642244589079279
2025-01-03,Assam,Kamrup Metro,781009,157,-0.023904325644850455
2025-01-03,Karnataka,Belgaum,590010,176,-0.07592336166471647
2025-01-03,Karnataka,Bagalkot,587156,110,-0.040954297561516584
2025-01-03,Telangana,Karimnagar,505325,109,-0.02016960492687747
2025-01-03,Karnataka,Kodagu,571252,136,-0.03438738806183872
2025-01-03,Telangana,Adilabad,504216,127,-0.046366638197896215
2025-01-03,Jammu and Kashmir,Kathua,184102,121,-0.013247806716687793
2025-01-03,Andhra Pradesh,Ananthapuramu,515002,156,-0.05803073256007596
2025-01-03,Kerala,Ernakulam,682507,165,-0.052429604269118135
2025-01-03,Gujarat,Mahesana,384160,117,-0.04249019608771831
2025-01-03,Uttarakhand,Almora,263626,138,-0.04135163386433305
2025-01-03,Kerala,Thiruvananthapuram,695583,112,-0.004646050984932315
2025-01-03,Gujarat,Junagadh,362255,169,-0.05854199615227129
2025-01-03,Mizoram,Mamit,796501,129,-0.046366638197896215
2025-01-03,Telangana,Warangal,506343,63,-0.0008629110329176903
2025-01-03,Andhra Pradesh,Annamayya,517417,108,-0.02449511309070518
2025-01-03,Gujarat,Bhavnagar,364730,129,-0.05527615175452427
2025-01-03,Karnataka,Chamrajanagar,571457,122,-0.0032113650906209212
2025-01-03,Kerala,Ernakulam,683565,118,-0.007024929055779228
2025-01-03,Karnataka,Davangere,583137,145,-0.04963636908493507
2025-01-03,Telangana,Nirmal,504101,127,-0.0460771537017427
2025-01-03,Odisha,Jajapur,754024,130,-0.03290361275018283
2025-01-03,Rajasthan,Churu,331031,120,-0.028470314335566238
2025-01-03,Karnataka,Belgaum,591211,81,-0.0006089380535176936
2025-01-03,Delhi,South West Delhi,110030,142,-0.04335356481980779
2025-01-03,Tamil Nadu,Kanniyakumari,629175,146,-0.045863609500151226
2025-01-03,Gujarat,Surendra Nagar,363415,143,-0.0448585725562165
2025-01-03,Gujarat,Bharuch,393020,126,-0.04536092102962974
2025-01-03,Karnataka,Tumakuru,572218,155,-0.06295344765488287
2025-01-03,Karnataka,Belgaum,591121,183,-0.06449827883112036
2025-01-03,Tamil Nadu,Tiruppur,641667,129,-0.008933834273290642
2025-01-03,Karnataka,Belagavi,591316,109,-0.0424544304180039
2025-01-03,Karnataka,Haveri,581148,253,-0.06552990967706251
2025-01-03,Uttar Pradesh,Shahjahanpur,242123,158,-0.02830973566640138
2025-01-03,Uttar Pradesh,Jaunpur,222107,123,-0.014210039883552184
2025-01-03,Haryana,Rohtak,124406,116,-0.006548509417373616
2025-01-03,Karnataka,Belagavi,591217,100,-0.02876712544622584
2025-01-03,Telangana,Kamareddy,503321,82,-0.0029741357206677366
2025-01-03,Gujarat,Botad,364730,87,-0.01721316732663347
2025-01-03,Telangana,Medak,502273,160,-0.05905360577546326
2025-01-03,Haryana,Jhajjar,124146,126,-0.035874178138293966
2025-01-03,Karnataka,Belgaum,591225,169,-0.06243920034445649
2025-01-03,Karnataka,Udupi,576107,118,-0.026508608138902878
2025-01-03,Andhra Pradesh,Ananthapuramu,515870,86,-0.016729856797043308
2025-01-03,Madhya Pradesh,Shahdol,484117,142,-0.014691644962625094
2025-01-03,Puducherry,Puducherry,607402,156,-0.05854199615227129
2025-01-03,Madhya Pradesh,Singrauli,486885,121,-0.03835887771907054
2025-01-03,Chhattisgarh,Jashpur,496330,170,-0.06915163079892517
2025-01-03,Karnataka,Belagavi,591115,199,-0.06863319130095347
2025-01-03,Puducherry,Puducherry,533464,154,-0.020496393811421876
2025-01-03,Kerala,Idukki,685552,160,-0.020496393811421876
2025-01-03,Himachal Pradesh,Solan,173234,99,-0.027893052636053794
2025-01-03,Tamil Nadu,Dharmapuri,636352,135,-0.014210039883552184
2025-01-03,Andhra Pradesh,Dr. B. R. Ambedkar Konaseema,533216,143,-0.018556238621388776
2025-01-03,Karnataka,Chitradurga,577537,153,-0.06457474908015592
2025-01-03,Gujarat,Arvalli,383355,73,-0.01317309570761016
2025-01-03,Odisha,JAJPUR,754024,118,-0.007024929055779228
2025-01-03,Bihar,Patna,802160,120,-0.00797873589506004
2025-01-03,Telangana,Nizamabad,503101,119,-0.029945081981505695
2025-01-03,Kerala,Thrissur,680562,139,-0.014691644962625094
2025-01-03,Kerala,Kasaragod,671121,139,-0.014210039883552184
2025-01-03,Gujarat,Ahmedabad,363610,179,-0.0733117987111307
2025-01-03,Rajasthan,Rajsamand,313202,132,-0.018556238621388776
2025-01-03,Karnataka,Dharwad,580032,153,-0.06398298666256919
2025-01-03,Odisha,JAJPUR,755024,137,-0.014210039883552184
2025-01-03,Telangana,Warangal Urban,506001,103,-0.013829865475096348
2025-01-03,Odisha,Cuttack,754021,119,-0.00179080541251464
2025-01-03,Assam,Barpeta,781328,131,-0.013247806716687793
2025-01-03,Karnataka,Raichur,584136,104,-0.0003842978631511951
2025-01-03,Uttar Pradesh,Muzaffarnagar,247771,125,-0.017588128274663495
2025-01-03,Punjab,SAS Nagar (Mohali),160071,167,-0.04737371719629624
2025-01-03,Uttar Pradesh,Bara Banki,225123,128,-0.008456123532558424
2025-01-03,Chhattisgarh,Raipur,493195,137,-0.014210039883552184
2025-01-03,Karnataka,Gadag,582113,217,-0.07749454537553302
2025-01-03,Telangana,Sangareddy,502306,112,-0.02797938995036875
2025-01-03,Karnataka,Tumkur,572120,141,-0.06243920034445649
2025-01-03,Karnataka,Hassan,573118,145,-0.05293707693226213
2025-01-03,Telangana,Adilabad,504106,144,-0.06295344765488287
2025-01-03,Tamil Nadu,Thoothukkudi,628704,149,-0.02929236401926938
2025-01-03,Himachal Pradesh,Mandi,175047,82,-0.0010813376994385226
2025-01-03,Andhra Pradesh,Anantapur,515822,156,-0.020496393811421876
2025-01-03,Kerala,Thrissur,680519,168,-0.05854199615227129
2025-01-03,Karnataka,Vijayanagara,583130,98,-0.00048350545136177647
2025-01-03,Karnataka,Vijayapura,586201,108,-0.03019026409978831
2025-01-03,Kerala,Thrissur,680123,124,-0.017588128274663495
2025-01-03,Telangana,Nirmal,504105,115,-0.013247806716687793
2025-01-03,Jammu and Kashmir,Jammu,185154,156,-0.023904325644850455
2025-01-03,Gujarat,Junagadh,362002,133,-0.04035269827331378
2025-01-03,West Bengal,South 24 Parganas,743398,124,-0.008933834273290642
2025-01-03,Andhra Pradesh,Warangal,506143,161,-0.0443565638499519
2025-01-03,Telangana,Warangal,506317,111,-0.0158136118055896
2025-01-03,Uttar Pradesh,Lucknow,226031,122,-0.03537824609441664
2025-01-03,Karnataka,Hassan,573137,116,-0.023088371314063494
2025-01-03,Telangana,Adilabad,504103,163,-0.06863319130095347
2025-01-03,Karnataka,Belgaum,591344,260,-0.0780189823730888
2025-01-03,Tamil Nadu,Villupuram,605755,156,-0.02830973566640138
2025-01-03,Telangana,Medak,502247,127,-0.046610049081462046
2025-01-03,Goa,North Goa,403502,100,-0.002848278070051835
2025-01-03,Jharkhand,Ramgarh,829108,145,-0.014691644962625094
2025-01-03,Uttar Pradesh,Lucknow,226015,136,-0.022928983307310857
2025-01-03,Telangana,Karimnagar,505524,114,-0.023088371314063494
2025-01-03,Karnataka,Udupi,576113,142,-0.02585897420804073
2025-01-03,Karnataka,Vijayapura,586204,191,-0.06449827883112036
2025-01-03,Andhra Pradesh,Eluru,534005,129,-0.008933834273290642
2025-01-03,Andhra Pradesh,Rangareddi,509337,132,-0.03985373714883411
2025-01-03,Gujarat,Bhavnagar,364313,164,-0.05547959687816306
2025-01-03,Telangana,K.v. Rangareddy,501143,183,-0.06573612647490734
2025-01-03,Kerala,Malappuram,679577,124,-0.008933834273290642
2025-01-03,Telangana,Rajanna Sircilla,505304,171,-0.06264458169841813
2025-01-03,Gujarat,Kheda,387325,123,-0.03835887771907054
2025-01-03,Tamil Nadu,Kanniyakumari,629301,114,-0.004646050984932315
2025-01-03,Haryana,Bhiwani,127114,156,-0.05700924253267059
2025-01-03,Assam,Kamrup Metro,781022,153,-0.0209822535907076
2025-01-03,Madhya Pradesh,Dhar,454774,152,-0.023904325644850455
2025-01-03,Andhra Pradesh,West Godavari,507121,118,-0.03438738806183872
2025-01-03,Karnataka,Gadag,582115,254,-0.07435536384370367
2025-01-03,Tamil Nadu,Kanyakumari,629801,85,-0.01383685059096107
2025-01-03,Karnataka,Tumakuru,572119,83,-0.013355823658457333
2025-01-03,Himachal Pradesh,Kangra,176029,139,-0.03686704941633723
2025-01-03,West Bengal,Purba Medinipur,721657,143,-0.014691644962625094
2025-01-03,Telangana,Medak,502210,156,-0.055989133822821
2025-01-03,Uttarakhand,Nainital,263134,155,-0.0488868931599139
2025-01-03,Rajasthan,Sikar,332303,157,-0.0209822535907076
2025-01-03,Tamil Nadu,Tirunelveli,627110,109,-0.02016960492687747
2025-01-03,Kerala,Kozhikode,673527,132,-0.032409689870432024
2025-01-03,Jharkhand,East Singhbhum,831015,145,-0.02634846346352493
2025-01-03,Telangana,Medak,502255,143,-0.06141174893340473
2025-01-03,Karnataka,Dakshina Kannada,574203,117,-0.029945081981505695
2025-01-03,Telangana,Karimnagar,505162,116,-0.0013179259127977794
2025-01-03,Goa,South Goa,403713,116,-0.013247806716687793
2025-01-03,Andhra Pradesh,Ananthapuramu,515842,98,-0.03068268483832859
2025-01-03,Gujarat,Amreli,365650,150,-0.028800883634617636
2025-01-03,Telangana,Mahabubnagar,509152,70,-0.0022299048438043645
2025-01-03,Telangana,Mahabubnagar,509128,259,-0.07435536384370367
2025-01-03,Gujarat,Gir Somnath,362275,138,-0.05527615175452427
2025-01-03,Tamil Nadu,Tiruchirappalli,621009,136,-0.014691644962625094
2025-01-03,Karnataka,Shimoga,577428,104,-0.012868146401928904
2025-01-03,Karnataka,Udupi,574116,148,-0.045863609500151226
2025-01-03,Telangana,Nizamabad,503218,132,-0.04687000735313551
2025-01-03,Andhra Pradesh,Warangal,506105,151,-0.04687000735313551
2025-01-03,Karnataka,Uttara Kannada,581351,106,-0.021084389841804718
2025-01-03,Tamil Nadu,Villupuram,605201,111,-0.008933834273290642
2025-01-03,Odisha,Mayurbhanj,757017,163,-0.03224823968212287
2025-01-03,Tamil Nadu,Ariyalur,621713,146,-0.018072019695479336
2025-01-03,Telangana,Kamareddy,503145,117,-0.03935511350044418
2025-01-03,Gujarat,Kheda,387550,109,-0.034300288007665825
2025-01-03,Rajasthan,Jodhpur,342012,125,-0.014210039883552184
2025-01-03,Tripura,Gomati,799120,142,-0.04335356481980779
2025-01-03,Assam,Kokrajhar,783376,165,-0.0448585725562165
2025-01-03,Telangana,Medak,502372,94,-0.019977513091222976
2025-01-03,Telangana,K.v. Rangareddy,500098,103,-0.011907727820595793
2025-01-03,Gujarat,Valsad,396045,173,-0.06915163079892517
2025-01-03,Karnataka,Udupi,576103,139,-0.04939196806214852
2025-01-03,Andhra Pradesh,Kakinada,533449,110,-0.005121183010455943
2025-01-03,Kerala,Kasaragod,671319,127,-0.017104564137430556
2025-01-03,Odisha,JAJPUR,754205,124,-0.008933834273290642
2025-01-03,Himachal Pradesh,Chamba,176324,172,-0.0733117987111307
2025-01-03,Goa,North Goa,403504,143,-0.051415688409480076
2025-01-03,Tamil Nadu,Virudhunagar,626612,119,-0.007024929055779228
2025-01-03,Gujarat,Anand,387380,90,-0.020948858876644882
2025-01-03,Arunachal Pradesh,Changlang,792120,158,-0.04939196806214852
2025-01-03,Gujarat,Bhavnagar,364740,121,-0.03835887771907054
2025-01-03,Bihar,Nawada,805128,164,-0.0448585725562165
2025-01-03,Kerala,Thrissur,680501,105,-0.004646050984932315
2025-01-03,Tamil Nadu,Kanniyakumari,629164,168,-0.06315896801407728
2025-01-03,Telangana,Kamareddy,503110,125,-0.04536092102962974
2025-01-03,Karnataka,Kalaburagi,585236,171,-0.06470421677075266
2025-01-03,Karnataka,Bijapur,586120,170,-0.06449827883112036
2025-01-03,Odisha,Khorda,752022,145,-0.018556238621388776
2025-01-03,Gujarat,Valsad,396002,96,-0.021055687451370986
2025-01-03,Karnataka,Uttara Kannada,581350,160,-0.051415688409480076
2025-01-03,Tamil Nadu,Kanyakumari,629704,120,-0.03537824609441664
2025-01-03,Gujarat,Surendra Nagar,363423,93,-0.0047178148596264124
2025-01-03,Gujarat,Navsari,396409,78,-0.01143496719033199
2025-01-03,Karnataka,Dharwad,580118,213,-0.07018956269563192
2025-01-03,Kerala,Kollam,691310,142,-0.015173575999360422
2025-01-03,Andhra Pradesh,Rangareddi,500068,107,-0.005121183010455943
2025-01-03,Odisha,Jharsuguda,768219,157,-0.0488868931599139
2025-01-03,Karnataka,Belagavi,591310,161,-0.06141174893340473
2025-01-03,Karnataka,Bellary,583214,153,-0.05854199615227129
2025-01-03,Maharashtra,Jalgaon,425303,154,-0.020496393811421876
2025-01-03,Tamil Nadu,Tirupattur,635854,117,-0.023088371314063494
2025-01-03,Odisha,Bhadrak,756128,89,-0.007945945691613665
2025-01-03,Haryana,Panipat,132105,111,-0.023575985383253895
2025-01-03,Chhattisgarh,Dantewada,494552,83,-0.016246873158146102
2025-01-03,Gujarat,Kachchh,370415,110,-0.029395681820240438
2025-01-03,Tamil Nadu,Chennai,600003,136,-0.0209822535907076
2025-01-03,Kerala,Kozhikode,673580,150,-0.05446155664312957
2025-01-03,Andhra Pradesh,Sri Sathya Sai,515511,118,-0.03438738806183872
2025-01-03,Karnataka,Bagalkot,587114,165,-0.06449827883112036
2025-01-03,Karnataka,Belgaum,591156,101,-0.026190244005622754
2025-01-03,Telangana,Warangal Urban,506015,123,-0.03142284609028656
2025-01-03,Telangana,Warangal,506165,93,-0.020463021684123728
2025-01-03,Andhra Pradesh,East Godavari,533261,152,-0.020496393811421876
2025-01-03,Assam,Sibsagar,785697,141,-0.04085199710229226
2025-01-03,Odisha,JAJPUR,755012,178,-0.06521999707884063
2025-01-03,Gujarat,Gandhinagar,382428,140,-0.03835887771907054
2025-01-03,Andhra Pradesh,Ananthapur,515425,103,-0.007601890694341695
2025-01-03,Karnataka,Belgaum,591235,261,-0.07018956269563192
2025-01-03,Himachal Pradesh,Shimla,172022,135,-0.04135163386433305
2025-01-03,Tamil Nadu,Kanyakumari,629702,165,-0.06161685255888916
2025-01-03,Telangana,Hanumakonda,506319,157,-0.052429604269118135
2025-01-03,Telangana,Karimnagar,505401,117,-0.015173575999360422
2025-01-03,Karnataka,Belgaum,591311,168,-0.07279054545246455
2025-01-03,Kerala,Malappuram,676311,143,-0.0448585725562165
2025-01-03,Karnataka,Dharwad,580004,230,-0.07749454537553302
2025-01-03,Karnataka,Belgaum,591212,242,-0.06449827883112036
2025-01-03,Punjab,Jalandhar,144024,163,-0.028800883634617636
2025-01-03,Maharashtra,Nandurbar,425452,115,-0.032409689870432024
2025-01-03,Tamil Nadu,Tirunelveli,627604,154,-0.0209822535907076
2025-01-03,Gujarat,Tapi,394630,169,-0.06315896801407728
2025-01-03,West Bengal,Hooghly,712137,160,-0.020496393811421876
2025-01-03,Telangana,Jagitial,505455,149,-0.056499015629854155
2025-01-03,Sikkim,East,737133,127,-0.017104564137430556
2025-01-03,Jharkhand,East Singhbhum,831007,120,-0.0027375247847367667
2025-01-03,Karnataka,Dakshina Kannada,574242,84,-0.009857346874080242
2025-01-03,Andhra Pradesh,Adilabad,504219,148,-0.017588128274663495
2025-01-03,Maharashtra,Chhatrapati Sambhajinagar,431008,146,-0.03537824609441664
2025-01-03,Karnataka,Belagavi,591103,131,-0.05425838662968607
2025-01-03,Maharashtra,Jalgaon,425309,159,-0.051415688409480076
2025-01-03,Karnataka,Gadag,582111,78,-0.011760976905600407
2025-01-06,Andhra Pradesh,Tirupati,517551,86,-0.03755945007303951
2025-01-06,Andhra Pradesh,Eluru,521333,174,-0.08592826579858615
2025-01-07,Madhya Pradesh,Balaghat,481556,165,-0.055125307561763814
2025-01-07,Andhra Pradesh,Annamayya,517297,158,-0.06967042118465594
2025-01-07,Haryana,Rohtak,124412,82,-0.007765360596157955
2025-01-09,Madhya Pradesh,Barwani,451666,122,-0.026435958304707352
2025-01-09,Madhya Pradesh,Dhar,454001,110,-0.019612329859866162
2025-01-09,Bihar,Kaimur (Bhabua),821101,147,-0.020910158395527345
2025-01-09,Bihar,Katihar,855102,142,-0.00886294828815426
2025-01-09,Bihar,Khagaria,852161,150,-0.01945371086755443
2025-01-09,Bihar,Rohtas,802215,144,-0.0498223876153987
2025-01-09,Bihar,Saharsa,852106,117,-0.0036151668472874654
2025-01-09,Bihar,Vaishali,844122,145,-0.026275829701856823
2025-01-09,Bihar,West Champaran,845452,106,-0.01574203534846086
2025-01-09,Chhattisgarh,Mahasamund,493445,127,-0.006954234653231528
2025-01-09,Delhi,East Delhi,110092,127,-0.027416049397045894
2025-01-09,Delhi,West Delhi,110041,132,-0.03184290851516136
2025-01-09,Gujarat,Banaskantha,385535,132,-0.02285669273337898
2025-01-09,Haryana,Karnal,132001,95,-0.02786673463095246
2025-01-09,Jharkhand,Palamu,822110,128,-0.02938021476924524
2025-01-09,Jharkhand,Palamu,822113,138,-0.044784081072864024
2025-01-09,Maharashtra,Nashik,423203,125,-0.028888674966081496
2025-01-09,Bihar,Aurangabad,824125,138,-0.036296806243202195
2025-01-09,Bihar,Begusarai,851111,122,-0.01606680777303282
2025-01-09,Bihar,Begusarai,851211,148,-0.04780297346046947
2025-01-09,Uttar Pradesh,Azamgarh,276122,86,-0.01971524200999608
2025-01-09,Uttar Pradesh,Baghpat,250611,143,-0.03679335998259736
2025-01-09,Uttar Pradesh,Ballia,221715,72,-0.0018467309005791854
2025-01-09,Uttar Pradesh,Basti,272002,134,-0.043279224382864245
2025-01-09,Uttar Pradesh,Budaun,243601,108,-0.019612329859866162
2025-01-09,Uttar Pradesh,Bulandshahr,203001,162,-0.060001845121588904
2025-01-09,Uttar Pradesh,Chandauli,232101,185,-0.07279054545246455
2025-01-09,Uttar Pradesh,Chandauli,232104,153,-0.06604624882670229
2025-01-09,Uttar Pradesh,Chandauli,232105,89,-0.02117222092225346
2025-01-09,Uttar Pradesh,Chandauli,232110,119,-0.039779747963507806
2025-01-09,Uttar Pradesh,Deoria,274204,127,-0.03134970305065621
2025-01-09,Uttar Pradesh,Deoria,274702,136,-0.03381907072302015
2025-01-09,Uttar Pradesh,Etah,207001,132,-0.04177741909134303
2025-01-09,Uttar Pradesh,Etah,207302,109,-0.033162876085747306
2025-01-09,Uttar Pradesh,Fatehpur,212657,108,-0.029219434800244914
2025-01-09,Uttar Pradesh,Gautam Buddha Nagar,201301,152,-0.024808502200150073
2025-01-09,Uttar Pradesh,Ghazipur,233227,118,-0.03911820397208199
2025-01-09,Uttar Pradesh,Gonda,271302,73,-0.011035199945158225
2025-01-09,Uttar Pradesh,Gorakhpur,273158,90,-0.017635268452588337
2025-01-09,Uttar Pradesh,Gorakhpur,273209,122,-0.04227768219309991
2025-01-09,Uttar Pradesh,Gorakhpur,273212,107,-0.026765601091496727
2025-01-09,Uttar Pradesh,Gorakhpur,273413,103,-0.024320054508988664
2025-01-09,Uttar Pradesh,Hapur,245101,117,-0.037290249797136465
2025-01-09,Uttar Pradesh,Jalaun,285001,160,-0.05387764865816913
2025-01-09,Uttar Pradesh,Jaunpur,222161,121,-0.04177741909134303
2025-01-09,Uttar Pradesh,Kannauj,209721,84,-0.0037429750492223857
2025-01-09,Uttar Pradesh,Kanpur Nagar,208021,90,-0.016185461420189062
2025-01-09,Uttar Pradesh,Kaushambi,212201,127,-0.048307314749320485
2025-01-09,Uttar Pradesh,Kaushambi,212216,108,-0.03217501380388965
2025-01-09,Uttar Pradesh,Kheri,261505,98,-0.004575595332645621
2025-01-09,Uttar Pradesh,Kheri,262701,107,-0.026275829701856823
2025-01-09,Uttar Pradesh,Kushinagar,274302,158,-0.06967042118465594
2025-01-09,Uttar Pradesh,Kushinagar,274303,112,-0.007430928892664612
2025-01-09,Uttar Pradesh,Lalitpur,284405,74,-0.0018467309005791854
2025-01-09,Uttar Pradesh,Maharajganj,273151,116,-0.0429895695267406
2025-01-09,Uttar Pradesh,Maharajganj,273155,75,-0.0018467309005791854
2025-01-09,Uttar Pradesh,Maharajganj,273302,104,-0.022369565163154137
2025-01-09,Uttar Pradesh,Mahoba,210429,117,-0.0269258380718278
2025-01-09,Uttar Pradesh,Saharanpur,247001,157,-0.049317021595678745
2025-01-09,Uttar Pradesh,Sant Kabir Nagar,272175,130,-0.0427782838805536
2025-01-09,Uttar Pradesh,Shrawasti,271831,152,-0.055913525247995866
2025-01-09,Uttar Pradesh,Siddharthnagar,272206,104,-0.0281350965486733
2025-01-09,Uttar Pradesh,Siddharthnagar,272207,82,-0.013435728670455838
2025-01-09,Uttar Pradesh,Sonbhadra,231205,110,-0.030203294966322458
2025-01-09,Uttar Pradesh,Sonbhadra,231208,129,-0.01896888492957627
2025-01-09,Uttar Pradesh,Sonbhadra,231213,141,-0.044784081072864024
2025-01-09,Uttar Pradesh,Unnao,241503,142,-0.052861774669638595
2025-01-09,Uttar Pradesh,Unnao,241504,143,-0.039281174358257065
2025-01-09,West Bengal,Bankura,722101,162,-0.04127749434627803
2025-01-09,West Bengal,Murshidabad,742306,129,-0.015102063777855057
2025-02-09,Uttar Pradesh,Chandauli,232103,146,-0.05781450666289012
2025-02-09,Uttar Pradesh,Chandauli,232110,93,-0.02142170124870102
2025-02-09,Uttar Pradesh,Chitrakoot,210205,146,-0.05577349231642892
2025-02-09,Uttar Pradesh,Chitrakoot,210209,106,-0.032694579283723435
2025-02-09,Uttar Pradesh,Deoria,274202,116,-0.04465799760604894
2025-02-09,Uttar Pradesh,Ghaziabad,201001,132,-0.019450406986637803
2025-02-09,Uttar Pradesh,Gorakhpur,273165,87,-0.014284672825061295
2025-02-09,Uttar Pradesh,Hapur,245101,127,-0.02872465711488348
2025-02-09,Uttar Pradesh,Hardoi,241123,84,-0.013363676518679757
2025-02-09,Uttar Pradesh,Kasganj,207123,102,-0.02190818729017241
2025-02-09,Uttar Pradesh,Kaushambi,212217,134,-0.059873176315006216
2025-02-09,Uttar Pradesh,Kheri,261505,127,-0.04014153256758435
2025-02-09,Uttar Pradesh,Kheri,262804,140,-0.04615375105148334
2025-02-09,Uttar Pradesh,Kushinagar,274149,100,-0.020449716058632994
2025-02-09,Uttar Pradesh,Kushinagar,274203,92,-0.023878764130458308
2025-02-09,Uttar Pradesh,Kushinagar,274305,141,-0.04271496910809758
2025-02-09,Uttar Pradesh,Maharajganj,273151,99,-0.02532282138340547
2025-02-09,Uttar Pradesh,Maharajganj,273304,127,-0.04615375105148334
2025-02-09,Uttar Pradesh,Mirzapur,231211,148,-0.0501891010623855
2025-02-09,Uttar Pradesh,Muzaffarnagar,251001,123,-0.04816869579600691
2025-02-09,Uttar Pradesh,Pilibhit,262122,159,-0.05782659803005474
2025-02-09,Uttar Pradesh,Rampur,244921,126,-0.02285337316782532
2025-02-09,Uttar Pradesh,Shahjahanpur,242401,141,-0.05170799738009557
2025-02-09,Uttar Pradesh,Sonbhadra,231213,104,-0.032694579283723435
2025-02-09,Uttar Pradesh,Sonbhadra,231216,130,-0.0491782149400235
2025-02-09,Uttar Pradesh,Sultanpur,222302,98,-0.033683145103264533
2025-02-09,Uttarakhand,Haridwar,247667,110,-0.022467246825699116
2025-02-09,West Bengal,Cooch Behar,736159,154,-0.0501891010623855
2025-02-09,West Bengal,Dakshin Dinajpur,733121,126,-0.020421039023702292
2025-02-09,West Bengal,Malda,732122,154,-0.015888610023431782
2025-02-09,West Bengal,Malda,732126,131,-0.019450406986637803
2025-02-09,West Bengal,Murshidabad,742148,153,-0.03464380426499325
2025-02-09,West Bengal,Murshidabad,742189,137,-0.007243606508244627
2025-02-09,West Bengal,Murshidabad,742201,157,-0.015888610023431782
2025-02-09,West Bengal,Murshidabad,742301,136,-0.04514832176145833
2025-02-09,West Bengal,Murshidabad,742308,146,-0.011547255286938451
2025-02-09,West Bengal,Murshidabad,742406,118,-0.007021682460190304
2025-02-09,West Bengal,Nadia,741123,140,-0.01903748329634536
2025-02-09,West Bengal,Paschim Medinipur,721212,127,-0.012763905126305097
2025-02-09,West Bengal,Uttar Dinajpur,733143,156,-0.01991838675132518
2025-02-09,Bihar,Banka,813101,122,-0.00893057887939297
2025-02-09,Bihar,Begusarai,851112,134,-0.03266541306099913
2025-02-09,Bihar,Begusarai,851131,91,-0.014716811033277266
2025-02-09,Bihar,Bhagalpur,853204,168,-0.06863319130095347
2025-02-09,Bihar,Bhojpur,802161,138,-0.01903748329634536
2025-02-09,Bihar,Darbhanga,847201,119,-0.014616899506184833
2025-02-09,Bihar,East Champaran,845401,168,-0.05782659803005474
2025-02-09,Bihar,Katihar,854113,159,-0.03317120562814735
2025-02-09,Bihar,Khagaria,852161,132,-0.026762263509447215
2025-02-09,Bihar,Lakhisarai,811106,93,-0.02142170124870102
2025-02-09,Bihar,Saharsa,852124,126,-0.016546379044991677
2025-02-09,Bihar,Saran,841101,149,-0.03217165128939037
2025-02-09,Bihar,Sitamarhi,843302,161,-0.05078212068045673
2025-02-09,Bihar,West Champaran,845106,153,-0.03464380426499325
2025-02-09,Chhattisgarh,Kawardha,491559,144,-0.0004972610280568057
2025-02-09,Delhi,East Delhi,110092,145,-0.02921608590826419
2025-02-09,Delhi,North East Delhi,110053,117,-0.03765081257649239
2025-02-09,Delhi,North West Delhi,110086,163,-0.060373554560535836
2025-02-09,Telangana,Komaram Bheem,504299,116,-0.007021682460190304
2025-02-09,Uttar Pradesh,Amethi,227405,86,-0.013222622865144418
2025-02-09,Uttar Pradesh,Amroha,244221,112,-0.022467246825699116
2025-02-09,Uttar Pradesh,Bahraich,271801,112,-0.022467246825699116
2025-02-09,Uttar Pradesh,Ballia,221711,112,-0.031214236481066027
2025-02-09,Uttar Pradesh,Ballia,221712,105,-0.028753665896345315
2025-02-09,Uttar Pradesh,Banda,210125,86,-0.013803343004638702
2025-02-09,Uttar Pradesh,Bareilly,262406,101,-0.001255769923769412
2025-02-09,Uttar Pradesh,Budaun,243635,149,-0.0501891010623855
2025-02-09,Gujarat,Surat,395004,147,-0.03762144835001868
2025-02-09,Jharkhand,Giridih,815317,85,-0.012742011370158624
2025-02-09,Jharkhand,Palamu,822123,107,-0.01221238171194916
2025-02-09,Jharkhand,Sahebganj,816109,133,-0.03266541306099913
2025-02-09,West Bengal,South 24 Parganas,743312,117,-0.038148282728024174
2025-03-09,Uttar Pradesh,Allahabad,212107,113,-0.02924511432331167
2025-03-09,Uttar Pradesh,Allahabad,212306,103,-0.01705810693266152
2025-03-09,Uttar Pradesh,Auraiya,206122,86,-0.0017772215540288183
2025-03-09,Uttar Pradesh,Bahraich,271865,140,-0.020593821249130673
2025-03-09,Uttar Pradesh,Ballia,221712,117,-0.034177929876938684
2025-03-09,Uttar Pradesh,Bareilly,243201,165,-0.056283228174001665
2025-03-09,Uttar Pradesh,Basti,272002,101,-0.004196034568861862
2025-03-09,Uttar Pradesh,Budaun,243638,153,-0.05577349231642892
2025-03-09,Uttar Pradesh,Chandauli,232104,160,-0.06915163079892517
2025-03-09,Uttar Pradesh,Faizabad,224001,96,-0.0013538065012357325
2025-03-09,Uttar Pradesh,Kannauj,209721,94,-0.01937846553148359
2025-03-09,Uttar Pradesh,Kannauj,209728,100,-0.023369621873167712
2025-03-09,Uttar Pradesh,Kanpur Nagar,209206,112,-0.025811947762480858
2025-03-09,Uttar Pradesh,Kasganj,207242,106,-0.012792276243070777
2025-03-09,Uttar Pradesh,Kaushambi,212207,110,-0.024345560874357797
2025-03-09,Uttar Pradesh,Kheri,261505,163,-0.057315818302732024
2025-03-09,Uttar Pradesh,Kushinagar,274401,120,-0.03516850428458018
2025-03-09,Uttar Pradesh,Mau,276403,106,-0.009915222314507033
2025-03-09,Uttar Pradesh,Moradabad,202411,91,-0.01166128663943744
2025-03-09,Uttar Pradesh,Shahjahanpur,242127,125,-0.04065250486940586
2025-03-09,Uttar Pradesh,Sitapur,261121,112,-0.013753892581322424
2025-03-09,Uttar Pradesh,Sitapur,261303,111,-0.004741327230865178
2025-03-09,Uttar Pradesh,Sonbhadra,231210,122,-0.034177929876938684
2025-03-09,Uttar Pradesh,Varanasi,221007,105,-0.0018267102854820916
2025-03-09,Uttar Pradesh,Varanasi,221104,107,-0.018509687023927968
2025-03-09,West Bengal,Birbhum,731237,112,-0.0023701613764320895
2025-03-09,West Bengal,Cooch Behar,736134,106,-0.0056214812403949654
2025-03-09,West Bengal,Dakshin Dinajpur,733121,122,-0.022467246825699116
2025-03-09,West Bengal,Dakshin Dinajpur,733125,147,-0.00728620290516413
2025-04-09,Bihar,Gopalganj,841426,129,-0.02572806024114538
2025-04-09,Delhi,West Delhi,110041,147,-0.04432693172569857
2025-04-09,Haryana,Hisar,125001,127,-0.03227814512285909
2025-04-09,Madhya Pradesh,Morena,476001,159,-0.05940673238414651
2025-03-09,West Bengal,Paschim Medinipur,721301,101,-0.004196034568861862
2025-03-09,West Bengal,South 24 Parganas,743338,125,-0.009507791393564613
2025-03-09,Haryana,Hisar,125001,109,-0.015681033362112684
2025-03-09,Madhya Pradesh,Datia,475661,115,-0.034673049528493705
2025-03-09,Bihar,Kaimur (Bhabua),821105,144,-0.014688363030481044
2025-03-09,Chhattisgarh,Kawardha,491995,143,-0.007388239647014738
2025-03-09,Delhi,North East Delhi,110094,153,-0.06295344765488287
2025-04-09,West Bengal,Murshidabad,742148,132,-0.019395892329032494
2025-04-09,West Bengal,Murshidabad,742189,118,-0.0072751988343165985
2025-04-09,West Bengal,Uttar Dinajpur,733215,148,-0.008475628100656163
2025-05-09,Uttar Pradesh,Meerut,250001,124,-0.017162394573347894
2025-05-09,Uttar Pradesh,Pilibhit,262001,154,-0.0313205905563424
2025-05-09,Uttar Pradesh,Pilibhit,262122,136,-0.022987285181830353
2025-05-09,Uttar Pradesh,Rampur,244901,134,-0.034284716576014174
2025-05-09,Uttar Pradesh,Shahjahanpur,242221,127,-0.025428315462035167
2025-05-09,Uttar Pradesh,Unnao,209801,142,-0.03875352851160241
2025-05-09,West Bengal,Dakshin Dinajpur,733132,152,-0.015219840764064352
2025-05-09,West Bengal,Nadia,741156,140,-0.0031697658209040025
2025-06-09,Assam,Dhubri,783348,127,-0.057315818302732024
2025-06-09,Assam,Nagaon,782124,154,-0.06192530084904624
2025-06-09,Bihar,Araria,854329,137,-0.00044746951677709923
2025-06-09,Bihar,Araria,854334,148,-0.013030806887711632
2025-06-09,Bihar,Banka,813101,142,-0.027670022747460443
2025-06-09,Bihar,Begusarai,851112,153,-0.059873176315006216
2025-06-09,Bihar,Bhagalpur,812005,106,-0.0025825703989569293
2025-06-09,Bihar,Darbhanga,847203,124,-0.009733688439913624
2025-06-09,Bihar,Gaya,823003,159,-0.048685229616162506
2025-06-09,Bihar,Gaya,824211,159,-0.03904089443115877
2025-06-09,Bihar,Gaya,824232,149,-0.04818063272176376
2025-06-09,Bihar,Gaya,824236,111,-0.028274168067845662
2025-06-09,Bihar,Jamui,811307,155,-0.03904089443115877
2025-06-09,Bihar,Katihar,854104,138,-0.0014904256395613658
2025-06-09,Bihar,Madhepura,852112,146,-0.023268496278953554
2025-06-09,Bihar,Madhubani,847108,141,-0.008718151801399787
2025-06-09,Bihar,Nalanda,803116,148,-0.005660280171935761
2025-06-09,Bihar,Patna,803202,142,-0.0023385497484371687
2025-06-09,Bihar,Sitamarhi,843324,149,-0.024244298347131266
2025-06-09,Bihar,Sitamarhi,843332,151,-0.03209843309776328
2025-06-09,Delhi,East Delhi,110092,129,-0.04215202453737488
2025-06-09,Delhi,South West Delhi,110043,96,-0.018036953879301043
2025-06-09,Madhya Pradesh,Morena,476001,126,-0.053750020288841904
2025-06-09,Madhya Pradesh,Satna,485331,138,-0.008718151801399787
2025-06-09,Madhya Pradesh,Sidhi,486771,123,-0.020326017709632715
2025-06-09,Manipur,Thoubal,795138,117,-0.016451870662465895
2025-05-09,Bihar,Saran,841101,164,-0.034284716576014174
2025-05-09,Jharkhand,Sahebganj,816102,167,-0.0518173430228237
2025-06-09,Bihar,Araria,854312,157,-0.01447420422899115
2025-06-09,Bihar,Begusarai,851211,111,-0.011159042273743758
2025-06-09,Bihar,Bhagalpur,853204,130,-0.01791367131245758
2025-06-09,Bihar,Bhojpur,802301,123,-0.009733688439913624
2025-06-09,Bihar,Bhojpur,802312,153,-2.316023017112645e-05
2025-06-09,Bihar,Gaya,824206,139,-0.0014904256395613658
2025-06-09,Bihar,Kaimur (Bhabua),821108,150,-0.0006943295200696475
2025-06-09,Bihar,Madhubani,847226,114,-0.014041155774447867
2025-06-09,Bihar,Patna,803212,138,-0.0014904256395613658
2025-06-09,Bihar,Samastipur,848132,124,-0.005916719509653556
2025-06-09,Bihar,Vaishali,843114,131,-0.01791367131245758
2025-06-09,Bihar,West Champaran,845450,127,-0.008299903444289436
2025-06-09,Bihar,West Champaran,845453,154,-0.025710479487995874
2025-06-09,Delhi,East Delhi,110096,93,-0.01793657650632985
2025-06-09,Delhi,North East Delhi,110053,155,-0.07226964474733999
2025-05-09,Uttar Pradesh,Bijnor,246725,107,-0.0004407749316801546
2025-05-09,Uttar Pradesh,Maharajganj,273303,132,-0.034284716576014174
2025-05-09,Uttar Pradesh,Shahjahanpur,242001,148,-0.042748714809294985
2025-05-09,West Bengal,Malda,732139,133,-0.021040397893543172
2025-05-09,Punjab,Patiala,147001,156,-0.03181377631706739
2025-06-09,Jharkhand,Deoghar,815353,130,-0.03209843309776328
2025-06-09,Jharkhand,Pakur,816107,155,-0.052226983360508794
2025-04-09,Uttar Pradesh,Balrampur,271201,127,-0.004982777415344031
2025-04-09,Uttar Pradesh,Bijnor,246701,157,-0.047847995160019585
2025-04-09,Uttar Pradesh,Bulandshahr,203001,152,-0.043825282598687565
2025-04-09,Uttar Pradesh,Chandauli,232103,140,-0.026707192776799338
2025-04-09,Uttar Pradesh,Chitrakoot,210205,106,-0.006421626246655765
2025-04-09,Uttar Pradesh,Etawah,206242,105,-0.007851594920540106
2025-04-09,Uttar Pradesh,Kannauj,209727,94,-0.0015960500073446404
2025-04-09,Uttar Pradesh,Maharajganj,273162,113,-0.012058864952945392
2025-04-09,Uttar Pradesh,Rampur,244924,126,-0.032380535029167934
2025-04-09,Uttar Pradesh,Sambhal,202410,118,-0.01649262822773101
2025-04-09,Uttar Pradesh,Sant Kabir Nagar,272175,122,-0.021497905805126782
2025-04-09,Uttar Pradesh,Siddharthnagar,272153,158,-0.05940673238414651
2025-04-09,Uttar Pradesh,Sitapur,261135,105,-0.00047778825971800387
2025-05-09,Uttar Pradesh,Aligarh,202001,166,-0.034284716576014174
2025-05-09,Uttar Pradesh,Allahabad,212106,112,-0.006506711992674941
2025-08-09,Bihar,Bhagalpur,813209,152,-0.006230006602862548
2025-08-09,Bihar,East Champaran,845301,157,-0.028018636339262715
2025-08-09,Bihar,East Champaran,845302,138,-0.026475121182803152
2025-08-09,Bihar,East Champaran,845418,125,-0.018197228947883115
2025-08-09,Bihar,Gaya,824236,120,-0.02305504258070179
2025-08-09,Bihar,Gopalganj,841426,134,-0.029911436051531126
2025-08-09,Bihar,Patna,801109,132,-0.018269051839226447
2025-08-09,Bihar,Samastipur,848101,130,-0.022567780855073716
2025-08-09,Bihar,Saran,841301,146,-0.022640042430163487
2025-08-09,Chhattisgarh,Surajpur,497223,124,-0.013924596547659318
2025-08-09,Delhi,North West Delhi,110042,106,-0.007526113983179816
2025-08-09,Delhi,North West Delhi,110086,165,-0.0534101600116641
2025-08-09,Haryana,Karnal,132001,106,-0.0028712618133247547
2025-08-09,Haryana,Rewari,123401,122,-0.02794583495479175
2025-08-09,Jharkhand,Bokaro,827013,154,-0.0190795480198811
2025-08-09,Jharkhand,Palamu,822118,121,-0.030403668074995838
2025-07-09,Uttar Pradesh,Budaun,243601,100,-0.006009833053191804
2025-07-09,Uttar Pradesh,Kushinagar,274304,105,-0.017424219387673467
2025-07-09,Uttar Pradesh,Meerut,250002,130,-0.01256169176031785
2025-07-09,Uttar Pradesh,Rampur,244901,108,-0.005058688677555323
2025-08-09,Jharkhand,Sahebganj,816109,135,-0.024030555613664073
2025-07-09,Manipur,Thoubal,795148,152,-0.010066946128088117
2025-06-09,Uttar Pradesh,Agra,282006,121,-0.05121334149651502
2025-06-09,Uttar Pradesh,Agra,283111,118,-0.03865787403195009
2025-06-09,Uttar Pradesh,Allahabad,212301,112,-0.04015334096849177
2025-06-09,Uttar Pradesh,Azamgarh,276304,84,-0.013603790286502937
2025-06-09,Uttar Pradesh,Bahraich,271830,116,-0.035180233061130495
2025-06-09,Uttar Pradesh,Bahraich,271865,154,-0.05936101236914759
2025-06-09,Uttar Pradesh,Ballia,277001,89,-0.00402719859298617
2025-06-09,Uttar Pradesh,Banda,210121,107,-0.030240658950840604
2025-06-09,Uttar Pradesh,Bareilly,243301,78,-0.009893192455087574
2025-06-09,Uttar Pradesh,Bareilly,243303,78,-0.009893192455087574
2025-06-09,Uttar Pradesh,Bareilly,262406,131,-0.059873176315006216
2025-06-09,Uttar Pradesh,Bulandshahr,202393,110,-0.04065250486940586
2025-06-09,Uttar Pradesh,Chandauli,232103,87,-0.00402719859298617
2025-06-09,Uttar Pradesh,Deoria,274001,159,-0.07226964474733999
2025-06-09,Uttar Pradesh,Farrukhabad,209625,109,-0.028274168067845662
2025-06-09,Uttar Pradesh,Ghaziabad,201001,124,-0.047172462565788664
2025-06-09,Uttar Pradesh,Gonda,271302,87,-0.009756331688325681
2025-06-09,Uttar Pradesh,Gorakhpur,273158,83,-0.007802506882723992
2025-06-09,Uttar Pradesh,Gorakhpur,273212,88,-0.019026866266856013
2025-06-09,Uttar Pradesh,Kannauj,209721,89,-0.023280034521601323
2025-06-09,Uttar Pradesh,Kaushambi,212207,86,-0.015530524288465464
2025-06-09,Uttar Pradesh,Kushinagar,274149,103,-0.04165184642511366
2025-06-09,Uttar Pradesh,Kushinagar,274306,79,-0.00880970669582426
2025-06-09,Uttar Pradesh,Kushinagar,274401,114,-0.041152006612060976
2025-06-09,Uttar Pradesh,Kushinagar,274402,113,-0.041152006612060976
2025-06-09,Uttar Pradesh,Maharajganj,273164,89,-0.0208675081961176
2025-06-09,Uttar Pradesh,Mau,275101,148,-0.07174909635730486
2025-06-09,Uttar Pradesh,Mau,276403,98,-0.00022986431915505978
2025-06-09,Uttar Pradesh,Meerut,250001,126,-0.033694850097370166
2025-06-09,Uttar Pradesh,Rae Bareli,229001,148,-0.05324199778537608
2025-06-09,Uttar Pradesh,Rampur,243701,121,-0.047172462565788664
2025-06-09,Uttar Pradesh,Sambhal,202410,102,-0.04065250486940586
2025-06-09,Uttar Pradesh,Sitapur,261201,127,-0.03567603108676698
2025-06-09,Uttar Pradesh,Sonbhadra,231210,103,-0.03567603108676698
2025-06-09,Uttar Pradesh,Unnao,241504,110,-0.02484558913733581
2025-06-09,Uttar Pradesh,Varanasi,221307,109,-0.028274168067845662
2025-06-09,Uttarakhand,Dehradun,248001,156,-0.04053713959632299
2025-06-09,Uttarakhand,Udham Singh Nagar,263153,98,-0.03507745033202747
2025-06-09,West Bengal,Bankura,722144,156,-0.03358057242905599
2025-08-09,Jharkhand,Deoghar,815353,145,-0.022640042430163487
2025-08-09,Jharkhand,Garhwa,822114,146,-0.04081784661018817
2025-08-09,Jharkhand,Giridih,815312,139,-0.04382060527261833
2025-08-09,Jharkhand,Sahebganj,816101,135,-0.033364064265919424
2025-08-09,Jharkhand,Sahebganj,816102,119,-0.01626328767947982
2025-08-09,Madhya Pradesh,Damoh,470880,117,-0.010563818001596448
2025-08-09,Madhya Pradesh,Satna,485001,114,-0.014816262613012166
2025-08-09,Madhya Pradesh,Sheopur,476337,132,-0.03435353662743035
2025-08-09,Maharashtra,Thane,421302,138,-0.021666409729089176
2025-08-09,Manipur,Thoubal,795149,149,-0.01088623209665518
2025-09-09,Bihar,Araria,854329,149,-0.0036625966163214008
2025-09-09,Bihar,Begusarai,848202,144,-0.013594139597623123
2025-09-09,Bihar,Darbhanga,847101,122,-0.009192643891528074
2025-09-09,Bihar,Gaya,823311,118,-0.006330173114584836
2025-09-09,Bihar,Gopalganj,841427,138,-0.027681631464011702
2025-09-09,Bihar,Kaimur (Bhabua),821106,150,-0.02719124051037547
2025-09-09,Bihar,Katihar,854113,157,-0.02435711636214688
2025-09-09,Bihar,Madhubani,847226,155,-0.030240658950840604
2025-09-09,Bihar,Nawada,805130,164,-0.034189642793162944
2025-09-09,Bihar,Patna,801109,127,-0.017294635465245678
2025-09-09,Bihar,Saharsa,852124,140,-0.006556535500596428
2025-09-09,Chhattisgarh,Rajnandgaon,491229,119,-0.020432531675024124
2025-09-09,Delhi,East Delhi,110092,148,-0.05161488756868782
2025-09-09,Delhi,South Delhi,110062,136,-0.027681631464011702
2025-09-09,Delhi,South West Delhi,110043,123,-0.03366564391337701
2025-09-09,Haryana,Karnal,132001,134,-0.04012387676488327
2025-09-09,Haryana,Sonipat,131001,141,-0.04656449415194808
2025-09-09,Jharkhand,Chatra,825408,119,-0.0077599559721389655
2025-09-09,Maharashtra,Thane,421301,140,-0.040548954331390163
2025-09-09,Rajasthan,Ajmer,305001,136,-0.040548954331390163
2025-09-09,Rajasthan,Bundi,323024,116,-0.005378595556696175
2025-09-09,Rajasthan,Jaipur,302012,160,-0.030240658950840604
2025-08-09,Uttarakhand,Udham Singh Nagar,244713,111,-0.0034155247880134354
2025-08-09,West Bengal,Cooch Behar,736146,144,-0.001958637643289962
2025-08-09,West Bengal,Nadia,741126,148,-0.03435353662743035
2025-08-09,Rajasthan,Ajmer,305001,133,-0.030896233248601246
2025-08-09,Rajasthan,Udaipur,313001,120,-0.02305504258070179
2025-08-09,Uttar Pradesh,Allahabad,212106,142,-0.04281833099648269
2025-08-09,Uttar Pradesh,Allahabad,212306,144,-0.04935742250453923
2025-08-09,Uttar Pradesh,Allahabad,212507,106,-0.0041955676692876365
2025-08-09,Uttar Pradesh,Amroha,244242,111,-0.01385320967691217
2025-08-09,Uttar Pradesh,Baghpat,250611,132,-0.034848775132312326
2025-08-09,Uttar Pradesh,Bahraich,271851,97,-0.0016300529977857359
2025-08-09,Uttar Pradesh,Bareilly,243302,114,-0.0168571656072809
2025-08-09,Uttar Pradesh,Bareilly,262406,182,-0.059018613263197794
2025-08-09,Uttar Pradesh,Bijnor,246701,166,-0.05138104923303932
2025-08-09,Uttar Pradesh,Bijnor,246762,127,-0.03633650266438371
2025-08-09,Uttar Pradesh,Budaun,243633,153,-0.0433192986032922
2025-08-09,Uttar Pradesh,Chandauli,232106,113,-0.018681532617324192
2025-08-09,Uttar Pradesh,Firozabad,283204,142,-0.04181741205325906
2025-08-09,Uttar Pradesh,Ghaziabad,201102,161,-0.04231770222286246
2025-08-09,Uttar Pradesh,Ghazipur,233227,146,-0.0523196703379728
2025-08-09,Uttar Pradesh,Jaunpur,222143,107,-0.006375395331672418
2025-08-09,Uttar Pradesh,Jaunpur,222161,141,-0.046760888562633274
2025-08-09,Uttar Pradesh,Kanpur Dehat,209306,158,-0.056898637141105435
2025-08-09,Uttar Pradesh,Kaushambi,212216,124,-0.025496302467703846
2025-08-09,Uttar Pradesh,Kushinagar,274401,142,-0.044824236716906496
2025-08-09,Uttar Pradesh,Kushinagar,274409,95,-0.00010897050595437552
2025-08-09,Uttar Pradesh,Kushinagar,274802,122,-0.02794583495479175
2025-08-09,Uttar Pradesh,Maharajganj,273162,103,-0.00031058995161648006
2025-08-09,Uttar Pradesh,Maharajganj,273163,110,-0.008760133562786376
2025-08-09,Uttar Pradesh,Mirzapur,231211,142,-0.044824236716906496
2025-08-09,Uttar Pradesh,Shahjahanpur,242221,187,-0.0666573970585389
2025-08-09,Uttar Pradesh,Shahjahanpur,242401,165,-0.05138104923303932
2025-08-09,Uttar Pradesh,Sitapur,261141,134,-0.03782725299145617
2025-08-09,Uttar Pradesh,Varanasi,221104,112,-0.017229604074683103
2025-09-09,Madhya Pradesh,Alirajpur,457990,111,-0.011743807037406517
2025-09-09,Madhya Pradesh,Barwani,451666,136,-0.03260383284002799
2025-09-09,Madhya Pradesh,Jabalpur,482001,143,-0.031123674043968763
2025-10-09,Madhya Pradesh,Singrauli,486882,107,-0.004722937704236818
2025-10-09,Maharashtra,Palghar,401209,114,-0.0015851357152942835
2025-10-09,Manipur,Bishnupur,795133,141,-0.0391266014176157
2025-10-09,Jharkhand,Chatra,825404,117,-0.003953641384555673
2025-10-09,Jharkhand,Garhwa,822114,125,-0.023352367587457734
2025-08-09,Telangana,Vikarabad,501144,109,-0.007904225732796921
2025-08-09,Uttar Pradesh,Agra,282007,123,-0.03237592992583538
2025-08-09,Uttar Pradesh,Azamgarh,276001,120,-0.02794583495479175
2025-08-09,Uttar Pradesh,Azamgarh,276404,129,-0.03237592992583538
2025-08-09,Uttar Pradesh,Bahraich,271902,121,-0.024030555613664073
2025-08-09,Uttar Pradesh,Ballia,221711,107,-0.007904225732796921
2025-08-09,Uttar Pradesh,Ballia,221712,116,-0.021594245870256712
2025-08-09,Uttar Pradesh,Balrampur,271604,139,-0.03385863308081649
2025-08-09,Uttar Pradesh,Banda,210129,110,-0.008102178713999209
2025-08-09,Uttar Pradesh,Bara Banki,225305,118,-0.01578061960809607
2025-08-09,Uttar Pradesh,Chitrakoot,210205,152,-0.04986281586821051
2025-08-09,Uttar Pradesh,Deoria,274204,112,-0.01423471535216303
2025-08-09,Uttar Pradesh,Etah,207302,127,-0.035840257923853924
2025-08-09,Uttar Pradesh,Ghaziabad,201001,164,-0.0433192986032922
2025-08-09,Uttar Pradesh,Ghazipur,233001,110,-0.008102178713999209
2025-08-09,Uttar Pradesh,Gorakhpur,273402,111,-0.011831488276332625
2025-08-09,Uttar Pradesh,Jalaun,285001,130,-0.018269051839226447
2025-08-09,Uttar Pradesh,Jaunpur,223103,99,-0.003050286055872431
2025-08-09,Uttar Pradesh,Jhansi,284204,171,-0.05646414129485777
2025-08-09,Uttar Pradesh,Kaushambi,212217,160,-0.05646414129485777
2025-08-09,Uttar Pradesh,Kheri,262804,166,-0.055954283075342004
2025-08-09,Uttar Pradesh,Kushinagar,274302,119,-0.02794583495479175
2025-08-09,Uttar Pradesh,Kushinagar,274305,107,-0.006096805287115092
2025-08-09,Uttar Pradesh,Lalitpur,284403,157,-0.04986281586821051
2025-08-09,Uttar Pradesh,Mainpuri,205001,150,-0.02507989602269456
2025-08-09,Uttar Pradesh,Mau,275101,172,-0.05697434459419237
2025-08-09,Uttar Pradesh,Moradabad,244501,113,-0.012411071526520323
2025-08-09,Uttar Pradesh,Muzaffarnagar,251309,125,-0.034848775132312326
2025-08-09,Uttar Pradesh,Sant Kabir Nagar,272175,152,-0.04935742250453923
2025-08-09,Uttar Pradesh,Shahjahanpur,242042,112,-0.00905744424474142
2025-08-09,Uttar Pradesh,Siddharthnagar,272153,185,-0.06407712726803683
2025-08-09,Uttar Pradesh,Sitapur,261135,123,-0.03138913179782843
2025-09-09,Jharkhand,Palamu,822118,119,-0.03021159076333746
2025-09-09,Telangana,Hyderabad,500053,111,-0.008871000760797831
2025-09-09,Telangana,Suryapet,508213,135,-0.03955110416979324
2025-09-09,Telangana,Vikarabad,501142,114,-0.006330173114584836
2025-09-09,Telangana,Vikarabad,509336,154,-0.045558509431482985
2025-09-09,Uttar Pradesh,Agra,283102,94,-0.002949039054920277
2025-09-09,Uttar Pradesh,Aligarh,202002,119,-0.008714758102974063
2025-09-09,Uttar Pradesh,Allahabad,212106,124,-0.03267710175995131
2025-09-09,Uttar Pradesh,Allahabad,212301,146,-0.04858055201467659
2025-09-09,Uttar Pradesh,Allahabad,212507,134,-0.040623020723975056
2025-09-09,Uttar Pradesh,Azamgarh,276001,108,-0.008871000760797831
2025-09-09,Uttar Pradesh,Baghpat,250611,156,-0.045558509431482985
2025-09-09,Uttar Pradesh,Bara Banki,225302,111,-0.0025315765925278955
2025-09-09,Uttar Pradesh,Bareilly,243001,169,-0.057315818302732024
2025-09-09,Uttar Pradesh,Chandauli,232110,130,-0.03426307088498637
2025-09-09,Uttar Pradesh,Chitrakoot,210206,94,-0.0028449029228276856
2025-09-09,Uttar Pradesh,Farrukhabad,209625,115,-0.01607494238466911
2025-09-09,Uttar Pradesh,Ghazipur,233227,160,-0.05782659803005474
2025-09-09,Uttar Pradesh,Gorakhpur,273209,136,-0.04112250251131089
2025-09-09,Uttar Pradesh,Gorakhpur,273212,98,-0.007598492633906995
2025-09-09,Uttar Pradesh,Gorakhpur,273413,92,-8.14868022835924e-06
2025-09-09,Uttar Pradesh,Hardoi,241304,101,-0.002296498877993436
2025-09-09,Uttar Pradesh,Jaunpur,222161,130,-0.03465552464044486
2025-09-09,Uttar Pradesh,Kanpur Nagar,209202,148,-0.04858055201467659
2025-09-09,Uttar Pradesh,Kaushambi,212201,128,-0.032285708683924
2025-10-09,Madhya Pradesh,Alirajpur,457990,117,-0.003953641384555673
2025-10-09,Madhya Pradesh,Datia,475661,147,-0.04412650044353905
2025-10-09,Madhya Pradesh,Gwalior,474001,116,-0.02189096799098411
2025-11-09,Assam,Dhubri,783348,125,-0.02425585221358162
2025-11-09,Bihar,Araria,854325,114,-9.786733211136767e-05
2025-11-09,Bihar,Aurangabad,824301,131,-0.014881074378527925
2025-11-09,Bihar,Banka,813101,122,-0.02425585221358162
2025-11-09,Bihar,Begusarai,851211,127,-0.004357870977979017
2025-11-09,Bihar,Darbhanga,847203,106,-0.002616192043150778
2025-11-09,Bihar,East Champaran,845422,119,-0.02084625944996632
2025-11-09,Bihar,Gopalganj,841428,160,-0.03408699905277668
2025-11-09,Bihar,Jamui,811307,139,-0.007829143051985454
2025-11-09,Bihar,Muzaffarpur,843109,144,-0.02670118123632992
2025-11-09,Bihar,Muzaffarpur,843119,148,-0.011628165662332157
2025-11-09,Bihar,Nalanda,801301,109,-0.009756331688325681
2025-11-09,Bihar,Rohtas,802212,148,-0.01028982961634417
2025-11-09,Bihar,Rohtas,821304,154,-0.012207582749369728
2025-11-09,Bihar,Saharsa,852127,149,-0.012207582749369728
2025-11-09,Bihar,Saharsa,852221,152,-0.02214632156844154
2025-11-09,Bihar,Sitamarhi,843320,135,-0.0009515154507254708
2025-11-09,Bihar,Sitamarhi,843331,119,-0.0010422943162099463
2025-11-09,Chhattisgarh,Rajnandgaon,491666,79,-0.000785621070647835
2025-11-09,Chhattisgarh,Surguja,497111,116,-0.013113276824515574
2025-11-09,Delhi,East Delhi,110096,92,-0.0024197784204105233
2025-11-09,Delhi,North West Delhi,110042,117,-0.03955110416979324
2025-11-09,Delhi,North West Delhi,110085,125,-0.03557317879274535
2025-11-09,Delhi,South Delhi,110044,130,-0.025232991249156123
2025-11-09,Delhi,South West Delhi,110045,127,-0.04204826360327385
2025-11-09,Gujarat,Ahmedabad,382330,104,-0.007368229081053057
2025-10-09,Delhi,North East Delhi,110053,124,-0.022864904763836624
2025-10-09,Haryana,Karnal,132001,120,-0.022864904763836624
2025-10-09,Haryana,Mewat,122508,145,-0.02173184488914104
2025-10-09,Haryana,Yamuna Nagar,135001,115,-0.00728303919277884
2025-10-09,Jharkhand,Bokaro,827013,123,-0.013989327167508558
2025-10-09,Jharkhand,Latehar,829202,116,-0.006330173114584836
2025-10-09,Jharkhand,Lohardaga,835302,157,-0.003479299034546357
2025-10-09,Jharkhand,Palamu,822110,111,-0.0030052775095344986
2025-10-09,Rajasthan,Alwar,301001,152,-0.03465552464044486
2025-10-09,Rajasthan,Banswara,327801,120,-0.005854223379558321
2025-10-09,Rajasthan,Jodhpur,342001,140,-0.005378595556696175
2025-10-09,Uttar Pradesh,Agra,283125,103,-0.0036751574555781152
2025-10-09,Uttar Pradesh,Allahabad,212306,123,-0.030704025936088897
2025-10-09,Uttar Pradesh,Allahabad,221503,113,-0.0030052775095344986
2025-10-09,Uttar Pradesh,Amroha,244221,167,-0.04663916434002635
2025-10-09,Uttar Pradesh,Baghpat,250611,133,-0.011586928820559339
2025-10-09,Uttar Pradesh,Bahraich,271801,166,-0.031035612540447954
2025-10-09,Uttar Pradesh,Bareilly,243303,97,-0.0053777409012413235
2025-10-09,Uttar Pradesh,Budaun,243639,123,-0.024328283224816616
2025-10-09,Uttar Pradesh,Chandauli,232104,135,-0.03614285952224383
2025-10-09,Uttar Pradesh,Chitrakoot,210205,143,-0.0391266014176157
2025-10-09,Uttar Pradesh,Etah,207302,151,-0.04012387676488316
2025-10-09,Uttar Pradesh,Etawah,206001,148,-0.042122480485458746
2025-10-09,Uttar Pradesh,Farrukhabad,209625,145,-0.02173184488914104
2025-10-09,Uttar Pradesh,Ghazipur,233227,134,-0.03564674575370208
2025-10-09,Uttar Pradesh,Gonda,271122,97,-0.0005757086235680386
2025-10-09,Uttar Pradesh,Jaunpur,222161,103,-0.006904403963861938
2025-10-09,Uttar Pradesh,Kannauj,209721,127,-0.02824517844253771
2025-10-09,Uttar Pradesh,Kannauj,209728,102,-0.007282182221198363
2025-10-09,Uttar Pradesh,Kushinagar,274305,128,-0.03317120562814735
2025-10-09,Uttar Pradesh,Mau,276403,118,-0.01994704370426914
2025-10-09,Uttar Pradesh,Sambhal,202412,121,-0.020918348231442008
2025-10-09,Uttar Pradesh,Sambhal,202522,103,-0.00557498475614826
2025-10-09,Uttar Pradesh,Sant Kabir Nagar,272175,160,-0.04162232235553798
2025-10-09,Uttar Pradesh,Shahjahanpur,242221,191,-0.059330780810426864
2025-10-09,Uttar Pradesh,Shrawasti,271831,154,-0.03862846957291832
2025-10-09,West Bengal,Cooch Behar,736172,141,-0.00111239532181584
2025-10-09,West Bengal,Dakshin Dinajpur,733121,141,-0.00111239532181584
2025-10-09,Bihar,Gaya,824211,145,-0.02173184488914104
2025-10-09,Bihar,Gaya,824231,124,-0.004903289428270785
2025-10-09,West Bengal,Murshidabad,742135,168,-0.04362498687972538
2025-10-09,West Bengal,Murshidabad,742201,157,-0.014470782864849041
2025-11-09,Rajasthan,Banswara,327001,142,-0.0460613316328482
2025-11-09,Rajasthan,Bharatpur,321001,98,-0.004316203630339577
2025-11-09,Uttar Pradesh,Moradabad,244501,111,-0.029646516566459113
2025-11-09,Uttar Pradesh,Moradabad,244601,103,-0.007845203518228816
2025-11-09,Uttar Pradesh,Sambhal,202412,111,-0.026498009406881295
2025-11-09,Uttar Pradesh,Sant Ravidas Nagar,221304,97,-0.0235654295897606
2025-11-09,Uttar Pradesh,Shahjahanpur,242401,128,-0.04304949513994538
2025-11-09,Uttar Pradesh,Sitapur,261135,124,-0.026211453417541053
2025-11-09,Uttar Pradesh,Sonbhadra,231216,147,-0.05618954966144396
2025-11-09,Uttar Pradesh,Unnao,241501,124,-0.029646516566459113
2025-11-09,Uttar Pradesh,Varanasi,221104,107,-0.025519159741009156
2025-11-09,Uttarakhand,Udham Singh Nagar,244713,124,-0.004357870977979017
2025-11-09,West Bengal,Cooch Behar,736135,133,-0.029646516566459113
2025-11-09,West Bengal,Jalpaiguri,735224,140,-0.007800970214623115
2025-11-09,West Bengal,Malda,732102,126,-0.026211453417541053
2025-11-09,West Bengal,Murshidabad,742135,126,-0.04204826360327385
2025-11-09,West Bengal,Uttar Dinajpur,733209,130,-0.0004792036110539133
2025-11-09,Madhya Pradesh,Burhanpur,450331,93,-0.013875698789378443
2025-11-09,Telangana,Vikarabad,501142,96,-0.017735864009954083
2025-11-09,Uttar Pradesh,Agra,282006,115,-0.028663409308151366
2025-11-09,Uttar Pradesh,Aligarh,202002,103,-0.014456952647925347
2025-11-09,Uttar Pradesh,Allahabad,212106,103,-0.016285852999905148
2025-11-09,Uttar Pradesh,Banda,210121,108,-0.020360491651335244
2025-11-09,Uttar Pradesh,Bareilly,262406,155,-0.054152927064186396
2025-11-09,Uttar Pradesh,Bijnor,246733,100,-0.004316203630339577
2025-11-09,Uttar Pradesh,Budaun,243639,92,-0.0038416160586425274
2025-11-09,Uttar Pradesh,Chandauli,232104,120,-0.03905268520948313
2025-11-09,Uttar Pradesh,Chitrakoot,210205,116,-0.0223055363864183
2025-11-09,Uttar Pradesh,Chitrakoot,210209,107,-0.024541633731943957
2025-11-09,Uttar Pradesh,Etawah,206001,114,-0.022792620620990522
2025-11-09,Uttar Pradesh,Etawah,206253,86,-0.010036371004332079
2025-11-09,Uttar Pradesh,Farrukhabad,209625,124,-0.04757184106483625
2025-11-09,Uttar Pradesh,Ghazipur,233226,99,-0.0006264131707679477
2025-11-09,Uttar Pradesh,Ghazipur,233227,95,-0.009079781712532431
2025-11-09,Uttar Pradesh,Ghazipur,275204,81,-0.011481006969557894
2025-11-09,Uttar Pradesh,Hardoi,241204,110,-0.027681631464011702
2025-11-09,Uttar Pradesh,Jaunpur,222202,86,-0.010043678935491407
2025-11-09,Uttar Pradesh,Jhansi,284204,106,-0.017452776693528405
2025-11-09,Uttar Pradesh,Kannauj,209721,118,-0.03606924277004586
2025-11-09,Uttar Pradesh,Kanpur Nagar,209206,103,-0.007368229081053057
2025-11-09,Uttar Pradesh,Kheri,261505,110,-0.03250141160302944
2025-11-09,Uttar Pradesh,Kheri,262723,118,-0.0010422943162099463
2025-11-09,Uttar Pradesh,Mainpuri,205001,138,-0.05262907316163279
2025-11-09,Uttar Pradesh,Muzaffarnagar,251201,123,-0.044052082432808004
2025-11-09,Uttar Pradesh,Pratapgarh,230204,102,-0.016285852999905148
2025-11-09,Uttar Pradesh,Sant Kabir Nagar,272175,136,-0.05364463205170844
2025-11-09,Uttar Pradesh,Sitapur,261201,155,-0.053136680828365424
2025-11-09,Bihar,Darbhanga,848213,131,-0.013436852026492474
2025-11-09,Bihar,Gaya,804403,132,-0.02084625944996632
2025-11-09,Bihar,Gaya,823002,118,-0.02084625944996632
2025-11-09,Bihar,Gaya,824211,141,-0.01584551913448351
2025-12-09,Uttar Pradesh,Chitrakoot,210205,134,-0.049770432642865625
2025-12-09,Uttar Pradesh,Chitrakoot,210206,92,-0.006906565682937682
2025-12-09,Uttar Pradesh,Chitrakoot,210209,97,-0.01795180000670138
2025-12-09,Uttar Pradesh,Deoria,274702,107,-0.030256144314343758
2025-12-09,Uttar Pradesh,Etah,207247,99,-0.016984507016629014
2025-12-09,Uttar Pradesh,Etah,207302,110,-0.03031369067280887
2025-12-09,Uttar Pradesh,Faizabad,224001,125,-0.03823388582744969
2025-12-09,Uttar Pradesh,Fatehpur,212655,92,-0.0183294985458613
2025-12-09,Uttar Pradesh,Fatehpur,212657,108,-0.031241408276936555
2025-12-09,Uttar Pradesh,Gautam Buddha Nagar,201306,114,-0.01762484441255774
2025-12-09,Uttar Pradesh,Ghazipur,233302,76,-0.008221284954097463
2025-12-09,Uttar Pradesh,Gorakhpur,273165,94,-0.016501351143150322
2025-12-09,Uttar Pradesh,Hapur,245101,156,-0.056295295023496505
2025-12-09,Uttar Pradesh,Hardoi,241204,109,-0.01714125544209033
2025-12-09,Uttar Pradesh,Jaunpur,222161,133,-0.04825546512590473
2025-12-09,Uttar Pradesh,Jhansi,284204,148,-0.05527615175452427
2025-12-09,Uttar Pradesh,Kanpur Nagar,209202,134,-0.04616565571547304
2025-12-09,Uttar Pradesh,Kasganj,207123,95,-0.0208615448760191
2025-12-09,Uttar Pradesh,Kaushambi,212217,130,-0.04876011266801594
2025-12-09,Uttar Pradesh,Kheri,262903,90,-0.012062120236350893
2025-12-09,Uttar Pradesh,Kushinagar,274401,102,-0.011787229704112612
2025-12-09,Uttar Pradesh,Maharajganj,273164,134,-0.04876011266801594
2025-12-09,Uttar Pradesh,Maharajganj,273305,91,-0.00310485775442626
2025-12-09,Uttar Pradesh,Mirzapur,231302,114,-0.03420521220139516
2025-12-09,Uttar Pradesh,Muzaffarnagar,251201,139,-0.04415612456015261
2025-12-09,Uttar Pradesh,Sambhal,202410,106,-0.008970105973525988
2025-12-09,Uttar Pradesh,Sambhal,202412,123,-0.03525376058109464
2025-12-09,Uttar Pradesh,Sambhal,202421,113,-0.0355887776462509
2025-12-09,Uttar Pradesh,Sant Ravidas Nagar,221304,104,-0.020962332705929287
2025-12-09,Uttar Pradesh,Sant Ravidas Nagar,221401,94,-0.02026903926785928
2025-12-09,Uttar Pradesh,Sant Ravidas Nagar,221404,111,-0.03857026566460264
2025-12-09,Uttar Pradesh,Shahjahanpur,242127,108,-0.03064644870910671
2025-12-09,Uttar Pradesh,Shamli,247776,113,-0.016557809658196643
2025-12-09,Uttar Pradesh,Shrawasti,271831,150,-0.05936101236914759
2025-12-09,Uttar Pradesh,Sitapur,261135,161,-0.06243920034445649
2025-12-09,Uttar Pradesh,Sitapur,261205,136,-0.035180233061130495
2025-12-09,Uttar Pradesh,Sultanpur,228001,137,-0.051719990974465
2025-12-09,Uttar Pradesh,Sultanpur,228161,80,-0.005362749433113545
2025-12-09,Uttar Pradesh,Unnao,241503,145,-0.05425838662968607
2025-12-09,Uttar Pradesh,Varanasi,221101,98,-0.007959175617841208
2025-12-09,West Bengal,Cooch Behar,736135,154,-0.045160210327276906
2025-12-09,West Bengal,Howrah,711303,130,-0.025232991249156123
2025-12-09,West Bengal,Jalpaiguri,736204,147,-0.01027767433678417
2025-12-09,West Bengal,Malda,732102,122,-0.021019144032491832
2025-12-09,West Bengal,Malda,732139,133,-0.041152006612060976
2025-12-09,West Bengal,Murshidabad,742201,128,-0.025232991249156123
2025-12-09,West Bengal,Murshidabad,742308,124,-0.00015452724220210712
2025-12-09,West Bengal,Nadia,741126,106,-0.004583598920541276
2025-12-09,West Bengal,Puruliya,723143,146,-0.005506018833203452
2025-12-09,Rajasthan,Jodhpur,342001,146,-0.005506018833203452
2025-12-09,Rajasthan,Udaipur,307025,118,-0.015592401702034797
2025-12-09,Madhya Pradesh,Damoh,470880,109,-0.024429557537529845
2025-12-09,Madhya Pradesh,Dhar,454001,86,-0.001699329758819701
2025-12-09,Madhya Pradesh,Dhar,454446,93,-0.004528087350756604
2025-12-09,Madhya Pradesh,Gwalior,474001,125,-0.04724719377724951
2025-12-09,Madhya Pradesh,Katni,483501,150,-0.060898544362443796
2025-12-09,Madhya Pradesh,Shivpuri,473551,98,-0.022320852869710084
2025-12-09,Madhya Pradesh,Singrauli,486881,101,-0.017568301514204077
2025-12-09,Maharashtra,Aurangabad,431001,170,-0.06811510245341534
2025-12-09,Maharashtra,Thane,400612,159,-0.06243920034445649
2025-12-09,Haryana,Kaithal,136027,99,-0.023783125915007086
2025-12-09,Jharkhand,Chatra,825408,166,-0.06141174893340473
2025-12-09,Jharkhand,West Singhbhum,833102,129,-0.028663409308151366
2025-12-09,Telangana,Suryapet,508204,115,-0.018008373235304687
2025-12-09,Telangana,Vikarabad,501144,128,-0.04172602351786758
2025-12-09,Uttar Pradesh,Amroha,244235,89,-0.010623613878693927
2025-12-09,Uttar Pradesh,Amroha,244242,81,-0.006325572318951478
2025-12-09,Uttar Pradesh,Ballia,277207,84,-0.010144760242882356
2025-12-09,Uttar Pradesh,Banda,210001,166,-0.06449827883112036
2025-12-09,Uttar Pradesh,Basti,272002,167,-0.06449827883112036
2025-12-09,Uttar Pradesh,Budaun,243633,132,-0.04072658165562959
2025-12-09,Uttar Pradesh,Budaun,243638,162,-0.06656293744255337
2025-12-09,Uttar Pradesh,Bulandshahr,202394,89,-0.010623613878693927
2025-12-09,Telangana,Nirmal,504103,167,-0.06141174893340473
2025-12-09,Telangana,Vikarabad,509336,160,-0.059873176315006216
2025-12-09,Uttar Pradesh,Aligarh,202002,120,-0.03773635777762108
2025-12-09,Uttar Pradesh,Allahabad,212301,155,-0.06243920034445649
2025-12-09,Uttar Pradesh,Allahabad,212303,97,-0.020375766738975676
2025-12-09,Uttar Pradesh,Allahabad,221502,75,-0.008710141716807951
2025-02-11,Bihar,Gaya,824232,113,-0.009403949130914802
2025-02-11,Delhi,North West Delhi,110086,107,-0.030587188513187535
2025-02-11,Haryana,Gurgaon,122001,141,-0.059873176315006216
2025-02-11,Telangana,Medchal-malkajgiri,500090,86,-0.013943415389915281
2025-02-11,Uttar Pradesh,Gautam Buddha Nagar,201301,152,-0.05055710624308829
2025-02-11,Uttar Pradesh,Saharanpur,247001,123,-0.015177000741402491
2025-02-11,Manipur,Imphal East,795005,135,-0.05425838662968607
2025-02-11,Manipur,Imphal West,795146,150,-0.05156985950641879
2025-02-11,Manipur,Senapati,795112,195,-0.08275491682640657
2025-02-11,Manipur,Thoubal,795148,118,-0.016986616572256197
2025-03-11,Bihar,Madhubani,847108,131,-0.033940401583867574
2025-03-11,Bihar,Patna,801503,142,-0.04807602591975679
2025-03-11,Bihar,Samastipur,848114,139,-0.02900918768975147
2025-03-11,Chhattisgarh,Bilaspur,495001,156,-0.05578555100441973
2025-03-11,Chhattisgarh,Kondagaon,494226,135,-0.04566276295373395
2025-03-11,Delhi,South Delhi,110062,122,-0.005702027333707282
2025-03-11,Haryana,Faridabad,121002,134,-0.0379094652820674
2025-03-11,Haryana,Kaithal,136027,138,-0.049695448192726754
2025-03-11,Jharkhand,Garhwa,822114,152,-0.05425838662968607
2025-03-11,Jharkhand,Gumla,835324,103,-0.017778328245652064
2025-03-11,Jharkhand,Lohardaga,835302,111,-0.017793215900432813
2025-03-11,Jharkhand,Palamu,822113,144,-0.051719990974465
2025-03-11,Jharkhand,Palamu,822123,111,-0.006750430278763764
2025-03-11,Bihar,Begusarai,851112,115,-0.029646516566459113
2025-03-11,Bihar,East Champaran,845418,152,-0.021371037878555432
2025-03-11,Bihar,East Champaran,845433,128,-0.0072502407698076254
2025-03-11,Bihar,Gaya,823003,121,-0.000596310220818963
2025-01-11,Uttar Pradesh,Shahjahanpur,242301,111,-0.0017740677203889055
2025-01-11,Uttar Pradesh,Unnao,241504,145,-0.0252684097828485
2025-01-11,Telangana,Nirmal,504103,149,-0.04626228591562287
2025-01-11,Telangana,Vikarabad,501141,157,-0.057413897591659824
2025-01-11,Uttar Pradesh,Chandauli,232101,157,-0.01659280297335175
2025-01-11,Uttar Pradesh,Etah,207001,150,-0.022413050222962028
2025-01-11,Uttar Pradesh,Ghaziabad,201001,139,-0.007473511387549925
2025-01-11,Uttar Pradesh,Mau,275101,148,-0.04224813312110387
2025-01-11,Madhya Pradesh,Jabalpur,482001,112,-0.007879769780462897
2025-01-11,Bihar,Kishanganj,855117,131,-0.006044309353788191
2025-01-11,Bihar,Muzaffarpur,843113,118,-0.006044309353788191
2025-01-11,Bihar,Samastipur,848114,139,-0.021367583365680454
2025-01-11,Chhattisgarh,Bastar,494442,104,-0.015174896529758897
2025-01-11,Delhi,North Delhi,110084,113,-0.0027207644282932764
2025-01-11,Jharkhand,Palamu,822113,142,-0.01659280297335175
2025-01-11,Maharashtra,Palghar,401209,135,-0.0069967883471278025
2025-01-11,Manipur,Imphal East,795005,175,-0.07854377431760284
2025-01-11,Manipur,Imphal East,795116,127,-0.040249189800857677
2025-01-11,Manipur,Senapati,795112,143,-0.050298224984912654
2025-01-11,Manipur,Tamenglong,795141,118,-0.04088019792114472
2025-01-11,Manipur,Ukhrul,795142,152,-0.054864845094615755
2025-03-11,Maharashtra,Nanded,431601,116,-0.030630955039079644
2025-03-11,Maharashtra,Raigad,410206,157,-0.02283138107047178
2025-03-11,Maharashtra,Raigarh,410206,145,-0.04140006283873787
2025-03-11,Maharashtra,Thane,421503,151,-0.012670952909381694
2025-03-11,Manipur,Tamenglong,795141,173,-0.0733117987111307
2025-03-11,Madhya Pradesh,Morena,476001,163,-0.06501391975727
2025-03-11,Madhya Pradesh,Ratlam,457001,132,-0.04616565571547304
2025-03-11,Madhya Pradesh,Ujjain,456010,110,-0.026152890594367206
2025-03-11,Maharashtra,Akola,444001,128,-0.028517898833528843
2025-03-11,Madhya Pradesh,Barwani,451551,109,-0.00437247924955364
2025-03-11,Madhya Pradesh,Indore,452010,133,-0.010595288647168966
2025-03-11,Madhya Pradesh,Sidhi,486661,160,-0.05364463205170855
2025-03-11,Madhya Pradesh,Singrauli,486886,174,-0.06759736401914562
2025-03-11,Maharashtra,Dhule,424001,131,-0.009637943554792083
2025-03-11,Maharashtra,Jalna,431203,142,-0.017007751128424786
2025-04-11,Bihar,Madhepura,852210,139,-0.00648046236544797
2025-04-11,Bihar,Madhubani,847226,152,-0.002207572945352676
2025-03-11,Telangana,Nirmal,504103,89,-0.008205584403581656
2025-03-11,Uttar Pradesh,Agra,282007,127,-0.04165184642511366
2025-03-11,Uttar Pradesh,Bahraich,271801,149,-0.05425838662968607
2025-03-11,Uttar Pradesh,Banda,210121,149,-0.008838128424885516
2025-03-11,Uttar Pradesh,Bareilly,243503,157,-0.0459123342716693
2025-03-11,Uttar Pradesh,Chandauli,232103,124,-0.03606924277004586
2025-03-11,Uttar Pradesh,Gorakhpur,273209,123,-0.002972678198401746
2025-03-11,Uttar Pradesh,Jalaun,285001,141,-0.020277180482546564
2025-03-11,Uttar Pradesh,Jaunpur,222001,162,-0.054152927064186396
2025-04-11,Manipur,Imphal West,795009,124,-0.020852222380125185
2025-04-11,Manipur,Tamenglong,795141,151,-0.04295999201452538
2025-04-11,Haryana,Gurgaon,122001,162,-0.036075332088562395
2025-03-11,Uttar Pradesh,Shamli,247776,123,-0.006654042846871988
2025-03-11,Uttar Pradesh,Siddharthnagar,272153,132,-0.03344577746423161
2025-03-11,Uttar Pradesh,Sonbhadra,231216,133,-0.03344577746423161
2025-03-11,Uttarakhand,Udham Singh Nagar,262308,99,-0.00898013799430053
2025-03-11,West Bengal,Jalpaiguri,735224,122,-0.027046025087397396
2025-03-11,West Bengal,Paschim Medinipur,721201,152,-0.018943709900754335
2025-03-11,West Bengal,Paschim Medinipur,721507,132,-0.008204352701107642
2025-05-11,Maharashtra,Beed,431122,134,-0.029318046119857222
2025-05-11,Maharashtra,Palghar,401208,146,-0.010773570669041388
2025-05-11,Maharashtra,Satara,415523,128,-0.00467086201641187
2025-05-11,Maharashtra,Yavatmal,445103,146,-0.005642279551825835
2025-05-11,Telangana,Nirmal,504103,128,-0.03616042001771602
2025-05-11,Uttar Pradesh,Bijnor,246763,103,-0.000881222569002138
2025-05-11,Uttar Pradesh,Ghaziabad,201001,145,-0.026374041518496316
2025-05-11,Uttar Pradesh,Hardoi,241001,104,-0.006026672151323131
2025-05-11,West Bengal,Murshidabad,742135,112,-0.017541639626949657
2025-05-11,Bihar,Araria,854312,145,-0.026374041518496316
2025-05-11,Bihar,Samastipur,848114,132,-0.010872942866886115
2025-05-11,Delhi,North West Delhi,110042,120,-0.02630140518974944
2025-05-11,Delhi,North West Delhi,110085,135,-0.018581541277507108
2025-05-11,West Bengal,Uttar Dinajpur,733215,151,-0.02540693178550002
2025-06-11,Chhattisgarh,Bilaspur,495551,142,-0.04012387676488316
2025-06-11,Chhattisgarh,Durg,491001,113,-0.01994704370426914
2025-06-11,Delhi,East Delhi,110096,122,-0.014976146003798929
2025-06-11,Delhi,North Delhi,110084,136,-0.03862846957291832
2025-06-11,Delhi,South Delhi,110062,162,-0.0331362622795921
2025-06-11,Haryana,Faridabad,121002,115,-0.01511018738940162
2025-06-11,Jharkhand,Chatra,825401,123,-0.027754406329686065
2025-06-11,Jharkhand,Palamu,822123,125,-0.0038784542303383907
2025-06-11,Rajasthan,Alwar,301001,156,-0.04714271794511504
2025-06-11,Madhya Pradesh,Barwani,451666,167,-0.06035541440630532
2025-06-11,Manipur,Imphal East,795005,146,-0.0391266014176157
2025-06-11,Manipur,Imphal West,795003,135,-0.007531768611865108
2025-06-11,Manipur,Tamenglong,795141,102,-0.00592941538892533
2025-06-11,Uttar Pradesh,Bulandshahr,203001,161,-0.049770432642865625
2025-06-11,Uttar Pradesh,Deoria,274001,149,-0.030074708279458684
2025-06-11,Uttar Pradesh,Gautam Buddha Nagar,201306,158,-0.04674356950915004
2025-06-11,Uttar Pradesh,Hardoi,241001,163,-0.05790239862500757
2025-06-11,Uttar Pradesh,Hathras,204101,137,-0.0048167576565829595
2025-06-11,Uttar Pradesh,Kushinagar,274409,131,-0.03465552464044486
2025-06-11,Uttar Pradesh,Pilibhit,262201,135,-0.023704476536745234
2025-06-11,Uttar Pradesh,Sambhal,244302,157,-0.013520348712290686
2025-06-11,Uttar Pradesh,Shamli,247774,121,-0.0010263306545421624
2025-06-11,Bihar,Araria,854334,144,-0.0052920052189855404
2025-06-11,Bihar,Bhagalpur,812005,126,-0.001358946604004485
2025-07-11,Bihar,East Champaran,845301,154,-0.011732703028574765
2025-07-11,Bihar,Gaya,824201,126,-0.0154397436696192
2025-07-11,Bihar,Katihar,855114,160,-0.017029816785512963
2025-07-11,Bihar,West Champaran,845101,149,-0.0007834979737960657
2025-07-11,Chhattisgarh,Bastar,494442,125,-0.0154397436696192
2025-07-11,Chhattisgarh,Bilaspur,495001,141,-0.014475847626581273
2025-07-11,Delhi,North West Delhi,110085,135,-0.005998818833212516
2025-08-11,Maharashtra,Pune,411033,119,-0.019751453085997128
2025-08-11,Maharashtra,Solapur,413307,148,-0.001416695126099543
2025-08-11,Manipur,Imphal West,795004,123,-0.020722492766147238
2025-08-11,Manipur,Tamenglong,795159,103,-0.02821455586956212
2025-08-11,Haryana,Gurgaon,122001,148,-0.05364463205170855
2025-07-11,Rajasthan,Ajmer,305001,121,-0.0044332980855306126
2025-08-11,Bihar,Kishanganj,855108,154,-0.009833965933151334
2025-08-11,Bihar,Nalanda,803101,118,-0.023655052420341716
2025-08-11,Bihar,Samastipur,848114,157,-0.0269258380718278
2025-08-11,Chhattisgarh,Surguja,497116,92,-0.01113486691931842
2025-07-11,Madhya Pradesh,Jhabua,457661,121,-0.01111246447068559
2025-07-11,Madhya Pradesh,Singrauli,486886,112,-0.001590108794785161
2025-07-11,Maharashtra,Jalgaon,425001,130,-0.019308397533567168
2025-07-11,Maharashtra,Palghar,401606,133,-0.010633280197118511
2025-07-11,Manipur,Thoubal,795130,134,-0.035840257923853924
2025-07-11,Uttar Pradesh,Muzaffarnagar,251001,142,-0.028580810326112704
2025-07-11,Uttar Pradesh,Muzaffarnagar,251201,127,-0.007764972985888963
2025-07-11,Uttar Pradesh,Sonbhadra,231216,143,-0.028089811206125304
2025-07-11,West Bengal,Birbhum,731219,122,-0.0053835956269076
2025-07-11,West Bengal,Howrah,711316,145,-0.004097846042042441
2025-07-11,West Bengal,Jalpaiguri,735224,123,-0.021594245870256712
2025-07-11,West Bengal,South 24 Parganas,743349,155,-0.026618805493437425
2025-10-11,Bihar,Araria,854311,150,-0.01767798716018154
2025-10-11,Bihar,East Champaran,845401,125,-0.013975506304755636
2025-10-11,Bihar,Kishanganj,855101,143,-0.005209474988706941
2025-10-11,Bihar,West Champaran,845452,133,-0.0192893742806175
2025-10-11,Bihar,West Champaran,845455,156,-0.03102146048655119
2025-10-11,Chhattisgarh,Surguja,497116,125,-0.013975506304755636
2025-10-11,Delhi,North West Delhi,110085,141,-0.019774417130676403
2025-10-11,Haryana,Karnal,132001,117,-0.010206653480437033
2025-10-11,Jharkhand,Godda,814156,140,-0.023178921497297722
2025-09-11,Manipur,Bishnupur,795134,173,-0.047646612362963525
2025-09-11,Bihar,West Champaran,845438,140,-0.008615688717846903
2025-09-11,Haryana,Panipat,132103,129,-0.024715407847899273
2025-11-11,Jharkhand,Deoghar,815353,125,-0.03426307088498637
2025-11-11,Chhattisgarh,Bilaspur,495001,111,-0.00801495854661649
2025-11-11,Delhi,North West Delhi,110085,117,-0.013765278483352072
2025-11-11,Haryana,Hisar,125001,144,-0.04616565571547304
2025-11-11,Haryana,Rohtak,124001,102,-0.022320852869710084
2025-11-11,Maharashtra,Thane,421306,120,-0.014146736991316966
2025-11-11,Manipur,Thoubal,795130,118,-0.03080619494833614
2025-10-11,Manipur,Imphal West,795008,134,-0.004259412903269699
2025-10-11,Manipur,Ukhrul,795145,139,-0.0470679972191147
2025-11-11,Uttar Pradesh,Agra,282006,129,-0.01880465949291954
2025-11-11,Uttar Pradesh,Bulandshahr,203131,121,-0.02589611509177836
2025-11-11,Uttar Pradesh,Deoria,274001,116,-0.01714125544209033
2025-11-11,Uttar Pradesh,Etawah,206001,121,-0.031792203728211565
2025-11-11,Uttar Pradesh,Muzaffarnagar,251002,106,-0.0003222249311766179
2025-11-11,Uttar Pradesh,Muzaffarnagar,251309,137,-0.013494385591422242
2025-11-11,West Bengal,Cooch Behar,736135,124,-0.03525376058109464
2025-10-11,Uttar Pradesh,Muzaffarnagar,251001,130,-0.014938724841322859
2025-10-11,Uttar Pradesh,Muzaffarnagar,251309,130,-0.004734283246243032
2025-10-11,Uttar Pradesh,Unnao,241503,132,-0.0033106355464176396
2025-10-11,Uttar Pradesh,Varanasi,221007,103,-0.006595178111052924
2025-10-11,West Bengal,Murshidabad,742213,140,-6.974197219733469e-09
2025-10-11,West Bengal,Uttar Dinajpur,733134,152,-0.031123674043968763
2025-12-11,Madhya Pradesh,Singrauli,486886,105,-0.0015851357152942835
2025-12-11,Maharashtra,Nagpur,441401,153,-0.006132717355118111
2025-12-11,Maharashtra,Palghar,401209,157,-0.0305429530966157
2025-12-11,Maharashtra,Pune,410501,156,-0.025145641825520815
2025-12-11,Manipur,Senapati,795112,75,-0.0050296921421798535
2025-12-11,Bihar,Patna,803213,110,-0.0015851357152942835
2025-12-11,Bihar,Purnia,854204,152,-0.006132717355118111
2025-12-11,Bihar,Samastipur,848101,114,-0.0025315765925278955
2025-12-11,Bihar,West Champaran,845449,142,-0.005755555353159747
2025-12-11,Chhattisgarh,Bastar,494222,119,-0.004903289428270785
2025-12-11,Chhattisgarh,Surguja,497001,143,-0.04312381251836295
2025-12-11,Delhi,West Delhi,110018,120,-0.01688295361306602
2025-12-11,Gujarat,Ahmedabad,382350,111,-0.0006399746698397824
2025-12-11,Haryana,Faridabad,121001,144,-0.03598058343429855
2025-12-11,Haryana,Hisar,125001,127,-0.02368060600619759
2025-12-11,Jharkhand,Deoghar,815353,153,-0.013408455158634425
2025-12-11,Jharkhand,Palamu,822113,149,-0.042622977130029716
2025-12-11,Jharkhand,Palamu,822116,117,-0.005378595556696175
2025-12-11,Jharkhand,Palamu,822123,127,-0.0044283047767017525
2025-12-11,Uttar Pradesh,Banda,210121,133,-0.01254691301162969
2025-12-11,Uttar Pradesh,Bareilly,243301,146,-0.008138193157241513
2025-12-11,Uttar Pradesh,Bareilly,243505,149,-0.02906697314719031
2025-12-11,Uttar Pradesh,Etawah,206001,141,-0.026123985715048592
2025-12-11,Uttar Pradesh,Firozabad,283204,130,-0.03218333208260349
2025-12-11,Uttar Pradesh,Kushinagar,274302,111,-0.003479299034546357
2025-12-11,Uttar Pradesh,Muzaffarnagar,251201,138,-0.012066758538059164
2025-12-11,Uttar Pradesh,Rampur,244924,149,-0.01495256441874826
2025-12-11,Uttar Pradesh,Shrawasti,271831,133,-0.009192643891528074
2025-12-11,Rajasthan,Alwar,301001,150,-0.0042313826782326425
2025-12-11,Rajasthan,Jodhpur,342001,145,-0.017366367760916157
2025-12-11,Bihar,Begusarai,851211,129,-0.011107423639479252
2025-12-11,West Bengal,Cooch Behar,736135,116,-0.005378595556696175
2025-12-11,West Bengal,Jalpaiguri,735224,120,-0.022705566195218352
2025-12-11,West Bengal,Malda,732123,123,-0.03168989637007136
2025-12-11,West Bengal,Murshidabad,742148,120,-0.0077599559721389655
2025-01-12,Bihar,East Champaran,845437,115,-0.020432531675024124
2025-01-12,Bihar,Kishanganj,855108,120,-0.01994704370426914
2025-01-12,Bihar,Patna,804453,148,-0.04775115890593451
2025-01-12,Bihar,Samastipur,848114,157,-0.04815084782423895
2025-01-12,Bihar,Saran,841301,120,-0.005279994265155463
2025-01-12,Bihar,Supaul,852131,139,-0.001758099037454941
2025-01-12,Bihar,West Champaran,845449,113,-0.013665500464827618
2025-01-12,Bihar,West Champaran,845454,118,-0.0082943082317527
2025-01-12,Bihar,West Champaran,845455,145,-0.04162232235553798
2025-01-12,Chhattisgarh,Bastar,494442,162,-0.07435536384370367
2025-01-12,Chhattisgarh,Bilaspur,495224,88,-0.01511018738940162
2025-01-12,Chhattisgarh,Dhamtari,493773,140,-0.0491901680294351
2025-01-12,Chhattisgarh,Jashpur,496223,110,-0.03755945007303951
2025-01-12,Delhi,West Delhi,110041,157,-0.06398298666256919
2025-01-12,Haryana,Palwal,121102,140,-0.0491901680294351
2025-01-12,Jharkhand,Chatra,825401,120,-0.03218333208260349
2025-01-12,Jharkhand,Sahebganj,816108,95,-0.018977052630932634
2025-01-12,Jharkhand,Sahebganj,816109,115,-0.018492549084319188
2025-01-12,Haryana,Hisar,125001,135,-0.04767637711524997
2025-01-12,Jharkhand,Lohardaga,835302,127,-0.0387317506118503
2025-01-12,Jharkhand,Palamu,822110,120,-0.0019877787110378353
2025-01-12,Jharkhand,Palamu,822113,112,-0.03716543945428019
2025-01-12,Telangana,Hyderabad,500059,87,-0.009249833922881034
2025-01-12,Telangana,Nirmal,504103,101,-0.013665500464827618
2025-01-12,Uttar Pradesh,Bareilly,243122,129,-0.010050115332400522
2025-01-12,Uttar Pradesh,Etawah,206001,148,-0.030211590763337348
2025-01-12,Uttar Pradesh,Kasganj,207242,147,-0.024715407847899273
2025-01-12,Uttar Pradesh,Kushinagar,274401,107,-0.005058688677555323
2025-01-12,Uttar Pradesh,Lalitpur,284403,120,-0.01607494238466911
2025-01-12,Uttar Pradesh,Mirzapur,231211,109,-0.00496013227182468
2025-01-12,Uttar Pradesh,Moradabad,244501,154,-0.008411804986772964
2025-01-12,Uttar Pradesh,Rampur,243701,125,-0.008615688717846792
2025-01-12,Uttar Pradesh,Rampur,244922,126,-0.022864904763836624
2025-01-12,Andhra Pradesh,Chittoor,517247,69,-0.012334645932704058
2025-01-12,Andhra Pradesh,Chittoor,517425,80,-0.02200338189980333
2025-01-12,Andhra Pradesh,Chittoor,517501,90,-0.01946188409693561
2025-02-12,Bihar,Begusarai,851111,159,-0.04528637912930522
2025-02-12,Bihar,Begusarai,851112,132,-0.019425073623479117
2025-02-12,Bihar,Begusarai,851127,144,-0.02862612631847128
2025-02-12,Bihar,Darbhanga,846003,143,-0.01989872402851245
2025-02-12,Bihar,East Champaran,845435,128,-0.005011371912789331
2025-02-12,Bihar,Gopalganj,841426,160,-0.025358244320168644
2025-02-12,Bihar,Kaimur (Bhabua),821109,167,-0.06205431834947395
2025-02-12,Bihar,Madhepura,852210,120,-0.010269605825316885
2025-02-12,Bihar,Muzaffarpur,842002,138,-0.037684327365574255
2025-02-12,Bihar,Muzaffarpur,843125,145,-0.009540847098353789
2025-02-12,Bihar,Muzaffarpur,843321,151,-0.02486942480681109
2025-02-12,Bihar,Patna,800008,161,-0.058466131365681906
2025-02-12,Bihar,Patna,801110,122,-0.0007474010099388639
2025-02-12,Bihar,Rohtas,821310,137,-0.027644398890534272
2025-02-12,Bihar,Sheikhpura,811101,142,-0.020869963126564195
2025-02-12,Bihar,Sheikhpura,811105,136,-0.026174296340566894
2025-02-12,Chhattisgarh,Dhamtari,493773,158,-0.0554040394417632
2025-02-12,Chhattisgarh,Jashpur,496225,110,-0.004061577713723286
2025-02-12,Delhi,South West Delhi,110045,136,-0.01602688354182269
2025-02-12,Haryana,Hisar,125001,174,-0.06876334859581112
2025-02-12,Haryana,Rohtak,124001,125,-0.043676514504952246
2025-02-12,Haryana,Sirsa,125055,137,-0.019413597102553193
2025-02-12,Jharkhand,Bokaro,827013,129,-0.014098808036451915
2025-02-12,Jharkhand,Giridih,815312,120,-0.0040503471775028554
2025-02-12,Jharkhand,Ranchi,834001,133,-0.0037263033484876695
2025-02-12,Jharkhand,West Singhbhum,833102,112,-0.018542329028417237
2025-02-12,Madhya Pradesh,Barwani,451551,104,-0.0017039003076561032
2025-02-12,Madhya Pradesh,Dhar,454446,139,-0.029117488424706184
2025-02-12,Madhya Pradesh,Indore,452001,160,-0.03613449609719033
2025-02-12,Madhya Pradesh,Indore,452002,105,-0.000758578661890219
2025-02-12,Madhya Pradesh,Jhabua,457661,164,-0.04578901714873174
2025-02-12,Maharashtra,Palghar,401603,152,-0.012416378155058583
2025-02-12,Manipur,Bishnupur,795133,124,-0.04167371071775261
2025-02-12,Manipur,Imphal West,795009,108,-0.02731435605268595
2025-02-12,Rajasthan,Jalor,343041,116,-0.03026218563625993
2025-02-12,Rajasthan,Nagaur,341001,119,-0.04067433959589106
2025-02-12,Rajasthan,Udaipur,313001,142,-0.0008859782978751785
2025-02-12,Uttar Pradesh,Agra,282005,131,-0.01265617188617374
2025-02-12,Uttar Pradesh,Agra,283102,141,-0.019413597102553193
2025-02-12,Uttar Pradesh,Aligarh,202002,143,-0.01989872402851245
2025-02-12,Uttar Pradesh,Allahabad,221503,106,-0.006379107300896081
2025-02-12,Uttar Pradesh,Bahraich,271903,141,-0.011696039948970394
2025-02-12,Uttar Pradesh,Bulandshahr,202393,158,-0.05693353157713765
2025-02-12,Uttar Pradesh,Etawah,206242,142,-0.020869963126564195
2025-02-12,Uttar Pradesh,Gautam Buddha Nagar,201306,139,-0.038679649746016675
2025-02-12,Uttar Pradesh,Ghaziabad,201009,143,-0.021356075743259817
2025-02-12,Uttar Pradesh,Jaunpur,222161,136,-0.046187653552023034
2025-02-12,Uttar Pradesh,Kushinagar,274149,104,-0.015002098196340352
2025-02-12,Uttar Pradesh,Kushinagar,274302,161,-0.03224823968212287
2025-02-12,Uttar Pradesh,Muzaffarnagar,251318,148,-0.04067433959589106
2025-02-12,Uttar Pradesh,Sitapur,261205,138,-0.023315357330104036
2025-02-12,Uttar Pradesh,Varanasi,221002,131,-0.01265617188617374
2025-02-12,Uttar Pradesh,Varanasi,221104,109,-0.000758578661890219
2025-02-12,West Bengal,Murshidabad,742202,138,-0.037684327365574255
2025-01-12,Uttarakhand,Nainital,263139,139,-0.03663930906815038
2025-01-12,West Bengal,Malda,732125,121,-0.04616565571547304
2025-01-12,West Bengal,Puruliya,723202,144,-0.03663930906815038
2025-04-12,Gujarat,Surat,395006,128,-0.012984237629447781
2025-04-12,Haryana,Hisar,125001,144,-0.021201824055518625
2025-04-12,Haryana,Karnal,132001,117,-0.018628097547473743
2025-04-12,Jharkhand,Sahebganj,816108,124,-0.010106406009795177
2025-03-12,Haryana,Palwal,121102,122,-0.004392266306795012
2025-03-12,Uttar Pradesh,Shamli,247774,160,-0.04419247062106535
2025-03-12,Uttar Pradesh,Sitapur,261201,135,-0.0014681156244320537
2025-03-12,West Bengal,Malda,732125,139,-0.007306295232245019
2025-05-12,Bihar,Sitamarhi,843302,153,-0.036057499759574285
2025-05-12,Chhattisgarh,Balod,491228,109,-0.0030563058293494594
2025-05-12,Chhattisgarh,Bastar,494010,93,-0.019389941489909468
2025-05-12,Chhattisgarh,Durg,491001,151,-0.060898544362443796
2025-04-12,Gujarat,Surat,395004,130,-0.026091618552428142
2025-04-12,Haryana,Sonipat,131001,125,-0.023160685142181614
2025-04-12,Haryana,Yamuna Nagar,135001,140,-0.03347121854397761
2025-04-12,Jharkhand,Garhwa,822114,116,-0.011398375517254533
2025-04-12,Jharkhand,Hazaribagh,825301,116,-0.0004431600432531768
2025-04-12,Assam,Goalpara,783129,133,-0.03396585988252432
2025-04-12,Bihar,Samastipur,848114,132,-0.007717121125954685
2025-04-12,Chhattisgarh,Bastar,494442,142,-0.03856890177623806
2025-04-12,Delhi,North West Delhi,110085,146,-0.04042674496716381
2025-04-12,Madhya Pradesh,Katni,483501,110,-0.006619163096216241
2025-04-12,Madhya Pradesh,Ratlam,457001,117,-0.014281462570282066
2025-04-12,Maharashtra,Parbhani,431509,114,-0.0004431600432531768
2025-04-12,Rajasthan,Ajmer,305001,138,-0.017806661289547443
2025-04-12,Uttar Pradesh,Bareilly,243123,158,-0.040926093912074024
2025-05-12,Bihar,Nalanda,803101,137,-0.053750020288841904
2025-04-12,Uttar Pradesh,Maharajganj,273303,136,-0.0006676287149043336
2025-04-12,Uttar Pradesh,Mainpuri,205001,142,-0.007787892101416505
2025-04-12,Uttar Pradesh,Rampur,244921,145,-0.011135492390984547
2025-05-12,Bihar,Gaya,824201,106,-0.006880301401805733
2025-05-12,Bihar,Lakhisarai,811311,135,-0.03816005921452703
2025-05-12,Bihar,Purnia,854304,136,-0.024232744665669714
2025-04-12,Uttar Pradesh,Lalitpur,284403,124,-0.007240233318263289
2025-04-12,Uttarakhand,Udham Singh Nagar,244713,147,-0.047952569962771974
2025-04-12,West Bengal,Puruliya,723212,162,-0.027059644434603514
2025-06-12,Bihar,Nalanda,803101,124,-0.002168302806011546
2025-06-12,Chhattisgarh,Bilaspur,495001,165,-0.0432277243828193
2025-06-12,Chhattisgarh,Kondagaon,494226,129,-0.02736565242743716
2025-06-12,Chhattisgarh,Mahasamund,493558,136,-0.018942788223395457
2025-06-12,Chhattisgarh,Surguja,497001,144,-0.003028463574614393
2025-06-12,Chhattisgarh,Surguja,497101,120,-0.010751036295132521
2025-06-12,Uttar Pradesh,Bahraich,271902,159,-0.026739220343873105
2025-06-12,Uttar Pradesh,Kheri,262802,160,-0.029684710408300674
2025-06-12,Uttar Pradesh,Shamli,247776,137,-0.00445153795169928
2025-06-12,Rajasthan,Jodhpur,342001,157,-0.01991273289968898
2025-05-12,Uttar Pradesh,Balrampur,271201,150,-0.03259214531418331
2025-05-12,Uttar Pradesh,Budaun,243633,124,-0.01839778306576645
2025-06-12,Madhya Pradesh,Morena,476001,117,-0.005976188899449619
2025-06-12,Maharashtra,Pune,411048,122,-0.02150535761709982
2025-06-12,Maharashtra,Thane,401107,149,-0.041226133534583376
2025-05-12,Uttar Pradesh,Hapur,245101,170,-0.06707997576113978
2025-05-12,Uttar Pradesh,Maharajganj,273303,129,-0.04265254117781081
2025-05-12,Uttar Pradesh,Mathura,281001,144,-0.028160737748216813
2025-05-12,Uttar Pradesh,Muzaffarnagar,251002,131,-0.012610003930629055
2025-05-12,Uttar Pradesh,Muzaffarnagar,251201,131,-0.00482494006071299
2025-05-12,Uttar Pradesh,Muzaffarnagar,251309,147,-0.022781090182319552
2025-05-12,Uttar Pradesh,Shahjahanpur,242221,113,-0.009244123016811323
2025-05-12,West Bengal,South 24 Parganas,743329,109,-0.003541584101716677
2025-05-12,West Bengal,Uttar Dinajpur,733207,116,-0.020349000153445096
2025-06-12,West Bengal,Puruliya,723212,144,-0.013631490121808088
2025-07-12,Maharashtra,Thane,401107,161,-0.047843292448391805
2025-07-12,Maharashtra,Thane,421301,164,-0.055444769702247876
2025-08-12,Bihar,Araria,854312,146,-0.01623152331751021
2025-08-12,Bihar,Begusarai,851111,106,-0.0014904256395613658
2025-08-12,Bihar,East Champaran,845437,131,-0.016073652270551464
2025-08-12,Bihar,Kaimur (Bhabua),821109,131,-0.022535735873477236
2025-08-12,Bihar,Lakhisarai,811311,144,-0.03382608553150346
2025-08-12,Bihar,Nalanda,803101,171,-0.059861052180106955
2025-08-12,Bihar,Purnia,854204,166,-0.05261706501196195
2025-08-12,Bihar,Samastipur,848117,136,-0.020431233681077576
2025-08-12,Bihar,Sitamarhi,843324,153,-0.03531173514208297
2025-08-12,Bihar,Vaishali,844122,134,-0.018491254598443252
2025-08-12,Bihar,West Champaran,845454,117,-0.015338085316580763
2025-08-12,Chhattisgarh,Baloda Bazar,493526,115,-0.016786170633010578
2025-08-12,Chhattisgarh,Jashpur,496220,104,-0.0018087074150284765
2025-08-12,Chhattisgarh,Mungeli,495330,127,-0.02358290192202639
2025-08-12,Chhattisgarh,Rajnandgaon,491441,169,-0.058837087089259166
2025-08-12,Delhi,North West Delhi,110034,127,-0.01816537850415223
2025-09-12,Bihar,East Champaran,845437,155,-0.0033680624101635193
2025-09-12,Bihar,Gaya,823001,120,-0.002183441799949448
2025-09-12,Bihar,Gaya,824201,148,-0.015080119145785886
2025-09-12,Bihar,Muzaffarpur,843111,135,-0.007072346036675947
2025-09-12,Bihar,Sitamarhi,843324,127,-0.022691575985237522
2025-09-12,Chhattisgarh,Dhamtari,493773,123,-0.005980148867210655
2025-09-12,Chhattisgarh,Mahasamund,493558,160,-0.022448393023086433
2025-09-12,Chhattisgarh,Rajnandgaon,491441,144,-0.03250141160302944
2025-09-12,Delhi,North Delhi,110084,125,-0.0040792265351039525
2025-09-12,Gujarat,Surat,395006,143,-0.011713880863431947
2025-09-12,Haryana,Sonipat,131001,119,-0.010755023146335807
2025-10-12,Bihar,Gaya,823001,118,-0.021818781594912684
2025-10-12,Chhattisgarh,Bemetara,491335,129,-0.031123674043968652
2025-10-12,Delhi,West Delhi,110018,108,-0.00025220322908325876
2025-10-12,Gujarat,Surat,395004,132,-0.011416314170908715
2025-10-12,Haryana,Faridabad,121001,124,-0.01552084744611526
2025-10-12,Haryana,Palwal,121102,132,-0.03557317879274535
2025-10-12,Haryana,Rohtak,124001,95,-0.004889645097540307
2025-12-12,Chhattisgarh,Raigarh,496001,149,-0.009299690106336245
2025-12-12,Chhattisgarh,Rajnandgaon,491441,135,-0.033345411353584375
2025-12-12,Gujarat,Surat,395006,164,-0.053750020288841904
2025-12-12,Haryana,Hisar,125001,156,-0.04818063272176376
2025-12-12,Haryana,Palwal,121102,140,-0.03865787403195009
2025-12-12,Madhya Pradesh,Bhind,477001,110,-0.008084170647382316
2025-12-12,Madhya Pradesh,Burhanpur,450331,94,-0.008223486431078508
2025-12-12,Madhya Pradesh,Jabalpur,482001,144,-0.03186374885849319
2025-12-12,Madhya Pradesh,Ratlam,457001,144,-0.035821541803138235
2025-12-12,Maharashtra,Beed,431122,160,-0.053750020288841904
2025-12-12,Maharashtra,Thane,421306,143,-0.0431533965755424
2025-12-12,Bihar,Kishanganj,855107,141,-0.019290103412205495
2025-12-12,Bihar,Siwan,841226,128,-0.018663254497585102
2025-12-12,Bihar,West Champaran,845106,149,-0.02171860519989377
2025-12-12,Maharashtra,Nashik,422003,127,-0.03716543945428019
2025-12-12,Maharashtra,Palghar,401209,143,-0.02303665282087286
2025-12-12,Uttar Pradesh,Baghpat,250611,124,-0.008701758078384358
2025-12-12,Uttar Pradesh,Bahraich,271902,134,-0.006436785654220456
2025-12-12,Uttar Pradesh,Mainpuri,205001,155,-0.04179854335714506
2025-12-12,Uttar Pradesh,Rampur,244921,137,-0.018805388131353906
2025-12-12,Uttar Pradesh,Rampur,244922,134,-0.012053696797968083
2025-08-12,Gujarat,Surat,395004,153,-0.027913550590346725
2025-08-12,Gujarat,Surat,395006,148,-0.024975236006536727
2025-08-12,Haryana,Palwal,121103,116,-0.003692251813314229
2025-08-12,Haryana,Rewari,123401,118,-0.024215469716931448
2025-08-12,Jharkhand,Chatra,825401,126,-0.015338085316580763
2025-08-12,Jharkhand,Giridih,815312,112,-0.02080606775683902
2025-08-12,Assam,Goalpara,783129,128,-0.003278022022150884
2025-08-12,Bihar,Bhagalpur,853204,126,-0.013664214707703848
2025-08-12,Bihar,East Champaran,845418,118,-0.016786170633010578
2025-08-12,Bihar,Kishanganj,855117,126,-0.0023305717584830576
2025-08-12,Bihar,Saran,841301,121,-0.004166738293012062
2025-08-12,Bihar,Sheohar,843329,161,-0.05059009772041434
2025-08-12,Bihar,West Champaran,845452,155,-0.030473396627463734
2025-08-12,Bihar,West Champaran,845453,117,-0.002270717041018777
2025-08-12,Chhattisgarh,Balod,491228,138,-0.0020336153513180744
2025-08-12,Chhattisgarh,Bemetara,491335,158,-0.05312466455139575
2025-08-12,Chhattisgarh,Bemetara,491340,160,-0.05730373511365405
2025-08-12,Chhattisgarh,Bilaspur,495224,132,-0.02889564247352705
2025-08-12,Chhattisgarh,Jashpur,496118,124,-0.008940610338767585
2025-08-12,Chhattisgarh,Raipur,492001,119,-0.003692251813314229
2025-08-12,Chhattisgarh,Rajnandgaon,491229,141,-0.0025069792405620905
2025-08-12,Madhya Pradesh,Gwalior,474001,106,-0.011476107012214132
2025-08-12,Madhya Pradesh,Jabalpur,482001,130,-0.016073652270551464
2025-08-12,Maharashtra,Pune,411048,117,-0.003692251813314229
2025-08-12,Rajasthan,Nagaur,341001,130,-0.03404606639733021
2025-08-12,Uttar Pradesh,Allahabad,212301,124,-0.008940610338767585
2025-08-12,Uttar Pradesh,Bijnor,246725,133,-0.015108899019850464
2025-08-12,Uttar Pradesh,Ghaziabad,201005,164,-0.04288924901490543
2025-08-12,Uttar Pradesh,Hardoi,241124,128,-0.003278022022150884
2025-08-12,Uttar Pradesh,Jhansi,284204,122,-0.01243935272463259
2025-08-12,Uttar Pradesh,Kanpur Nagar,209206,145,-0.0358076221703334
2025-08-12,Uttar Pradesh,Muzaffarnagar,251314,125,-0.01085470707308922
2025-08-12,Uttar Pradesh,Shrawasti,271831,157,-0.028015328018882846
2025-08-12,Uttarakhand,Dehradun,248001,161,-0.028015328018882846
2025-08-12,Tripura,Sepahijala,799102,142,-0.030863817558822726
2025-08-12,Uttar Pradesh,Gorakhpur,273209,106,-0.0037034766159832477
2025-08-12,Uttar Pradesh,Kheri,261505,133,-0.015108899019850464
2025-09-12,Madhya Pradesh,Morena,476001,159,-0.040445418322445525
2025-09-12,Maharashtra,Thane,421306,132,-0.02186061358152669
2025-09-12,Jharkhand,Garhwa,822114,124,-0.026599588194397228
2025-08-12,Madhya Pradesh,Barwani,451666,115,-0.008607778433753155
2025-08-12,Maharashtra,Latur,413512,138,-0.021075992161438406
2025-08-12,Maharashtra,Palghar,401303,108,-0.007664409188080201
2025-08-12,Maharashtra,Parbhani,431509,130,-0.013664214707703848
2025-08-12,Maharashtra,Parbhani,431514,120,-0.006543992136042287
2025-08-12,Maharashtra,Raigad,410206,136,-0.008548227544315501
2025-08-12,Maharashtra,Thane,421204,112,-0.02080606775683902
2025-08-12,Uttar Pradesh,Maharajganj,273303,154,-0.045945120864268274
2025-08-12,Uttar Pradesh,Muzaffarnagar,251201,154,-0.030473396627463734
2025-08-12,Uttar Pradesh,Pilibhit,262201,160,-0.02117681008445227
2025-08-12,Uttar Pradesh,Rampur,243701,135,-0.01897575726892886
2025-08-12,West Bengal,Uttar Dinajpur,733207,156,-0.03145895476893301
2025-11-12,Madhya Pradesh,Barwani,451666,116,-0.020918348231442008
2025-11-12,Madhya Pradesh,Indore,452001,128,-0.014370905857719607
2025-11-12,Maharashtra,Nashik,423203,128,-0.02173184488914104
2025-11-12,Assam,Nagaon,782124,165,-0.05637094191755432
2025-11-12,Bihar,Araria,854334,114,-0.006231438308161086
2025-11-12,Bihar,East Champaran,845301,114,-0.006231438308161086
2025-11-12,Bihar,Kishanganj,855107,152,-0.03163089014810072
2025-11-12,Bihar,West Champaran,845105,137,-0.0202737312271547
2025-11-12,Bihar,West Champaran,845454,128,-0.020759440305007648
2025-11-12,Bihar,West Champaran,845455,135,-0.02173184488914104
2025-11-12,Chhattisgarh,Jashpur,496220,130,-0.005755555353159747
2025-11-12,Manipur,Imphal East,795010,114,-0.018008373235304687
2025-11-12,Rajasthan,Ajmer,305001,147,-0.003925623375228282
2025-11-12,Chhattisgarh,Mungeli,495330,117,-0.022705566195218352
2025-11-12,Delhi,North Delhi,110084,145,-0.036476923149273865
2025-11-12,Delhi,South Delhi,110062,152,-0.03163089014810072
2025-11-12,Gujarat,Banaskantha,385535,110,-0.0030052775095344986
2025-11-12,Haryana,Palwal,121102,142,-0.036476923149273865
2025-11-12,Haryana,Rohtak,124001,107,-0.000542038249394361
2025-11-12,Jharkhand,Giridih,825412,96,-0.00143179999062637
2025-11-12,Jharkhand,Palamu,822113,120,-0.020759440305007648
2025-11-12,Uttar Pradesh,Bijnor,246725,131,-0.005755555353159747
2025-11-12,Uttar Pradesh,Firozabad,283204,139,-0.021144650560415923
2025-11-12,Uttar Pradesh,Muzaffarnagar,251309,127,-0.01688295361306602
2025-11-12,Uttarakhand,Udham Singh Nagar,263153,116,-0.008714758102974063
2025-11-12,West Bengal,Malda,732201,130,-0.0351509675354198
2025-11-12,West Bengal,South 24 Parganas,743349,123,-0.01688295361306602
2025-10-12,Uttar Pradesh,Siddharthnagar,272192,147,-0.015263131412020736
2025-10-12,Uttar Pradesh,Unnao,241503,125,-0.0008463223264756348
2025-10-12,West Bengal,Uttar Dinajpur,733208,103,-0.005939240528263889
2025-06-11,Madhya Pradesh,Indore,452010,117,-0.003017249579569281
2025-06-11,Madhya Pradesh,Singrauli,486886,125,-0.03416041684197901
2025-06-11,Maharashtra,Palghar,401606,139,-0.02029748897167627
2025-07-11,Bihar,Kaimur (Bhabua),821109,147,-0.01688803553755447
2025-07-11,Bihar,Katihar,854104,155,-0.019793453258853733
2025-07-11,Bihar,Kishanganj,855116,119,-0.003484285591135894
2025-07-11,Bihar,Patna,801503,134,-0.010633280197118511
2025-07-11,Gujarat,Panchmahals,389001,113,-0.00953556196850247
2025-07-11,Haryana,Palwal,121102,135,-0.004097846042042441
2025-07-11,Bihar,Araria,854312,135,-0.004097846042042441
2025-07-11,Bihar,East Champaran,845303,143,-0.006474866432647275
2025-06-11,West Bengal,Malda,732123,124,-0.002445337057316088
2025-06-11,West Bengal,Malda,732201,136,-0.01739002925594424
2025-06-11,West Bengal,South 24 Parganas,743349,164,-0.03610777403222232
2025-08-11,Telangana,Nirmal,504103,99,-0.013154602447681296
2025-08-11,Telangana,Suryapet,508204,99,-0.003928786914584093
2025-08-11,Uttar Pradesh,Bijnor,246725,146,-0.018542329028417237
2025-08-11,Uttar Pradesh,Ghaziabad,201001,145,-0.027804830332798902
2025-08-11,Uttar Pradesh,Hathras,204101,127,-0.014787397284382275
2025-08-11,Uttar Pradesh,Meerut,250001,129,-0.024366913149561298
2025-08-11,Uttar Pradesh,Muzaffarnagar,251001,126,-0.026689588217752802
2025-08-11,West Bengal,Birbhum,731219,130,-0.030126921233829762
2025-08-11,West Bengal,Paschim Medinipur,721201,105,-0.00581804271448616
2025-08-11,West Bengal,Paschim Medinipur,721424,133,-0.0011476013674749375
2025-08-11,Tamil Nadu,Krishnagiri,635109,98,-0.02200338189980333
2025-08-11,Maharashtra,Latur,413527,147,-0.004745290677927061
2025-08-11,West Bengal,Uttar Dinajpur,733129,143,-0.03223406406817397
2025-10-11,Maharashtra,Thane,421503,148,-0.03408699905277668
2025-10-11,Manipur,Imphal West,795136,159,-0.04104838598946192
2025-09-11,Uttar Pradesh,Kanpur Nagar,208001,121,-0.005755555353159747
2025-10-11,Uttar Pradesh,Bareilly,243505,127,-0.024816736485298363
2025-10-11,Uttar Pradesh,Bulandshahr,203001,146,-0.0014169280716826993
2025-10-11,Uttar Pradesh,Etah,207001,129,-0.0192893742806175
2025-10-11,Uttar Pradesh,Pilibhit,262001,160,-0.019615762279341142
2025-10-11,Uttar Pradesh,Shamli,247774,147,-0.014781139803811905
2025-10-11,Uttarakhand,Dehradun,248001,107,-0.004108830494039095
2025-02-11,Uttar Pradesh,Shahjahanpur,242001,138,-0.04752705606712304
2025-02-11,Uttar Pradesh,Unnao,209801,141,-0.049545722482958854
2025-02-11,West Bengal,Malda,732125,144,-0.026351941916466504
2025-02-11,West Bengal,South 24 Parganas,743329,114,-0.015538124811519727
2025-02-11,West Bengal,Uttar Dinajpur,733210,146,-0.027822405410321216
2025-03-11,Bihar,Araria,854329,154,-0.01027300699695155
2025-03-11,Bihar,Banka,813102,152,-0.049590628848495966
2025-03-11,Bihar,Darbhanga,847203,106,-0.011530533846885516
2025-03-11,Bihar,Jamui,811308,134,-0.0006074854536192165
2025-03-11,Bihar,Kaimur (Bhabua),821101,151,-0.021371037878555432
2025-03-11,Bihar,Nalanda,803101,168,-0.05466156609848094
2025-03-11,Bihar,Samastipur,848117,138,-0.0040761798171501384
2025-03-11,Bihar,Sitamarhi,843324,135,-0.02508816829792815
2025-03-11,Chhattisgarh,Jashpur,496220,132,-0.04254871001672711
2025-03-11,Chhattisgarh,Kawardha,491559,159,-0.05364463205170855
2025-03-11,Chhattisgarh,Rajnandgaon,491441,136,-0.013475108928406865
2025-03-11,Gujarat,Ahmedabad,380058,97,-0.007926004398875808
2025-03-11,Gujarat,Valsad,396191,96,-0.005068665144812079
2025-01-11,West Bengal,Paschim Medinipur,721212,146,-0.041747890005082944
2025-01-11,West Bengal,Puruliya,723128,130,-0.0122585238110966
2025-01-11,West Bengal,South 24 Parganas,743349,145,-0.0252684097828485
2025-01-11,West Bengal,South 24 Parganas,743503,134,-0.01610991203183365
2025-01-11,West Bengal,Uttar Dinajpur,733201,146,-0.010819619205836961
2025-03-11,Andhra Pradesh,Chittoor,517425,84,-0.0012585062674491665
2025-03-11,Madhya Pradesh,Indore,452016,151,-0.049590628848495966
2025-03-11,Madhya Pradesh,Jabalpur,482001,160,-0.05527615175452427
2025-03-11,Madhya Pradesh,Jhabua,457661,136,-0.044052082432808004
2025-03-11,Madhya Pradesh,Katni,483501,149,-0.05782659803005474
2025-03-11,Maharashtra,Beed,414205,146,-0.00597709389261869
2025-03-11,Maharashtra,Beed,431124,149,-0.004452440983092165
2025-03-11,Maharashtra,Mumbai Suburban,400043,101,-0.00802497700151561
2025-03-11,Maharashtra,Palghar,401208,142,-0.017007751128424786
2025-03-11,Manipur,Ukhrul,795145,137,-0.007883159465606693
2025-03-11,Rajasthan,Banswara,327001,124,-0.004870601772655525
2025-03-11,Rajasthan,Bharatpur,321001,100,-0.01584551913448351
2025-03-11,Rajasthan,Bhilwara,311001,116,-0.01297088290294457
2025-04-11,Bihar,East Champaran,845418,149,-0.03211616916662152
2025-04-11,Bihar,Nalanda,803101,152,-0.010300490934288198
2025-03-11,Jharkhand,Bokaro,827013,148,-0.04190007054002787
2025-03-11,Jharkhand,Godda,814133,140,-0.00019186322402420242
2025-03-11,Jharkhand,Palamu,822118,114,-0.01297088290294457
2025-03-11,Madhya Pradesh,Bhind,477001,99,-0.00898013799430053
2025-03-11,Madhya Pradesh,Datia,475661,111,-0.020702315686255912
2025-03-11,Madhya Pradesh,Dhar,454001,105,-0.0011269360300150133
2025-03-11,Madhya Pradesh,Gwalior,474001,130,-0.04566276295373395
2025-04-11,Maharashtra,Thane,401107,133,-0.001734411561796545
2025-04-11,Manipur,Imphal West,795132,126,-0.011678525802701234
2025-03-12,Bihar,Saran,841301,130,-0.022340811429388263
2025-03-12,Chhattisgarh,Baloda Bazar,493338,136,-0.024291222852296013
2025-03-12,Chhattisgarh,Bastar,494001,162,-0.06086825137862839
2025-03-12,Chhattisgarh,Rajnandgaon,491441,119,-0.02445091229782792
2025-04-12,Madhya Pradesh,Gwalior,474001,116,-0.016692991776361965
2025-03-12,Madhya Pradesh,Katni,483501,112,-0.015555789934028286
2025-03-12,Maharashtra,Parbhani,431509,153,-0.012189729413033867
2025-04-12,Madhya Pradesh,Morena,476001,137,-0.026581265265152698
2025-04-12,Maharashtra,Palghar,401209,130,-0.003507065569875234
2025-04-12,Maharashtra,Thane,421306,142,-0.007787892101416505
2025-04-12,Maharashtra,Wardha,442001,104,-0.00039914780501670855
2025-04-12,Manipur,Imphal East,795010,124,-0.028052194702842592
2025-03-12,Uttar Pradesh,Ghaziabad,201206,119,-0.010269605825316885
2025-04-12,Bihar,East Champaran,845437,128,-0.005335905373035965
2025-04-12,Bihar,Purnia,854204,153,-0.03793506175221839
2025-04-12,Bihar,West Champaran,845449,134,-0.025602303015921368
2025-04-12,Bihar,West Champaran,845455,119,-0.006763668057208849
2025-04-12,Chhattisgarh,Dhamtari,493773,145,-0.036940746246478695
2025-04-12,Chhattisgarh,Durg,491001,154,-0.0584135753588384
2025-04-12,Delhi,East Delhi,110092,158,-0.02314914881043495
2025-03-12,West Bengal,Murshidabad,742202,136,-0.009227276199252898
2025-05-12,Gujarat,Surat,395006,132,-0.024232744665669714
2025-05-12,Haryana,Palwal,121102,141,-0.03358057242905599
2025-07-11,Bihar,East Champaran,845418,127,-0.0026754888461762993
2025-07-11,Bihar,Saran,841301,126,-0.0026754888461762993
2025-07-11,Bihar,Sheohar,843329,136,-0.011591973063477257
2025-07-11,Bihar,Supaul,852131,141,-0.016404944913282593
2025-07-11,Bihar,West Champaran,845306,154,-0.0026754888461762993
2025-07-11,Chhattisgarh,Kawardha,491995,120,-0.003484285591135894
2025-07-11,Chhattisgarh,Raipur,492001,117,-0.015298277992873976
2025-07-11,Delhi,South West Delhi,110043,119,-0.003484285591135894
2025-07-11,Delhi,West Delhi,110041,140,-0.02271068954798483
2025-07-11,Gujarat,Ahmedabad,382350,111,-0.00953556196850247
2025-07-11,Haryana,Faridabad,121001,144,-0.033364064265919424
2025-07-11,Haryana,Karnal,132001,134,-0.029419536952878356
2025-07-11,Jharkhand,Sahebganj,816108,135,-0.009675883730383195
2025-07-11,Maharashtra,Gondiya,441601,140,-0.014475847626581273
2025-07-11,Maharashtra,Jalna,431203,135,-0.0007834979737960657
2025-07-11,Maharashtra,Pune,411028,141,-0.009337925788569068
2025-07-11,Manipur,Imphal West,795002,150,-0.006474866432647275
2025-07-11,Rajasthan,Alwar,301001,142,-0.024173754671358627
2025-08-11,Uttar Pradesh,Bareilly,243505,128,-0.04545427053693796
2025-08-11,Uttar Pradesh,Bijnor,246731,120,-0.015036945381786015
2025-08-11,Uttar Pradesh,Bijnor,246733,135,-0.028775148588132016
2025-08-11,Uttar Pradesh,Bijnor,246749,137,-0.0014278834942806906
2025-08-11,Uttar Pradesh,Gautam Buddha Nagar,201306,104,-0.013975506304755636
2025-08-11,Uttar Pradesh,Kushinagar,274409,124,-0.008073585512918813
2025-08-11,Maharashtra,Ahmadnagar,414401,152,-0.004745290677927061
2025-08-11,Maharashtra,Aurangabad,431112,147,-0.001416695126099543
2025-08-11,Maharashtra,Dhule,424306,152,-0.004745290677927061
2025-08-11,Maharashtra,Jalgaon,425111,149,-0.004745290677927061
2025-08-11,Maharashtra,Pune,412105,125,-0.02756829376835701
2025-08-11,Maharashtra,Sangli,416416,146,-0.027804830332798902
2025-08-11,Maharashtra,Yavatmal,445001,143,-6.583069095278393e-05
2025-08-11,Manipur,Chandel,795135,105,-0.01590324766111184
2025-08-11,Manipur,Imphal West,795008,141,-0.026334402475935437
2025-08-11,Manipur,Senapati,795112,165,-0.06604624882670229
2025-07-11,Rajasthan,Jaipur,302012,147,-0.01495763260838856
2025-08-12,Haryana,Karnal,132001,150,-0.02693278674828581
2025-08-12,Haryana,Palwal,121102,159,-0.03244584744342782
2025-08-12,Haryana,Yamuna Nagar,135001,148,-0.04544237726292577
2025-08-12,Jharkhand,Chatra,825408,113,-0.010532307329021218
2025-07-12,Delhi,North West Delhi,110085,121,-0.02305504258070179
2025-07-12,Telangana,Vikarabad,501141,129,-0.03932103225530592
2025-07-12,Uttar Pradesh,Bareilly,243201,143,-0.02794583495479175
2025-07-12,Uttar Pradesh,Meerut,250001,140,-0.026475121182803152
2025-11-11,Chhattisgarh,Bastar,494001,104,-0.021834087718786255
2025-11-11,Chhattisgarh,Durg,491001,101,-0.010349280742091627
2025-11-11,Delhi,North East Delhi,110053,108,-0.014246582541126096
2025-11-11,Jharkhand,Sahebganj,816108,111,-0.0083933325179818
2025-11-11,Madhya Pradesh,Bhind,477001,91,-0.010623613878693927
2025-11-11,Madhya Pradesh,Bhopal,462001,104,-0.0003222249311766179
2025-11-11,Madhya Pradesh,Indore,452001,123,-0.02053325930207972
2025-11-11,Maharashtra,Latur,413527,110,-0.00887100076079772
2025-11-11,Uttar Pradesh,Bareilly,243001,120,-0.011644312649492283
2025-11-11,Uttar Pradesh,Ghaziabad,201001,171,-0.05782659803005474
2025-11-11,Uttar Pradesh,Rampur,243701,154,-0.0063590162242320725
2025-11-11,Uttar Pradesh,Sitapur,261135,143,-0.013975506304755636
2025-11-11,Uttarakhand,Nainital,263139,123,-0.028838175598886795
2025-11-11,West Bengal,Paschim Medinipur,721516,147,-0.00731192135855141
2025-12-11,Madhya Pradesh,Indore,452001,116,-0.017850109090834287
2025-12-11,Maharashtra,Mumbai Suburban,400072,92,-0.0010143926165074868
2025-12-11,Maharashtra,Nashik,422010,124,-0.009192643891528074
2025-12-11,Manipur,Imphal West,795130,125,-0.016399866425991783
2025-12-11,Manipur,Imphal West,795136,157,-0.0451305460969853
2025-12-11,Manipur,Tamenglong,795125,139,-0.030493623175240292
2025-12-11,Manipur,Ukhrul,795145,111,-0.01946188409693561
2025-12-11,Telangana,Nizamabad,503001,87,-0.0015377682483109778
2025-12-11,Uttar Pradesh,Agra,282006,146,-0.022705566195218352
2025-12-11,Jharkhand,Giridih,815312,140,-0.026123985715048592
2025-06-12,Assam,Nagaon,782124,154,-0.024782192751414578
2025-06-12,Chhattisgarh,Bastar,494001,148,-0.04473247643407352
2025-06-12,Delhi,North West Delhi,110085,149,-0.017490329932663307
2025-06-12,Delhi,South Delhi,110062,139,-0.003976858845621378
2025-01-11,Maharashtra,Raigarh,410206,158,-0.04525670985851327
2025-02-12,Madhya Pradesh,Barwani,451666,121,-0.011707392902224445
2025-02-12,Madhya Pradesh,Dhar,454001,118,-0.00262808629510225
2025-02-12,Madhya Pradesh,Indore,452016,138,-0.03718717101372315
2025-02-12,Madhya Pradesh,Morena,476221,116,-0.03520190588698313
2025-02-12,Madhya Pradesh,Ratlam,457001,168,-0.05897768964242933
2025-02-12,Madhya Pradesh,Vidisha,464221,84,-0.0012069989730675301
2025-02-12,Maharashtra,Nashik,423203,147,-0.050729166890857824
2025-02-12,Maharashtra,Palghar,401209,151,-0.057848940862979537
2025-02-12,Maharashtra,Pune,411014,116,-0.010269605825316885
2025-01-12,Rajasthan,Bikaner,334001,132,-0.03218333208260349
2025-01-12,Telangana,Hyderabad,500053,106,-0.033694850097370166
2025-01-12,Telangana,Karimnagar,505001,122,-0.04365459095984592
2025-01-12,Telangana,Mahabubnagar,509001,93,-0.03359227578084578
2025-01-12,Uttar Pradesh,Amroha,244241,122,-0.0015147659869566565
2025-01-12,Uttar Pradesh,Bareilly,243123,158,-0.038130674643421125
2025-01-12,Uttar Pradesh,Bareilly,243301,120,-0.025305520338396392
2025-01-12,Uttar Pradesh,Chitrakoot,210205,107,-0.0010143926165074868
2025-01-12,Uttar Pradesh,Faizabad,224001,107,-0.0024333747633333846
2025-01-12,Uttar Pradesh,Gautam Buddha Nagar,201306,134,-0.026284080717592806
2025-01-12,Uttar Pradesh,Jhansi,284204,108,-0.00496013227182468
2025-01-12,Uttar Pradesh,Kasganj,207123,118,-0.005279994265155463
2025-01-12,Uttar Pradesh,Maharajganj,273303,150,-0.053750020288841904
2025-01-12,Uttar Pradesh,Mainpuri,205001,111,-0.011743807037406517
2025-01-12,Uttar Pradesh,Mathura,281403,90,-0.001168931323817679
2025-01-12,Uttar Pradesh,Moradabad,244102,98,-0.0022129657486671395
2025-01-12,Uttar Pradesh,Muzaffarnagar,251309,154,-0.03713609461868117
2025-01-12,Uttar Pradesh,Rampur,244924,144,-0.021144650560415923
2025-01-12,Uttar Pradesh,Sitapur,261201,152,-0.038130674643421125
2025-01-12,Uttar Pradesh,Unnao,241504,121,-0.005279994265155463
2025-02-12,Rajasthan,Bharatpur,321001,105,-0.026174296340566894
2025-02-12,Rajasthan,Bikaner,334001,123,-0.017899844360386052
2025-02-12,Tamil Nadu,Theni,625531,107,-0.016607455062716214
2025-02-12,Uttar Pradesh,Ambedkar Nagar,224149,146,-0.02243028202101871
2025-02-12,Uttar Pradesh,Amroha,244251,138,-0.011216460969762143
2025-02-12,Uttar Pradesh,Bahraich,271830,133,-0.015062193534486124
2025-02-12,Uttar Pradesh,Bulandshahr,202394,148,-0.02929236401926938
2025-02-12,Uttar Pradesh,Bulandshahr,245408,123,-0.003587162360170093
2025-02-12,Uttar Pradesh,Chandauli,232110,101,-0.0059031244688665385
2025-02-12,Uttar Pradesh,Gonda,271001,140,-0.011696039948970394
2025-02-12,Uttar Pradesh,Hardoi,241301,146,-0.02243028202101871
2025-02-12,Uttar Pradesh,Lalitpur,284403,147,-0.042674435076638706
2025-02-12,Uttar Pradesh,Maharajganj,273163,168,-0.058466131365681906
2025-02-12,Uttar Pradesh,Mainpuri,205265,123,-0.017899844360386052
2025-02-12,Uttar Pradesh,Sambhal,202421,157,-0.03563838798531371
2025-02-12,Uttar Pradesh,Sant Ravidas Nagar,221404,149,-0.02243028202101871
2025-02-12,Jammu and Kashmir,Pulwama,192301,107,-0.02813509654867341
2025-02-12,Jharkhand,Chatra,825401,156,-0.05489489823006766
2025-02-12,Jharkhand,Chatra,825408,115,-0.0035759394198069394
2025-05-12,Haryana,Faridabad,121001,113,-0.009244123016811323
2025-05-12,Haryana,Sonipat,131001,103,-0.03221247904520641
2025-05-12,Bihar,Araria,854333,152,-0.025710479487995874
2025-05-12,Bihar,East Champaran,845401,149,-0.022781090182319552
2025-05-12,Bihar,East Champaran,845437,119,-0.016946429882198077
2025-05-12,Bihar,Saran,841301,133,-0.03816005921452703
2025-05-12,Chhattisgarh,Baloda Bazar,493526,120,-0.0063814436830443855
2025-05-12,Chhattisgarh,Bastar,494223,117,-0.004004738801235752
2025-05-12,Chhattisgarh,Bastar,494442,148,-0.06656293744255337
2025-05-12,Chhattisgarh,Bilaspur,495224,104,-0.004976946239677371
2025-05-12,Chhattisgarh,Kondagaon,494226,171,-0.07122890004406812
2025-02-11,Uttar Pradesh,Firozabad,283203,163,-0.05614424657433703
2025-02-11,Uttar Pradesh,Moradabad,244001,167,-0.06398298666256919
2025-02-11,Bihar,Kishanganj,855101,116,-0.016986616572256197
2025-03-11,Maharashtra,Nashik,422003,152,-0.03840711049369505
2025-03-11,Maharashtra,Pune,411028,122,-0.027046025087397396
2025-03-11,Rajasthan,Jodhpur,342001,131,-0.02508816829792815
2025-04-11,West Bengal,Murshidabad,742135,143,-0.002681054571749386
2025-08-12,Punjab,Ludhiana,141008,140,-0.023510545719157006
2025-08-12,Punjab,Patiala,147001,143,-0.003928994055190871
2025-08-12,Rajasthan,Ajmer,305001,160,-0.030473396627463734
2025-08-12,Rajasthan,Alwar,301001,161,-0.05059009772041434
2025-08-12,Rajasthan,Jaipur,302002,119,-0.004641545912395739
2025-08-12,Rajasthan,Jodhpur,342001,145,-0.021562244221727145
2025-09-12,Assam,Dhubri,783348,127,-0.011234289817387721
2025-09-12,Rajasthan,Ajmer,305001,137,-0.0042184651995038625
2025-09-12,Rajasthan,Alwar,301001,160,-0.03905268520948313
2025-10-12,Bihar,Bhagalpur,853204,115,-0.016003339699737884
2025-10-12,Bihar,Gaya,823003,126,-0.027681631464011702
2025-10-12,Bihar,Gaya,824201,126,-0.025232991249156123
2025-10-12,Bihar,Gaya,824232,128,-0.03359227578084578
2025-10-12,Bihar,Katihar,855113,116,-0.0037848637424059417
2025-10-12,Bihar,Kishanganj,855101,146,-0.015263131412020736
2025-10-12,Bihar,Nalanda,803101,145,-0.049590628848495966
2025-10-12,Bihar,Vaishali,844122,132,-0.028663409308151366
2025-10-12,Bihar,West Champaran,845454,136,-0.0034497216434077327
2025-10-12,Chhattisgarh,Bemetara,491340,130,-0.04757184106483625
2025-10-12,Chhattisgarh,Bilaspur,495001,147,-0.03458205716096319
2025-10-12,Chhattisgarh,Bilaspur,495551,147,-0.040548954331390163
2025-10-12,Chhattisgarh,Rajnandgaon,491441,149,-0.049085419580552014
2025-10-12,Delhi,North Delhi,110084,123,-0.023280034521601323
2025-10-12,Gujarat,Surat,395006,140,-0.023767778311373666
2025-09-12,Uttar Pradesh,Bahraich,271855,147,-0.0032697432144914718
2025-09-12,Uttar Pradesh,Deoria,274001,163,-0.03905268520948313
2025-09-12,Uttar Pradesh,Lalitpur,284403,149,-0.01459825131929271
2025-09-12,Uttar Pradesh,Maharajganj,273303,154,-0.01147440536982347
2025-09-12,Uttar Pradesh,Muzaffarnagar,251309,159,-0.03905268520948313
2025-09-12,Uttar Pradesh,Sitapur,261201,142,-0.005168471838122968
2025-10-12,Jharkhand,Deoghar,815353,104,-0.006415247804193336
2025-10-12,Jharkhand,Gumla,835207,139,-0.016228093507042796
2025-10-12,Jharkhand,Jamtara,815352,120,-0.02425585221358162
2025-10-12,Madhya Pradesh,Morena,476001,111,-0.015038681529738529
2025-10-12,Maharashtra,Palghar,401209,110,-0.011193075884422199
2025-12-12,Haryana,Karnal,132001,152,-0.03830606301726369
2025-12-12,Delhi,North West Delhi,110042,126,-0.03171902361890799
2025-12-12,Delhi,South Delhi,110062,154,-0.01121475995067689
2025-12-12,Delhi,West Delhi,110018,137,-0.026946537888178024
2025-12-12,Uttar Pradesh,Budaun,243639,122,-0.003940729019472733
2025-12-12,Uttar Pradesh,Deoria,274001,154,-0.02513233928300318
2025-12-12,Uttar Pradesh,Kheri,262804,147,-0.0010636677373425663
2025-12-12,Uttar Pradesh,Siddharthnagar,272153,153,-0.014578628737717647
2025-12-12,Uttarakhand,Haridwar,247667,136,-0.03766258109788034
2025-12-12,Uttarakhand,Udham Singh Nagar,263153,98,-0.007269348626048555
2025-01-03,Tamil Nadu,Namakkal,638181,158,-0.020496393811421876
2025-01-03,Tamil Nadu,Kanyakumari,629157,122,-0.046684723842007836
2025-01-03,Kerala,Kollam,691504,160,-0.024392491964376206
2025-01-03,Tamil Nadu,Tiruppur,638660,153,-0.043854894681031875
2025-01-03,Telangana,Medak,502295,108,-0.02743147464545259
2025-01-03,Karnataka,Mysuru,571104,123,-0.035874178138293966
2025-01-03,Karnataka,Belagavi,591110,100,-0.029698176413698874
2025-01-03,Andhra Pradesh,Warangal,506313,167,-0.055989133822821
2025-01-03,Assam,Hojai,782428,164,-0.06161685255888916
2025-01-03,Andhra Pradesh,Cuddapah,516355,156,-0.02830973566640138
2025-01-03,Karnataka,Hassan,573117,70,-0.007031350855577934
2025-01-03,Gujarat,Vadodara,391155,111,-0.008456123532558424
2025-01-03,Himachal Pradesh,Chamba,176306,119,-0.04085199710229226
2025-01-03,Odisha,Khorda,752038,125,-0.03935511350044418
2025-01-03,Karnataka,Dharwad,580114,194,-0.06552990967706251
2025-01-03,Assam,Marigaon,782123,153,-0.05854199615227129
2025-01-03,Punjab,SAS Nagar (Mohali),160104,168,-0.055989133822821
2025-01-03,Odisha,Jajapur,755015,123,-0.03637044583654214
2025-01-03,Gujarat,Amreli,365545,128,-0.008933834273290642
2025-01-03,Telangana,Bhadradri Kothagudem,507316,134,-0.03935511350044418
2025-01-03,Telangana,Medak,502103,125,-0.044569675047885116
2025-01-03,Andhra Pradesh,Vizianagaram,535523,165,-0.05547959687816306
2025-01-03,Odisha,Angul,759104,133,-0.030929924738145487
2025-01-03,Karnataka,Udupi,576227,113,-0.013247806716687793
2025-01-03,Karnataka,Hassan,573125,196,-0.07383340476195199
2025-01-03,Uttar Pradesh,Azamgarh,224166,150,-0.020496393811421876
2025-01-03,Uttar Pradesh,Rae Bareli,229209,156,-0.020496393811421876
2025-01-03,Karnataka,Belgaum,591119,176,-0.06398298666256919
2025-01-03,Himachal Pradesh,Kangra,176027,130,-0.020010862647033112
2025-01-03,Karnataka,Tumkur,572224,106,-0.0008565454691651375
2025-01-03,Karnataka,Hassan,573128,121,-0.03537824609441664
2025-01-03,Gujarat,Kachchh,370455,132,-0.04687000735313551
2025-01-03,Maharashtra,Parbhani,431537,156,-0.020496393811421876
2025-01-03,Chhattisgarh,Dakshin Bastar Dantewada,494553,137,-0.04409748351348919
2025-01-03,Tamil Nadu,Villupuram,604301,121,-0.015655833214371584
2025-01-03,Telangana,Mahabubnagar,509203,118,-0.0389588510730533
2025-01-03,Karnataka,Hassan,573112,226,-0.07749454537553302
2025-01-03,Himachal Pradesh,Shimla,171007,137,-0.04787776795796084
2025-01-03,Karnataka,Hassan,573135,158,-0.06715670514186067
2025-01-03,Telangana,Karimnagar,505416,127,-0.007024929055779228
2025-01-03,Karnataka,Bengaluru,560059,147,-0.045863609500151226
2025-01-03,Kerala,Thiruvananthapuram,695526,131,-0.021954959883767056
2025-01-03,Haryana,Jind,126111,151,-0.041851608788154526
2025-01-03,Jammu and Kashmir,Leh,194101,167,-0.06264458169841813
2025-01-03,Jharkhand,Garhwa,822133,150,-0.03835887771907054
2025-01-03,Karnataka,Udupi,576216,141,-0.018072019695479336
2025-01-03,West Bengal,Paschim Medinipur,721153,156,-0.0209822535907076
2025-01-03,Telangana,Kamareddy,503302,73,-0.006026864082991246
2025-01-03,Karnataka,Udupi,576108,106,-0.014849210196559048
2025-01-03,Karnataka,Belagavi,591303,163,-0.06449827883112036
2025-01-03,Chhattisgarh,Bijapur,494450,149,-0.0209822535907076
2025-01-03,Odisha,Jagatsinghapur,754109,154,-0.04135163386433305
2025-01-03,Bihar,Araria,854304,157,-0.04085199710229226
2025-01-03,Telangana,Nirmal,504109,108,-0.02254415061642101
2025-01-03,Telangana,Medak,502306,125,-0.0448585725562165
2025-01-03,Andhra Pradesh,Hyderabad,500080,103,-0.017689781941518934
2025-01-03,Karnataka,Mandya,571404,156,-0.051922474838906774
2025-01-03,Tamil Nadu,Thoothukkudi,628617,160,-0.024392491964376206
2025-01-03,Rajasthan,Sikar,332042,157,-0.0488868931599139
2025-01-03,Madhya Pradesh,Mandla,481672,155,-0.056499015629854155
2025-01-03,Gujarat,Kachchh,370625,135,-0.043854894681031875
2025-01-03,Tamil Nadu,Kanyakumari,629175,99,-0.00712508082361496
2025-01-03,Tamil Nadu,Dindigul,624208,162,-0.05956556166385096
2025-01-03,Karnataka,Davangere,577223,176,-0.06521999707884063
2025-01-03,Assam,Sonitpur,784178,147,-0.02146844220730204
2025-01-03,West Bengal,Cooch Behar,735304,166,-0.04737371719629624
2025-01-03,Tamil Nadu,Tiruppur,641658,127,-0.011806896142106948
2025-01-03,Odisha,Kendrapara,754289,144,-0.022928983307310857
2025-01-03,Telangana,Kamareddy,503114,166,-0.07279054545246455
2025-01-03,Telangana,Mahabubnagar,509216,107,-0.035786901112462854
2025-01-03,Tamil Nadu,Namakkal,637015,149,-0.02536981602227706
2025-01-03,Andhra Pradesh,Hyderabad,500005,147,-0.018072019695479336
2025-01-03,Himachal Pradesh,Shimla,171012,90,-0.006144321694946608
2025-01-03,Andhra Pradesh,Cuddapah,516339,126,-0.014210039883552184
2025-01-03,Karnataka,Chitradurga,577558,110,-0.023575985383253895
2025-01-03,Odisha,Bhadrak,756138,157,-0.052429604269118135
2025-01-03,Kerala,Thrissur,680584,145,-0.017588128274663495
2025-01-03,Andhra Pradesh,Ananthapur,515812,96,-0.029698176413698874
2025-01-03,Telangana,Hyderabad,500042,135,-0.043854894681031875
2025-01-03,Haryana,Karnal,132046,138,-0.03339786992447158
2025-01-03,Karnataka,Belgaum,591124,125,-0.050647875588593294
2025-01-03,Telangana,Karimnagar,505102,84,-0.01095556478963744
2025-01-03,Karnataka,Belgaum,591246,76,-0.017001133431200688
2025-01-03,Tamil Nadu,Tirupattur,635653,120,-0.015655833214371584
2025-01-03,Gujarat,Mahesana,384350,136,-0.04135163386433305
2025-01-03,Tamil Nadu,Ramanathapuram,623513,139,-0.014210039883552184
2025-01-03,Telangana,Jagitial,505425,139,-0.014210039883552184
2025-01-03,Karnataka,Belagavi,591113,75,-0.006979319453888966
2025-01-03,Kerala,Thiruvananthapuram,695124,128,-0.020496393811421876
2025-01-03,Tamil Nadu,Kanyakumari,629203,76,-0.008888101068890375
2025-01-03,Telangana,Warangal,506349,83,-0.02277151142156153
2025-01-03,Haryana,Hisar,125004,160,-0.051922474838906774
2025-01-03,Arunachal Pradesh,Lohit,792102,137,-0.014210039883552184
2025-01-03,Gujarat,Morbi,363630,80,-0.0029741357206677366
2025-01-03,Gujarat,Mahesana,382850,105,-0.024393829579958726
2025-01-03,Telangana,Karimnagar,505529,122,-0.03537824609441664
2025-01-03,Karnataka,Kalaburagi,585311,111,-0.0313652120175254
2025-01-03,Karnataka,Bangalore,560040,159,-0.0209822535907076
2025-01-03,Tamil Nadu,Thoothukkudi,628402,129,-0.008456123532558424
2025-01-03,Haryana,Panchkula,133301,119,-0.00179080541251464
2025-01-03,Andhra Pradesh,Ananthapur,515101,127,-0.04249019608771831
2025-01-03,Andhra Pradesh,Ananthapuramu,515408,106,-0.024393829579958726
2025-01-03,Haryana,Karnal,132023,143,-0.03488264947788777
2025-01-03,Himachal Pradesh,Mandi,171302,175,-0.07182629438989374
2025-01-03,Kerala,Thrissur,680542,110,-0.00607241200895503
2025-01-03,Maharashtra,Kolhapur,416118,160,-0.028800883634617636
2025-01-03,Kerala,Malappuram,679591,112,-0.012286874736844755
2025-01-03,Karnataka,Chitradurga,577524,140,-0.03488264947788777
2025-01-03,West Bengal,Paschim Bardhaman,713203,153,-0.04135163386433305
2025-01-03,West Bengal,Bankura,722149,142,-0.02585897420804073
2025-01-03,Jammu and Kashmir,Jammu,180011,149,-0.02536981602227706
2025-01-03,Karnataka,Kalaburagi,585317,104,-0.018658029936313825
2025-01-03,Gujarat,Gandhinagar,382620,132,-0.032409689870432024
2025-01-03,Kerala,Kozhikode,673601,163,-0.0448585725562165
2025-01-03,Odisha,Ganjam,761045,102,-0.00664859344681179
2025-01-03,Karnataka,Belgaum,591236,107,-0.029785524653197393
2025-01-03,Tamil Nadu,Tirunelveli,627103,118,-0.03736398910500893
2025-01-03,Karnataka,Tumakuru,572222,86,-0.00746890311671522
2025-01-03,Rajasthan,Jhunjhunun,333030,128,-0.01132724218448311
2025-01-03,Kerala,Thiruvananthapuram,695301,126,-0.011806896142106948
2025-01-03,Mizoram,Mamit,796471,144,-0.0448585725562165
2025-01-03,Karnataka,Gadag,582210,179,-0.06141174893340473
2025-01-03,Telangana,Hyderabad,500056,160,-0.06863319130095347
2025-01-03,Himachal Pradesh,Sirmaur,173024,168,-0.06161685255888916
2025-01-03,Kerala,Palakkad,678101,132,-0.008933834273290642
2025-01-03,Tamil Nadu,Thoothukkudi,628720,146,-0.04085199710229226
2025-01-03,Karnataka,Belagavi,591312,238,-0.0780189823730888
2025-01-03,Karnataka,Shivamogga,577243,98,-0.014282781447349291
2025-01-03,Odisha,Jagatsinghapur,754142,134,-0.04687000735313551
2025-01-03,Tamil Nadu,Kanniyakumari,629809,89,-0.012253884255617575
2025-01-03,Gujarat,Kheda,387370,147,-0.05293707693226213
2025-01-03,Odisha,Sundargarh,770016,151,-0.055989133822821
2025-01-03,Kerala,Thiruvananthapuram,695603,116,-0.006548509417373616
2025-01-03,Karnataka,Bangalore,560096,156,-0.02830973566640138
2025-01-03,Odisha,Jajapur,755024,128,-0.029945081981505695
2025-01-03,Odisha,Cuttack,753012,126,-0.011806896142106948
2025-01-03,Chhattisgarh,Sukma,494122,161,-0.05700924253267059
2025-01-03,Telangana,Jagitial,505529,141,-0.05090924474884673
2025-01-03,Himachal Pradesh,Kangra,176107,131,-0.008933834273290642
2025-01-03,Gujarat,Gir Somnath,362530,151,-0.05527615175452427
2025-01-03,Assam,Baksa,781343,105,-0.0008565454691651375
2025-01-03,Andhra Pradesh,Y. S. R,516362,99,-0.002848278070051835
2025-01-03,Karnataka,Tumkur,572141,118,-0.029945081981505695
2025-01-03,Kerala,Palakkad,679535,135,-0.030929924738145487
2025-01-03,Karnataka,Tumkur,572106,134,-0.04787776795796084
2025-01-03,Jharkhand,East Singhbhum,831008,131,-0.037861265130040844
2025-01-03,Karnataka,Belagavi,591236,83,-0.016246873158146102
2025-01-03,West Bengal,Paschim Bardhaman,713204,129,-0.008456123532558424
2025-01-03,Gujarat,Navsari,396380,100,-0.019598944834076537
2025-01-03,Bihar,Nalanda,803202,136,-0.04035269827331378
2025-01-03,Gujarat,Bharuch,392240,151,-0.06295344765488287
2025-01-03,Karnataka,Uttara Kannada,581318,164,-0.06264458169841813
2025-01-03,Gujarat,Tapi,394716,91,-0.019268367767999228
2025-01-03,Uttar Pradesh,Ayodhya,224195,159,-0.04939196806214852
2025-01-03,Assam,Cachar,788001,158,-0.02830973566640138
2025-01-03,Tamil Nadu,Villupuram,606301,144,-0.014210039883552184
2025-01-03,Gujarat,Mahesana,384205,167,-0.07279054545246455
2025-01-03,Himachal Pradesh,Mandi,175049,105,-0.013348843267027899
2025-01-03,Karnataka,Chikkamagaluru,577116,133,-0.0483821598688684
2025-01-03,Telangana,Nalgonda,508113,100,-0.027893052636053794
2025-01-03,Gujarat,Panchmahals,389390,170,-0.07122890004406812
2025-01-03,Telangana,Karimnagar,505425,136,-0.03686704941633723
2025-01-03,Odisha,Koraput,764040,128,-0.04737371719629624
2025-01-03,Odisha,Khorda,751017,156,-0.0483821598688684
2025-01-03,Telangana,Mancherial,504303,114,-0.0008453662486685998
2025-01-03,Andhra Pradesh,Hyderabad,500004,135,-0.016621327062420033
2025-01-03,Karnataka,Tumkur,572117,145,-0.02634846346352493
2025-01-03,Kerala,Alappuzha,690515,155,-0.020496393811421876
2025-01-03,Jammu and Kashmir,Srinagar,190019,117,-0.0013179259127977794
2025-01-03,Gujarat,Vadodara,391115,138,-0.03686704941633723
2025-01-03,Assam,Golaghat,785609,120,-0.012286874736844755
2025-01-03,Karnataka,Bengaluru,560089,130,-0.03736398910500893
2025-01-03,Andhra Pradesh,Nizamabad,503175,127,-0.03637044583654214
2025-01-03,Kerala,Kozhikode,673503,129,-0.008933834273290642
2025-01-03,Tamil Nadu,Virudhunagar,626141,123,-0.0041712403185090174
2025-01-03,Sikkim,East Sikkim,737103,112,-0.009890225939329311
2025-01-03,Telangana,Medak,502032,190,-0.07592336166471647
2025-01-03,Kerala,Ernakulam,682505,149,-0.017588128274663495
2025-01-03,Telangana,Karimnagar,505528,97,-0.025336217338170708
2025-01-03,Puducherry,Puducherry,605011,118,-0.0008453662486685998
2025-01-03,Andhra Pradesh,N. T. R,521215,127,-0.029945081981505695
2025-01-03,Karnataka,Belagavi,591130,133,-0.0460771537017427
2025-01-03,Karnataka,Udupi,576115,152,-0.046366638197896215
2025-01-03,Tamil Nadu,Tirunelveli,627355,138,-0.014691644962625094
2025-01-03,Maharashtra,Aurangabad,431009,152,-0.05547959687816306
2025-01-03,Andhra Pradesh,Karimnagar,505469,149,-0.018072019695479336
2025-01-03,Kerala,Kollam,691333,141,-0.018072019695479336
2025-01-03,Karnataka,Bangalore,560054,117,-0.015173575999360422
2025-01-03,Andhra Pradesh,Annamayya,516115,150,-0.04135163386433305
2025-01-03,Uttar Pradesh,Lucknow,226302,160,-0.0209822535907076
2025-01-03,Uttar Pradesh,Bulandshahr,203397,135,-0.014691644962625094
2025-01-03,Andhra Pradesh,Warangal,506303,116,-0.023088371314063494
2025-01-03,Himachal Pradesh,Mandi,175038,104,-0.008079023277260955
2025-01-03,Telangana,Karimnagar,505174,154,-0.056499015629854155
2025-01-03,Manipur,Churachandpur,795117,196,-0.07644673526117429
2025-01-03,Karnataka,Chickmagalur,577126,112,-0.022601087046297152
2025-01-03,Jammu and Kashmir,Rajouri,185155,107,-0.02016960492687747
2025-01-03,Punjab,Hoshiarpur,146102,133,-0.021954959883767056
2025-01-03,West Bengal,Jhargram,721505,83,-0.0053473482388904925
2025-01-03,Tamil Nadu,Kallakurichi,606301,140,-0.05090924474884673
2025-01-03,Telangana,Medak,502371,109,-0.02841291375510069
2025-01-03,Karnataka,Bengaluru,560063,158,-0.04085199710229226
2025-01-03,Maharashtra,Pune,411034,132,-0.021954959883767056
2025-01-03,Karnataka,Uttara Kannada,581342,111,-0.02792202819321532
2025-01-03,Odisha,Khorda,751029,164,-0.04135163386433305
2025-01-03,Manipur,Churachandpur,795139,145,-0.052429604269118135
2025-01-03,Odisha,Balangir,767061,165,-0.052429604269118135
2025-01-03,Telangana,Yadadri.,508115,153,-0.043854894681031875
2025-01-03,Karnataka,Tumakuru,572112,102,-0.017206149050067898
2025-01-03,Telangana,Medak,502278,109,-0.03562525977542674
2025-01-03,Tamil Nadu,Chengalpattu,603102,166,-0.06161685255888916
2025-01-03,Himachal Pradesh,Kangra,176401,161,-0.05497040456263014
2025-01-03,Karnataka,Shivamogga,577229,104,-0.024393829579958726
2025-01-03,Telangana,Peddapalli,505187,119,-0.025040808632271427
2025-01-03,Bihar,Darbhanga,847102,146,-0.018072019695479336
2025-01-03,Andhra Pradesh,Palnadu,522415,105,-0.013348843267027899
2025-01-03,Madhya Pradesh,Khandwa,450114,140,-0.05090924474884673
2025-01-03,Assam,Baksa,781333,133,-0.030929924738145487
2025-01-03,Andhra Pradesh,Hyderabad,500027,104,-0.001801999770665974
2025-01-03,Karnataka,Bengaluru,560002,134,-0.03686704941633723
2025-01-03,Gujarat,Devbhumi Dwarka,361325,121,-0.015655833214371584
2025-01-03,Andhra Pradesh,Tirupati,517583,162,-0.024392491964376206
2025-01-03,Tamil Nadu,Namakkal,637214,149,-0.02929236401926938
2025-01-03,Jammu and Kashmir,Pulwama,192305,79,-0.01143496719033199
2025-01-03,Uttar Pradesh,Ayodhya,224172,151,-0.041851608788154526
2025-01-03,Gujarat,Surat,394240,154,-0.05854199615227129
2025-01-03,Odisha,Ganjam,761052,135,-0.03438738806183872
2025-01-03,Madhya Pradesh,Jabalpur,482009,137,-0.031916101059116464
2025-01-03,West Bengal,Purba Medinipur,721647,116,-0.013247806716687793
2025-01-03,Nagaland,Niuland,797116,154,-0.05700924253267059
2025-01-03,Karnataka,Haveri,581128,141,-0.0460771537017427
2025-01-03,Mizoram,Serchhip,796161,148,-0.051415688409480076
2025-01-03,Punjab,Hoshiarpur,144528,124,-0.004646050984932315
2025-01-03,Andhra Pradesh,Hyderabad,500026,139,-0.04536092102962974
2025-01-03,Himachal Pradesh,Mandi,175003,85,-0.005088525649606268
2025-01-03,Karnataka,Dakshina Kannada,574324,100,-0.014211358628253512
2025-01-03,Assam,Cachar,788031,136,-0.03438738806183872
2025-01-03,Tamil Nadu,Tenkasi,627953,129,-0.03686704941633723
2025-01-03,Kerala,Kasaragod,671315,179,-0.06521999707884063
2025-01-03,Karnataka,Tumakuru,572214,128,-0.046366638197896215
2025-01-03,Karnataka,Belgaum,591111,92,-0.029698176413698874
2025-01-03,Karnataka,Belagavi,591107,78,-0.019268367767999228
2025-01-03,Odisha,Boudh,762020,166,-0.052429604269118135
2025-01-03,Kerala,Kannur,670582,165,-0.04737371719629624
2025-01-03,Karnataka,Vijayapura,586120,262,-0.07749454537553302
2025-01-03,Karnataka,Kalaburagi,585308,102,-0.02642244589079279
2025-01-03,Karnataka,Haveri,581210,193,-0.07644673526117429
2025-01-03,Gujarat,Bhavnagar,364765,120,-0.0460771537017427
2025-01-03,Telangana,Warangal,506221,150,-0.03835887771907054
2025-01-03,Gujarat,Tapi,393050,91,-0.020119907608910914
2025-01-03,Telangana,Nizamabad,503306,104,-0.02157064758577154
2025-01-03,Karnataka,Mysuru,570015,109,-0.0041712403185090174
2025-01-03,Himachal Pradesh,Kangra,176059,138,-0.041851608788154526
2025-01-03,Karnataka,Mysore,571101,169,-0.0687100765819878
2025-01-03,Karnataka,Belgaum,591136,90,-0.020605512576592933
2025-01-03,Haryana,Rewari,123103,117,-0.026508608138902878
2025-01-03,Tamil Nadu,Kanyakumari,629172,74,-0.006026864082991246
2025-01-03,Kerala,Kannur,670561,150,-0.018072019695479336
2025-01-03,Andhra Pradesh,Kurnool,518006,171,-0.06470421677075266
2025-01-03,Karnataka,Chikkamagaluru,577126,147,-0.06295344765488287
2025-01-03,Odisha,Sundergarh,770073,156,-0.043854894681031875
2025-01-03,Karnataka,Hassan,573101,75,-0.008888101068890375
2025-01-03,Kerala,Idukki,685551,147,-0.017588128274663495
2025-01-03,Bihar,Rohtas,802221,142,-0.03488264947788777
2025-01-03,Jharkhand,Lohardaga,835203,156,-0.020496393811421876
2025-01-03,Haryana,Rewari,122502,85,-0.0036641596523259157
2025-01-03,Bihar,Patna,801506,152,-0.028800883634617636
2025-01-03,Kerala,Ernakulam,683110,133,-0.021954959883767056
2025-01-03,Tamil Nadu,Kancheepuram,600123,102,-0.00664859344681179
2025-01-03,Gujarat,Sabarkantha,383275,141,-0.04963636908493507
2025-01-03,Telangana,Karimnagar,505405,174,-0.07018956269563192
2025-01-03,Mizoram,Lunglei,796581,151,-0.06295344765488287
2025-01-03,Tamil Nadu,Villupuram,605702,124,-0.035874178138293966
2025-01-03,Kerala,Malappuram,676510,132,-0.01132724218448311
2025-01-03,Andhra Pradesh,West Godavari,534243,163,-0.051415688409480076
2025-01-03,Kerala,Kollam,691537,146,-0.017588128274663495
2025-01-03,Telangana,Medak,502271,177,-0.07592336166471647
2025-01-03,Madhya Pradesh,Sagar,470111,121,-0.02552974414081588
2025-01-03,Odisha,JAJPUR,755016,146,-0.05293707693226213
2025-01-03,Andhra Pradesh,Hyderabad,500011,162,-0.04687000735313551
2025-01-03,Punjab,Shaheed Bhagat Singh Nagar,144522,140,-0.042351922102629724
2025-01-03,Telangana,Peddapalli,505212,114,-0.0008453662486685998
2025-01-03,Karnataka,Tumakuru,572111,136,-0.04787776795796084
2025-01-03,Andhra Pradesh,Dr. B. R. Ambedkar Konaseema,533201,173,-0.06315896801407728
2025-01-03,Andhra Pradesh,N. T. R,521456,165,-0.052429604269118135
2025-01-03,Andhra Pradesh,Anakapalli,531126,117,-0.026508608138902878
2025-01-03,Himachal Pradesh,Kullu,175141,94,-0.018145156054337086
2025-01-03,Haryana,Jhajjar,124142,149,-0.02536981602227706
2025-01-03,Telangana,Khammam,507123,170,-0.07279054545246455
2025-01-03,Madhya Pradesh,Bhind,477566,133,-0.04035269827331378
2025-01-03,Kerala,Idukki,685533,134,-0.018556238621388776
2025-01-03,Uttar Pradesh,Hapur,245201,148,-0.04536092102962974
2025-01-03,Uttarakhand,Pauri Garhwal,246162,160,-0.020496393811421876
2025-01-03,Maharashtra,Dharashiv,413501,163,-0.05803073256007596
2025-01-03,Madhya Pradesh,Jabalpur,482020,152,-0.04135163386433305
2025-01-03,Rajasthan,Sikar,332722,151,-0.028800883634617636
2025-01-03,Tamil Nadu,Tenkasi,627809,149,-0.0388568270998898
2025-01-03,Karnataka,Dharwad,580003,94,-0.017661215167197652
2025-01-03,Andhra Pradesh,Ananthapur,515004,107,-0.030843236223588977
2025-01-03,Karnataka,Belagavi,591244,87,-0.014176959997767358
2025-01-03,Uttar Pradesh,Kushinagar,274408,153,-0.028800883634617636
2025-01-03,Sikkim,South Sikkim,737134,146,-0.02634846346352493
2025-01-03,Andhra Pradesh,Ananthapur,515767,118,-0.03935511350044418
2025-01-03,Tamil Nadu,Salem,636014,119,-0.03438738806183872
2025-01-03,Karnataka,Belagavi,591117,220,-0.07435536384370367
2025-01-03,Tamil Nadu,Salem,637107,147,-0.02634846346352493
2025-01-03,Andhra Pradesh,Cuddapah,516349,149,-0.045863609500151226
2025-01-03,Karnataka,Kodagu,571214,153,-0.02830973566640138
2025-01-03,Odisha,Khorda,751018,163,-0.051922474838906774
2025-01-03,Tamil Nadu,Thoothukkudi,628809,142,-0.022441806842815493
2025-01-03,Karnataka,Ballari,583113,123,-0.035874178138293966
2025-01-03,Himachal Pradesh,Shimla,171217,121,-0.04085199710229226
2025-01-03,Karnataka,Vijayapura,586245,171,-0.04761745767976
2025-01-03,Tamil Nadu,Kancheepuram,600131,127,-0.008456123532558424
2025-01-03,Haryana,Yamuna Nagar,135106,145,-0.04085199710229226
2025-01-03,West Bengal,Purba Medinipur,721655,124,-0.004646050984932315
2025-01-03,Uttar Pradesh,Muzaffarnagar,247776,111,-0.0158136118055896
2025-01-03,Tamil Nadu,Virudhunagar,626118,123,-0.035874178138293966
2025-01-03,Goa,South Goa,403703,156,-0.05700924253267059
2025-01-03,Karnataka,Dakshina Kannada,574213,145,-0.052429604269118135
2025-01-03,Andhra Pradesh,Kurnool,518432,150,-0.046366638197896215
2025-01-03,Karnataka,Bangalore,560022,139,-0.018072019695479336
2025-01-03,Tamil Nadu,Kanniyakumari,629165,152,-0.020496393811421876
2025-01-03,Sikkim,East Sikkim,737106,139,-0.021954959883767056
2025-01-03,West Bengal,Nadia,741251,161,-0.04687000735313551
2025-01-03,Bihar,Gopalganj,841413,159,-0.04687000735313551
2025-01-03,Andhra Pradesh,Ananthapur,515801,107,-0.03232282522039176
2025-01-03,Kerala,Thiruvananthapuram,695561,156,-0.02830973566640138
2025-01-03,Uttar Pradesh,Bulandshahr,203395,175,-0.06367370247423976
2025-01-03,Kerala,Thiruvananthapuram,695582,134,-0.021954959883767056
2025-01-03,Telangana,Karimnagar,505331,161,-0.0443565638499519
2025-01-03,Chandigarh,Chandigarh,160023,139,-0.03488264947788777
2025-01-03,Telangana,K.v. Rangareddy,509360,85,-0.0036641596523259157
2025-01-03,Himachal Pradesh,Kangra,176058,166,-0.06264458169841813
2025-01-03,Karnataka,Dakshina Kannada,574236,142,-0.049897384806780076
2025-01-03,Kerala,Kozhikode,673014,116,-0.029945081981505695
2025-01-03,Jammu and Kashmir,Leh,194401,109,-0.02792202819321532
2025-01-03,Tamil Nadu,Kanniyakumari,629502,142,-0.02585897420804073
2025-01-03,Jammu and Kashmir,Baramula,193401,148,-0.046366638197896215
2025-01-03,Odisha,Kendujhar,758002,167,-0.05803073256007596
2025-01-03,Karnataka,Vijayanagara,583135,118,-0.0008453662486685998
2025-01-03,Kerala,Malappuram,679580,133,-0.011806896142106948
2025-01-03,Telangana,Medchal-malkajgiri,500051,140,-0.03935511350044418
2025-01-03,Andhra Pradesh,Ananthapuramu,515731,134,-0.0483821598688684
2025-01-03,Tamil Nadu,Virudhunagar,626108,136,-0.04035269827331378
2025-01-03,Telangana,Nizamabad,503202,119,-0.04085199710229226
2025-01-03,Tripura,Unakoti,799263,178,-0.06915163079892517
2025-01-03,Uttar Pradesh,Varanasi,221006,124,-0.028961570985874707
2025-01-03,Kerala,Ernakulam,683545,142,-0.04085199710229226
2025-01-03,Assam,Cachar,788011,125,-0.017588128274663495
2025-01-03,West Bengal,Purba Bardhaman,713166,167,-0.06161685255888916
2025-01-09,Jharkhand,Giridih,815312,129,-0.012215652232028917
2025-01-09,Jharkhand,Lohardaga,835302,113,-0.022041923563475785
2025-01-09,Jharkhand,Palamu,822118,105,-0.01848438690724874
2025-01-09,Assam,Dhubri,783334,111,-0.016707645921834824
2025-01-09,Assam,Hojai,782446,84,-0.0037429750492223857
2025-01-09,Assam,Marigaon,782126,98,-0.010677475844501183
2025-01-09,Bihar,Araria,854329,123,-0.0007864701413019537
2025-01-09,Bihar,Araria,854334,145,-0.000688513166225424
2025-01-09,Bihar,Bhagalpur,813210,132,-0.011735721809165267
2025-01-09,Bihar,East Champaran,845418,119,-0.005039433299992124
2025-01-09,Bihar,Gaya,824205,116,-0.00886294828815426
2025-01-09,Bihar,Gaya,824206,133,-0.015102063777855057
2025-01-09,Bihar,Gaya,824236,120,-0.03878293796699461
2025-01-09,Bihar,Patna,800001,110,-0.029872087254044444
2025-01-09,Bihar,Saran,841101,122,-0.010297877289722313
2025-01-09,Bihar,Sitamarhi,843302,161,-0.04528637912930522
2025-01-09,Bihar,West Champaran,845106,149,-0.05083414600462488
2025-01-09,Bihar,West Champaran,845450,122,-0.0026784690682879475
2025-01-09,Chhattisgarh,Balrampur,497118,138,-0.01751637372254311
2025-01-09,Chhattisgarh,Durg,491001,125,-0.010776834557486459
2025-01-09,Delhi,North East Delhi,110053,99,-0.006954234653231528
2025-01-09,West Bengal,Jalpaiguri,736202,155,-0.024808502200150073
2025-01-09,West Bengal,Malda,732201,87,-0.00137518084566024
2025-01-09,West Bengal,Murshidabad,742224,141,-0.01751637372254311
2025-01-09,West Bengal,Paschim Medinipur,721301,137,-0.008385285491688488
2025-01-09,West Bengal,Puruliya,723101,141,-0.000688513166225424
2025-01-09,West Bengal,Puruliya,723131,116,-0.00886294828815426
2025-01-09,West Bengal,South 24 Parganas,743349,128,-0.006954234653231528
2025-02-09,Assam,Darrang,784116,79,-0.002508188784349774
2025-02-09,Bihar,Bhagalpur,812005,108,-0.007904695100539927
2025-02-09,Bihar,Darbhanga,848213,155,-0.015888610023431782
2025-02-09,Bihar,East Champaran,845301,148,-0.03266541306099913
2025-02-09,Bihar,Gaya,824233,131,-0.026762263509447215
2025-02-09,Bihar,Gopalganj,841426,125,-0.02872465711488348
2025-02-09,Bihar,Jamui,811307,141,-0.03662755693035569
2025-02-09,Bihar,Kaimur (Bhabua),821101,122,-0.03914423334512518
2025-02-09,Bihar,Nalanda,803116,153,-0.013507972031776894
2025-02-09,Bihar,Samastipur,848134,126,-0.004069575440748263
2025-02-09,Bihar,Samastipur,848209,151,-0.027336699097737838
2025-02-09,Bihar,Samastipur,848501,116,-0.007021682460190304
2025-02-09,Bihar,Sheohar,843334,147,-0.004770946006281251
2025-02-09,Bihar,Sitamarhi,843314,110,-0.010294615608832713
2025-02-09,Bihar,West Champaran,845101,128,-0.017513078770980517
2025-02-09,Delhi,East Delhi,110096,108,-0.0331886949809741
2025-02-09,Delhi,North East Delhi,110094,176,-0.0780189823730888
2025-02-09,Delhi,North West Delhi,110052,78,-0.0006166500715729661
2025-02-09,Delhi,North West Delhi,110085,121,-0.03914423334512518
2025-02-09,Delhi,South Delhi,110044,130,-0.03474652614111773
2025-02-09,Jharkhand,Deoghar,815353,145,-0.011547255286938451
2025-01-09,Uttar Pradesh,Agra,283111,95,-0.024440080785356755
2025-01-09,Uttar Pradesh,Allahabad,212306,107,-0.026275829701856823
2025-01-09,Uttar Pradesh,Allahabad,212402,161,-0.07018956269563192
2025-01-09,Uttar Pradesh,Allahabad,221503,92,-0.019572927803592433
2025-01-09,Uttar Pradesh,Allahabad,221508,90,-0.020543725744696095
2025-01-09,Uttar Pradesh,Azamgarh,276404,128,-0.012215652232028917
2025-01-09,Uttar Pradesh,Bareilly,243001,117,-0.03381907072302015
2025-01-09,Uttar Pradesh,Chandauli,232103,136,-0.049317021595678745
2025-01-09,Uttar Pradesh,Chitrakoot,210208,107,-0.01574203534846086
2025-01-09,Uttar Pradesh,Deoria,274501,93,-0.008130149040034729
2025-01-09,Uttar Pradesh,Deoria,274509,95,-0.0255249624347077
2025-01-09,Uttar Pradesh,Ghazipur,233001,169,-0.06915163079892517
2025-01-09,Uttar Pradesh,Ghazipur,233302,90,-0.021817644992024654
2025-01-09,Uttar Pradesh,Ghazipur,233305,71,-0.0018467309005791854
2025-01-09,Uttar Pradesh,Gorakhpur,273165,81,-0.017293506012345028
2025-01-09,Uttar Pradesh,Jaunpur,222125,84,-0.013775646253702534
2025-01-09,Uttar Pradesh,Jaunpur,222203,85,-0.006594921702351653
2025-01-09,Uttar Pradesh,Kannauj,209727,107,-0.026275829701856823
2025-01-09,Uttar Pradesh,Kanpur Nagar,209202,113,-0.03613449609719033
2025-01-09,Uttar Pradesh,Kanpur Nagar,209206,159,-0.05897768964242933
2025-01-09,Uttar Pradesh,Kaushambi,212206,73,-0.011035199945158225
2025-01-09,Uttar Pradesh,Kushinagar,274149,98,-0.02884876312117679
2025-01-09,Uttar Pradesh,Kushinagar,274406,92,-0.022002387987024252
2025-01-09,Uttar Pradesh,Kushinagar,274802,110,-0.029872087254044444
2025-01-09,Uttar Pradesh,Maharajganj,273157,95,-0.019194573061006692
2025-01-09,Uttar Pradesh,Maharajganj,273162,152,-0.05693353157713765
2025-01-09,Uttar Pradesh,Mau,221603,80,-0.009120615395204257
2025-01-09,Uttar Pradesh,Meerut,250001,134,-0.016549669540931178
2025-01-09,Uttar Pradesh,Mirzapur,231305,83,-0.006594921702351653
2025-01-09,Uttar Pradesh,Pilibhit,262122,127,-0.01945371086755443
2025-01-09,Uttar Pradesh,Pratapgarh,230204,100,-0.013657393325531175
2025-01-09,Uttar Pradesh,Sant Kabir Nagar,272165,101,-0.031309655958073335
2025-01-09,Uttar Pradesh,Shahjahanpur,242307,108,-0.006001813203443729
2025-01-09,Uttar Pradesh,Siddharthnagar,272189,85,-0.015220556974726462
2025-01-09,Uttar Pradesh,Sonbhadra,231210,174,-0.0651434620710728
2025-01-09,Uttar Pradesh,Sultanpur,228001,144,-0.0498223876153987
2025-01-09,Uttar Pradesh,Sultanpur,228145,116,-0.038122288553396055
2025-01-09,Uttar Pradesh,Sultanpur,228161,98,-0.02884876312117679
2025-01-09,Uttar Pradesh,Varanasi,221202,78,-0.0018467309005791854
2025-01-09,West Bengal,Birbhum,731219,104,-0.001801999770665974
2025-01-09,West Bengal,Cooch Behar,736172,145,-0.026275829701856823
2025-01-09,Maharashtra,Thane,401107,122,-0.0007864701413019537
2025-02-09,Jharkhand,Garhwa,822114,115,-0.01702956539404099
2025-02-09,Madhya Pradesh,Chhatarpur,471515,116,-0.03178052919734875
2025-02-09,Madhya Pradesh,Sidhi,486771,140,-0.011704124724755793
2025-02-09,Madhya Pradesh,Singrauli,486882,112,-0.03220079778532159
2025-02-09,Manipur,Thoubal,795103,128,-0.03178052919734875
2025-02-09,Manipur,Thoubal,795138,133,-0.019450406986637803
2025-03-09,Telangana,Siddipet,502108,144,-0.027844549914771033
2025-03-09,Telangana,Vikarabad,501142,119,-0.0205217650380094
2025-03-09,Uttar Pradesh,Agra,282001,125,-0.03516850428458018
2025-03-09,Uttar Pradesh,Allahabad,212301,153,-0.05577349231642892
2025-03-09,Uttar Pradesh,Allahabad,221505,86,-0.0017772215540288183
2025-03-09,Uttar Pradesh,Bareilly,243303,88,-0.013263954848519943
2025-03-09,Uttar Pradesh,Bijnor,246762,116,-0.027281314085251474
2025-03-09,Uttar Pradesh,Budaun,243633,134,-0.04514832176145833
2025-03-09,Uttar Pradesh,Chitrakoot,210205,122,-0.031214236481066027
2025-03-09,Uttar Pradesh,Ghazipur,233001,109,-0.022882147379481355
2025-03-09,Uttar Pradesh,Ghazipur,233227,99,-0.010801862267873497
2025-03-09,Uttar Pradesh,Ghazipur,275204,83,-0.0016632055276500912
2025-03-09,Uttar Pradesh,Gonda,271504,95,-0.0027734782760827636
2025-03-09,Uttar Pradesh,Jaunpur,222161,99,-0.016574901279329035
2025-03-09,Uttar Pradesh,Kushinagar,274149,94,-0.01937846553148359
2025-03-09,Uttar Pradesh,Kushinagar,274402,139,-0.04716054178182927
2025-03-09,Uttar Pradesh,Lucknow,226003,148,-0.029809876527966295
2025-03-09,Uttar Pradesh,Maharajganj,273163,99,-0.023369621873167712
2025-03-09,Uttar Pradesh,Mahoba,210427,91,-0.013603790286502937
2025-03-09,Uttar Pradesh,Mau,275101,142,-0.04816869579600691
2025-03-09,Uttar Pradesh,Saharanpur,247554,102,-0.007526583099283779
2025-03-09,Uttar Pradesh,Shahjahanpur,242042,107,-0.018994202169760332
2025-03-09,Uttar Pradesh,Siddharthnagar,272189,88,-0.007953738777318642
2025-03-09,Uttar Pradesh,Sitapur,261135,157,-0.05526410122251724
2025-03-09,Uttar Pradesh,Unnao,241504,116,-0.034673049528493705
2025-03-09,West Bengal,Birbhum,731214,121,-0.00712052816052966
2025-03-09,West Bengal,Birbhum,731224,163,-0.05425838662968607
2025-03-09,West Bengal,Cooch Behar,736146,163,-0.036245791758808044
2025-03-09,West Bengal,Jalpaiguri,735224,137,-0.0031098393155077897
2025-03-09,West Bengal,Malda,732140,132,-0.011423425194624137
2025-04-09,Delhi,North East Delhi,110053,115,-0.013119715971965706
2025-04-09,Delhi,North West Delhi,110086,154,-0.057361414750867756
2025-04-09,Delhi,South Delhi,110044,134,-0.009750880735855172
2025-04-09,Haryana,Gurgaon,122001,167,-0.0550459184739609
2025-04-09,Jharkhand,West Singhbhum,833201,120,-0.012638634024199069
2025-03-09,Bihar,Darbhanga,847201,97,-0.0013538065012357325
2025-03-09,Bihar,East Champaran,845437,144,-0.01962295556600513
2025-03-09,Bihar,Kaimur (Bhabua),821101,140,-0.020593821249130673
2025-03-09,Bihar,Saran,841301,137,-0.02392981731720767
2025-03-09,Bihar,West Champaran,845453,155,-0.02989450915807723
2025-03-09,Haryana,Panipat,132103,114,-0.028753665896345315
2025-03-09,Madhya Pradesh,Singrauli,486882,122,-0.02539535948913163
2025-03-09,Madhya Pradesh,Alirajpur,457990,91,-0.012141166683443116
2025-03-09,Madhya Pradesh,Morena,476001,165,-0.059861052180106955
2025-04-09,Telangana,Siddipet,502108,128,-0.001734411561796545
2025-05-09,Delhi,North West Delhi,110086,126,-0.002320634179574954
2025-05-09,Haryana,Gurgaon,122001,150,-0.045759327797324834
2025-05-09,Manipur,Bishnupur,795133,154,-0.03775810622804476
2025-04-09,Manipur,Thoubal,795148,153,-0.011346826092656248
2025-05-09,Uttar Pradesh,Budaun,243601,147,-0.040748418573723355
2025-04-09,Uttar Pradesh,Allahabad,212402,111,-0.008229344561046736
2025-04-09,Uttar Pradesh,Bahraich,271865,126,-0.02523899060002277
2025-04-09,Uttar Pradesh,Bareilly,243505,125,-0.028441316874126654
2025-04-09,Uttar Pradesh,Budaun,243639,109,-0.0011046236217943095
2025-04-09,Uttar Pradesh,Bulandshahr,203131,123,-0.019881007272130935
2025-04-09,Uttar Pradesh,Faizabad,224001,105,-0.00047778825971800387
2025-04-09,Uttar Pradesh,Fatehpur,212601,177,-0.06015389061221388
2025-04-09,Uttar Pradesh,Hapur,245101,166,-0.05453701948006151
2025-04-09,Uttar Pradesh,Maharajganj,273164,127,-0.02932214830441693
2025-04-09,Uttar Pradesh,Mau,276403,117,-0.010620365196027826
2025-04-09,Uttar Pradesh,Rampur,244922,101,-0.002744828573060021
2025-04-09,Uttar Pradesh,Sambhal,244302,176,-0.06015389061221388
2025-04-09,Uttar Pradesh,Shrawasti,271831,120,-0.012638634024199069
2025-04-09,West Bengal,Bankura,722101,154,-0.011346826092656248
2025-04-09,West Bengal,Cooch Behar,736167,146,-0.008475628100656163
2025-07-09,Uttar Pradesh,Ghaziabad,201102,117,-0.012704003655478857
2025-07-09,Uttar Pradesh,Saharanpur,247001,115,-0.017524524862248314
2025-08-09,Bihar,Begusarai,851111,136,-0.004684034871681342
2025-08-09,Bihar,Darbhanga,847203,155,-0.012805601486794993
2025-08-09,Bihar,East Champaran,845303,155,-0.028018636339262715
2025-08-09,Bihar,Gaya,824231,141,-0.034848775132312326
2025-08-09,Bihar,Jamui,811314,113,-0.005790233023777902
2025-08-09,Bihar,Lakhisarai,811106,142,-0.005159192605278862
2025-08-09,Bihar,Madhubani,847228,149,-0.0048033260242221765
2025-08-09,Bihar,Munger,811211,151,-0.004328408983649279
2025-08-09,Bihar,Patna,803212,152,-0.01088623209665518
2025-08-09,Bihar,Rohtas,821304,152,-0.006230006602862548
2025-08-09,Bihar,Vaishali,844505,149,-0.0048033260242221765
2025-08-09,Chhattisgarh,Bastar,494223,128,-0.02208084869255955
2025-08-09,Chhattisgarh,Dhamtari,493773,125,-0.0032604890605039127
2025-08-09,Haryana,Faridabad,121001,128,-0.035344348822167415
2025-06-09,Madhya Pradesh,Datia,475661,82,-0.0016903181376437537
2025-10-09,Jharkhand,West Singhbhum,833201,134,-0.011586928820559339
2025-10-09,Bihar,Bhagalpur,812005,136,-0.0077599559721389655
2025-10-09,Bihar,East Champaran,845422,134,-0.0044283047767017525
2025-10-09,Bihar,Gaya,824217,133,-0.004903289428270785
2025-10-09,Chhattisgarh,Bemetara,491335,141,-0.005378595556696175
2025-10-09,Chhattisgarh,Durg,491001,156,-0.021245478118172012
2025-10-09,Chhattisgarh,Mungeli,495115,160,-0.02710365436886575
2025-10-09,Gujarat,Rajkot,360004,117,-0.009670853120472112
2025-10-09,Telangana,Vikarabad,501144,141,-0.04012387676488316
2025-10-09,Uttar Pradesh,Allahabad,212301,166,-0.04663916434002635
2025-10-09,Uttar Pradesh,Azamgarh,276404,99,-0.0001670252247703008
2025-10-09,Uttar Pradesh,Bareilly,243302,131,-0.0351509675354198
2025-10-09,Uttar Pradesh,Bareilly,243505,181,-0.056775254584879975
2025-10-09,Uttar Pradesh,Budaun,243638,193,-0.059330780810426864
2025-10-09,Uttar Pradesh,Gorakhpur,273165,99,-0.004798008750470983
2025-10-09,Uttar Pradesh,Gorakhpur,273402,101,-0.004427451276961092
2025-10-09,Uttar Pradesh,Hardoi,241123,106,-0.008055987621552907
2025-10-09,Uttar Pradesh,Hardoi,241301,96,-0.0025307253995293655
2025-10-09,Uttar Pradesh,Hardoi,241304,103,-0.0036751574555781152
2025-10-09,Uttar Pradesh,Kanpur Nagar,209206,130,-0.03119679439647549
2025-10-09,Rajasthan,Jaipur,302012,162,-0.01688295361306602
2025-09-09,Uttar Pradesh,Azamgarh,276204,104,-0.007860212247726817
2025-09-09,Uttar Pradesh,Balrampur,271604,142,-0.041548155670496745
2025-09-09,Uttar Pradesh,Basti,272002,171,-0.052226983360508794
2025-09-09,Uttar Pradesh,Bijnor,246725,122,-0.030704025936088897
2025-09-09,Uttar Pradesh,Bulandshahr,202393,133,-0.03525376058109464
2025-09-09,Uttar Pradesh,Chandauli,232106,104,-0.007860212247726817
2025-09-09,Uttar Pradesh,Chitrakoot,210205,137,-0.040548954331390163
2025-09-09,Uttar Pradesh,Deoria,274204,130,-0.03962507040554286
2025-09-09,Uttar Pradesh,Etah,207247,117,-0.027263966154224883
2025-09-09,Uttar Pradesh,Hardoi,241124,143,-0.04757184106483625
2025-09-09,Uttar Pradesh,Hardoi,241303,112,-0.0083933325179818
2025-09-09,Uttar Pradesh,Kasganj,207242,137,-0.042122480485458746
2025-09-09,Uttar Pradesh,Kaushambi,212216,147,-0.04825546512590473
2025-09-09,Uttar Pradesh,Kaushambi,212217,112,-0.020375766738975676
2025-09-09,Uttar Pradesh,Kushinagar,274401,144,-0.04757184106483625
2025-09-09,Uttar Pradesh,Lalitpur,284403,164,-0.05262907316163279
2025-09-09,Uttar Pradesh,Maharajganj,273162,142,-0.04656449415194808
2025-09-09,Uttar Pradesh,Mirzapur,231211,170,-0.05782659803005474
2025-09-09,Uttar Pradesh,Pratapgarh,230135,96,-0.004371952055653772
2025-09-09,Uttar Pradesh,Saharanpur,247554,156,-0.04254871001672711
2025-09-09,Uttar Pradesh,Sant Kabir Nagar,272125,117,-0.021404493595914675
2025-09-09,Uttar Pradesh,Sant Ravidas Nagar,221404,96,-0.007598492633906995
2025-09-09,Uttar Pradesh,Shahjahanpur,242401,163,-0.05262907316163279
2025-09-09,Uttar Pradesh,Sitapur,261135,143,-0.04757184106483625
2025-09-09,Uttar Pradesh,Sitapur,261201,144,-0.031123674043968763
2025-09-09,Uttarakhand,Udham Singh Nagar,262308,108,-0.012647849907353126
2025-09-09,West Bengal,Malda,732139,151,-0.027681631464011702
2025-09-09,West Bengal,Murshidabad,742201,150,-0.03656564249101191
2025-09-09,Telangana,Vikarabad,501144,108,-0.012647849907353126
2025-09-09,Uttar Pradesh,Amroha,244221,170,-0.05833772346088684
2025-09-09,Uttar Pradesh,Amroha,244241,145,-0.04104838598946192
2025-10-09,Uttar Pradesh,Kaushambi,212216,128,-0.02740780705273982
2025-10-09,Uttar Pradesh,Kheri,261501,110,-0.009827307344694614
2025-10-09,Uttar Pradesh,Kheri,262902,170,-0.05017120472242276
2025-10-09,Uttar Pradesh,Kushinagar,274802,175,-0.056775254584879975
2025-10-09,Uttar Pradesh,Maharajganj,273162,126,-0.03168989637007136
2025-10-09,Uttar Pradesh,Maharajganj,273163,110,-0.012546049638288759
2025-10-09,Uttar Pradesh,Maharajganj,273164,152,-0.04412650044353905
2025-10-09,Uttar Pradesh,Moradabad,244501,108,-0.009967687018829108
2025-10-09,Uttar Pradesh,Rampur,244921,158,-0.03862846957291832
2025-10-09,Uttar Pradesh,Sant Ravidas Nagar,221304,115,-0.01994704370426914
2025-10-09,Uttar Pradesh,Shahjahanpur,242401,172,-0.05270435206739621
2025-10-09,Uttar Pradesh,Sitapur,261141,140,-0.03218333208260349
2025-10-09,Uttar Pradesh,Sitapur,261303,123,-0.024328283224816616
2025-10-09,Uttar Pradesh,Sonbhadra,231208,112,-0.002058196066680784
2025-10-09,Uttar Pradesh,Unnao,209821,131,-0.027754406329686065
2025-10-09,Uttar Pradesh,Unnao,241503,169,-0.05067714886631025
2025-10-09,Uttarakhand,Haridwar,247667,141,-0.02416862090885996
2025-10-09,West Bengal,Malda,732201,157,-0.025145641825520815
2025-10-09,West Bengal,Murshidabad,742308,160,-0.02710365436886575
2025-09-09,West Bengal,Puruliya,723101,156,-0.012874928271794928
2025-09-09,West Bengal,Puruliya,723131,154,-0.018521149072131204
2025-09-09,West Bengal,Puruliya,723202,122,-0.022377771639343624
2025-12-09,Bihar,Aurangabad,824124,109,-0.0083933325179818
2025-12-09,Bihar,Bhagalpur,853202,136,-0.03260383284002788
2025-12-09,Bihar,Darbhanga,847203,137,-0.030630955039079644
2025-12-09,Bihar,East Champaran,845302,155,-0.04215202453737488
2025-12-09,Bihar,Gaya,804403,124,-0.028838175598886795
2025-12-09,Bihar,Madhepura,852210,154,-0.018948434429568284
2025-12-09,Bihar,Madhubani,847226,127,-0.00015452724220210712
2025-12-09,Bihar,Patna,801109,152,-0.011715477807457186
2025-12-09,Bihar,Patna,801505,133,-0.02084625944996632
2025-12-09,Bihar,Patna,804451,100,-0.007482124094783105
2025-12-09,Chhattisgarh,Bastar,494010,130,-0.002044813597158024
2025-12-09,Chhattisgarh,Bastar,494442,128,-0.03525376058109464
2025-12-09,Chhattisgarh,Bemetara,491335,147,-0.05425838662968607
2025-12-09,Chhattisgarh,Durg,491001,140,-0.0431533965755424
2025-12-09,Delhi,East Delhi,110091,84,-0.00016331303688776888
2025-12-09,Delhi,East Delhi,110092,144,-0.052734318886731635
2025-12-09,Delhi,North East Delhi,110053,115,-0.03420521220139516
2025-12-09,Delhi,North West Delhi,110085,112,-0.01762484441255774
2025-12-09,Delhi,South Delhi,110044,127,-0.025232991249156123
2025-11-09,Madhya Pradesh,Singrauli,486886,176,-0.06956279917220376
2025-11-09,Maharashtra,Thane,401107,161,-0.04254871001672711
2025-11-09,Manipur,Bishnupur,795133,130,-0.04505602731767566
2025-11-09,Bihar,Lakhisarai,811106,107,-0.009278064645312667
2025-11-09,Bihar,Lakhisarai,811302,154,-0.03706237818287961
2025-11-09,Bihar,Muzaffarpur,842002,127,-0.012475664408710507
2025-11-09,Bihar,Patna,800001,106,-0.01890515868282694
2025-11-09,Bihar,Purnia,854203,140,-0.000688455737772653
2025-11-09,Bihar,Rohtas,821113,153,-0.0280118415710926
2025-11-09,Bihar,Sitamarhi,843327,152,-0.015022457239216691
2025-11-09,Bihar,Vaishali,844101,152,-0.023120604112657483
2025-11-09,Bihar,Vaishali,844504,140,-0.03458205716096319
2025-11-09,Delhi,North West Delhi,110034,87,-0.0019464735100935826
2025-11-09,Delhi,South West Delhi,110043,97,-5.6452937554518634e-05
2025-11-09,Delhi,West Delhi,110041,147,-0.056699567112973304
2025-11-09,Gujarat,Ahmedabad,382350,97,-5.6452937554518634e-05
2025-11-09,Haryana,Faridabad,121001,127,-0.025232991249156123
2025-11-09,Haryana,Hisar,125001,130,-0.049590628848495966
2025-11-09,West Bengal,Bankura,722101,153,-0.038554603358566086
2025-11-09,West Bengal,Cooch Behar,736157,125,-0.004357870977979017
2025-11-09,West Bengal,Jalpaiguri,736121,139,-0.004741536403303104
2025-11-09,West Bengal,Murshidabad,742147,111,-0.007368229081053057
2025-11-09,West Bengal,Murshidabad,742308,129,-0.03309788711870154
2025-11-09,West Bengal,Nadia,741137,112,-0.019389941489909468
2025-12-09,Madhya Pradesh,Indore,452001,125,-0.021991900278477305
2025-12-09,Madhya Pradesh,Umaria,484661,94,-0.0035789466768665346
2025-12-09,Maharashtra,Thane,401107,146,-0.03606924277004586
2025-12-09,Maharashtra,Thane,421301,126,-0.02484558913733581
2025-11-09,Bihar,Sitamarhi,843317,149,-0.011628165662332157
2025-11-09,Bihar,Vaishali,844122,155,-0.0280118415710926
2025-11-09,Bihar,Vaishali,844505,120,-0.0010422943162099463
2025-11-09,Bihar,West Champaran,845452,112,-0.004357870977979017
2025-11-09,Chhattisgarh,Bastar,494224,130,-0.00864389410488009
2025-11-09,Chhattisgarh,Bemetara,491335,129,-0.03557317879274535
2025-11-09,Chhattisgarh,Bilaspur,495001,132,-0.025232991249156123
2025-11-09,Chhattisgarh,Mahasamund,493449,113,-0.015038681529738529
2025-11-09,Chhattisgarh,Rajnandgaon,491441,108,-0.007368229081053057
2025-11-09,Gujarat,Surat,395006,141,-0.031123674043968652
2025-11-09,Haryana,Sonipat,131001,134,-0.029646516566459113
2025-11-09,Jharkhand,Pakur,816107,125,-0.0460613316328482
2025-11-09,Jharkhand,Palamu,822122,128,-0.03557317879274535
2025-11-09,Madhya Pradesh,Barwani,451666,102,-0.02064473050154103
2025-11-09,Madhya Pradesh,Datia,475661,145,-0.056699567112973304
2025-11-09,Madhya Pradesh,Ratlam,457001,153,-0.05212180881914352
2025-11-09,Madhya Pradesh,Sheopur,476337,113,-0.02719124051037547
2025-11-09,Tamil Nadu,Krishnagiri,635109,95,-0.001473488723094163
2025-01-03,Karnataka,Hassan,573144,76,-0.010476486636343596
2025-01-03,Bihar,Patna,804423,113,-0.023088371314063494
2025-01-03,Karnataka,Belgaum,591118,83,-0.013355823658457333
2025-01-03,Tamil Nadu,Chennai,600006,144,-0.03835887771907054
2025-01-03,Karnataka,Belagavi,591248,197,-0.07018956269563192
2025-01-03,Andhra Pradesh,Chittoor,517291,155,-0.020496393811421876
2025-01-03,Andhra Pradesh,Prakasam,523291,126,-0.006548509417373616
2025-01-03,Gujarat,Chhotaudepur,391155,95,-0.022895498093215005
2025-01-03,Karnataka,Belgaum,591232,181,-0.06811510245341534
2025-01-03,Andhra Pradesh,Visakhapatnam,530053,111,-0.008933834273290642
2025-01-03,Telangana,Karimnagar,505452,177,-0.07592336166471647
2025-01-03,Gujarat,Sabarkantha,383355,145,-0.05040314362517251
2025-01-03,Telangana,Nalgonda,508105,107,-0.028383918586840196
2025-01-03,Bihar,Gopalganj,841243,162,-0.04687000735313551
2025-01-03,Andhra Pradesh,Annamayya,517297,123,-0.035874178138293966
2025-01-03,Telangana,Narayanpet,509130,142,-0.04787776795796084
2025-01-03,Tamil Nadu,Dindigul,624004,156,-0.04939196806214852
2025-01-03,Chandigarh,Chandigarh,160003,180,-0.06521999707884063
2025-01-03,Karnataka,Hassan,573213,189,-0.07644673526117429
2025-01-03,Andhra Pradesh,Anakapalli,531035,116,-0.006548509417373616
2025-01-03,Jammu and Kashmir,Jammu,181123,108,-0.005121183010455943
2025-01-03,Mizoram,Aizawl,796036,129,-0.008933834273290642
2025-01-03,Karnataka,Belagavi,591233,194,-0.07435536384370367
2025-01-03,Tamil Nadu,Erode,638316,135,-0.014691644962625094
2025-01-03,Karnataka,Dakshina Kannada,574224,140,-0.05090924474884673
2025-01-03,Punjab,Ludhiana,141017,143,-0.014691644962625094
2025-01-03,Telangana,Karimnagar,505188,140,-0.042351922102629724
2025-01-03,Gujarat,Valsad,396030,125,-0.04963636908493507
2025-01-03,Karnataka,Belgaum,591242,106,-0.029698176413698874
2025-01-03,Madhya Pradesh,Chhatarpur,471202,93,-0.019977513091222976
2025-01-03,Andhra Pradesh,Parvathipuram Manyam,535526,120,-0.030929924738145487
2025-01-03,Telangana,K.v. Rangareddy,501144,158,-0.051415688409480076
2025-01-03,Tripura,Unakoti,799279,105,-0.011963823033712573
2025-01-03,Telangana,Warangal,506163,79,-0.015198953537210569
2025-01-03,Karnataka,Udupi,574106,158,-0.051415688409480076
2025-01-03,Andhra Pradesh,Nandyal,518196,99,-0.002848278070051835
2025-01-03,Kerala,Ernakulam,683594,160,-0.0209822535907076
2025-01-03,Karnataka,Bijapur,586212,111,-0.03037978064039526
2025-01-03,Karnataka,Davangere,577231,89,-0.0036641596523259157
2025-01-03,Andhra Pradesh,Ananthapuramu,515767,103,-0.02642244589079279
2025-01-03,Jammu and Kashmir,Ganderbal,190006,127,-0.03637044583654214
2025-01-03,Gujarat,Arvalli,383251,126,-0.04249019608771831
2025-01-03,Gujarat,Jamnagar,361220,229,-0.07749454537553302
2025-01-03,Kerala,Ernakulam,682305,137,-0.014210039883552184
2025-01-03,Telangana,Peddapalli,505525,118,-0.012286874736844755
2025-01-03,Assam,Nalbari,781371,153,-0.020496393811421876
2025-01-03,Uttar Pradesh,Prayagraj,228411,143,-0.02585897420804073
2025-01-03,Haryana,Sonipat,131304,118,-0.012286874736844755
2025-01-03,Odisha,Jajapur,755017,139,-0.04939196806214852
2025-01-03,Nagaland,Chumukedima,797103,163,-0.051415688409480076
2025-01-03,Maharashtra,Mumbai Suburban,400029,111,-0.029453160126176492
2025-01-03,Karnataka,Bijapur,586206,112,-0.03068268483832859
2025-01-03,Uttarakhand,Pithoragarh,262544,147,-0.02146844220730204
2025-01-03,Andhra Pradesh,Visakhapatnam,531019,105,-0.004646050984932315
2025-01-03,Gujarat,Morbi,363670,143,-0.05090924474884673
2025-01-03,Tamil Nadu,Tirunelveli,627813,144,-0.052429604269118135
2025-01-03,Karnataka,Belagavi,591265,116,-0.0460771537017427
2025-01-03,Karnataka,Chikkamagaluru,577134,126,-0.04536092102962974
2025-01-03,Madhya Pradesh,Maihar,485772,131,-0.018556238621388776
2025-01-03,Rajasthan,Rajsamand,313204,162,-0.028800883634617636
2025-01-03,Andhra Pradesh,Anakapalli,531031,115,-0.006548509417373616
2025-01-03,Tamil Nadu,Villupuram,605652,115,-0.0008453662486685998
2025-01-03,Assam,Karbi Anglong,782446,99,-0.012288189917392667
2025-01-03,Odisha,Gajapati,761210,122,-0.028961570985874707
2025-01-03,Gujarat,Vadodara,392310,76,-0.008888101068890375
2025-01-03,Gujarat,Kachchh,370435,199,-0.07697046308486433
2025-01-03,West Bengal,Purba Bardhaman,713519,123,-0.004646050984932315
2025-01-03,Karnataka,Ballari,583117,159,-0.05905360577546326
2025-01-03,Manipur,Churachandpur,795006,149,-0.05425838662968607
2025-01-03,Karnataka,Gulbarga,585312,104,-0.01817374216308687
2025-01-03,Karnataka,Tumkur,572102,118,-0.025040808632271427
2025-01-03,Madhya Pradesh,Sehore,466661,148,-0.056499015629854155
2025-01-03,Uttar Pradesh,Bulandshahr,203396,134,-0.013247806716687793
2025-01-03,Madhya Pradesh,Narsinghpur,487771,152,-0.023904325644850455
2025-01-03,Assam,Hailakandi,788150,152,-0.04536092102962974
2025-01-03,Himachal Pradesh,Mandi,175106,122,-0.008933834273290642
2025-01-03,Telangana,Nalgonda,508201,136,-0.06038568690123447
2025-01-03,Himachal Pradesh,Mandi,171304,150,-0.045863609500151226
2025-01-03,Odisha,Khorda,751015,129,-0.045863609500151226
2025-01-03,Kerala,Kannur,670005,138,-0.014210039883552184
2025-01-03,Gujarat,Gandhinagar,382320,111,-0.008933834273290642
2025-01-03,Madhya Pradesh,Niwari,472338,105,-0.004646050984932315
2025-01-03,Gujarat,Bharuch,392155,141,-0.04085199710229226
2025-01-03,Karnataka,Belagavi,591242,85,-0.01963463108378205
2025-01-03,Tamil Nadu,Virudhunagar,626128,111,-0.004646050984932315
2025-01-03,Kerala,Ernakulam,686681,152,-0.037861265130040844
2025-01-03,Tamil Nadu,Chennai,600008,132,-0.01132724218448311
2025-01-03,Kerala,Ernakulam,683516,151,-0.028800883634617636
2025-01-03,Jammu and Kashmir,Srinagar,190021,118,-0.0013179259127977794
2025-01-03,Karnataka,Belagavi,591121,84,-0.011914694057882813
2025-01-03,Karnataka,Bengaluru,560046,160,-0.051922474838906774
2025-01-03,Andhra Pradesh,Ananthapuramu,515591,105,-0.024393829579958726
2025-01-03,Telangana,Mahabubnagar,509350,105,-0.0370425046935734
2025-01-03,Odisha,Cuttack,754002,133,-0.03488264947788777
2025-01-03,Jammu and Kashmir,Anantnag,192210,158,-0.056499015629854155
2025-01-03,Bihar,Khagaria,848201,147,-0.017588128274663495
2025-01-03,Gujarat,Junagadh,362625,135,-0.044569675047885116
2025-01-03,Maharashtra,Nagpur,440006,122,-0.008933834273290642
2025-01-03,Telangana,Jagitial,505454,153,-0.056499015629854155
2025-01-03,Tamil Nadu,Villupuram,604303,158,-0.024392491964376206
2025-01-03,Karnataka,Tumkur,572121,112,-0.012286874736844755
2025-01-03,Telangana,Warangal,506331,141,-0.051415688409480076
2025-01-03,Telangana,Siddipet,502247,122,-0.0443565638499519
2025-01-03,Assam,Nalbari,781349,164,-0.05854199615227129
2025-01-03,Gujarat,Kachchh,370485,147,-0.03537824609441664
2025-01-03,Himachal Pradesh,Chamba,176319,174,-0.07279054545246455
2025-01-03,Karnataka,Belagavi,591112,133,-0.03068268483832859
2025-01-03,West Bengal,Purba Bardhaman,713104,163,-0.0448585725562165
2025-01-03,Karnataka,Hassan,573119,146,-0.06141174893340473
2025-01-03,Bihar,Siwan,841420,115,-0.030929924738145487
2025-01-03,Telangana,Siddipet,506355,90,-0.019977513091222976
2025-01-03,Tamil Nadu,Sivaganga,630559,136,-0.013728760541678042
2025-01-03,Jammu and Kashmir,Budgam,191112,181,-0.07279054545246455
2025-01-03,Tamil Nadu,Tirunelveli,627353,163,-0.028800883634617636
2025-01-03,Karnataka,Belgaum,591214,86,-0.002716187231149747
2025-01-03,Tamil Nadu,Tenkasi,627751,139,-0.0488868931599139
2025-01-03,Tamil Nadu,Tirupattur,635851,123,-0.008933834273290642
2025-01-03,Kerala,Malappuram,676319,136,-0.014691644962625094
2025-01-03,West Bengal,Birbhum,731235,123,-0.0041712403185090174
2025-01-03,Rajasthan,Bikaner,334808,180,-0.06521999707884063
2025-01-03,Maharashtra,Dhule,424006,147,-0.02146844220730204
2025-01-03,Karnataka,Gadag *,582101,90,-0.020948858876644882
2025-01-03,Assam,Goalpara,783122,80,-0.005703490536211886
2025-01-03,Andhra Pradesh,Visakhapatnam,530020,158,-0.0209822535907076
2025-01-03,Karnataka,Dharwad,581207,142,-0.06141174893340473
2025-01-03,Andhra Pradesh,Parvathipuram Manyam,532443,88,-0.004138627118820626
2025-01-03,Gujarat,Vadodara,391125,129,-0.029453160126176492
2025-01-03,Gujarat,Kachchh,370675,164,-0.06264458169841813
2025-01-03,Karnataka,Bijapur,586125,249,-0.07279054545246455
2025-01-03,Andhra Pradesh,Bapatla,523201,149,-0.03488264947788777
2025-01-03,Gujarat,Vadodara,391105,176,-0.07592336166471647
2025-01-03,Andhra Pradesh,Ananthapur,515763,101,-0.008079023277260955
2025-01-03,Gujarat,Bharuch,392165,83,-0.014318203089829118
2025-01-03,Odisha,JAJPUR,755015,154,-0.04135163386433305
2025-01-03,Gujarat,Anand,388335,158,-0.04939196806214852
2025-01-03,Karnataka,Bagalkot,587124,203,-0.07122890004406812
2025-01-03,Karnataka,Vijayapura,586217,285,-0.07749454537553302
2025-01-03,Telangana,Adilabad,504102,172,-0.0733117987111307
2025-01-03,Telangana,Mahabubnagar,509130,176,-0.07018956269563192
2025-01-03,Tamil Nadu,Tirunelveli,627601,138,-0.022441806842815493
2025-01-03,Assam,Sibsagar,785674,131,-0.04085199710229226
2025-01-03,Maharashtra,Nanded,431505,159,-0.020496393811421876
2025-01-03,Andhra Pradesh,Rangareddi,501301,89,-0.012253884255617575
2025-01-03,Assam,Bongaigaon,783391,104,-0.001801999770665974
2025-01-03,Uttarakhand,Chamoli,246401,162,-0.028800883634617636
2025-01-03,Rajasthan,Ajmer,305005,137,-0.024392491964376206
2025-01-03,Andhra Pradesh,Cuddapah,516321,123,-0.008933834273290642
2025-01-03,Manipur,Imphal East,795130,135,-0.021954959883767056
2025-01-03,Telangana,Medak,502335,107,-0.0424544304180039
2025-01-03,Karnataka,Chitradurga,577555,144,-0.046366638197896215
2025-01-04,Himachal Pradesh,Una,174315,126,-0.016521148314613265
2025-01-04,Jammu and Kashmir,Kathua,184205,144,-0.04525670985851327
2025-01-04,Karnataka,Dakshina Kannada,575020,194,-0.07906892144930866
2025-01-04,Haryana,Bhiwani,127030,154,-0.049792537129027536
2025-01-04,Haryana,Karnal,132157,108,-0.006449743976404521
2025-01-04,Andhra Pradesh,Ananthapuramu,515401,166,-0.06707997576113978
2025-01-04,Haryana,Rohtak,124113,113,-0.033295337276934345
2025-01-05,Maharashtra,Chandrapur,441222,106,-0.005534099982562712
2025-01-05,Madhya Pradesh,Khargone,451225,154,-0.06141174893340473
2025-01-05,Jammu and Kashmir,Doda,182147,125,-0.03317120562814735
2025-01-05,Andhra Pradesh,Parvathipuram Manyam,535591,120,-0.0431533965755424
2025-01-05,Andhra Pradesh,Nandyal,518122,133,-0.04022736765232682
2025-01-05,Madhya Pradesh,Balaghat,481116,184,-0.081699993335275
2025-01-05,Karnataka,Tumakuru,572227,195,-0.081699993335275
2025-01-06,Andhra Pradesh,Alluri Sitharama Raju,507129,167,-0.08275491682640657
2025-01-06,Andhra Pradesh,Y. S. R,516289,177,-0.08911452322100588
2025-01-03,Tamil Nadu,Kancheepuram,603001,150,-0.03835887771907054
2025-01-03,Gujarat,Arvalli,383335,119,-0.0460771537017427
2025-01-03,Karnataka,Belgaum,591231,151,-0.05527615175452427
2025-01-03,Sikkim,West Sikkim,737113,153,-0.056499015629854155
2025-01-03,Karnataka,Bellary,583217,117,-0.03680898480475758
2025-01-03,Karnataka,Bengaluru,560074,136,-0.018072019695479336
2025-01-03,Andhra Pradesh,Guntur,522318,145,-0.018556238621388776
2025-01-03,Telangana,Warangal,506355,105,-0.011963823033712573
2025-01-03,Karnataka,Belagavi,591221,127,-0.04249019608771831
2025-01-03,Andhra Pradesh,Cuddapah,516454,156,-0.0488868931599139
2025-01-03,Telangana,Warangal,506169,101,-0.02975037314537199
2025-01-03,Tamil Nadu,Theni,625523,136,-0.014691644962625094
2025-01-03,Assam,Karbi Anglong,782410,134,-0.04787776795796084
2025-01-03,Andhra Pradesh,Nellore,524406,145,-0.014691644962625094
2025-01-03,Karnataka,Chickmagalur,577116,146,-0.018072019695479336
2025-01-03,Uttarakhand,Pithoragarh,262543,148,-0.02585897420804073
2025-01-03,Andhra Pradesh,Anakapalli,531114,139,-0.042351922102629724
2025-01-03,Gujarat,Valsad,396385,120,-0.044569675047885116
2025-01-03,Telangana,Medak,502319,162,-0.06863319130095347
2025-01-03,Odisha,Kalahandi,766027,141,-0.022441806842815493
2025-01-03,Tamil Nadu,Tirunelveli,627755,158,-0.03175476006885014
2025-01-03,Karnataka,Gulbarga,585316,140,-0.03935511350044418
2025-01-03,Karnataka,Bidar,585436,116,-0.023088371314063494
2025-01-03,Andhra Pradesh,Chittoor,517277,121,-0.013247806716687793
2025-01-03,Bihar,Begusarai,851225,124,-0.014210039883552184
2025-01-03,Karnataka,Uttara Kannada,581400,173,-0.06552990967706251
2025-01-03,Karnataka,Bellary,583113,119,-0.0022640049642890236
2025-01-03,Uttar Pradesh,Rae Bareli,229124,151,-0.04687000735313551
2025-01-03,Karnataka,Kalaburagi,585322,126,-0.045863609500151226
2025-01-03,Andhra Pradesh,Anantapur,515414,125,-0.0075016711422620785
2025-01-03,Gujarat,Vadodara,391761,166,-0.04737371719629624
2025-01-03,Kerala,Kozhikode,673505,126,-0.006548509417373616
2025-01-03,Assam,Dhubri,783332,150,-0.018072019695479336
2025-01-03,Telangana,Mahabubnagar,509120,111,-0.026190244005622754
2025-01-03,Telangana,Medak,502321,116,-0.03142284609028656
2025-01-03,Karnataka,Chikkaballapur,561228,169,-0.052429604269118135
2025-01-03,Himachal Pradesh,Solan,173211,127,-0.011806896142106948
2025-01-03,Telangana,Warangal,506104,177,-0.07592336166471647
2025-01-03,Andhra Pradesh,Chittoor,517236,134,-0.014210039883552184
2025-01-03,Madhya Pradesh,Sehore,466448,137,-0.04135163386433305
2025-01-03,Telangana,Nalgonda,508212,120,-0.03935511350044418
2025-01-03,Andhra Pradesh,Khammam,507111,133,-0.03438738806183872
2025-01-03,Tamil Nadu,Ariyalur,621801,177,-0.07592336166471647
2025-01-03,Karnataka,Bangalore,560097,159,-0.020496393811421876
2025-01-03,Telangana,Nalgonda,508252,111,-0.0460771537017427
2025-01-03,Bihar,Supaul,852112,141,-0.014691644962625094
2025-01-03,Karnataka,Bijapur,586108,165,-0.06449827883112036
2025-01-03,Karnataka,Mysuru,571124,149,-0.05446155664312957
2025-01-03,Karnataka,Haveri,581101,227,-0.04761745767976
2025-01-03,Andhra Pradesh,Ananthapuramu,515711,110,-0.02797938995036875
2025-01-03,Andhra Pradesh,East Godavari,533232,161,-0.024392491964376206
2025-01-03,Karnataka,Belagavi,591220,187,-0.07383340476195199
2025-01-03,Karnataka,Belagavi,591306,163,-0.06656293744255337
2025-01-03,Tamil Nadu,Virudhunagar,626109,120,-0.0032113650906209212
2025-01-03,Karnataka,Bijapur,586123,170,-0.06915163079892517
2025-01-03,Karnataka,Belgaum,591143,120,-0.044569675047885116
2025-01-03,Gujarat,Gir Somnath,362150,203,-0.07749454537553302
2025-01-03,Gujarat,Gandhinagar,382024,151,-0.056499015629854155
2025-01-03,Telangana,K.v. Rangareddy,500087,132,-0.05527615175452427
2025-01-03,Haryana,Gurgaon,122502,140,-0.03935511350044418
2025-01-03,Odisha,Balangir,767041,168,-0.052429604269118135
2025-01-03,Andhra Pradesh,Krishna,521343,128,-0.01132724218448311
2025-01-03,Telangana,Nalgonda,508221,112,-0.028802229420160974
2025-01-03,Karnataka,Bijapur,586129,103,-0.02876712544622584
2025-01-03,Andhra Pradesh,Anakapalli,531036,142,-0.04536092102962974
2025-01-03,Telangana,Mulugu,507133,94,-0.009962525905476638
2025-01-03,Telangana,Nalgonda,508112,69,-0.004027389979066154
2025-01-03,Haryana,Rohtak,124113,106,-0.021084389841804718
2025-01-03,Andhra Pradesh,Hyderabad,500010,168,-0.05293707693226213
2025-01-03,Karnataka,Gulbarga,585305,141,-0.03438738806183872
2025-01-03,Telangana,Hanumakonda,506371,154,-0.046366638197896215
2025-01-03,Karnataka,Ballari,583120,148,-0.05446155664312957
2025-01-03,Karnataka,Davangere,577005,139,-0.03488264947788777
2025-01-03,Bihar,Aurangabad,824218,123,-0.02552974414081588
2025-01-03,Tamil Nadu,Kallakurichi,606107,151,-0.05700924253267059
2025-01-03,Karnataka,Haveri,581112,245,-0.06243920034445649
2025-01-03,Uttar Pradesh,Kanpur Nagar,208008,106,-0.0008565454691651375
2025-01-03,Karnataka,Vijayapura,586129,141,-0.04349202604012081
2025-01-03,Odisha,JAJPUR,754023,106,-0.005121183010455943
2025-01-03,Karnataka,Tumakuru,572216,162,-0.05854199615227129
2025-01-03,Goa,North Goa,403512,190,-0.07644673526117429
2025-01-03,Karnataka,Shivamogga,577432,133,-0.04085199710229226
2025-01-03,Karnataka,Uttara Kannada,581401,134,-0.04085199710229226
2025-01-03,Odisha,Mayurbhanj,757093,120,-0.028470314335566238
2025-01-03,Gujarat,Bharuch,392020,176,-0.07644673526117429
2025-01-03,Odisha,Mayurbhanj,757031,123,-0.035874178138293966
2025-01-03,Kerala,Thiruvananthapuram,695604,117,-0.0013179259127977794
2025-01-03,Karnataka,Bijapur,586216,124,-0.04135163386433305
2025-01-03,Uttarakhand,Tehri Garhwal,249199,130,-0.008933834273290642
2025-01-03,Maharashtra,Nashik,422002,148,-0.02585897420804073
2025-01-03,Karnataka,Mysuru,571617,116,-0.03835887771907054
2025-01-03,Gujarat,Kheda,387360,120,-0.03537824609441664
2025-01-03,Odisha,Puri,752050,152,-0.020496393811421876
2025-01-03,Karnataka,Chamrajanagar,571342,140,-0.041851608788154526
2025-01-03,Meghalaya,East Khasi Hills,793021,118,-0.025040808632271427
2025-01-03,Jammu and Kashmir,Doda,182147,100,-0.019598944834076537
2025-01-03,Maharashtra,Chhatrapati Sambhajinagar,431103,144,-0.022928983307310857
2025-01-03,Gujarat,Jamnagar,360540,128,-0.042351922102629724
2025-01-03,Goa,North Goa,403406,103,-0.019142645482891574
2025-01-03,Telangana,Mahabubnagar,509153,133,-0.03910501343815487
2025-01-03,Gujarat,Gir Somnath,362550,101,-0.027294746343197618
2025-01-03,Karnataka,Tumakuru,572103,124,-0.04536092102962974
2025-01-03,Telangana,Mahabubnagar,509321,177,-0.0733117987111307
2025-01-03,Telangana,Mancherial,504216,164,-0.04135163386433305
2025-01-03,West Bengal,Jhargram,721143,121,-0.028961570985874707
2025-01-03,Gujarat,Arvalli,383250,90,-0.020605512576592933
2025-01-03,Andhra Pradesh,Rangareddi,500087,132,-0.0483821598688684
2025-01-03,Gujarat,Surat,396510,144,-0.06038568690123447
2025-01-03,Telangana,Kamareddy,503101,196,-0.07644673526117429
2025-01-03,Karnataka,Belgaum,591112,167,-0.04708384071249205
2025-01-03,Telangana,Karimnagar,505303,91,-0.02255122132100973
2025-01-03,West Bengal,South 24 Parganas,700099,154,-0.023904325644850455
2025-01-03,Kerala,Thiruvananthapuram,695513,87,-0.006515785702635224
2025-01-03,Tamil Nadu,Kanyakumari,629158,91,-0.013214771563426764
2025-01-03,West Bengal,Purba Bardhaman,713147,149,-0.04135163386433305
2025-01-03,Andhra Pradesh,Ananthapur,515870,79,-0.013355823658457333
2025-01-03,Goa,North Goa,403521,116,-0.03339786992447158
2025-01-03,Telangana,Vikarabad,501158,99,-0.027893052636053794
2025-01-03,Uttar Pradesh,Allahabad,212202,113,-0.004646050984932315
2025-01-03,Telangana,Nizamabad,503180,155,-0.06141174893340473
2025-01-03,Karnataka,Chikkamagaluru,577547,114,-0.032409689870432024
2025-01-03,Kerala,Palakkad,678006,118,-0.03488264947788777
2025-01-03,Tamil Nadu,Ramanathapuram,623534,143,-0.015173575999360422
2025-01-03,Karnataka,Bijapur,586209,179,-0.0733117987111307
2025-01-03,Gujarat,Devbhumi Dwarka,361320,101,-0.008079023277260955
2025-01-03,Karnataka,Bijapur,586213,190,-0.07435536384370367
2025-01-03,Andhra Pradesh,Hyderabad,500023,153,-0.028800883634617636
2025-01-03,Uttarakhand,Pauri Garhwal,246172,175,-0.06315896801407728
2025-01-03,Bihar,Vaishali,843104,127,-0.017104564137430556
2025-01-03,Jammu and Kashmir,Baramula,193404,161,-0.05497040456263014
2025-01-03,Tamil Nadu,Kallakurichi,606207,136,-0.046366638197896215
2025-01-03,Madhya Pradesh,Niwari,472447,74,-0.010394113718888986
2025-01-03,Tamil Nadu,Ramanathapuram,623519,128,-0.03736398910500893
2025-01-03,Karnataka,Ballari,583116,109,-0.02797938995036875
2025-01-03,Jammu and Kashmir,Srinagar,190009,163,-0.04135163386433305
2025-01-03,Tamil Nadu,Virudhunagar,626104,142,-0.04335356481980779
2025-01-03,West Bengal,Birbhum,731223,139,-0.018072019695479336
2025-01-03,Karnataka,Chitradurga,577518,128,-0.017104564137430556
2025-01-03,Gujarat,Kheda,387540,159,-0.052429604269118135
2025-01-03,Telangana,Kamareddy,503124,95,-0.007573726935813485
2025-01-03,Kerala,Alappuzha,688004,168,-0.05293707693226213
2025-01-03,Himachal Pradesh,Chamba,176312,146,-0.05994918233038371
2025-01-03,Maharashtra,Solapur,413224,132,-0.018556238621388776
2025-01-03,Telangana,Karimnagar,505187,153,-0.05547959687816306
2025-01-03,Karnataka,Udupi,576230,153,-0.056499015629854155
2025-01-03,Gujarat,Arvalli,383330,115,-0.0460771537017427
2025-01-03,Tamil Nadu,Villupuram,607203,134,-0.04335356481980779
2025-01-03,Tamil Nadu,Kanyakumari,629159,92,-0.01572872257595459
2025-01-03,Gujarat,Surat,394220,139,-0.014210039883552184
2025-01-03,Kerala,Kollam,691508,152,-0.0209822535907076
2025-01-03,Jammu and Kashmir,Samba,181141,134,-0.018556238621388776
2025-01-03,Karnataka,Shimoga,577216,92,-0.029698176413698874
2025-01-03,Gujarat,Mahesana,382825,143,-0.05293707693226213
2025-01-03,Telangana,Mahabubnagar,509207,100,-0.027294746343197618
2025-01-03,Andhra Pradesh,Palnadu,522414,149,-0.03488264947788777
2025-01-03,Karnataka,Belagavi,591313,182,-0.06552990967706251
2025-01-03,Tamil Nadu,Tirunelveli,627120,110,-0.02016960492687747
2025-01-03,Odisha,Khorda,752018,155,-0.055989133822821
2025-01-03,Gujarat,Gir Somnath,362255,98,-0.03223517219031391
2025-01-03,Gujarat,Bharuch,392025,105,-0.023031396348743183
2025-01-03,Madhya Pradesh,Betul,460665,127,-0.017104564137430556
2025-01-03,Karnataka,Hassan,573202,105,-0.011963823033712573
2025-01-03,Telangana,Mahabubnagar,509105,168,-0.06863319130095347
2025-01-03,Gujarat,Vadodara,391210,149,-0.0388568270998898
2025-01-03,Maharashtra,Nagpur,440032,148,-0.02585897420804073
2025-01-03,Rajasthan,Jaisalmer,345033,156,-0.03175476006885014
2025-01-03,Bihar,Begusarai,851116,122,-0.0032113650906209212
2025-01-03,Andhra Pradesh,Nandyal,518502,152,-0.04687000735313551
2025-01-03,Telangana,Jagitial,505450,146,-0.04939196806214852
2025-01-03,Haryana,Mahendragarh,123028,150,-0.04135163386433305
2025-01-03,Gujarat,Arvalli,383340,95,-0.02240834427669469
2025-01-03,Karnataka,Gulbarga,585225,137,-0.022441806842815493
2025-01-03,Maharashtra,Satara,415003,150,-0.02536981602227706
2025-01-03,Arunachal Pradesh,Lohit,792001,127,-0.03686704941633723
2025-01-03,Assam,Kamrup Metro,781003,125,-0.0075016711422620785
2025-01-03,West Bengal,Darjeeling,734104,151,-0.0209822535907076
2025-01-03,Karnataka,Kalaburagi,585303,75,-0.010476486636343596
2025-01-03,Tamil Nadu,Sivaganga,630202,133,-0.013247806716687793
2025-01-03,Karnataka,Haveri,581211,132,-0.05637094191755432
2025-01-03,Kerala,Thrissur,680307,153,-0.023904325644850455
2025-01-03,Andhra Pradesh,Krishna,521170,161,-0.04687000735313551
2025-01-03,Karnataka,Ballari,583122,118,-0.026508608138902878
2025-01-03,Gujarat,Kheda,387710,138,-0.049897384806780076
2025-01-03,Karnataka,Bagalkot,587120,280,-0.0780189823730888
2025-01-03,Karnataka,Udupi,576124,161,-0.051922474838906774
2025-01-03,Karnataka,Hassan,573219,150,-0.05547959687816306
2025-01-03,Assam,Dhubri,783376,137,-0.014210039883552184
2025-01-03,Kerala,Kannur,670662,125,-0.0075016711422620785
2025-01-03,Karnataka,Belgaum,591128,97,-0.026912316512505474
2025-01-03,Madhya Pradesh,Dindori,481885,126,-0.0075016711422620785
2025-01-03,Telangana,Nagarkurnool,509401,195,-0.07697046308486433
2025-01-03,Madhya Pradesh,Neemuch,458336,107,-0.02254415061642101
2025-01-03,Gujarat,Mahesana,382840,159,-0.05854199615227129
2025-01-03,Karnataka,Belagavi,591240,164,-0.044495212559022224
2025-01-03,Karnataka,Kolar,563134,116,-0.0013179259127977794
2025-01-03,Karnataka,Raichur,584135,140,-0.022441806842815493
2025-01-03,Madhya Pradesh,Rewa,486003,154,-0.0483821598688684
2025-01-03,Tamil Nadu,Tiruppur,638752,141,-0.042351922102629724
2025-01-03,Gujarat,Surendra Nagar,382755,124,-0.046684723842007836
2025-01-03,Jammu and Kashmir,Kargil,194302,95,-0.021055687451370986
2025-01-03,Kerala,Thrissur,679531,138,-0.014691644962625094
2025-01-03,Odisha,Cuttack,754293,185,-0.0723468950287347
2025-01-03,Andhra Pradesh,Dr. B. R. Ambedkar Konaseema,533308,172,-0.06470421677075266
2025-01-03,Karnataka,Tumkur,572101,136,-0.041851608788154526
2025-01-03,Haryana,Bhiwani,127027,120,-0.00797873589506004
2025-01-03,Odisha,Bargarh,768115,127,-0.008456123532558424
2025-01-03,Karnataka,Chikkaballapur,563159,129,-0.042351922102629724
2025-01-03,Telangana,Medak,502301,92,-0.017554891347503765
2025-01-03,Karnataka,Mandya,571807,144,-0.03488264947788777
2025-01-03,Andhra Pradesh,Visakhapatnam,535183,121,-0.0027375247847367667
2025-01-03,Jammu and Kashmir,Srinagar,190008,157,-0.04939196806214852
2025-01-03,Himachal Pradesh,Una,174306,119,-0.0022640049642890236
2025-01-03,Telangana,Hyderabad,500055,93,-0.009962525905476638
2025-01-03,Karnataka,Tumakuru,572141,118,-0.03985373714883411
2025-01-03,Karnataka,Belagavi,591106,140,-0.050647875588593294
2025-01-03,Tamil Nadu,Thiruvarur,610103,125,-0.007024929055779228
2025-01-03,Karnataka,Belgaum,591153,116,-0.0401690372998561
2025-01-03,Telangana,Karimnagar,505305,218,-0.0780189823730888
2025-01-03,Uttarakhand,Pithoragarh,262529,121,-0.013247806716687793
2025-01-03,Punjab,Pathankot,145101,138,-0.017588128274663495
2025-01-03,Telangana,Sangareddy,502287,107,-0.040954297561516584
2025-01-03,Telangana,Medak,502375,83,-0.015198953537210569
2025-01-03,Karnataka,Uttara Kannada,581403,84,-0.005563957148731369
2025-01-03,Karnataka,Yadgir,585220,165,-0.06213054329179246
2025-01-03,Tamil Nadu,Chennai,600035,160,-0.024392491964376206
2025-01-03,West Bengal,Jhargram,721501,90,-0.012253884255617575
2025-01-03,Telangana,Medchal?malkajgiri,500055,116,-0.03581619204502107
2025-01-03,Arunachal Pradesh,Kra Daadi,791118,131,-0.04687000735313551
2025-01-03,Andhra Pradesh,Nandyal,518122,88,-0.012734165378727624
2025-01-03,Andhra Pradesh,Vizianagaram,535148,149,-0.017588128274663495
2025-01-03,Telangana,K.v. Rangareddy,509202,130,-0.018556238621388776
2025-01-03,Telangana,Mahabubnagar,509411,169,-0.05884919482920592
2025-01-03,Gujarat,Jamnagar,361142,84,-0.016246873158146102
2025-01-03,Himachal Pradesh,Mandi,175031,109,-0.026019010568369416
2025-01-03,Haryana,Charkhi Dadri,127025,129,-0.032409689870432024
2025-01-03,Tamil Nadu,Virudhunagar,626137,133,-0.013247806716687793
2025-01-03,Andhra Pradesh,Ananthapuramu,515402,87,-0.016729856797043308
2025-01-03,West Bengal,Purba Bardhaman,713408,157,-0.020496393811421876
2025-01-03,Gujarat,Navsari,396051,92,-0.023258911035144214
2025-01-03,Himachal Pradesh,Chamba,176309,108,-0.02016960492687747
2025-01-03,Karnataka,Chamrajanagar,571117,128,-0.046366638197896215
2025-01-03,Telangana,Vikarabad,501144,136,-0.06038568690123447
2025-01-03,Karnataka,Mandya,571436,167,-0.055989133822821
2025-01-03,Karnataka,Dakshina Kannada,574237,93,-0.022895498093215005
2025-01-03,Kerala,Kozhikode,673103,127,-0.046366638197896215
2025-01-03,Gujarat,Kachchh,370460,104,-0.008079023277260955
2025-01-03,Odisha,Sundergarh,770019,127,-0.017104564137430556
2025-01-03,Karnataka,Kalaburagi,585312,203,-0.07644673526117429
2025-01-03,Tamil Nadu,Virudhunagar,626136,134,-0.018556238621388776
2025-01-03,Goa,North Goa,403506,135,-0.03438738806183872
2025-01-03,Gujarat,Surat,394170,132,-0.04085199710229226
2025-01-03,Gujarat,Mahesana,384421,170,-0.06315896801407728
2025-01-03,Odisha,Jajapur,755022,172,-0.06315896801407728
2025-01-03,Gujarat,Navsari,396463,105,-0.033644216004963146
2025-01-03,Kerala,Palakkad,679552,145,-0.018556238621388776
2025-01-03,Maharashtra,Kolhapur,416508,138,-0.017588128274663495
2025-01-03,Andhra Pradesh,Visakhapatnam,531002,149,-0.0209822535907076
2025-01-03,Tamil Nadu,Ranipet,632509,109,-0.026941252887252354
2025-01-03,Telangana,Karimnagar,505404,141,-0.04761745767976
2025-01-03,Karnataka,Vijayapura,586205,161,-0.06243920034445649
2025-01-03,Telangana,Warangal,506367,121,-0.008933834273290642
2025-01-03,Tamil Nadu,Sivaganga,630204,147,-0.02146844220730204
2025-01-03,Tamil Nadu,Thoothukkudi,628152,112,-0.004646050984932315
2025-01-03,Madhya Pradesh,Sehore,466120,160,-0.04687000735313551
2025-01-03,Maharashtra,Amravati,444605,125,-0.007024929055779228
2025-01-03,Andhra Pradesh,Ananthapuramu,515101,52,-0.0005164401627990589
2025-01-03,Karnataka,Bagalkot,587205,171,-0.06915163079892517
2025-01-03,Kerala,Ernakulam,682304,161,-0.024392491964376206
2025-01-03,Uttarakhand,Rudraprayag,246429,118,-0.007024929055779228
2025-01-03,Karnataka,Belgaum,591113,67,-0.004791803547966933
2025-01-03,Telangana,Nalgonda,508101,88,-0.014176959997767358
2025-01-03,Karnataka,Shivamogga,577211,88,-0.01914968277906204
2025-01-03,Madhya Pradesh,Sehore,466221,160,-0.051415688409480076
2025-01-03,Tamil Nadu,Kanyakumari,629004,111,-0.02792202819321532
2025-01-03,Tamil Nadu,The Nilgiris,643102,161,-0.03224823968212287
2025-01-03,Gujarat,Kheda,387230,125,-0.017588128274663495
2025-01-03,Kerala,Idukki,685509,121,-0.013247806716687793
2025-01-03,Kerala,Ernakulam,682028,146,-0.017588128274663495
2025-01-03,Uttarakhand,Pithoragarh,262530,118,-0.0013179259127977794
2025-01-03,Karnataka,Bangalore,560005,125,-0.007024929055779228
2025-01-03,Tamil Nadu,Ramanathapuram,623403,159,-0.03175476006885014
2025-01-03,Karnataka,Tumakuru,572120,119,-0.03736398910500893
2025-01-03,Rajasthan,Churu,331021,143,-0.04035269827331378
2025-01-03,Karnataka,Davangere,577551,118,-0.03488264947788777
2025-01-03,Maharashtra,Pune,412212,144,-0.018556238621388776
2025-01-03,Karnataka,Belgaum,591217,143,-0.049897384806780076
2025-01-03,Karnataka,Bellary,583103,140,-0.022441806842815493
2025-01-03,Tamil Nadu,Tiruchirappalli,620016,119,-0.025040808632271427
2025-01-03,Telangana,Warangal,506222,124,-0.04135163386433305
2025-01-03,Bihar,Nalanda,803213,128,-0.03686704941633723
2025-01-03,Karnataka,Bijapur,586201,113,-0.03185842797873584
2025-01-03,Karnataka,Bangalore,560105,136,-0.018072019695479336
2025-01-03,Maharashtra,Jalna,431205,144,-0.014210039883552184
2025-01-03,Tamil Nadu,Virudhunagar,626113,154,-0.052429604269118135
2025-01-03,Kerala,Malappuram,679323,164,-0.04135163386433305
2025-01-03,Karnataka,Vijayapura,586216,137,-0.05527615175452427
2025-01-03,Karnataka,Uttara Kannada,581348,137,-0.049897384806780076
2025-01-03,West Bengal,Purba Medinipur,721440,139,-0.03488264947788777
2025-01-03,Andhra Pradesh,Ananthapur,515701,89,-0.01658813508014456
2025-01-03,Karnataka,Bijapur,586102,97,-0.026912316512505474
2025-01-03,Gujarat,Arvalli,383310,184,-0.07018956269563192
2025-01-03,Karnataka,Bijapur,586119,150,-0.05527615175452427
2025-01-03,Odisha,Sundergarh,769007,153,-0.028800883634617636
2025-01-03,Gujarat,Botad,382255,110,-0.03037978064039526
2025-01-03,Maharashtra,Kolhapur,416104,115,-0.006548509417373616
2025-01-03,Andhra Pradesh,Medak,502291,109,-0.0041712403185090174
2025-01-03,Tamil Nadu,Kanniyakumari,629174,127,-0.017588128274663495
2025-01-03,Karnataka,Ballari,583201,130,-0.040954297561516584
2025-01-03,Tamil Nadu,Kallakurichi,606305,125,-0.008933834273290642
2025-01-03,Kerala,Thiruvananthapuram,695305,125,-0.0075016711422620785
2025-01-03,Maharashtra,Solapur,413223,162,-0.0448585725562165
2025-01-03,Karnataka,Uttara Kannada,581453,109,-0.02792202819321532
2025-01-06,Himachal Pradesh,Bilaspur,174021,143,-0.07174909635730486
2025-01-06,Andhra Pradesh,Sri Sathya Sai,515123,126,-0.06604624882670229
2025-01-07,Jammu and Kashmir,Budgam,191112,118,-0.05409210279265875
2025-01-09,Madhya Pradesh,Morena,476001,176,-0.07435536384370367
2025-01-09,Maharashtra,Aurangabad,431001,128,-0.039281174358257065
2025-01-09,Bihar,Kaimur (Bhabua),821106,121,-0.006466593606188398
2025-01-09,Bihar,Nawada,805104,109,-0.00030309939312933576
2025-01-09,Bihar,Patna,801110,132,-0.03184290851516136
2025-01-09,Bihar,Patna,804452,118,-0.016549669540931178
2025-01-09,Bihar,Patna,804453,129,-0.012695907479122415
2025-01-09,Bihar,Saharsa,852129,145,-0.020424347378366292
2025-01-09,Bihar,Saharsa,852216,120,-0.0012478042796183475
2025-01-09,Bihar,Saharsa,852217,136,-0.008385285491688488
2025-01-09,Bihar,Vaishali,844504,130,-0.0472989732866228
2025-01-09,Bihar,West Champaran,845307,117,-0.030364292645643
2025-01-09,Bihar,West Champaran,845451,146,-0.020910158395527345
2025-01-09,Chhattisgarh,Baloda Bazar,493118,160,-0.023831937183077856
2025-01-09,Chhattisgarh,Bilaspur,495001,130,-0.012695907479122415
2025-01-09,Chhattisgarh,Bilaspur,495551,127,-0.006954234653231528
2025-01-09,Delhi,North Delhi,110084,104,-0.014620181108945696
2025-01-09,Haryana,Mewat,122105,111,-0.00030309939312933576
2025-01-09,Jharkhand,Giridih,825320,61,-0.0030133710294735216
2025-01-09,Jharkhand,Pakur,816106,148,-0.020910158395527345
2025-01-09,Jharkhand,Pakur,816107,127,-0.04780297346046947
2025-01-09,Assam,Bongaigaon,783384,100,-0.010776834557486459
2025-01-09,Bihar,Bhagalpur,853204,126,-0.01848438690724874
2025-01-09,Bihar,Bhojpur,802301,103,-0.00022993274251126294
2025-01-09,Bihar,Darbhanga,847106,153,-0.024808502200150073
2025-01-09,Bihar,Darbhanga,847201,130,-0.005526085557099991
2025-01-09,Uttar Pradesh,Auraiya,206244,90,-0.020543725744696095
2025-01-09,Uttar Pradesh,Azamgarh,276001,104,-0.0281350965486733
2025-01-09,Uttar Pradesh,Bahraich,271801,144,-0.04780297346046947
2025-01-09,Uttar Pradesh,Bahraich,271865,141,-0.05184727440433301
2025-01-09,Uttar Pradesh,Banda,210129,105,-0.024320054508988664
2025-01-09,Uttar Pradesh,Bareilly,262406,143,-0.05083414600462488
2025-01-09,Uttar Pradesh,Budaun,243635,150,-0.055913525247995866
2025-01-09,Uttar Pradesh,Chandauli,232111,111,-0.03168158371748764
2025-01-09,Uttar Pradesh,Deoria,274408,83,-0.015362007223637453
2025-01-09,Uttar Pradesh,Etawah,206242,125,-0.03878293796699461
2025-01-09,Uttar Pradesh,Faizabad,224001,114,-0.005039433299992124
2025-01-09,Uttar Pradesh,Ghazipur,232326,80,-0.014398216300292033
2025-01-09,Uttar Pradesh,Ghazipur,233221,64,-0.002933879770626091
2025-01-09,Uttar Pradesh,Hamirpur,210431,95,-0.0011609666697961485
2025-01-09,Uttar Pradesh,Jaunpur,222139,122,-0.040777907729054985
2025-01-09,Uttar Pradesh,Jaunpur,222143,99,-0.020164858676273822
2025-01-09,Uttar Pradesh,Jaunpur,222202,94,-0.02259632471226325
2025-01-09,Uttar Pradesh,Kushinagar,274305,112,-0.029872087254044444
2025-01-09,Uttar Pradesh,Kushinagar,274402,168,-0.06154067917188066
2025-01-09,Uttar Pradesh,Kushinagar,274409,91,-0.024583361134915882
2025-01-09,Uttar Pradesh,Maharajganj,273163,92,-0.02492860971213251
2025-01-09,Uttar Pradesh,Maharajganj,273164,165,-0.07122890004406812
2025-01-09,Uttar Pradesh,Mirzapur,231211,153,-0.055913525247995866
2025-01-09,Uttar Pradesh,Mirzapur,231304,87,-0.02117222092225346
2025-01-09,Uttar Pradesh,Moradabad,244001,167,-0.0630826398564347
2025-01-09,Uttar Pradesh,Sant Kabir Nagar,272162,117,-0.03381907072302015
2025-01-09,Uttar Pradesh,Sant Ravidas Nagar,221304,82,-0.008023862198438314
2025-01-09,Uttar Pradesh,Shahjahanpur,242303,82,-0.01247454257174041
2025-01-09,Uttar Pradesh,Siddharthnagar,272152,79,-0.014398216300292033
2025-01-09,Uttar Pradesh,Siddharthnagar,272205,129,-0.048307314749320485
2025-01-09,Uttar Pradesh,Sitapur,261135,160,-0.03217501380388965
2025-01-09,Uttar Pradesh,Unnao,209825,79,-0.0037416031455872467
2025-01-09,Uttar Pradesh,Unnao,241501,127,-0.04378050392934674
2025-01-09,West Bengal,Cooch Behar,736158,125,-0.011256115990833981
2025-01-09,West Bengal,Cooch Behar,736165,141,-0.000688513166225424
2025-01-09,West Bengal,Murshidabad,742121,123,-0.0007864701413019537
2025-01-09,West Bengal,Murshidabad,742189,112,-0.01413862436498503
2025-01-09,West Bengal,Murshidabad,742213,133,-0.01606680777303282
2025-01-09,West Bengal,Nadia,741152,165,-0.052861774669638595
2025-01-09,West Bengal,Puruliya,723143,147,-0.03530470608076941
2025-01-09,West Bengal,South 24 Parganas,743503,154,-0.011156690030356464
2025-01-09,West Bengal,Uttar Dinajpur,733201,161,-0.023831937183077856
2025-02-09,Telangana,Vikarabad,501142,103,-0.004572360026247169
2025-02-09,Uttar Pradesh,Agra,283111,121,-0.04314154014078908
2025-02-09,Uttar Pradesh,Agra,283125,95,-0.031707350259730815
2025-02-09,Uttar Pradesh,Aligarh,202002,114,-0.03665688144883372
2025-02-09,Uttar Pradesh,Allahabad,221505,80,-0.0029818738721312243
2025-02-09,Uttar Pradesh,Amroha,244241,95,-0.020449716058632994
2025-02-09,Uttar Pradesh,Azamgarh,276001,122,-0.03326202260504296
2025-02-09,Uttar Pradesh,Bahraich,271865,157,-0.05934889643449781
2025-02-09,Uttar Pradesh,Balrampur,271201,152,-0.0501891010623855
2025-02-09,Uttar Pradesh,Banda,210121,97,-0.0031490406581961006
2025-02-09,Uttar Pradesh,Bareilly,243001,119,-0.04114018222153282
2025-02-09,Uttar Pradesh,Bareilly,243122,100,-0.0199642164650915
2025-02-09,Uttar Pradesh,Bareilly,243301,97,-0.012311955816242781
2025-02-09,Uttar Pradesh,Bijnor,246701,169,-0.06863319130095347
2025-02-09,Uttar Pradesh,Budaun,243639,114,-0.027354048770021677
2025-02-09,Assam,Dhubri,783335,115,-0.019450406986637803
2025-02-09,Assam,Dhubri,783349,115,-0.03665688144883372
2025-02-09,Assam,Marigaon,782121,91,-0.0199642164650915
2025-02-09,Assam,South Salmara Mankachar,783131,137,-0.011224540277348982
2025-02-09,Bihar,Bhagalpur,813213,126,-0.011323975759161775
2025-02-09,Bihar,Bhojpur,802301,113,-0.031707350259730815
2025-02-09,Bihar,Darbhanga,847203,157,-0.015888610023431782
2025-02-09,Bihar,East Champaran,845437,162,-0.03962507040554286
2025-02-09,Bihar,Gaya,824231,115,-0.032694579283723435
2025-02-09,Bihar,Gopalganj,841428,146,-0.011547255286938451
2025-02-09,Bihar,Madhepura,852210,125,-0.011803627506019265
2025-02-09,Bihar,Munger,811213,142,-0.011547255286938451
2025-02-09,Bihar,Muzaffarpur,843109,109,-0.007427680425787453
2025-02-09,Bihar,Nalanda,801303,118,-0.007021682460190304
2025-02-09,Bihar,Saran,841301,131,-0.026762263509447215
2025-02-09,Bihar,Vaishali,844122,135,-0.04464611708115074
2025-02-09,Chhattisgarh,Baloda Bazar,493118,126,-0.004069575440748263
2025-02-09,Chhattisgarh,Mungeli,495115,127,-0.02334082818668637
2025-02-09,Chhattisgarh,Surajpur,497333,151,-0.004770946006281251
2025-02-09,Delhi,North West Delhi,110042,112,-0.038148282728024174
2025-02-09,Delhi,West Delhi,110018,104,-0.006950988383479295
2025-03-09,Assam,Hojai,782446,101,-0.02532282138340547
2025-03-09,Assam,Nagaon,782124,126,-0.017613396715075114
2025-03-09,Bihar,Araria,854334,140,-0.0035839316095445106
2025-03-09,Bihar,Begusarai,851112,105,-0.0018267102854820916
2025-03-09,Bihar,Gaya,823001,111,-0.019066105055394078
2025-03-09,Bihar,Gaya,824201,138,-0.019138015158108868
2025-03-09,Bihar,Gaya,824211,105,-0.0018267102854820916
2025-03-09,Bihar,Madhepura,852101,159,-0.02989450915807723
2025-03-09,Bihar,Sheohar,843329,154,-0.01362571061268425
2025-03-09,Bihar,West Champaran,845106,111,-0.0023701613764320895
2025-03-09,Bihar,West Champaran,845454,139,-0.006922850628791055
2025-02-09,Uttar Pradesh,Deoria,274204,106,-0.031214236481066027
2025-02-09,Uttar Pradesh,Deoria,274509,104,-0.028262549864199626
2025-02-09,Uttar Pradesh,Ghazipur,233001,126,-0.04314154014078908
2025-02-09,Uttar Pradesh,Ghazipur,233226,97,-0.032694579283723435
2025-02-09,Uttar Pradesh,Kushinagar,274401,125,-0.04565086634155269
2025-02-09,Uttar Pradesh,Kushinagar,274402,163,-0.0639707967255575
2025-02-09,Uttar Pradesh,Lalitpur,284405,91,-0.0199642164650915
2025-02-09,Uttar Pradesh,Lucknow,226003,158,-0.03317120562814735
2025-02-09,Uttar Pradesh,Lucknow,227115,86,-0.009436847804630166
2025-02-09,Uttar Pradesh,Mainpuri,205001,144,-0.05424635239310138
2025-02-09,Uttar Pradesh,Mainpuri,205262,94,-0.022882147379481355
2025-02-09,Uttar Pradesh,Meerut,250001,157,-0.059861052180106955
2025-02-09,Uttar Pradesh,Pilibhit,262001,137,-0.0501891010623855
2025-02-09,Uttar Pradesh,Pilibhit,262201,144,-0.05577349231642892
2025-02-09,Uttar Pradesh,Rampur,244922,93,-0.009436847804630166
2025-02-09,Uttar Pradesh,Saharanpur,247554,113,-0.010294615608832713
2025-02-09,Uttar Pradesh,Sant Kabir Nagar,272165,89,-0.018025499583539828
2025-02-09,Uttar Pradesh,Sant Kabir Nagar,272175,122,-0.04314154014078908
2025-02-09,Uttar Pradesh,Sant Kabir Nagar,272271,87,-0.014284672825061295
2025-02-09,Uttar Pradesh,Shahjahanpur,242127,113,-0.031214236481066027
2025-02-09,Uttar Pradesh,Shahjahanpur,242221,165,-0.06967042118465594
2025-02-09,Uttar Pradesh,Shrawasti,271831,163,-0.06759736401914562
2025-02-09,Uttar Pradesh,Sitapur,261205,106,-0.025811947762480858
2025-02-09,Uttar Pradesh,Varanasi,221104,116,-0.034177929876938684
2025-02-09,West Bengal,Bankura,722207,158,-0.05373799419170322
2025-02-09,West Bengal,Barddhaman,713513,114,-0.006545265017643964
2025-02-09,West Bengal,Birbhum,731237,132,-0.007243606508244627
2025-02-09,West Bengal,Birbhum,731303,102,-0.011831960257729368
2025-02-09,West Bengal,Cooch Behar,735303,117,-0.03616042001771602
2025-02-09,West Bengal,Jalpaiguri,735233,147,-0.004770946006281251
2025-02-09,West Bengal,Malda,732139,140,-0.007720496598962456
2025-02-09,West Bengal,Malda,732201,119,-0.00028318177934483213
2025-02-09,West Bengal,Murshidabad,742133,125,-0.016546379044991677
2025-02-09,West Bengal,Murshidabad,742303,150,-0.015888610023431782
2025-02-09,West Bengal,Murshidabad,742306,157,-0.03663930906815038
2025-02-09,West Bengal,North 24 Parganas,743251,138,-0.023828613122538367
2025-02-09,West Bengal,Puruliya,723201,112,-0.010294615608832713
2025-02-09,West Bengal,South 24 Parganas,700135,157,-0.015888610023431782
2025-02-09,West Bengal,South 24 Parganas,743610,120,-0.00028318177934483213
2025-02-09,Haryana,Faridabad,121001,125,-0.020421039023702292
2025-02-09,Jharkhand,Chatra,825401,124,-0.02872465711488348
2025-02-09,Jharkhand,Godda,814133,122,-0.03326202260504296
2025-02-09,Jharkhand,Godda,814153,146,-0.004770946006281251
2025-01-09,Uttar Pradesh,Agra,282006,153,-0.05693353157713765
2025-01-09,Uttar Pradesh,Agra,283125,109,-0.030695724524351986
2025-01-09,Uttar Pradesh,Allahabad,212106,113,-0.03184290851516136
2025-01-09,Uttar Pradesh,Allahabad,212303,68,-0.007688073528024253
2025-02-09,Madhya Pradesh,Jhabua,457661,133,-0.026762263509447215
2025-02-09,Manipur,Thoubal,795148,142,-0.03118512939870266
2025-02-09,Rajasthan,Alwar,301402,73,-0.008711342357219265
2025-04-09,Bihar,Bhagalpur,853204,132,-0.019395892329032494
2025-04-09,Bihar,East Champaran,845401,135,-0.009750880735855172
2025-04-09,Bihar,Kaimur (Bhabua),821101,121,-0.021237482404887098
2025-04-09,Bihar,Khagaria,848203,140,-0.00030567612353071816
2025-04-09,Bihar,West Champaran,845106,142,-0.0007778705171522793
2025-04-09,Bihar,West Champaran,845453,139,-0.006956835948571105
2025-04-09,Chhattisgarh,Durg,491001,137,-0.03832948520507595
2025-04-09,Delhi,East Delhi,110091,106,-0.0009500991414581605
2025-04-09,Delhi,East Delhi,110092,157,-0.04885708004696698
2025-03-09,Telangana,Hyderabad,500008,92,-0.013201600291083304
2025-03-09,Telangana,Vikarabad,509336,151,-0.03178052919734875
2025-03-09,Uttar Pradesh,Bara Banki,225305,93,-0.0032473429158381695
2025-03-09,Uttar Pradesh,Bareilly,262406,102,-0.01272100301487289
2025-03-09,Uttar Pradesh,Basti,272301,89,-0.010702500043275553
2025-03-09,Uttar Pradesh,Budaun,243639,98,-0.01368252284286009
2025-03-09,Uttar Pradesh,Chandauli,232103,158,-0.05526410122251724
2025-03-09,Uttar Pradesh,Deoria,274204,118,-0.035664294372001804
2025-03-09,Uttar Pradesh,Fatehpur,212655,104,-0.009436847804630166
2025-03-09,Uttar Pradesh,Firozabad,283204,102,-0.015609470210894094
2025-03-09,Uttar Pradesh,Hamirpur,210507,98,-0.0056214812403949654
2025-03-09,Uttar Pradesh,Hapur,245101,141,-0.04514832176145833
2025-03-09,Uttar Pradesh,Hardoi,241123,109,-0.019066105055394078
2025-03-09,Uttar Pradesh,Hathras,204101,116,-0.034673049528493705
2025-03-09,Uttar Pradesh,Jaunpur,222139,104,-0.014163770890354477
2025-03-09,Uttar Pradesh,Jhansi,284204,121,-0.02588453496310328
2025-03-09,Uttar Pradesh,Kheri,262802,132,-0.021980382660127806
2025-03-09,Uttar Pradesh,Kushinagar,274302,101,-0.004196034568861862
2025-03-09,Uttar Pradesh,Maharajganj,273162,103,-0.008481069222576632
2025-03-09,Uttar Pradesh,Mainpuri,205001,133,-0.03715367889261967
2025-04-09,Madhya Pradesh,Sidhi,486661,153,-0.016169558084809466
2025-04-09,Maharashtra,Aurangabad,431001,150,-0.013278821810841168
2025-04-09,Maharashtra,Thane,421302,158,-0.012786801887570975
2025-03-09,Uttar Pradesh,Rampur,243701,114,-0.02149384778877772
2025-03-09,Uttar Pradesh,Rampur,244922,104,-0.0004089582724470242
2025-03-09,Uttar Pradesh,Sambhal,244302,145,-0.04716054178182927
2025-03-09,Uttar Pradesh,Sant Ravidas Nagar,221304,88,-0.00414637813691654
2025-03-09,Uttar Pradesh,Shahjahanpur,242307,126,-0.028826548364924598
2025-03-09,Uttar Pradesh,Shahjahanpur,242401,184,-0.07749454537553302
2025-03-09,Uttar Pradesh,Sitapur,261141,120,-0.031214236481066027
2025-03-09,Uttar Pradesh,Sitapur,261201,145,-0.03921815874218404
2025-03-09,Uttar Pradesh,Sitapur,261203,105,-0.0018267102854820916
2025-03-09,West Bengal,Cooch Behar,736157,159,-0.03823388582744969
2025-03-09,West Bengal,Murshidabad,742213,150,-0.023514313250276864
2025-03-09,West Bengal,Nadia,741126,160,-0.03137217051196883
2025-03-09,West Bengal,Nadia,741137,121,-0.00712052816052966
2025-03-09,West Bengal,South 24 Parganas,743349,137,-0.0031098393155077897
2025-04-09,Madhya Pradesh,Barwani,451666,106,-0.008452185964753056
2025-03-09,Gujarat,Surat,395006,132,-0.00988696613733997
2025-03-09,Haryana,Karnal,132001,95,-0.01272100301487289
2025-03-09,Jharkhand,West Singhbhum,833105,122,-0.00712052816052966
2025-03-09,Madhya Pradesh,Jhabua,457661,130,-0.03516850428458018
2025-03-09,Maharashtra,Thane,421302,153,-0.04615375105148334
2025-03-09,Rajasthan,Alwar,301001,102,-0.014163770890354477
2025-06-09,Assam,Marigaon,782121,82,-0.007011243503853515
2025-06-09,Bihar,Katihar,854116,151,-0.026199868239988766
2025-06-09,Bihar,Munger,811211,113,-0.022882147379481355
2025-06-09,Bihar,Patna,801503,153,-0.0491901680294351
2025-06-09,Bihar,Purnia,854330,146,-0.035065723201129884
2025-06-09,Bihar,Saharsa,852216,135,-0.030115273365780237
2025-06-09,Bihar,Vaishali,844505,143,-0.051719990974465
2025-06-09,Delhi,North West Delhi,110034,98,-0.012252092468656883
2025-06-09,Delhi,North West Delhi,110086,162,-0.0780189823730888
2025-06-09,Delhi,South Delhi,110062,121,-0.02228249129096216
2025-06-09,Delhi,West Delhi,110018,121,-0.03816005921452703
2025-05-09,Uttar Pradesh,Budaun,243633,116,-0.009469076111698005
2025-05-09,Uttar Pradesh,Chandauli,232101,105,-0.004604366525565395
2025-05-09,Uttar Pradesh,Ghaziabad,201102,139,-0.020554498787923148
2025-05-09,West Bengal,Uttar Dinajpur,733215,158,-0.020057441494124806
2025-05-09,Delhi,North East Delhi,110094,112,-0.0004407749316801546
2025-05-09,Haryana,Faridabad,121004,164,-0.04224813312110387
2025-06-09,Madhya Pradesh,Bhind,477001,98,-0.03507745033202747
2025-06-09,Madhya Pradesh,Sidhi,486661,143,-0.04818063272176376
2025-06-09,Madhya Pradesh,Sidhi,486669,100,-0.013693907602171596
2025-06-09,Madhya Pradesh,Umaria,484661,83,-0.0040591802343878935
2025-06-09,Manipur,Bishnupur,795133,120,-0.0035191398601747137
2025-06-09,Manipur,Churachandpur,795128,84,-0.015530524288465464
2025-06-09,Haryana,Hisar,125001,93,-0.01793657650632985
2025-04-09,Uttar Pradesh,Bahraich,271801,141,-0.039824284914532826
2025-04-09,Uttar Pradesh,Bahraich,271855,125,-0.022311511432179687
2025-04-09,Uttar Pradesh,Bareilly,262406,128,-0.014562752442345728
2025-04-09,Uttar Pradesh,Chandauli,232104,121,-0.021237482404887098
2025-04-09,Uttar Pradesh,Fatehpur,212655,95,-0.0006508742029568415
2025-04-09,Uttar Pradesh,Ghaziabad,201001,139,-0.0040921918699639015
2025-04-09,Uttar Pradesh,Ghaziabad,201102,158,-0.047448468608211725
2025-04-09,Uttar Pradesh,Ghazipur,233001,118,-0.021497905805126782
2025-04-09,Uttar Pradesh,Hathras,204101,126,-0.02523899060002277
2025-04-09,Uttar Pradesh,Jaunpur,222161,98,-0.0030162139774650987
2025-04-09,Uttar Pradesh,Kanpur Nagar,209206,106,-0.006421626246655765
2025-04-09,Uttar Pradesh,Kushinagar,274802,120,-0.02393388908479499
2025-04-09,Uttar Pradesh,Maharajganj,273303,186,-0.0640289859287525
2025-04-09,Uttar Pradesh,Mainpuri,205001,142,-0.02279859971075393
2025-04-09,Uttar Pradesh,Mau,275101,167,-0.05555516189846077
2025-04-09,Uttar Pradesh,Shahjahanpur,242042,95,-0.001700000408493052
2025-04-09,Uttar Pradesh,Shrawasti,271845,117,-0.016391924628011312
2025-04-09,Uttar Pradesh,Sonbhadra,231216,159,-0.054431520819868906
2025-04-09,West Bengal,Malda,732102,139,-0.023286017658103897
2025-04-09,West Bengal,Murshidabad,742135,130,-0.03139373067387541
2025-04-09,West Bengal,Uttar Dinajpur,733156,144,-0.005993149338267112
2025-06-09,West Bengal,Paschim Medinipur,721121,131,-0.01405254627591801
2025-06-09,West Bengal,Paschim Medinipur,721212,147,-0.023268496278953554
2025-06-09,West Bengal,Puruliya,723202,130,-0.025698902331529827
2025-06-09,West Bengal,South 24 Parganas,743503,166,-0.05782659803005474
2025-06-09,West Bengal,Uttar Dinajpur,733201,147,-0.005660280171935761
2025-07-09,Bihar,Sitamarhi,843302,133,-0.00207275646428684
2025-07-09,Uttar Pradesh,Pilibhit,262001,129,-0.03218333208260349
2025-08-09,Bihar,Begusarai,851112,116,-0.018197228947883115
2025-08-09,Bihar,Gaya,823001,146,-0.034848775132312326
2025-08-09,Bihar,Gaya,824233,135,-0.01088623209665518
2025-08-09,Bihar,Gopalganj,841438,122,-0.018197228947883115
2025-08-09,Bihar,Patna,804453,155,-0.03385863308081649
2025-08-09,Bihar,Rohtas,821113,146,-0.0014856446289880365
2025-08-09,Bihar,West Champaran,845306,122,-0.018197228947883115
2025-08-09,Chhattisgarh,Bemetara,491335,136,-0.022153061392992224
2025-08-09,Chhattisgarh,Bilaspur,495001,129,-0.026475121182803152
2025-08-09,Chhattisgarh,Durg,491001,161,-0.0518878122181432
2025-08-09,Delhi,East Delhi,110092,146,-0.02843673662945645
2025-08-09,Delhi,North East Delhi,110053,128,-0.03633650266438371
2025-08-09,Delhi,North West Delhi,110085,120,-0.010563818001596448
2025-08-09,Delhi,South Delhi,110062,126,-0.013924596547659318
2025-08-09,Delhi,South West Delhi,110043,115,-0.018197228947883115
2025-08-09,Jharkhand,Palamu,822113,160,-0.0503685512898181
2025-08-09,Jharkhand,Palamu,822124,120,-0.010563818001596448
2025-08-09,Madhya Pradesh,Jhabua,457777,121,-0.029911436051531126
2025-08-09,Madhya Pradesh,Morena,476111,101,-0.004473404772317724
2025-06-09,Uttar Pradesh,Azamgarh,276001,93,-0.032110112718662265
2025-06-09,Uttar Pradesh,Ballia,221715,86,-0.012753381070713776
2025-06-09,Uttar Pradesh,Bareilly,243123,112,-0.013559990658604582
2025-06-09,Uttar Pradesh,Basti,272002,96,-0.022406526849745534
2025-06-09,Uttar Pradesh,Budaun,202523,97,-0.02778337634764394
2025-06-09,Uttar Pradesh,Deoria,274702,83,-0.0040591802343878935
2025-06-09,Uttar Pradesh,Gautam Buddha Nagar,201306,113,-0.025823526728944723
2025-06-09,Uttar Pradesh,Ghazipur,233001,96,-0.03755945007303951
2025-06-09,Uttar Pradesh,Jalaun,285001,114,-0.030733113797384637
2025-06-09,Uttar Pradesh,Jaunpur,222161,104,-0.03965451468081682
2025-06-09,Uttar Pradesh,Kheri,262701,160,-0.057315818302732024
2025-06-09,Uttar Pradesh,Lucknow,226003,117,-0.03221247904520641
2025-06-09,Uttar Pradesh,Maharajganj,273162,104,-0.029748537179816625
2025-06-09,Uttar Pradesh,Maharajganj,273304,94,-0.021332356023652244
2025-06-09,Uttar Pradesh,Pilibhit,262202,84,-0.0030899502291849013
2025-06-09,Uttar Pradesh,Rampur,244922,109,-0.02484558913733581
2025-06-09,Uttar Pradesh,Sitapur,261303,101,-0.003067520449733685
2025-06-09,Uttar Pradesh,Sonbhadra,231216,154,-0.07226964474733999
2025-06-09,Uttar Pradesh,Sultanpur,228001,95,-0.030138569288376105
2025-06-09,Uttarakhand,Udham Singh Nagar,244713,112,-0.020947045134892983
2025-06-09,West Bengal,Cooch Behar,736157,133,-0.016463299762474293
2025-06-09,West Bengal,Nadia,741126,141,-0.03308619168256122
2025-06-09,West Bengal,Nadia,741156,133,-0.01839778306576645
2025-07-09,West Bengal,Uttar Dinajpur,733202,155,-0.0283470024079715
2025-08-09,Manipur,Bishnupur,795133,111,-0.011831488276332625
2025-08-09,Rajasthan,Alwar,301001,142,-0.005159192605278862
2025-09-09,Bihar,Banka,813101,139,-0.017452776693528405
2025-09-09,Bihar,Banka,813104,145,-0.019389941489909468
2025-09-09,Bihar,Begusarai,851211,159,-0.033694850097370166
2025-09-09,Bihar,East Champaran,845305,128,-0.006855412285365681
2025-09-09,Bihar,East Champaran,845418,144,-0.02719124051037547
2025-09-09,Bihar,Gaya,804403,141,-0.026211453417541053
2025-09-09,Bihar,Katihar,854116,152,-0.017069545739265335
2025-09-09,Bihar,Purnia,854102,139,-0.006556535500596428
2025-09-09,Bihar,Samastipur,848504,132,-0.007808989583923287
2025-09-09,Bihar,Sitamarhi,843327,153,-0.018521149072131204
2025-09-09,Bihar,Siwan,841226,159,-0.018521149072131204
2025-09-09,Chhattisgarh,Rajnandgaon,491441,125,-0.01439934117745223
2025-09-09,Delhi,East Delhi,110091,103,-0.007860212247726817
2025-09-09,Delhi,North East Delhi,110053,116,-0.018435937566091964
2025-09-09,Jharkhand,Chatra,825401,152,-0.03805685838903561
2025-09-09,Jharkhand,Deoghar,815353,143,-0.023767778311373666
2025-08-09,West Bengal,Murshidabad,742302,148,-0.04281833099648269
2025-08-09,West Bengal,Murshidabad,742305,152,-0.006706210673705693
2025-08-09,West Bengal,Nadia,741152,165,-0.04231770222286246
2025-09-09,Madhya Pradesh,Guna,473001,101,-0.0069475302872147315
2025-09-09,Madhya Pradesh,Indore,452001,127,-0.020432531675024124
2025-09-09,Madhya Pradesh,Neemuch,458441,105,-0.010390445594960274
2025-09-09,Madhya Pradesh,Ratlam,457001,153,-0.05212180881914352
2025-09-09,Madhya Pradesh,Sheopur,476337,119,-0.027754406329686065
2025-09-09,Maharashtra,Beed,431122,116,-0.02824517844253782
2025-09-09,Maharashtra,Nashik,423203,99,-0.005043993426491422
2025-09-09,Manipur,Bishnupur,795133,116,-0.026284080717592806
2025-08-09,Rajasthan,Jaipur,302012,143,-0.03683308327092227
2025-09-09,Uttar Pradesh,Mainpuri,205001,140,-0.043550619202172625
2025-09-09,Uttar Pradesh,Meerut,250401,131,-0.03962507040554286
2025-09-09,Uttar Pradesh,Moradabad,202411,120,-0.020432531675024124
2025-09-09,Uttar Pradesh,Muzaffarnagar,251001,149,-0.03458205716096319
2025-09-09,Uttar Pradesh,Rampur,244924,106,-0.006962265362566611
2025-09-09,Uttar Pradesh,Sambhal,202522,95,-0.002949039054920277
2025-09-09,Uttar Pradesh,Sant Kabir Nagar,272175,145,-0.04757184106483625
2025-09-09,Uttar Pradesh,Shahjahanpur,242042,110,-0.011743807037406517
2025-09-09,Uttar Pradesh,Siddharthnagar,272192,151,-0.04505602731767566
2025-09-09,Uttar Pradesh,Sitapur,261121,117,-0.02824517844253782
2025-09-09,Uttar Pradesh,Sonbhadra,231210,134,-0.018746696139986252
2025-09-09,Uttar Pradesh,Sultanpur,222302,106,-0.010249982018749049
2025-09-09,West Bengal,Cooch Behar,736159,117,-0.006330173114584836
2025-09-09,West Bengal,Jalpaiguri,736204,140,-0.006556535500596428
2025-09-09,West Bengal,Malda,732207,109,-0.008871000760797831
2025-09-09,West Bengal,Nadia,741137,139,-0.03161672652859493
2025-09-09,West Bengal,Puruliya,723126,150,-0.017069545739265335
2025-09-09,West Bengal,Puruliya,723152,122,-0.009192643891528074
2025-09-09,Rajasthan,Baran,325221,118,-0.006330173114584836
2025-09-09,Rajasthan,Bharatpur,321001,95,-0.0005839261446292099
2025-09-09,Rajasthan,Jodhpur,342001,144,-0.031123674043968763
2025-08-09,Uttar Pradesh,Allahabad,212402,180,-0.06614064455421986
2025-08-09,Uttar Pradesh,Allahabad,221503,105,-0.006375395331672418
2025-08-09,Uttar Pradesh,Auraiya,206122,129,-0.03435353662743035
2025-08-09,Uttar Pradesh,Bahraich,271855,172,-0.06004282415656492
2025-08-09,Uttar Pradesh,Balrampur,271201,139,-0.03385863308081649
2025-08-09,Uttar Pradesh,Banda,210121,128,-0.03435353662743035
2025-08-09,Uttar Pradesh,Chandauli,232101,154,-0.047843292448391805
2025-08-09,Uttar Pradesh,Deoria,274202,122,-0.025496302467703846
2025-08-09,Uttar Pradesh,Etah,207247,106,-0.007526113983179816
2025-08-09,Uttar Pradesh,Ghazipur,233226,136,-0.04281833099648269
2025-08-09,Uttar Pradesh,Gorakhpur,273209,131,-0.035344348822167415
2025-08-09,Uttar Pradesh,Hathras,204101,173,-0.06004282415656492
2025-08-09,Uttar Pradesh,Jaunpur,222125,107,-0.006375395331672418
2025-08-09,Uttar Pradesh,Kanpur Dehat,209302,99,-0.001999133401666686
2025-08-09,Uttar Pradesh,Maharajganj,273164,137,-0.04031857087915047
2025-08-09,Uttar Pradesh,Rae Bareli,229301,108,-0.00953556196850247
2025-08-09,Uttar Pradesh,Rampur,244921,162,-0.0518878122181432
2025-08-09,Uttar Pradesh,Rampur,244922,156,-0.04986281586821051
2025-08-09,Uttar Pradesh,Saharanpur,247554,156,-0.0503685512898181
2025-08-09,Uttar Pradesh,Sambhal,202410,113,-0.012411071526520323
2025-08-09,Uttar Pradesh,Shamli,247776,126,-0.01633491645607077
2025-08-09,Uttar Pradesh,Siddharthnagar,272192,121,-0.010563818001596448
2025-08-09,Uttar Pradesh,Unnao,241501,114,-0.005790233023777902
2025-08-09,Uttar Pradesh,Unnao,241503,130,-0.028927970553861426
2025-08-09,Uttar Pradesh,Unnao,241504,152,-0.029419536952878356
2025-09-09,Jharkhand,Pakur,816107,128,-0.01826234839670904
2025-09-09,Telangana,Nirmal,504103,120,-0.010149386008715622
2025-09-09,Uttar Pradesh,Agra,282006,135,-0.04012387676488327
2025-09-09,Uttar Pradesh,Agra,283111,121,-0.02824517844253782
2025-09-09,Uttar Pradesh,Agra,283125,102,-0.006569931444717292
2025-09-09,Uttar Pradesh,Allahabad,212306,140,-0.038554603358566086
2025-09-09,Uttar Pradesh,Allahabad,221503,103,-0.007860212247726817
2025-09-09,Uttar Pradesh,Amroha,244255,101,-0.006569931444717292
2025-09-09,Uttar Pradesh,Azamgarh,276202,94,-0.003793049636452217
2025-09-09,Uttar Pradesh,Bahraich,271851,108,-0.01457199330064185
2025-09-09,Uttar Pradesh,Bahraich,271855,167,-0.05364463205170855
2025-09-09,Uttar Pradesh,Bahraich,271902,114,-0.01318458942626366
2025-09-09,Uttar Pradesh,Bareilly,243302,114,-0.015536019533439194
2025-09-09,Uttar Pradesh,Bareilly,243303,135,-0.04523473956370816
2025-09-09,Uttar Pradesh,Bareilly,262406,173,-0.057315818302732024
2025-09-09,Uttar Pradesh,Bijnor,246733,114,-0.01318458942626366
2025-09-09,Uttar Pradesh,Bijnor,246762,132,-0.023767778311373666
2025-09-09,Uttar Pradesh,Bijnor,246763,147,-0.027681631464011702
2025-09-09,Uttar Pradesh,Etah,207302,148,-0.049590628848495966
2025-09-09,Uttar Pradesh,Ghaziabad,201001,149,-0.03161672652859493
2025-09-09,Uttar Pradesh,Ghazipur,233226,123,-0.02824517844253782
2025-09-09,Uttar Pradesh,Gorakhpur,273402,100,-0.010092573895521983
2025-09-09,Uttar Pradesh,Hathras,204101,174,-0.05936101236914759
2025-09-09,Uttar Pradesh,Jalaun,285123,109,-0.018492549084319188
2025-09-09,Uttar Pradesh,Jhansi,284204,175,-0.05884919482920592
2025-09-09,Uttar Pradesh,Kanpur Dehat,209715,102,-0.012109338138642345
2025-10-09,Madhya Pradesh,Sidhi,486771,125,-0.011107423639479252
2025-11-09,Assam,Nagaon,782124,153,-0.06079215312314068
2025-11-09,Bihar,Begusarai,851111,119,-0.014075327825989192
2025-11-09,Bihar,Bhagalpur,813210,121,-0.0015149872642585827
2025-11-09,Bihar,Bhojpur,802201,129,-7.2112230289356205e-06
2025-11-09,Bihar,Gaya,823001,158,-0.040548954331390163
2025-11-09,Bihar,Munger,811213,149,-0.013097096383163254
2025-11-09,Bihar,Muzaffarpur,843128,131,-0.013436852026492474
2025-11-09,Bihar,Saran,841301,157,-0.04254871001672711
2025-11-09,Bihar,Sitamarhi,843314,150,-0.03606924277004586
2025-11-09,Bihar,Siwan,841226,139,-0.026211453417541053
2025-11-09,Chhattisgarh,Bastar,494001,137,-0.02020170714108316
2025-11-09,Chhattisgarh,Bemetara,491340,108,-0.0021427542870106064
2025-11-09,Chhattisgarh,Dhamtari,493773,149,-0.02020170714108316
2025-11-09,Chhattisgarh,Mohla-Manpur-Ambagarh Chouki,491229,89,-0.011473684189995614
2025-11-09,Delhi,West Delhi,110018,128,-0.012475664408710507
2025-10-09,Bihar,Sitamarhi,843323,158,-0.009670853120472112
2025-10-09,Chhattisgarh,Bastar,494442,153,-0.017850109090834287
2025-10-09,Delhi,South Delhi,110062,166,-0.040623020723974945
2025-10-09,Haryana,Gurgaon,122001,174,-0.05017120472242276
2025-10-09,Jharkhand,Pakur,816107,111,-0.01318458942626366
2025-10-09,Jharkhand,Palamu,822113,142,-0.03763321640124906
2025-10-09,Telangana,Vikarabad,509336,118,-0.013027392461070875
2025-10-09,Bihar,Begusarai,851129,126,-0.008237195536048847
2025-10-09,Bihar,Munger,811211,154,-0.021245478118172012
2025-10-09,Bihar,Nawada,805104,161,-0.0202737312271547
2025-10-09,Maharashtra,Thane,421301,144,-0.04012387676488316
2025-10-09,Uttar Pradesh,Agra,283111,126,-0.014470782864849041
2025-10-09,Uttar Pradesh,Bijnor,246725,146,-0.0391266014176157
2025-10-09,Uttar Pradesh,Bijnor,246733,119,-0.01946188409693561
2025-10-09,Uttar Pradesh,Bulandshahr,202393,124,-0.024816736485298363
2025-10-09,Uttar Pradesh,Bulandshahr,203205,118,-0.018492549084319188
2025-10-09,Uttar Pradesh,Chandauli,232103,139,-0.0351509675354198
2025-10-09,Uttar Pradesh,Chandauli,232110,113,-0.01607494238466911
2025-10-09,Uttar Pradesh,Chitrakoot,210208,122,-0.023352367587457734
2025-10-09,Uttar Pradesh,Chitrakoot,210209,110,-0.011685552829046708
2025-10-09,Uttar Pradesh,Deoria,274001,168,-0.04663916434002635
2025-10-09,Uttar Pradesh,Deoria,274702,104,-0.0032010034602577564
2025-10-09,Uttar Pradesh,Etah,207247,109,-0.011264195750570583
2025-10-09,Uttar Pradesh,Fatehpur,212657,110,-0.011785053004140678
2025-10-09,Uttar Pradesh,Fatehpur,216221,101,-0.004427451276961092
2025-10-09,Uttar Pradesh,Jalaun,285001,140,-0.02873628271744033
2025-10-09,Uttar Pradesh,Jaunpur,222143,97,-0.004798008750470983
2025-10-09,Uttar Pradesh,Kaushambi,212201,104,-0.009769210579192111
2025-10-09,Uttar Pradesh,Kheri,262722,131,-0.0015851357152942835
2025-10-09,Uttar Pradesh,Mirzapur,231302,111,-0.012745305472905644
2025-10-09,Uttar Pradesh,Muzaffarnagar,251001,153,-0.03465552464044486
2025-10-09,Uttar Pradesh,Rampur,244922,136,-0.0351509675354198
2025-10-09,Uttar Pradesh,Saharanpur,247554,137,-0.03119679439647549
2025-10-09,Uttar Pradesh,Sambhal,202421,111,-0.014287974084029376
2025-10-09,Uttar Pradesh,Siddharthnagar,272192,124,-0.030704025936088897
2025-10-09,Uttar Pradesh,Unnao,241501,102,-0.004051203508593226
2025-10-09,West Bengal,Cooch Behar,736146,156,-0.02857564520734135
2025-10-09,West Bengal,Malda,732102,159,-0.02857564520734135
2025-10-09,West Bengal,Malda,732139,149,-0.02465696610745116
2025-12-09,Delhi,West Delhi,110041,166,-0.06449827883112036
2025-12-09,Gujarat,Mahesana,382715,108,-0.024429557537529845
2025-12-09,Gujarat,Panchmahals,389001,118,-0.032285708683924
2025-12-09,Haryana,Sonipat,131001,112,-0.026875475188586573
2025-12-09,Jharkhand,Pakur,816107,117,-0.02589611509177836
2025-12-09,Jharkhand,Sahebganj,816101,106,-0.019020918229178507
2025-11-09,Uttar Pradesh,Mirzapur,231211,125,-0.029646516566459113
2025-11-09,Uttar Pradesh,Muzaffarnagar,251001,123,-0.03905268520948313
2025-11-09,Uttar Pradesh,Pratapgarh,230135,79,-0.000785621070647835
2025-11-09,Uttar Pradesh,Rae Bareli,229301,108,-0.026211453417541053
2025-11-09,Uttar Pradesh,Rampur,244922,90,-0.01339464558160497
2025-11-09,Uttar Pradesh,Saharanpur,247554,116,-0.0223055363864183
2025-11-09,Uttar Pradesh,Sambhal,202410,117,-0.032110112718662265
2025-11-09,Uttar Pradesh,Shamli,247774,104,-0.0030899502291849013
2025-11-09,Uttar Pradesh,Siddharthnagar,272192,115,-0.038554603358566086
2025-11-09,Uttar Pradesh,Sultanpur,228001,104,-0.011573154633844007
2025-11-09,Uttar Pradesh,Unnao,209821,104,-0.016285852999905148
2025-11-09,Uttar Pradesh,Varanasi,221307,125,-0.03557317879274535
2025-11-09,Uttarakhand,Haridwar,247667,131,-0.040548954331390163
2025-11-09,West Bengal,Dakshin Dinajpur,733121,122,-0.03458205716096319
2025-11-09,West Bengal,Malda,732123,156,-0.05009618004977745
2025-11-09,West Bengal,Murshidabad,742213,156,-0.057720637812428865
2025-11-09,West Bengal,Murshidabad,742302,141,-0.03458205716096319
2025-11-09,West Bengal,North 24 Parganas,743425,138,-0.02020170714108316
2025-11-09,West Bengal,Puruliya,723101,127,-0.018420703762223267
2025-11-09,West Bengal,Puruliya,723127,100,-0.0015715558527513718
2025-11-09,West Bengal,South 24 Parganas,743399,114,-0.017452776693528405
2025-12-09,Maharashtra,Solapur,413304,86,-0.010144760242882356
2025-12-09,Punjab,Patiala,147001,158,-0.032110112718662265
2025-12-09,Rajasthan,Bundi,323024,123,-0.007226986580287864
2025-12-09,Rajasthan,Pratapgarh,312605,106,-0.0083933325179818
2025-11-09,Jharkhand,Garhwa,822125,126,-0.012475664408710507
2025-11-09,Jharkhand,Hazaribagh,825301,88,-0.001473488723094163
2025-11-09,Jharkhand,Palamu,822113,112,-0.020360491651335244
2025-11-09,Rajasthan,Jaipur,302012,135,-0.030630955039079644
2025-11-09,Rajasthan,Tonk,304001,100,-0.014357077581299671
2025-12-09,Madhya Pradesh,Datia,475661,114,-0.021991900278477305
2025-12-09,Madhya Pradesh,Vidisha,464221,73,-0.004412480081158576
2025-12-09,Maharashtra,Beed,431122,92,-0.014090469148865914
2025-11-09,Madhya Pradesh,Gwalior,475110,99,-0.004316203630339577
2025-11-09,Madhya Pradesh,Jhabua,457661,161,-0.06490695109381506
2025-11-09,Madhya Pradesh,Katni,483501,141,-0.05212180881914352
2025-11-09,Madhya Pradesh,Satna,485331,135,-0.015363133623981007
2025-11-09,Maharashtra,Aurangabad,431001,138,-0.05212180881914352
2025-12-09,Bihar,Begusarai,851111,123,-0.010093105387151136
2025-12-09,Bihar,East Champaran,845303,111,-0.0025461468448331193
2025-12-09,Bihar,East Champaran,845305,126,-0.014895901719113813
2025-12-09,Bihar,Gopalganj,841426,146,-0.03716543945428019
2025-12-09,Bihar,Muzaffarpur,842002,142,-0.006934127157357972
2025-12-09,Bihar,Muzaffarpur,843118,133,-0.0036063779258959094
2025-12-09,Bihar,Purnia,854203,150,-0.01027767433678417
2025-12-09,Bihar,Rohtas,802212,141,-0.020360491651335244
2025-12-09,Bihar,West Champaran,845450,129,-0.025232991249156123
2025-12-09,Bihar,West Champaran,845452,118,-0.0011269360300150133
2025-12-09,Chhattisgarh,Mahasamund,493558,152,-0.03755945007303951
2025-12-09,Chhattisgarh,Surguja,497101,156,-0.04254871001672711
2025-12-09,Delhi,North Delhi,110084,94,-0.0035789466768665346
2025-12-09,Delhi,North East Delhi,110094,187,-0.0733117987111307
2025-12-09,Delhi,South West Delhi,110043,100,-0.0301540524791436
2025-11-09,Uttar Pradesh,Agra,282007,109,-0.023767778311373666
2025-11-09,Uttar Pradesh,Allahabad,212107,129,-0.049590628848495966
2025-11-09,Uttar Pradesh,Allahabad,212301,142,-0.05618954966144396
2025-11-09,Uttar Pradesh,Allahabad,212507,115,-0.031123674043968652
2025-11-09,Uttar Pradesh,Amroha,244255,99,-0.004316203630339577
2025-11-09,Uttar Pradesh,Azamgarh,223221,92,-0.017877813554179056
2025-11-09,Uttar Pradesh,Azamgarh,276204,112,-0.019875052405389226
2025-11-09,Uttar Pradesh,Bahraich,271851,97,-0.006217768172914417
2025-11-09,Uttar Pradesh,Bahraich,271903,107,-0.017452776693528405
2025-11-09,Uttar Pradesh,Bareilly,243505,126,-0.03805685838903561
2025-11-09,Uttar Pradesh,Bijnor,246701,155,-0.05517054938743127
2025-11-09,Uttar Pradesh,Bijnor,246763,147,-0.04304949513994538
2025-11-09,Uttar Pradesh,Budaun,243633,157,-0.0613052856868882
2025-11-09,Uttar Pradesh,Bulandshahr,203001,181,-0.07487767619532237
2025-11-09,Uttar Pradesh,Chandauli,232101,163,-0.06490695109381506
2025-11-09,Uttar Pradesh,Chandauli,232103,130,-0.05009618004977745
2025-11-09,Uttar Pradesh,Deoria,274204,89,-0.011473684189995614
2025-11-09,Uttar Pradesh,Ghaziabad,201204,109,-0.009278064645312667
2025-11-09,Uttar Pradesh,Gorakhpur,273165,91,-0.010994255602768677
2025-11-09,Uttar Pradesh,Hathras,204101,150,-0.06233259293727356
2025-11-09,Uttar Pradesh,Kaushambi,212217,113,-0.026498009406881295
2025-11-09,Uttar Pradesh,Kushinagar,274302,88,-0.004791112410143072
2025-11-09,Uttar Pradesh,Kushinagar,274802,108,-0.02600841900487938
2025-11-09,Uttar Pradesh,Lucknow,226003,125,-0.026211453417541053
2025-11-09,Uttar Pradesh,Maharajganj,273163,103,-0.02600841900487938
2025-11-09,Uttar Pradesh,Maharajganj,273164,98,-0.02664169826089058
2025-12-09,Uttar Pradesh,Baghpat,250611,154,-0.056295295023496505
2025-12-09,Uttar Pradesh,Bahraich,271801,178,-0.06967042118465594
2025-12-09,Uttar Pradesh,Bahraich,271855,158,-0.06656293744255337
2025-12-09,Uttar Pradesh,Bara Banki,225301,91,-0.00310485775442626
2025-12-09,Uttar Pradesh,Bareilly,243122,122,-0.024918079342010957
2025-12-09,Uttar Pradesh,Bareilly,243123,122,-0.031792203728211565
2025-12-09,Uttar Pradesh,Bareilly,243202,127,-0.033273720856454636
2025-12-09,Uttar Pradesh,Bareilly,243301,88,-0.008710141716807951
2025-12-09,Uttar Pradesh,Budaun,243639,123,-0.04172602351786758
2025-12-09,Uttar Pradesh,Chandauli,232106,124,-0.04624028587109241
2025-12-09,Uttar Pradesh,Chandauli,232109,95,-0.013609270679552754
2025-12-09,Uttar Pradesh,Chandauli,232110,104,-0.025349773463639536
2025-12-09,Uttar Pradesh,Deoria,274204,108,-0.031241408276936555
2025-12-09,Uttar Pradesh,Etawah,206245,97,-0.011687729223608168
2025-12-09,Uttar Pradesh,Fatehpur,216221,104,-0.016118630270691048
2025-12-09,Uttar Pradesh,Ghazipur,233001,102,-0.0301540524791436
2025-12-09,Uttar Pradesh,Gonda,271001,94,-0.02124077980554806
2025-12-09,Uttar Pradesh,Gonda,271504,111,-0.026875475188586573
2025-12-09,Uttar Pradesh,Hamirpur,210507,91,-0.00310485775442626
2025-12-09,Uttar Pradesh,Kanpur Nagar,209206,135,-0.049695448192726754
2025-12-09,Uttar Pradesh,Kaushambi,212201,128,-0.04825546512590473
2025-12-09,Uttar Pradesh,Kaushambi,212207,105,-0.0301540524791436
2025-12-09,Uttar Pradesh,Kheri,261506,106,-0.008970105973525988
2025-12-09,Uttar Pradesh,Kheri,262722,129,-0.028663409308151366
2025-12-09,Uttar Pradesh,Kushinagar,274149,92,-0.0183294985458613
2025-12-09,Uttar Pradesh,Kushinagar,274302,111,-0.026875475188586573
2025-12-09,Uttar Pradesh,Kushinagar,274402,146,-0.05425838662968607
2025-12-09,Uttar Pradesh,Mau,275101,171,-0.06811510245341534
2025-12-09,Uttar Pradesh,Mirzapur,231501,71,-0.004314014344301231
2025-12-09,Uttar Pradesh,Moradabad,244501,101,-0.021935012024346112
2025-12-09,Uttar Pradesh,Muzaffarnagar,251309,133,-0.041152006612060976
2025-12-09,Uttar Pradesh,Pilibhit,262201,149,-0.05782659803005474
2025-12-09,Uttar Pradesh,Saharanpur,247554,140,-0.04666888884270315
2025-12-09,Uttar Pradesh,Sambhal,202522,132,-0.04876011266801594
2025-12-09,Uttar Pradesh,Sant Kabir Nagar,272162,129,-0.04825546512590473
2025-12-09,Uttar Pradesh,Sant Kabir Nagar,272165,90,-0.014466128845512682
2025-12-09,Uttar Pradesh,Sant Kabir Nagar,272271,86,-0.0006354110770010468
2025-12-09,Uttar Pradesh,Siddharthnagar,272207,102,-0.015153816198151926
2025-12-09,Uttar Pradesh,Unnao,209825,89,-0.00310485775442626
2025-12-09,Uttar Pradesh,Varanasi,221104,107,-0.024429557537529845
2025-12-09,Uttarakhand,Haridwar,247667,166,-0.06604624882670229
2025-12-09,Uttarakhand,Udham Singh Nagar,262308,95,-0.023675891772588886
2025-12-09,West Bengal,Bankura,722101,138,-0.032110112718662265
2025-12-09,West Bengal,Bankura,722122,151,-0.017495964690021792
2025-12-09,West Bengal,Bankura,722207,123,-0.020918348231442008
2025-12-09,West Bengal,Cooch Behar,735303,107,-0.02779880941373114
2025-12-09,West Bengal,Cooch Behar,736134,139,-0.03965451468081682
2025-12-09,West Bengal,Cooch Behar,736146,117,-0.032285708683924
2025-12-09,West Bengal,North 24 Parganas,743425,135,-0.018420703762223267
2025-12-09,West Bengal,Paschim Medinipur,721150,132,-0.01552084744611526
2025-12-09,West Bengal,Paschim Medinipur,721201,138,-0.03816005921452703
2025-12-09,West Bengal,Puruliya,723201,117,-0.02589611509177836
2025-12-09,West Bengal,South 24 Parganas,743338,156,-0.04215202453737488
2025-12-09,Telangana,Komaram Bheem,504299,118,-0.018977052630932634
2025-12-09,Uttar Pradesh,Agra,283111,135,-0.05027610553809736
2025-12-09,Uttar Pradesh,Allahabad,212107,123,-0.03823388582744969
2025-12-09,Uttar Pradesh,Allahabad,212507,125,-0.03376822852555428
2025-01-12,Bihar,Araria,854334,112,-0.011743807037406517
2025-01-12,Bihar,Begusarai,851129,110,-0.02189096799098411
2025-01-12,Bihar,East Champaran,845433,122,-0.01994704370426914
2025-01-12,Bihar,Khagaria,851204,112,-0.018492549084319188
2025-01-12,Bihar,Muzaffarpur,843119,138,-0.03663930906815038
2025-01-12,Bihar,Sitamarhi,843324,131,-0.04172602351786758
2025-03-12,Chhattisgarh,Raipur,492001,116,-0.01074854395852265
2025-03-12,Delhi,North West Delhi,110042,157,-0.01604074426142177
2025-03-12,Gujarat,Ahmedabad,382330,126,-0.01845578838810169
2025-03-12,Gujarat,Surat,395007,109,-0.007879769780462897
2025-03-12,Haryana,Yamuna Nagar,135001,130,-0.011071042183822932
2025-03-12,Maharashtra,Beed,431122,159,-0.03720144286312699
2025-03-12,Maharashtra,Solapur,413304,155,-0.0008995448401185602
2025-03-12,Maharashtra,Thane,421306,142,-0.00873806139453337
2025-03-12,Manipur,Imphal East,795010,161,-0.052429604269118135
2025-03-12,Manipur,Imphal West,795001,125,-0.032307295873436837
2025-02-12,Punjab,Ludhiana,141008,137,-0.011216460969762143
2025-02-12,Tamil Nadu,Chennai,600012,89,-0.012635730599555473
2025-02-12,Tamil Nadu,Krishnagiri,635109,95,-0.021320152112484392
2025-02-12,West Bengal,Murshidabad,742213,123,-0.017899844360386052
2025-02-12,West Bengal,Nadia,741404,142,-0.005626269254976002
2025-02-12,West Bengal,Uttar Dinajpur,733134,163,-0.05032809567454832
2025-04-12,Bihar,Katihar,854317,146,-0.01490929263706886
2025-04-12,Bihar,Kishanganj,855107,131,-0.003507065569875234
2025-04-12,Bihar,Lakhisarai,811311,149,-0.017806661289547443
2025-04-12,Bihar,Nalanda,803101,126,-0.020241625790765716
2025-04-12,Bihar,Saran,841301,147,-0.036940746246478695
2025-04-12,Bihar,West Champaran,845105,150,-0.02461310480423906
2025-04-12,Chhattisgarh,Bilaspur,495224,114,-0.010918997865611901
2025-04-12,Chhattisgarh,Surajpur,497223,150,-0.0354517934894677
2025-04-12,Delhi,South Delhi,110044,145,-0.047448468608211725
2025-04-12,Delhi,West Delhi,110041,140,-0.03100302564352686
2025-04-12,Rajasthan,Alwar,301001,138,-0.011135492390984547
2025-04-12,Maharashtra,Beed,431122,158,-0.04342791271849589
2025-04-12,Maharashtra,Nashik,423203,135,-0.03100302564352686
2025-04-12,Telangana,Hyderabad,500008,110,-0.002819006586499029
2025-04-12,Uttar Pradesh,Gorakhpur,273015,127,-0.0011400680835599308
2025-04-12,Uttar Pradesh,Sitapur,261001,159,-0.019816763340587573
2025-05-12,Madhya Pradesh,Barwani,451666,86,-0.0107138370887222
2025-05-12,Madhya Pradesh,Katni,483501,99,-0.023381161734961742
2025-01-11,Andhra Pradesh,Chittoor,517325,80,-0.01733153154726419
2025-01-11,Bihar,Araria,854311,141,-0.007473511387549925
2025-01-11,Bihar,Araria,854312,144,-0.01610991203183365
2025-01-11,Bihar,Banka,813102,125,-0.0013011995413352295
2025-01-11,Bihar,Bhagalpur,853204,134,-0.01845578838810169
2025-01-11,Uttar Pradesh,Agra,282006,135,-0.019910208316922806
2025-01-11,Uttar Pradesh,Bareilly,262406,132,-0.008427925647043866
2025-01-11,Uttar Pradesh,Budaun,243635,112,-0.0017740677203889055
2025-01-11,Uttar Pradesh,Jaunpur,222001,112,-0.012187304151651923
2025-01-11,Uttar Pradesh,Kanpur Nagar,209206,146,-0.01949701975680973
2025-01-11,Uttar Pradesh,Kheri,261505,130,-0.016521148314613265
2025-01-11,Uttar Pradesh,Maharajganj,273303,142,-0.041747890005082944
2025-01-11,Uttar Pradesh,Sambhal,244302,142,-0.036764030011740556
2025-02-11,Manipur,Imphal West,795113,128,-0.0491901680294351
2025-02-11,Uttar Pradesh,Meerut,250002,136,-0.02439596101615038
2025-01-11,Tamil Nadu,Krishnagiri,635109,99,-0.022722161952103193
2025-01-11,West Bengal,Cooch Behar,736134,127,-0.010340633000355814
2025-02-11,Andhra Pradesh,Chittoor,517425,57,-0.0020074192227772514
2025-03-11,Maharashtra,Palghar,401606,139,-0.050201070337339115
2025-03-11,Maharashtra,Thane,421306,158,-0.03443536047265128
2025-03-11,Manipur,Senapati,795112,130,-0.017706765814711423
2025-03-11,Manipur,Thoubal,795148,142,-0.0470679972191147
2025-03-11,Rajasthan,Ajmer,305001,128,-0.04165184642511366
2025-03-11,Rajasthan,Ganganagar,335001,112,-0.029154796648082293
2025-03-11,Telangana,Hyderabad,500008,118,-0.03507745033202747
2025-03-11,Telangana,Medchal-malkajgiri,500055,94,-0.017371050744840355
2025-03-11,Telangana,Nizamabad,503001,94,-0.0049701073392933726
2025-06-12,Uttar Pradesh,Mathura,281001,152,-0.009216034791980965
2025-06-12,Uttar Pradesh,Shamli,247774,167,-0.03264218204559133
2025-06-12,Madhya Pradesh,Barwani,451666,118,-0.00931518842287804
2025-06-12,Maharashtra,Nashik,423203,143,-0.03574960837127794
2025-08-12,Maharashtra,Hingoli,431513,156,-0.015366559277111502
2025-08-12,Maharashtra,Thane,421503,137,-0.03184990436481705
2025-08-12,Jharkhand,Bokaro,827013,124,-0.009407332679350011
2025-08-12,Jharkhand,Deoghar,815353,137,-0.04143265039131783
2025-08-12,Assam,Dhubri,783330,135,-0.0020336153513180744
2025-08-12,Bihar,Begusarai,851129,163,-0.04088857295944626
2025-08-12,Bihar,Muzaffarpur,843111,117,-0.003692251813314229
2025-08-12,Chhattisgarh,Dhamtari,493773,137,-0.046049428639189816
2025-08-12,Chhattisgarh,Jashpur,496223,115,-0.026272494377205913
2025-08-12,Chhattisgarh,Surajpur,497223,162,-0.053632607641939334
2025-08-12,Delhi,South West Delhi,110043,143,-0.025464127134527947
2025-08-12,Rajasthan,Bikaner,334001,125,-0.011742524755281036
2025-07-12,Uttar Pradesh,Hapur,245101,132,-0.012962749373688132
2025-07-12,Uttar Pradesh,Sambhal,244302,132,-6.85841949134014e-05
2025-08-12,Uttar Pradesh,Agra,283125,120,-0.006067897782920717
2025-08-12,Uttar Pradesh,Ambedkar Nagar,224190,143,-0.014784562659651446
2025-08-12,Uttar Pradesh,Baghpat,250611,164,-0.04088857295944626
2025-08-12,Uttar Pradesh,Bareilly,243122,142,-0.021562244221727145
2025-08-12,Uttar Pradesh,Basti,272002,135,-0.0020336153513180744
2025-08-12,Uttar Pradesh,Chitrakoot,210205,127,-0.012702719637029847
2025-08-12,Uttar Pradesh,Kushinagar,274802,112,-0.00432197455695682
2025-08-12,Uttar Pradesh,Lucknow,226020,151,-0.0015185527863941228
2025-08-12,Uttar Pradesh,Meerut,250401,125,-0.0023305717584830576
2025-08-12,Uttar Pradesh,Rampur,244924,150,-0.023022975910573118
2025-08-12,West Bengal,Malda,732201,123,-0.022607994232128226
2025-09-12,Bihar,Khagaria,851204,131,-0.008363547742382682
2025-09-12,Bihar,Kishanganj,855107,154,-0.02186061358152669
2025-09-12,Bihar,Nalanda,803101,161,-0.03905268520948313
2025-09-12,Bihar,West Champaran,845105,138,-0.004693307828446791
2025-09-12,Chhattisgarh,Bastar,494001,179,-0.05110830917821263
2025-09-12,Chhattisgarh,Bastar,494442,162,-0.042444893424088415
2025-09-12,Chhattisgarh,Bilaspur,495113,119,-0.015420823105488424
2025-09-12,Delhi,West Delhi,110018,151,-0.0014741997286243924
2025-05-11,Madhya Pradesh,Indore,452010,112,-0.0004089582724470242
2025-05-11,Manipur,Senapati,795122,95,-0.01464534465386702
2025-05-11,Manipur,Thoubal,795130,117,-0.020935544245703763
2025-05-11,Manipur,Ukhrul,795145,89,-0.0027032105599616996
2025-05-11,Bihar,Banka,813102,136,-0.01712981548734349
2025-05-11,Bihar,Darbhanga,847101,128,-0.016646561333393484
2025-05-11,Bihar,East Champaran,845303,159,-0.04172602351786758
2025-05-11,Bihar,Kaimur (Bhabua),821109,153,-0.0011962296224525826
2025-05-11,Bihar,Kishanganj,855117,150,-0.03524203062729625
2025-05-11,Bihar,Madhubani,847408,131,-0.01616363403200627
2025-04-11,West Bengal,Paschim Medinipur,721212,135,-0.002681054571749386
2025-04-11,West Bengal,South 24 Parganas,743349,159,-0.010779449971006771
2025-05-11,Uttar Pradesh,Budaun,243601,112,-0.01039392059554789
2025-05-11,Uttar Pradesh,Meerut,250001,138,-0.022954440508362817
2025-05-11,Uttar Pradesh,Varanasi,221001,125,-0.006097273451992069
2025-05-11,Uttarakhand,Dehradun,248001,157,-0.04423055301386458
2025-05-11,West Bengal,Malda,732201,117,-0.013753892581322424
2025-06-11,Jharkhand,Garhwa,822114,150,-0.053212010684040356
2025-06-11,Jharkhand,Palamu,822113,128,-0.027754406329686065
2025-06-11,Madhya Pradesh,Chhindwara,480001,99,-0.004706234049922098
2025-06-11,Madhya Pradesh,Jabalpur,482001,171,-0.05586114673413478
2025-06-11,Madhya Pradesh,Jhabua,457661,146,-0.042622977130029716
2025-06-11,Madhya Pradesh,Morena,476001,158,-0.05270435206739621
2025-06-11,Madhya Pradesh,Ratlam,457001,119,-0.021404493595914564
2025-06-11,Bihar,East Champaran,845303,167,-0.05535169635450188
2025-06-11,Bihar,Rohtas,802215,119,-0.003017249579569281
2025-06-11,Bihar,West Champaran,845451,147,-0.024680868960811786
2025-06-11,Chhattisgarh,Bilaspur,495001,126,-0.009694259852243148
2025-06-11,Chhattisgarh,Surguja,497116,123,-0.007295084386471418
2025-06-11,Delhi,North East Delhi,110053,146,-0.02958269875041286
2025-06-11,Delhi,North West Delhi,110042,149,-0.052197036809455866
2025-06-11,Delhi,West Delhi,110041,161,-0.028701551502083644
2025-06-11,Haryana,Hisar,125001,161,-0.05586114673413478
2025-06-11,Haryana,Karnal,132001,156,-0.05270435206739621
2025-06-11,Haryana,Sonipat,131001,131,-0.03168989637007136
2025-06-11,Madhya Pradesh,Sheopur,476337,104,-0.004583598920541276
2025-06-11,Maharashtra,Ahmadnagar,414001,149,-0.015446856586692648
2025-06-11,Maharashtra,Dhule,424001,151,-0.042622977130029716
2025-06-11,Maharashtra,Pune,411028,130,-0.014012876864183843
2025-06-11,Maharashtra,Pune,411033,141,-0.03962507040554286
2025-06-11,Maharashtra,Pune,411048,142,-0.0052920052189855404
2025-06-11,Maharashtra,Wardha,442001,151,-0.004440301171831362
2025-06-11,Rajasthan,Bhilwara,311001,114,-0.00445153795169928
2025-06-11,Telangana,Medchal-malkajgiri,500055,95,-0.0064054160150506245
2025-06-11,Uttar Pradesh,Bahraich,271801,137,-0.02175565090513032
2025-06-11,Uttar Pradesh,Bareilly,243505,145,-0.016806380330426918
2025-06-11,Uttar Pradesh,Bareilly,262406,125,-0.00041409142447323966
2025-06-11,Uttar Pradesh,Etah,207001,151,-0.028210470717898506
2025-06-11,Uttar Pradesh,Jaunpur,222001,151,-0.04663916434002635
2025-06-11,Uttar Pradesh,Jhansi,284204,149,-0.030074708279458684
2025-06-11,Uttar Pradesh,Kheri,261505,120,-0.009694259852243148
2025-06-11,Uttar Pradesh,Mathura,281001,128,-0.01932702400609687
2025-06-11,Uttar Pradesh,Rae Bareli,229001,144,-0.012939859657889907
2025-06-11,Uttar Pradesh,Rampur,244924,121,-0.0053906081960075625
2025-06-11,West Bengal,Murshidabad,742302,125,-0.00041409142447323966
2025-05-11,West Bengal,Paschim Medinipur,721150,144,-0.02392981731720767
2025-08-11,Bihar,Begusarai,851129,119,-0.014555106756191094
2025-08-11,Bihar,Bhagalpur,853204,135,-0.029266611554911726
2025-08-11,Bihar,East Champaran,845301,142,-0.017090682748945873
2025-08-11,Bihar,Gopalganj,841405,122,-0.008929698876176895
2025-08-11,Bihar,Katihar,855102,148,-0.008399977604816034
2025-08-11,Bihar,Lakhisarai,811311,149,-0.027804830332798902
2025-08-11,Chhattisgarh,Surguja,497001,105,-0.02870563941864024
2025-08-11,Delhi,North East Delhi,110053,107,-0.00581804271448616
2025-07-11,Maharashtra,Ahmadnagar,414001,157,-0.0026754888461762993
2025-07-11,Maharashtra,Palghar,401209,137,-0.01303244695298389
2025-10-12,Uttar Pradesh,Sitapur,261001,150,-0.0033882034077490353
2025-10-12,Uttarakhand,Udham Singh Nagar,244713,112,-0.01648615851147628
2025-11-12,Madhya Pradesh,Morena,476001,128,-0.02710365436886575
2025-11-12,Madhya Pradesh,Ratlam,457001,135,-0.025145641825520815
2025-11-12,Maharashtra,Raigad,410206,135,-0.02857564520734135
2025-12-12,Bihar,East Champaran,845437,122,-0.012392953469258727
2025-12-12,Bihar,Gaya,824201,122,-0.02498894998140999
2025-12-12,Bihar,Patna,804453,157,-0.03780848614985266
2025-12-12,Bihar,Vaishali,844122,129,-0.008701758078384358
2025-12-12,Chhattisgarh,Bastar,494224,121,-0.02778337634764394
2025-12-12,Chhattisgarh,Bilaspur,495551,161,-0.03980081513704381
2025-12-12,Chhattisgarh,Raipur,492001,109,-0.003327305996718155
2025-12-12,Delhi,South Delhi,110025,116,-0.017211363017494263
2025-12-12,Delhi,West Delhi,110041,160,-0.051719990974465
2025-12-12,Rajasthan,Alwar,301001,140,-0.02303665282087286
2025-12-12,Madhya Pradesh,Datia,475661,117,-0.017211363017494263
2025-12-12,Madhya Pradesh,Morena,476001,121,-0.021575893399350732
2025-12-12,Maharashtra,Pune,411048,130,-0.04215202453737488
2025-12-12,Haryana,Faridabad,121001,139,-0.022549403533296375
2025-12-12,Haryana,Sonipat,131001,117,-0.008084170647382316
2025-12-12,Jharkhand,Deoghar,815353,139,-0.03235730223704092
2025-12-12,Uttar Pradesh,Agra,282007,127,-0.016245071288897406
2025-12-12,Uttar Pradesh,Allahabad,212402,155,-0.01121475995067689
2025-12-12,Uttar Pradesh,Bijnor,246762,157,-0.01121475995067689
2025-11-12,Telangana,Hyderabad,500008,103,-0.009293103869852049
2025-11-12,Uttar Pradesh,Ballia,221712,114,-0.01495256441874826
2025-11-12,Uttar Pradesh,Mainpuri,205001,148,-0.018818574182791314
2025-11-12,Uttar Pradesh,Mathura,281004,113,-0.004804754826451374
2025-12-12,Uttar Pradesh,Jaunpur,222001,161,-0.03980081513704381
2025-12-12,Uttar Pradesh,Kushinagar,274302,114,-0.010953776280930416
2025-12-12,Uttar Pradesh,Maharajganj,273303,145,-0.03186374885849319
2025-12-12,Uttar Pradesh,Mirzapur,231211,143,-0.03186374885849319
2025-12-12,Uttar Pradesh,Saharanpur,247341,119,-0.0029923826052942193
2025-12-12,West Bengal,Malda,732125,121,-0.02778337634764394
2025-11-12,Uttar Pradesh,Moradabad,244501,132,-0.014370905857719607
2025-11-12,Uttar Pradesh,Muzaffarnagar,251002,121,-0.009571649586621711
2025-11-12,Uttar Pradesh,Siddharthnagar,272189,116,-0.006231438308161086
2025-11-12,Uttar Pradesh,Sultanpur,228001,139,-0.02710365436886575
2025-11-12,Uttarakhand,Haridwar,247667,146,-0.02759398604286567
2025-08-11,Uttar Pradesh,Siddharthnagar,272153,139,-0.02048244652330422
2025-08-11,Uttar Pradesh,Sitapur,261201,137,-0.028284018026006996
2025-08-11,West Bengal,Jalpaiguri,736204,112,-0.013111545368826527
2025-10-11,Uttar Pradesh,Hathras,204101,132,-0.0192893742806175
2025-10-11,Manipur,Chandel,795127,141,-0.023178921497297722
2025-10-11,Manipur,Imphal West,795002,123,-0.025305520338396392
2025-10-11,Rajasthan,Alwar,301001,136,-0.029646516566459113
2025-10-11,Rajasthan,Jaipur,302012,154,-0.019615762279341142
2025-11-11,Chhattisgarh,Surguja,497001,99,-0.015053843355307572
2025-11-11,Delhi,West Delhi,110041,113,-0.014728212352826953
2025-11-11,Haryana,Sonipat,131001,118,-0.02982151950623324
2025-11-11,Jharkhand,Godda,814133,121,-0.03031369067280887
2025-11-11,Jharkhand,Palamu,822113,142,-0.04818063272176376
2025-10-11,Jharkhand,Palamu,822113,148,-0.04757184106483625
2025-10-11,Madhya Pradesh,Morena,476001,117,-0.0082943082317527
2025-10-11,Uttar Pradesh,Rae Bareli,229001,145,-0.014781139803811905
2025-10-11,West Bengal,South 24 Parganas,743399,110,-0.006962265362566611
2025-02-12,Bihar,Aurangabad,824301,130,-0.03917781623023586
2025-02-12,Bihar,Darbhanga,847201,141,-0.01844432738638735
2025-02-12,Bihar,East Champaran,845412,141,-0.005626269254976002
2025-02-12,Bihar,Gaya,823003,156,-0.05489489823006766
2025-02-12,Bihar,Gopalganj,841438,141,-0.01844432738638735
2025-02-12,Bihar,Jamui,811307,122,-0.0007474010099388639
2025-02-12,Bihar,Jamui,811314,120,-0.0040503471775028554
2025-02-12,Bihar,Katihar,854113,115,-0.0035759394198069394
2025-02-12,Bihar,Katihar,855102,139,-0.0023046995298816597
2025-02-12,Bihar,Muzaffarpur,843120,138,-0.023315357330104036
2025-02-12,Uttarakhand,Haridwar,247663,117,-0.01596670682926571
2025-02-12,Uttarakhand,Udham Singh Nagar,263148,150,-0.01854477601136728
2025-02-12,West Bengal,Barddhaman,713405,94,-0.00831051778282843
2025-03-12,Uttar Pradesh,Bareilly,243122,149,-0.009315116575926874
2025-03-12,Uttar Pradesh,Bareilly,243503,154,-0.014594170446327048
2025-03-12,Uttar Pradesh,Bijnor,246701,152,-0.004075205955675121
2025-03-12,Uttar Pradesh,Rae Bareli,229001,148,-0.009315116575926874
2025-05-12,Telangana,Hyderabad,500008,110,-0.025823526728944723
2025-05-12,Telangana,Sangareddy,502032,106,-0.02925674825903457
2025-05-12,Uttar Pradesh,Agra,282006,129,-0.01405254627591801
2025-05-12,Uttar Pradesh,Bijnor,246763,132,-0.016463299762474293
2025-05-12,Uttar Pradesh,Deoria,274001,140,-0.03358057242905599
2025-05-12,Uttar Pradesh,Etawah,206001,127,-0.03865787403195009
2025-05-12,Uttar Pradesh,Hathras,204101,148,-0.034570337961798314
2025-05-12,Uttar Pradesh,Jaunpur,222001,157,-0.043550619202172625
2025-05-12,Uttar Pradesh,Kheri,262701,150,-0.025710479487995874
2025-05-12,Uttar Pradesh,Lalitpur,284403,125,-0.021795752086179232
2025-01-11,Bihar,East Champaran,845303,136,-0.0022047676948476758
2025-01-11,Bihar,East Champaran,845305,131,-0.0022047676948476758
2025-01-11,Bihar,Madhepura,852128,115,-0.0031945933905125345
2025-01-11,Bihar,Patna,804453,131,-0.016521148314613265
2025-01-11,Bihar,West Champaran,845106,154,-0.022413050222962028
2025-01-11,Bihar,West Champaran,845453,111,-0.0017740677203889055
2025-01-11,Chhattisgarh,Jashpur,496118,108,-0.016196169062697163
2025-01-11,Delhi,East Delhi,110092,148,-0.037260899975308126
2025-01-11,Madhya Pradesh,Jhabua,457777,140,-0.010340633000355814
2025-01-11,Madhya Pradesh,Morena,476001,123,-0.027387094053965
2025-01-11,Maharashtra,Akola,444101,133,-0.0022047676948476758
2025-01-11,Maharashtra,Nashik,422003,149,-0.01949701975680973
2025-01-11,Jharkhand,Bokaro,827013,128,-0.0031945933905125345
2025-01-11,Jharkhand,Garhwa,822114,104,-0.002177041040730132
2025-06-12,Uttar Pradesh,Bulandshahr,203131,160,-0.01257041495657607
2025-07-12,Telangana,Hyderabad,500008,126,-0.025007389577685224
2025-07-12,Telangana,Nizamabad,503001,123,-0.03385863308081649
2025-09-12,Haryana,Karnal,132001,124,-0.02123151627614528
2025-09-12,Haryana,Palwal,121102,131,-0.017978182681022914
2025-09-12,Jharkhand,Deoghar,815353,125,-0.011234289817387721
2025-10-12,Bihar,Katihar,854317,147,-0.009162825382996731
2025-10-12,Bihar,Kishanganj,855107,146,-0.015263131412020736
2025-10-12,Bihar,Madhepura,852128,112,-0.017452776693528405
2025-10-12,Bihar,Patna,804452,119,-0.029646516566459113
2025-10-12,Bihar,Patna,804453,137,-0.011896028413811544
2025-10-12,Bihar,Siwan,841226,108,-0.00025220322908325876
2025-10-12,Chhattisgarh,Gariyaband,493885,146,-0.00230535482942551
2025-10-12,Chhattisgarh,Rajnandgaon,491229,139,-0.012376067334630148
2025-10-12,Chhattisgarh,Rajnandgaon,491666,115,-0.025232991249156123
2025-10-12,Chhattisgarh,Surajpur,497333,154,-0.006272363643052281
2025-03-11,Assam,Nagaon,782124,137,-0.03443536047265128
2025-03-11,Bihar,Bhagalpur,813210,111,-0.004762540949997396
2025-03-11,Bihar,Jamui,811303,138,-0.021587723636653178
2025-03-11,Bihar,Jamui,811307,122,-0.0006074854536192165
2025-03-11,Bihar,Kaimur (Bhabua),821109,154,-0.05009618004977745
2025-03-11,Bihar,Madhubani,847226,153,-0.01027300699695155
2025-03-11,Bihar,Madhubani,847402,144,-0.01459515891205354
2025-03-11,Bihar,Muzaffarpur,843119,140,-0.00019186322402420242
2025-03-11,Bihar,Sheikhpura,811105,139,-0.020277180482546564
2025-03-11,Bihar,Siwan,841226,125,-0.008561942958781987
2025-03-11,Bihar,Vaishali,844122,125,-0.028026942264200216
2025-03-11,West Bengal,North 24 Parganas,743425,146,-0.016041734735533053
2025-03-11,West Bengal,Paschim Medinipur,721147,155,-0.02283138107047178
2025-03-11,West Bengal,Puruliya,723121,155,-0.02283138107047178
2025-03-11,West Bengal,South 24 Parganas,743338,118,-0.014414158489455486
2025-03-11,West Bengal,South 24 Parganas,743376,163,-0.034930654357159585
2025-05-11,Haryana,Karnal,132001,128,-0.03616042001771602
2025-05-11,Haryana,Sonipat,131001,93,-0.00888790835648856
2025-04-11,Maharashtra,Jalna,431203,147,-0.002681054571749386
2025-04-11,Manipur,Thoubal,795130,114,-0.010819619205836961
2025-04-11,Uttar Pradesh,Hardoi,241001,158,-0.010779449971006771
2025-04-11,Uttar Pradesh,Meerut,250001,141,-0.002207572945352676
2025-04-11,West Bengal,Murshidabad,742148,152,-0.002207572945352676
2025-07-11,Uttar Pradesh,Fatehpur,212601,151,-0.0007834979737960657
2025-07-11,Uttar Pradesh,Hapur,245101,158,-0.04181741205325906
2025-07-11,Uttar Pradesh,Jalaun,285001,147,-0.01495763260838856
2025-07-11,Uttar Pradesh,Jaunpur,222001,167,-0.0433192986032922
2025-07-11,Uttar Pradesh,Kheri,262701,161,-0.01365436636401296
2025-07-11,Uttarakhand,Nainital,263139,129,-0.007764972985888963
2025-07-11,West Bengal,Dakshin Dinajpur,733125,146,-0.004097846042042441
2025-09-11,Maharashtra,Thane,421302,160,-0.008237195536048847
2025-09-11,Manipur,Ukhrul,795142,148,-0.008615688717846903
2025-08-11,Telangana,Vikarabad,501141,102,-0.03254386495434458
2025-08-11,Uttar Pradesh,Deoria,274001,128,-0.025344202571481067
2025-08-11,Uttar Pradesh,Fatehpur,212601,117,-0.004630700864479587
2025-08-11,Uttar Pradesh,Jaunpur,222001,141,-0.03805685838903561
2025-08-11,Uttar Pradesh,Moradabad,202411,124,-0.022668518528131676
2025-08-11,Uttar Pradesh,Shamli,247776,110,-0.007843484900977193
2025-01-09,Telangana,Nirmal,504103,135,-0.03381907072302015
2025-01-09,Uttar Pradesh,Allahabad,212507,132,-0.04428212274947152
2025-01-09,Uttar Pradesh,Ambedkar Nagar,224122,101,-0.03092510731167264
2025-01-09,Uttar Pradesh,Ambedkar Nagar,224147,67,-0.00864277832366267
2025-03-09,Assam,Dhubri,783348,156,-0.05577349231642892
2025-03-09,Bihar,Bhojpur,802312,153,-0.01362571061268425
2025-03-09,Bihar,Katihar,855113,153,-0.009195816177607896
2025-03-09,Bihar,Purnia,854204,139,-0.0035839316095445106
2025-03-09,Bihar,West Champaran,845455,140,-0.019138015158108868
2025-02-09,Madhya Pradesh,Datia,475661,113,-0.033683145103264533
2025-02-09,Madhya Pradesh,Jabalpur,482001,164,-0.051288478301581786
2025-02-09,Madhya Pradesh,Katni,483501,105,-0.014135344981760722
2025-02-09,Madhya Pradesh,Morena,476001,133,-0.04464611708115074
2025-02-09,Maharashtra,Thane,401107,114,-0.006545265017643964
2025-02-09,Punjab,Patiala,147001,126,-0.016546379044991677
2025-02-09,Rajasthan,Banswara,327001,106,-0.0036231594842993653
2025-04-09,Bihar,Bhojpur,802301,140,-0.005517427551793408
2025-04-09,Bihar,West Champaran,845449,150,-0.013278821810841168
2025-04-09,Bihar,West Champaran,845454,160,-0.03469084819617474
2025-04-09,Madhya Pradesh,Alirajpur,457990,114,-0.019070149366945732
2025-04-09,Haryana,Faridabad,121001,126,-0.013600042317276628
2025-04-09,Haryana,Palwal,121102,137,-0.020366450548421566
2025-03-09,Madhya Pradesh,Barwani,451666,117,-0.02149384778877772
2025-03-09,Madhya Pradesh,Jabalpur,482001,136,-0.03326202260504296
2025-08-09,Madhya Pradesh,Barwani,451666,157,-0.0503685512898181
2025-08-09,Madhya Pradesh,Dhar,454446,120,-0.012962749373688132
2025-08-09,Madhya Pradesh,Singrauli,486882,129,-0.03633650266438371
2025-08-09,Maharashtra,Beed,431122,121,-0.029419536952878356
2025-06-09,West Bengal,Paschim Medinipur,721133,136,-0.021807266748363974
2025-06-09,West Bengal,Puruliya,723128,117,-0.00637017600348444
2025-06-09,West Bengal,Puruliya,723145,133,-0.01839778306576645
2025-06-09,West Bengal,South 24 Parganas,743383,119,-0.021795752086179232
2025-06-09,Telangana,Vikarabad,501144,93,-0.03359227578084578
2025-06-09,Telangana,Vikarabad,509336,131,-0.03209843309776328
2025-06-09,Uttar Pradesh,Agra,283125,126,-0.05782659803005474
2025-06-09,Uttar Pradesh,Allahabad,212402,151,-0.06863319130095347
2025-06-09,Uttar Pradesh,Allahabad,212507,109,-0.02484558913733581
2025-06-09,Uttar Pradesh,Allahabad,221503,122,-0.04666888884270315
2025-06-09,Uttar Pradesh,Amroha,244221,160,-0.06707997576113978
2025-06-09,Uttar Pradesh,Amroha,244242,83,-0.009398136408327762
2025-06-09,Uttar Pradesh,Azamgarh,276202,86,-0.01456650548665439
2025-06-09,Uttar Pradesh,Bahraich,271855,151,-0.07226964474733999
2025-06-09,Uttar Pradesh,Bareilly,243001,104,-0.012240730794226051
2025-06-09,Uttar Pradesh,Bijnor,246701,131,-0.03209843309776328
2025-06-09,Uttar Pradesh,Bijnor,246725,110,-0.01272100301487289
2025-06-09,Uttar Pradesh,Budaun,243633,163,-0.07226964474733999
2025-06-09,Uttar Pradesh,Fatehpur,212601,164,-0.06967042118465594
2025-06-09,Uttar Pradesh,Firozabad,283204,130,-0.059873176315006216
2025-06-09,Uttar Pradesh,Gorakhpur,273165,71,-0.0011545450841868865
2025-06-09,Uttar Pradesh,Gorakhpur,273413,105,-0.02143320992186748
2025-06-09,Uttar Pradesh,Hardoi,241124,82,-0.003584766502387815
2025-06-09,Uttar Pradesh,Kaushambi,212201,75,-0.003521591628137255
2025-06-09,Uttar Pradesh,Kaushambi,212217,114,-0.041152006612060976
2025-06-09,Uttar Pradesh,Kheri,262722,134,-0.01598049641142174
2025-06-09,Uttar Pradesh,Kheri,262902,120,-0.0431533965755424
2025-06-09,Uttar Pradesh,Mainpuri,205001,97,-0.03706237818287961
2025-06-09,Uttar Pradesh,Moradabad,202411,115,-0.041152006612060976
2025-06-09,Uttar Pradesh,Rampur,244921,136,-0.05578555100441973
2025-06-09,Uttar Pradesh,Rampur,244924,108,-0.006392711543014018
2025-06-09,Uttar Pradesh,Shahjahanpur,242221,157,-0.07644673526117429
2025-06-09,Uttar Pradesh,Unnao,241501,107,-0.034189642793162944
2025-06-09,Uttar Pradesh,Varanasi,221104,94,-0.005550927691443941
2025-06-09,West Bengal,Dakshin Dinajpur,733125,142,-0.0033843322934929976
2025-06-09,West Bengal,Murshidabad,742166,123,-0.009733688439913624
2025-06-09,West Bengal,Murshidabad,742201,157,-0.04053713959632299
2025-06-09,West Bengal,Murshidabad,742226,119,-0.0073230962491335205
2025-06-09,West Bengal,Murshidabad,742306,122,-0.005916719509653556
2025-06-09,West Bengal,Murshidabad,742308,139,-0.05070703469473026
2025-06-09,West Bengal,Nadia,741137,157,-0.03358057242905599
2025-09-09,Bihar,East Champaran,845302,140,-0.01215252676372891
2025-09-09,Bihar,East Champaran,845412,161,-0.030240658950840604
2025-09-09,Bihar,Gaya,804404,134,-0.01439934117745223
2025-09-09,Bihar,Gopalganj,841428,151,-0.028765291963368744
2025-09-09,Bihar,Katihar,854105,132,-0.007212318885640445
2025-09-09,Bihar,Katihar,854112,157,-0.012874928271794928
2025-09-09,Bihar,Lakhisarai,811106,128,-0.023352367587457734
2025-09-09,Bihar,Patna,800008,125,-0.01439934117745223
2025-09-09,Bihar,Patna,801110,143,-0.023767778311373666
2025-09-09,Bihar,Purnia,854326,119,-0.0077599559721389655
2025-09-09,Bihar,Vaishali,843114,139,-0.006556535500596428
2025-09-09,Bihar,West Champaran,845404,133,-0.00864389410488009
2025-09-09,Chhattisgarh,Bemetara,491335,124,-0.00021637921011663508
2025-09-09,Chhattisgarh,Sukma,494122,126,-0.02873628271744033
2025-09-09,Chhattisgarh,Surajpur,497223,154,-0.030733113797384637
2025-09-09,Delhi,North West Delhi,110042,133,-0.04012387676488327
2025-09-09,Gujarat,Surat,395006,150,-0.028663409308151366
2025-09-09,Haryana,Mewat,122508,132,-0.007212318885640445
2025-09-09,Jammu and Kashmir,Kupwara,193224,106,-0.009293103869852049
2025-09-09,Jharkhand,Hazaribagh,825301,107,-0.009827307344694725
2025-08-09,Madhya Pradesh,Guna,473001,122,-0.03138913179782843
2025-08-09,Madhya Pradesh,Morena,476001,187,-0.06407712726803683
2025-08-09,Maharashtra,Aurangabad,431001,155,-0.04582922716707338
2025-08-09,Maharashtra,Nashik,423203,118,-0.019166164070875014
2025-08-09,Maharashtra,Thane,421301,139,-0.02598554626142291
2025-09-09,Punjab,Patiala,147001,152,-0.030733113797384637
2025-09-09,Rajasthan,Baran,325216,133,-0.012956095636010634
2025-08-09,Jharkhand,Chatra,825408,140,-0.027455265305147747
2025-08-09,Jharkhand,Godda,814133,116,-0.01433457324785914
2025-08-09,Jharkhand,West Singhbhum,833201,124,-0.018197228947883115
2025-08-09,Telangana,Nirmal,504103,109,-0.008102178713999209
2025-08-09,Telangana,Vikarabad,509336,136,-0.03782725299145617
2025-08-09,Uttar Pradesh,Ambedkar Nagar,224190,106,-0.005145543302622513
2025-08-09,Uttar Pradesh,Bahraich,271903,155,-0.04935742250453923
2025-08-09,Uttar Pradesh,Bareilly,243001,166,-0.055954283075342004
2025-08-09,Uttar Pradesh,Bareilly,243303,115,-0.01674628242797538
2025-08-09,Uttar Pradesh,Basti,272002,121,-0.02598554626142291
2025-08-09,Uttar Pradesh,Basti,272301,132,-0.03633650266438371
2025-08-09,Uttar Pradesh,Bijnor,246761,121,-0.029419536952878356
2025-08-09,Uttar Pradesh,Etawah,206242,163,-0.05493560094233596
2025-08-09,Uttar Pradesh,Hardoi,241402,114,-0.005790233023777902
2025-08-09,Uttar Pradesh,Kanpur Nagar,209202,113,-0.01433457324785914
2025-08-09,Uttar Pradesh,Kanpur Nagar,209206,128,-0.0318823639483109
2025-08-09,Uttar Pradesh,Kasganj,207242,132,-0.03633650266438371
2025-08-09,Uttar Pradesh,Kaushambi,212207,116,-0.020136411217852923
2025-08-09,Uttar Pradesh,Kheri,262902,139,-0.03385863308081649
2025-08-09,Uttar Pradesh,Kushinagar,274402,129,-0.035344348822167415
2025-08-09,Uttar Pradesh,Mau,276403,126,-0.026475121182803152
2025-08-09,Uttar Pradesh,Moradabad,202411,121,-0.029911436051531126
2025-08-09,Uttar Pradesh,Muzaffarnagar,251001,132,-0.024030555613664073
2025-08-09,Uttar Pradesh,Rampur,243701,181,-0.059018613263197794
2025-08-09,Uttar Pradesh,Shahjahanpur,242127,116,-0.017612920886046157
2025-08-09,Uttar Pradesh,Sitapur,261121,113,-0.005790233023777902
2025-08-09,Uttar Pradesh,Sitapur,261303,116,-0.021594245870256712
2025-08-09,Uttar Pradesh,Sonbhadra,231208,107,-0.006195521200665133
2025-08-09,Uttar Pradesh,Sonbhadra,231210,160,-0.0518878122181432
2025-08-09,Uttar Pradesh,Varanasi,221101,104,-0.00031058995161648006
2025-09-09,Madhya Pradesh,Dhar,454001,114,-0.013665500464827618
2025-09-09,Madhya Pradesh,Sidhi,486771,165,-0.04818063272176376
2025-10-09,Madhya Pradesh,Barwani,451666,156,-0.046135951317186064
2025-10-09,Madhya Pradesh,Guna,473001,139,-0.02824517844253771
2025-10-09,Madhya Pradesh,Umaria,484661,135,-0.0006399746698397824
2025-10-09,Jharkhand,Palamu,822122,133,-0.008237195536048847
2025-10-09,Jharkhand,Sahebganj,816102,161,-0.04112250251131078
2025-09-09,Uttar Pradesh,Auraiya,206122,126,-0.03465552464044486
2025-09-09,Uttar Pradesh,Bahraich,271903,141,-0.041548155670496745
2025-09-09,Uttar Pradesh,Ballia,221712,109,-0.01457199330064185
2025-09-09,Uttar Pradesh,Bara Banki,225301,110,-0.018492549084319188
2025-09-09,Uttar Pradesh,Bareilly,243122,117,-0.018977052630932634
2025-09-09,Uttar Pradesh,Bareilly,243202,131,-0.03317120562814735
2025-09-09,Uttar Pradesh,Budaun,243633,145,-0.04858055201467659
2025-09-09,Uttar Pradesh,Budaun,243638,163,-0.05527615175452427
2025-09-09,Uttar Pradesh,Bulandshahr,203131,156,-0.045558509431482985
2025-09-09,Uttar Pradesh,Chandauli,232103,176,-0.06192530084904624
2025-09-09,Uttar Pradesh,Chitrakoot,210209,101,-0.004742480224715018
2025-09-09,Uttar Pradesh,Deoria,274202,113,-0.011264195750570583
2025-09-09,Uttar Pradesh,Etawah,206242,155,-0.05110830917821274
2025-09-09,Uttar Pradesh,Faizabad,224001,122,-0.018492549084319188
2025-10-09,Telangana,Vikarabad,501142,158,-0.04362498687972538
2025-10-09,Uttar Pradesh,Agra,282006,178,-0.056775254584879975
2025-10-09,Uttar Pradesh,Allahabad,212402,153,-0.042122480485458746
2025-10-09,Uttar Pradesh,Azamgarh,276001,132,-0.021245478118172012
2025-10-09,Uttar Pradesh,Ballia,221712,113,-0.01511018738940162
2025-10-09,Uttar Pradesh,Balrampur,271208,103,-0.00557498475614826
2025-10-09,Uttar Pradesh,Balrampur,271604,133,-0.011586928820559339
2025-10-09,Uttar Pradesh,Bareilly,243301,104,-0.008236337404053051
2025-10-09,Uttar Pradesh,Bijnor,246762,153,-0.03465552464044486
2025-10-09,Uttar Pradesh,Budaun,243633,135,-0.011586928820559339
2025-10-09,Uttar Pradesh,Budaun,243635,153,-0.025145641825520815
2025-10-09,Uttar Pradesh,Deoria,274204,119,-0.020918348231442008
2025-10-09,Uttar Pradesh,Hardoi,241124,137,-0.03614285952224383
2025-10-09,Uttar Pradesh,Hardoi,241402,111,-0.01284495436168509
2025-10-09,Uttar Pradesh,Kasganj,207242,114,-0.009827307344694614
2025-10-09,Assam,Dhubri,783348,164,-0.03350391586681767
2025-10-09,Bihar,Begusarai,851111,135,-0.006806444979650883
2025-10-09,Bihar,Gaya,824233,155,-0.014470782864849041
2025-11-09,Madhya Pradesh,Morena,476001,157,-0.0613052856868882
2025-11-09,Madhya Pradesh,Shivpuri,473551,86,-0.010036371004332079
2025-11-09,Maharashtra,Thane,421301,124,-0.026211453417541053
2025-11-09,Haryana,Karnal,132001,120,-0.021818781594912684
2025-11-09,Jharkhand,Palamu,822123,120,-0.0010422943162099463
2025-11-09,Jharkhand,West Singhbhum,833102,132,-0.049590628848495966
2025-12-09,Manipur,Thoubal,795138,147,-0.005506018833203452
2025-12-09,Rajasthan,Ajmer,305001,138,-0.05324199778537608
2025-12-09,Rajasthan,Bharatpur,321001,103,-0.021935012024346112
2025-12-09,Madhya Pradesh,Barwani,451666,91,-0.015430011728460036
2025-12-09,Madhya Pradesh,Chhindwara,480001,86,-0.001699329758819701
2025-12-09,Madhya Pradesh,Jhabua,457661,144,-0.04666888884270315
2025-12-09,Haryana,Hisar,125001,142,-0.03965451468081682
2025-12-09,Haryana,Karnal,132001,143,-0.05476709704062288
2025-12-09,Jharkhand,Garhwa,822114,132,-0.0431533965755424
2025-12-09,Jharkhand,Palamu,822110,125,-0.028838175598886795
2025-12-09,Jharkhand,Palamu,822113,120,-0.02736565242743716
2025-12-09,Jharkhand,Palamu,822123,124,-0.03823388582744969
2025-12-09,Jharkhand,Hazaribagh,825301,92,-0.006906565682937682
2025-12-09,Jharkhand,Lohardaga,835302,107,-0.0083933325179818
2025-12-09,Jharkhand,Palamu,822118,140,-0.05476709704062288
2025-12-09,Jharkhand,Sahebganj,816108,138,-0.032110112718662265
2025-12-09,Rajasthan,Alwar,301001,165,-0.050201070337339115
2025-12-09,Rajasthan,Jaipur,302012,146,-0.04365459095984592
2025-12-09,Rajasthan,Udaipur,313001,117,-0.004917909054209413
2025-12-09,Uttar Pradesh,Agra,282007,107,-0.027308339205911802
2025-12-09,Uttar Pradesh,Ambedkar Nagar,224122,124,-0.04624028587109241
2025-12-09,Uttar Pradesh,Amroha,244221,126,-0.026211453417541053
2025-12-09,Uttar Pradesh,Amroha,244241,119,-0.03080619494833614
2025-12-09,Uttar Pradesh,Auraiya,206244,88,-0.011582293656001164
2025-12-09,Uttar Pradesh,Azamgarh,276204,97,-0.01457199330064185
2025-12-09,Uttar Pradesh,Bahraich,271830,93,-0.016501351143150322
2025-12-09,Uttar Pradesh,Bahraich,271902,134,-0.041152006612060976
2025-12-09,Uttar Pradesh,Banda,210121,102,-0.01563606003942819
2025-12-09,Uttar Pradesh,Bareilly,243302,91,-0.016395199794213
2025-12-09,Uttar Pradesh,Bareilly,243303,117,-0.039728491296150414
2025-12-09,Uttar Pradesh,Basti,272301,87,-0.005374000982523275
2025-12-09,Uttar Pradesh,Bijnor,246761,127,-0.03922995235873017
2025-12-09,Uttar Pradesh,Budaun,243632,106,-0.02144850783976504
2025-12-09,Uttar Pradesh,Budaun,243635,134,-0.04926510176328014
2025-12-09,Uttar Pradesh,Budaun,243641,89,-0.005954208693872753
2025-12-09,Madhya Pradesh,Burhanpur,450331,80,-0.0011078286402679272
2025-12-09,Madhya Pradesh,Jabalpur,482001,112,-0.01859300447618617
2025-12-09,Madhya Pradesh,Morena,476001,149,-0.056805384045099605
2025-12-09,Madhya Pradesh,Ratlam,457001,131,-0.04065250486940586
2025-12-09,Maharashtra,Palghar,401209,87,-0.0006354110770010468
