date,state,district,pincode,total,anomaly_score
2025-08-12,Uttar Pradesh,Pilibhit,262001,210,-0.026477778136649643
2025-08-12,Bihar,Kishanganj,855107,187,-0.0029831136724360885
2025-08-12,Punjab,Bathinda,151001,214,-0.02696847353312093
2025-09-12,Bihar,Purnia,854315,218,-0.01712480211209444
2025-09-12,Chhattisgarh,Dhamtari,493773,283,-0.046139259130229204
2025-09-12,Punjab,Bathinda,151001,183,-0.0013232186902228937
2025-09-12,Rajasthan,Jalor,343041,182,-0.008337420467336099
2025-09-12,Maharashtra,Hingoli,431513,206,-0.021368996641252802
2025-09-12,Maharashtra,Hingoli,431705,206,-0.021368996641252802
2025-09-12,Maharashtra,Nashik,422003,238,-0.03464081914851569
2025-09-12,Maharashtra,Yavatmal,445204,196,-0.004645651473076384
2025-09-12,Uttar Pradesh,Saharanpur,247554,199,-0.018937746912395026
2025-09-12,Uttar Pradesh,Sambhal,244302,213,-0.021856234336492864
2025-09-12,Uttarakhand,Dehradun,248001,203,-0.02088208849287343
2025-09-12,Chhattisgarh,Bilaspur,495551,262,-0.03265929203368356
2025-09-12,Chhattisgarh,Narayanpur,494661,219,-0.02674678551035603
2025-09-12,Delhi,North West Delhi,110085,191,-0.00060156683619772
2025-09-12,Delhi,West Delhi,110059,261,-0.03265929203368356
2025-09-12,Haryana,Faridabad,121001,188,-0.008815838193074299
2025-09-12,Haryana,Hisar,125001,188,-0.0010747488182170084
2025-09-12,Haryana,Sirsa,125055,212,-0.00894053746050738
2025-09-12,Rajasthan,Alwar,301001,178,-0.00060156683619772
2025-09-12,Uttar Pradesh,Siddharthnagar,272153,205,-0.01506481438566254
2025-09-12,Maharashtra,Solapur,413304,230,-0.027237662975120536
2025-09-12,Rajasthan,Jaipur,302012,196,-0.0017968890972230867
2025-09-12,Rajasthan,Sirohi,307026,181,-0.002200546067836484
2025-09-12,Chhattisgarh,Koriya,497449,205,-0.0020220737693564805
2025-09-12,Chhattisgarh,Raigarh,496001,206,-0.011818358546965557
2025-09-12,Delhi,North West Delhi,110042,219,-0.02527614426986502
2025-09-12,Haryana,Faridabad,121004,247,-0.03167053767421757
2025-09-12,Haryana,Rohtak,124001,221,-0.01906423059273188
2025-09-12,Uttar Pradesh,Agra,282001,192,-0.006074375259496723
2025-09-12,Uttar Pradesh,Meerut,250002,216,-0.02527614426986502
2025-09-12,Uttar Pradesh,Mirzapur,231001,184,-0.008815838193074299
2025-09-12,Madhya Pradesh,Indore,452001,259,-0.04362435487681393
2025-09-12,Bihar,Kishanganj,855107,225,-0.01906423059273188
2025-09-12,Chhattisgarh,Bastar,494001,236,-0.02920449741709208
2025-09-12,Chhattisgarh,Bastar,494442,216,-0.026256240054237656
2025-09-12,Chhattisgarh,Kondagaon,494226,247,-0.03167053767421757
2025-09-12,Uttar Pradesh,Shahjahanpur,242001,290,-0.046139259130229204
2025-09-12,Madhya Pradesh,Indore,452016,191,-0.004645651473076384
2025-09-12,Maharashtra,Hingoli,431702,195,-0.007859326323006344
2025-09-12,Maharashtra,Parbhani,431401,207,-0.009419363385024693
2025-09-12,Nagaland,Dimapur,797112,204,-0.00012870489435234944
2025-09-12,Delhi,North East Delhi,110053,210,-0.0247865934929532
2025-09-12,Gujarat,Surat,394210,185,-0.00060156683619772
2025-09-12,Haryana,Yamuna Nagar,135001,239,-0.03167053767421757
2025-09-12,Punjab,Patiala,147001,234,-0.027728872673239757
2025-09-12,Uttar Pradesh,Balrampur,271201,213,-0.006300935326768786
2025-09-12,Uttar Pradesh,Budaun,243601,201,-0.011212788213249891
2025-09-12,Uttar Pradesh,Hapur,245101,197,-0.002970681482394988
2025-09-12,Uttar Pradesh,Kushinagar,274304,196,-0.011212788213249891
2025-09-12,Uttar Pradesh,Pilibhit,262122,185,-0.003219824710417263
2025-10-12,Uttarakhand,Dehradun,248001,166,-0.0058271255705738545
2025-10-12,Maharashtra,Thane,421301,236,-0.037494594910569834
2025-10-12,Rajasthan,Bikaner,334001,188,-0.011160039509694353
2025-10-12,Madhya Pradesh,Indore,452001,172,-0.003923472833779473
2025-10-12,Chhattisgarh,Mahasamund,493445,223,-0.031049199923826154
2025-10-12,Haryana,Faridabad,121001,190,-0.013011884233664506
2025-10-12,Haryana,Palwal,121102,152,-0.0047896261305301335
2025-10-12,Haryana,Rohtak,124001,175,-0.002095281473583066
2025-10-12,Rajasthan,Nagaur,341001,203,-0.01832724369028438
2025-10-12,Maharashtra,Hingoli,431513,174,-0.0006746260971348672
2025-10-12,Maharashtra,Jalna,431203,166,-0.00249911043301998
2025-10-12,Maharashtra,Yavatmal,445304,170,-0.004874655209579748
2025-10-12,Uttar Pradesh,Sambhal,244302,167,-0.008535821542101751
2025-10-12,Assam,Nagaon,782124,212,-0.024171113396968424
2025-10-12,Chhattisgarh,Bemetara,491340,190,-0.016945481562035458
2025-10-12,Chhattisgarh,Bilaspur,495001,238,-0.03253157097598991
2025-10-12,Chhattisgarh,Bilaspur,495551,165,-0.010200357675803184
2025-10-12,Chhattisgarh,Dhamtari,493773,175,-0.013011884233664506
2025-10-12,Chhattisgarh,Durg,490023,160,-0.00574198135461923
2025-10-12,Chhattisgarh,Narayanpur,494661,242,-0.03500888555468851
2025-10-12,Delhi,West Delhi,110059,222,-0.02858525805843637
2025-10-12,Gujarat,Surat,394210,180,-0.01590626661788508
2025-10-12,Rajasthan,Alwar,301411,171,-0.0013677651047169226
2025-10-12,Haryana,Sirsa,125055,168,-0.00249911043301998
2025-10-12,Madhya Pradesh,Dewas,455001,248,-0.03649930197650009
2025-10-12,Madhya Pradesh,Gwalior,474001,168,-0.0023154868258640215
2025-10-12,Maharashtra,Chandrapur,442401,189,-0.013975373123563672
2025-10-12,Maharashtra,Nashik,422003,231,-0.03253157097598991
2025-10-12,Uttar Pradesh,Shahjahanpur,242001,172,-0.004469457811042021
2025-10-12,Uttarakhand,Haridwar,247656,187,-0.007073379708341654
2025-10-12,Maharashtra,Nashik,423203,184,-0.009721003519953753
2025-10-12,Punjab,Patiala,147001,182,-0.015423053227830108
2025-10-12,Uttar Pradesh,Aligarh,202001,273,-0.053603817919242625
2025-10-12,Uttar Pradesh,Firozabad,283203,229,-0.03253157097598991
2025-10-12,Uttar Pradesh,Rampur,244901,235,-0.037494594910569834
2025-10-12,Uttar Pradesh,Saharanpur,247001,245,-0.04449948383235369
2025-10-12,Uttar Pradesh,Varanasi,221001,180,-0.014940166662766985
2025-10-12,Chhattisgarh,Dhamtari,493778,164,-0.006624848049518017
2025-10-12,Chhattisgarh,Surguja,497101,169,-0.0101292278294981
2025-10-12,Chhattisgarh,Bastar,494001,204,-0.024171113396968424
2025-10-12,Maharashtra,Mumbai,400043,189,-0.014157533677795153
2025-10-12,Maharashtra,Solapur,413304,193,-0.01308330341974584
2025-10-12,Maharashtra,Thane,400612,265,-0.050556711853084746
2025-10-12,Maharashtra,Wardha,442001,173,-0.0058271255705738545
2025-10-12,Punjab,Bathinda,151001,164,-0.002095281473583066
2025-10-12,Uttar Pradesh,Bahraich,271865,191,-0.01832724369028438
2025-10-12,Chhattisgarh,Surguja,497116,180,-0.011569093257677965
2025-10-12,Haryana,Faridabad,121004,189,-0.011160039509694353
2025-10-12,Haryana,Yamuna Nagar,135001,189,-0.006374590172976924
2025-11-12,Uttar Pradesh,Agra,282001,176,-0.004534834235093155
2025-11-12,Chhattisgarh,Bastar,494010,170,-0.0047896261305301335
2025-11-12,Chhattisgarh,Durg,490023,205,-0.019095173673057575
2025-11-12,Chhattisgarh,Raipur,493221,167,-0.011848989180481828
2025-11-12,Delhi,North East Delhi,110053,211,-0.028005633312606748
2025-11-12,Maharashtra,Solapur,413006,185,-0.018725708770877536
2025-11-12,Maharashtra,Nashik,422003,215,-0.033594969039893896
2025-11-12,Maharashtra,Yavatmal,445204,180,-0.008606791454042972
2025-11-12,Haryana,Faridabad,121004,215,-0.033594969039893896
2025-11-12,Haryana,Yamuna Nagar,135001,219,-0.033594969039893896
2025-11-12,Chhattisgarh,Baloda Bazar,493332,166,-0.004421756781582964
2025-11-12,Chhattisgarh,Bastar,494001,264,-0.043067273892484326
2025-11-12,Chhattisgarh,Dhamtari,493773,241,-0.039563302534249334
2025-11-12,Gujarat,Panchmahals,389001,162,-0.0028887774293723245
2025-11-12,Telangana,Hyderabad,500053,164,-0.0048975243264198776
2025-11-12,Uttar Pradesh,Hapur,245101,192,-0.024732835970398104
2025-11-12,Uttar Pradesh,Kasganj,207242,195,-0.024732835970398104
2025-11-12,Uttar Pradesh,Mirzapur,231001,171,-0.006695626152042555
2025-11-12,Rajasthan,Bikaner,334001,225,-0.03293793154659519
2025-11-12,Uttar Pradesh,Amroha,244221,179,-0.011003033085865255
2025-11-12,Uttar Pradesh,Budaun,243601,166,-0.003569697546489503
2025-11-12,Uttar Pradesh,Meerut,250002,249,-0.04860715352148537
2025-11-12,Uttar Pradesh,Rampur,244901,270,-0.054697867612754525
2025-11-12,Uttar Pradesh,Shahjahanpur,242001,258,-0.043067273892484326
2025-11-12,Chhattisgarh,Mungeli,495330,157,-0.001198559893710538
2025-11-12,Delhi,North East Delhi,110094,263,-0.04206444526143904
2025-11-12,Delhi,South Delhi,110062,213,-0.026532439505951744
2025-11-12,Gujarat,Banaskantha,385535,178,-0.00908539149417309
2025-11-12,Haryana,Karnal,132001,183,-0.012925871506825337
2025-11-12,Haryana,Palwal,121102,185,-0.012810903407468377
2025-11-12,Haryana,Rohtak,124001,199,-0.01921115744857349
2025-11-12,Madhya Pradesh,Indore,452001,242,-0.0415635395915388
2025-11-12,Maharashtra,Nashik,423203,200,-0.025551970228797627
2025-11-12,Bihar,Kishanganj,855107,176,-0.001212925053333147
2025-11-12,Chhattisgarh,Koriya,497449,161,-0.004044888404641123
2025-11-12,Chhattisgarh,Raigarh,496001,212,-0.029481820384344437
2025-11-12,Chhattisgarh,Surguja,497116,184,-0.010309085948495778
2025-11-12,Delhi,North West Delhi,110042,227,-0.034586329249897685
2025-11-12,Haryana,Faridabad,121001,167,-0.006902795122151861
2025-11-12,Haryana,Mewat,122508,169,-0.0047896261305301335
2025-11-12,Rajasthan,Jaipur,302012,162,-0.0021460524960135174
2025-11-12,Uttar Pradesh,Firozabad,283203,280,-0.049112826416717104
2025-11-12,Uttar Pradesh,Sambhal,244302,173,-0.010251716036172143
2025-11-12,Madhya Pradesh,Bhopal,462001,186,-0.011483254938877474
2025-11-12,Madhya Pradesh,Burhanpur,450331,231,-0.037568471490470046
2025-11-12,Maharashtra,Mumbai,400043,179,-0.005713845426781439
2025-11-12,Maharashtra,Parbhani,431401,163,-0.0015367734278031175
2025-11-12,Maharashtra,Solapur,413304,183,-0.015221391345918045
2025-11-12,Maharashtra,Thane,421301,198,-0.015819904011151076
2025-11-12,Maharashtra,Wardha,442001,201,-0.02767489647750654
2025-11-12,Gujarat,Surat,394210,243,-0.0415635395915388
2025-11-12,Haryana,Sirsa,125055,214,-0.02997454896242424
2025-11-12,Maharashtra,Jalna,431203,206,-0.02457282679858186
2025-11-12,Punjab,Patiala,147001,210,-0.025712196067206317
2025-11-12,Bihar,Kishanganj,855101,197,-0.015819904011151076
2025-11-12,Bihar,Purnia,854204,184,-0.012444673929303485
2025-11-12,Chhattisgarh,Bilaspur,495551,225,-0.03211044173507438
2025-11-12,Chhattisgarh,Janjgir-champa,495668,196,-0.01824058843002685
2025-11-12,Chhattisgarh,Raipur,493661,169,-0.006695626152042555
2025-11-12,Chhattisgarh,Rajnandgaon,491445,182,-0.01630338599586867
2025-12-12,Bihar,Katihar,854317,189,-0.0256395094132994
2025-12-12,Bihar,Kishanganj,855101,199,-0.023682310015955554
2025-12-12,Bihar,Purnia,854315,172,-0.017357869950750948
2025-12-12,Chhattisgarh,Balod,491227,171,-0.01590626661788508
2025-12-12,Chhattisgarh,Bastar,494010,189,-0.024660247607564467
2025-12-12,Chhattisgarh,Bilaspur,495224,149,-0.00441386327326132
2025-12-12,Chhattisgarh,Durg,491111,145,-0.002514030141270829
2025-12-12,Chhattisgarh,Raigarh,496001,225,-0.0404885673037334
2025-12-12,Chhattisgarh,Surguja,497101,217,-0.026562750970269944
2025-12-12,Haryana,Hisar,125001,157,-0.00668192439684856
2025-12-12,Haryana,Palwal,121102,201,-0.023625196086228484
2025-12-12,Punjab,Bathinda,151001,202,-0.03649930197650009
2025-12-12,Madhya Pradesh,Gwalior,474001,172,-0.013919026838410176
2025-12-12,Maharashtra,Beed,431122,234,-0.04249131183846566
2025-12-12,Maharashtra,Jalna,431203,179,-0.013614451407851225
2025-12-12,Maharashtra,Sangli,416416,164,-0.007202434818843417
2025-12-12,Maharashtra,Thane,421306,153,-0.0058479643824732586
2025-12-12,Maharashtra,Wardha,442001,215,-0.0394892257480256
2025-12-12,Maharashtra,Yavatmal,445204,175,-0.01822666236852921
2025-12-12,Madhya Pradesh,Bhopal,462001,169,-0.010729353829808108
2025-12-12,Madhya Pradesh,Burhanpur,450331,229,-0.04399693120589665
2025-12-12,Uttar Pradesh,Hapur,245101,153,-0.0033928503083721084
2025-12-12,Uttarakhand,Dehradun,248001,230,-0.042992845438772354
2025-12-12,Maharashtra,Yavatmal,445001,160,-0.00811478552393241
2025-12-12,Maharashtra,Yavatmal,445304,203,-0.024660247607564467
2025-12-12,Rajasthan,Baran,325220,151,-0.006248104685596889
2025-12-12,Uttar Pradesh,Amroha,244221,154,-0.0005063576226588262
2025-12-12,Uttar Pradesh,Firozabad,283203,266,-0.05666331890867449
2025-12-12,Madhya Pradesh,Indore,452001,239,-0.04903779121595886
2025-12-12,Maharashtra,Nashik,423203,164,-0.0101292278294981
2025-12-12,Maharashtra,Parbhani,431401,196,-0.028093469137654314
2025-12-12,Haryana,Jind,126102,177,-0.017741879561446683
2025-12-12,Haryana,Kaithal,136027,169,-0.013975373123563672
2025-12-12,Haryana,Mewat,122508,161,-0.008593052566945425
2025-12-12,Haryana,Rohtak,124001,180,-0.019297930047729395
2025-12-12,Bihar,Purnia,854204,153,-0.00430027608203698
2025-12-12,Bihar,Sitamarhi,843302,148,-0.004419699689473866
2025-12-12,Bihar,West Champaran,845438,166,-0.01146946016516237
2025-12-12,Chhattisgarh,Baloda Bazar,493101,153,-0.006248104685596889
2025-12-12,Chhattisgarh,Bemetara,491340,202,-0.022160884493791277
2025-12-12,Chhattisgarh,Janjgir-champa,495689,160,-0.002875149637188712
2025-12-12,Chhattisgarh,Raipur,493661,162,-0.007202434818843417
2025-12-12,Uttar Pradesh,Mirzapur,231001,198,-0.03401695393975024
2025-12-12,Uttar Pradesh,Sambhal,244302,172,-0.012474396449021485
2025-12-12,Maharashtra,Beed,431515,150,-0.0024436717143703213
2025-12-12,Maharashtra,Jalgaon,425001,243,-0.04098874541599462
2025-12-12,Maharashtra,Nashik,422003,266,-0.05870989719362596
2025-12-12,Maharashtra,Solapur,413006,161,-0.004874655209579748
2025-12-12,Madhya Pradesh,Barwani,451551,160,-0.005295065052435044
2025-12-12,Bihar,Kishanganj,855107,218,-0.036002160332899935
2025-12-12,Chhattisgarh,Baloda Bazar,493332,183,-0.01399053707677167
2025-12-12,Chhattisgarh,Janjgir-champa,495668,179,-0.021243247728365278
2025-12-12,Chhattisgarh,Koriya,497442,172,-0.017785740757229385
2025-12-12,Chhattisgarh,Raipur,493221,150,-0.006795896496460951
2025-12-12,Chhattisgarh,Surajpur,497333,155,-0.0029181004610655537
2025-12-12,Delhi,North West Delhi,110042,234,-0.04249131183846566
2025-12-12,Delhi,South Delhi,110062,182,-0.020756424631204085
2025-12-12,Haryana,Hisar,125033,143,-0.0010983345076823747
2025-12-12,Haryana,Karnal,132001,205,-0.03649930197650009
2025-12-12,Uttar Pradesh,Agra,282001,175,-0.01784239285427236
2025-12-12,Uttar Pradesh,Ghaziabad,201102,159,-0.00785594461638428
2025-12-12,Uttar Pradesh,Pilibhit,262122,218,-0.03998872749068072
2025-12-12,Uttarakhand,Udham Singh Nagar,262308,200,-0.022160884493791277
2025-12-12,Chhattisgarh,Bastar,494442,154,-0.00525196868281308
2025-12-12,Chhattisgarh,Dhamtari,493773,201,-0.03006262282349914
2025-12-12,Delhi,West Delhi,110041,167,-0.012049698228847494
2025-12-12,Haryana,Faridabad,121001,189,-0.021673440746137973
2025-12-12,Haryana,Gurgaon,122001,178,-0.0163332698305676
2025-12-12,Uttar Pradesh,Hardoi,241001,155,-0.004343314174269697
2025-12-12,Uttar Pradesh,Meerut,250002,214,-0.0394892257480256
2025-12-12,Uttar Pradesh,Shahjahanpur,242001,250,-0.04249131183846566
2025-12-12,Uttarakhand,Dehradun,248142,188,-0.019241162843805615
2025-12-12,Punjab,Amritsar,143001,224,-0.036002160332899935
2025-12-12,Rajasthan,Alwar,301001,207,-0.036996780093146775
2025-12-12,Rajasthan,Bikaner,334001,208,-0.02858525805843637
2025-12-12,Madhya Pradesh,Chhindwara,480001,173,-0.01349346570777088
2025-12-12,Madhya Pradesh,Dewas,455001,222,-0.041489262056430554
2025-12-12,Maharashtra,Amravati,444705,152,-0.005365709681156017
2025-12-12,Bihar,Araria,854318,160,-0.008812451907321828
2025-12-12,Uttar Pradesh,Budaun,243601,153,-0.0029181004610655537
2025-12-12,Maharashtra,Solapur,413304,191,-0.031049199923826154
2025-12-12,Maharashtra,Thane,401107,184,-0.026620097226263684
2025-12-12,Chhattisgarh,Dhamtari,493778,181,-0.027602012841988488
2025-12-12,Chhattisgarh,Surguja,497116,210,-0.025582240704210668
2025-12-12,Delhi,North Delhi,110084,161,-0.006248104685596889
2025-12-12,Delhi,North East Delhi,110053,251,-0.04249131183846566
2025-12-12,Haryana,Yamuna Nagar,135001,214,-0.02956983467600438
2025-12-12,Jharkhand,West Singhbhum,833214,143,-0.00015225868989210412
2025-12-12,Madhya Pradesh,Indore,452016,159,-0.002875149637188712
2025-12-12,Maharashtra,Ahmadnagar,414001,151,-0.004819028627953692
2025-01-03,Tamil Nadu,Karur,639105,234,-0.021110546138533692
2025-01-03,Karnataka,Mysuru,571602,248,-0.03487364604684029
2025-01-03,Andhra Pradesh,West Godavari,534316,207,-0.00036987473149796557
2025-01-03,Andhra Pradesh,Krishna,521401,234,-0.024037872007737437
2025-01-03,Kerala,Kozhikode,673508,232,-0.009182512310826008
2025-01-03,Himachal Pradesh,Kangra,176206,284,-0.05309510750830582
2025-01-03,Odisha,Jajapur,755043,239,-0.024037872007737437
2025-01-03,Karnataka,Kalaburagi,585217,205,-0.00011352727901947635
2025-01-03,Madhya Pradesh,Shajapur,465113,278,-0.041636157629102555
2025-01-03,Karnataka,Raichur,584118,250,-0.03487364604684029
2025-01-03,Gujarat,Rajkot,360024,211,-0.007169171825536558
2025-01-03,Tamil Nadu,Cuddalore,607805,220,-0.020623812795085628
2025-01-03,Gujarat,Patan,384220,228,-0.007200544684374255
2025-01-03,West Bengal,Barddhaman,713502,225,-0.008225504602930589
2025-01-03,Jammu and Kashmir,Kathua,184148,263,-0.045220798679691754
2025-01-03,West Bengal,Hooghly,712303,238,-0.025016291061779383
2025-01-03,Rajasthan,Bharatpur,321411,274,-0.04471775818654067
2025-01-03,Andhra Pradesh,Guntur,522411,220,-0.010961623925512254
2025-01-03,Andhra Pradesh,East Godavari,533006,235,-0.02452691603852908
2025-01-03,Jammu and Kashmir,Srinagar,190023,226,-0.005293180026406552
2025-01-03,Karnataka,Bagalkot,587113,273,-0.04270899626552216
2025-01-03,Himachal Pradesh,Kangra,176209,286,-0.053603817919242625
2025-01-03,Kerala,Kasaragod,671123,257,-0.03970602827251668
2025-01-03,Tamil Nadu,Sivaganga,630553,216,-0.0065442357588811895
2025-01-03,West Bengal,Murshidabad,742159,240,-0.028524171721174607
2025-01-03,Tamil Nadu,Tiruchirappalli,621003,263,-0.04035231752791124
2025-01-03,Uttar Pradesh,Basti,272171,214,-0.011960015420807157
2025-01-03,Tamil Nadu,Cuddalore,608102,224,-0.011479471107275763
2025-01-03,Tamil Nadu,Cuddalore,608401,205,-0.00021156680850664689
2025-01-03,Kerala,Kasaragod,671551,204,-0.005291594926388532
2025-01-03,Jharkhand,Ramgarh,825316,203,-0.006214886672422315
2025-01-03,Karnataka,Tumakuru,572101,223,-0.016329745281855157
2025-01-03,Karnataka,Dharwad,580006,213,-0.0034598429120668017
2025-01-03,Tamil Nadu,Krishnagiri,635002,210,-0.003212832342702421
2025-01-03,Gujarat,Surendra Nagar,363002,243,-0.029119701682081334
2025-01-03,Uttar Pradesh,Kanpur Nagar,208016,207,-0.007169171825536558
2025-01-03,Gujarat,Bharuch,392012,234,-0.024110397901101366
2025-01-03,Uttar Pradesh,Sant Kabir Nagar,272164,289,-0.049186185192278575
2025-01-03,Odisha,Baleswar,756134,227,-0.0029162218011768992
2025-01-03,Andhra Pradesh,Krishna,521213,211,-0.001316245220685297
2025-01-03,Telangana,Mahabubnagar,509340,260,-0.03636378768627446
2025-01-03,Gujarat,Narmada,393130,239,-0.019167203454839132
2025-01-03,Gujarat,Surat,394310,234,-0.02599603498189018
2025-01-03,Rajasthan,Baran,325206,224,-0.004410397491884099
2025-01-03,Andhra Pradesh,Guntur,522237,213,-0.006214886672422315
2025-01-03,Odisha,Nayagarh,752094,232,-0.015434727855561214
2025-01-03,Uttar Pradesh,Gorakhpur,273409,233,-0.013987024078647825
2025-01-03,Rajasthan,Dungarpur,314025,257,-0.03820910957058388
2025-01-03,Gujarat,Kachchh,370490,226,-0.020623812795085628
2025-01-03,Uttarakhand,Nainital,262402,257,-0.03465826268175798
2025-01-03,Uttar Pradesh,Jalaun,285122,211,-0.00368778166904149
2025-01-03,Karnataka,Bagalkot,587122,242,-0.024037872007737437
2025-01-03,Maharashtra,Palghar,421312,231,-0.01996814256094226
2025-01-03,Telangana,Mahabubnagar,509104,201,-0.003359766870975056
2025-01-03,Andhra Pradesh,Prakasam,523329,228,-0.010382274352369159
2025-01-03,Kerala,Kannur,670142,217,-0.0006158845896137022
2025-01-03,Karnataka,Raichur,584139,241,-0.02354915874553498
2025-01-03,Maharashtra,Ahmadnagar,413707,216,-0.014808627147893105
2025-01-03,Uttar Pradesh,Pratapgarh,230002,216,-0.008124749165279832
2025-01-03,Himachal Pradesh,Kangra,176031,254,-0.03820910957058388
2025-01-03,Himachal Pradesh,Mandi,175032,274,-0.043140039476850967
2025-01-03,Gujarat,Rajkot,360030,231,-0.016573312439605137
2025-01-03,Tamil Nadu,Nagapattinam,611002,213,-0.0134336472631027
2025-01-03,Andhra Pradesh,Vizianagaram,532127,207,-0.0017899109079348996
2025-01-03,Gujarat,Bhavnagar,364003,260,-0.03614796670089859
2025-01-03,Tamil Nadu,Thanjavur,613204,219,-0.00911148461807365
2025-01-03,Telangana,Nalgonda,508243,288,-0.05106370423912854
2025-01-03,Telangana,Nalgonda,508278,199,-0.0013941060287685492
2025-01-03,Jharkhand,Palamu,822132,217,-0.0034598429120668017
2025-01-03,Uttar Pradesh,Kanpur Dehat,208001,229,-0.01223208959445754
2025-01-03,Tamil Nadu,Viluppuram,605754,217,-0.01965133350274484
2025-01-03,Kerala,Malappuram,673636,239,-0.02943559794517181
2025-01-03,Manipur,Imphal East,795114,256,-0.03465826268175798
2025-01-03,Rajasthan,Jaipur,303302,274,-0.04270899626552216
2025-01-03,Uttar Pradesh,Unnao,209506,202,-0.00815457295790889
2025-01-03,Uttarakhand,Dehradun,248198,208,-0.0034598429120668017
2025-01-03,Assam,Hojai,782440,239,-0.02354915874553498
2025-01-03,Gujarat,Sabarkantha,383462,224,-0.004410397491884099
2025-01-03,Maharashtra,Thane,421101,270,-0.04471775818654067
2025-01-03,Karnataka,Raichur,584132,252,-0.03317157933601933
2025-01-03,Bihar,Araria,854201,223,-0.016329745281855157
2025-01-03,West Bengal,Paschim Medinipur,721467,214,-0.013844011483986063
2025-01-03,Andhra Pradesh,Prakasam,523112,204,-0.003834815644843892
2025-01-03,Telangana,Medak,502102,205,-0.010549282174936003
2025-01-03,West Bengal,Paschim Medinipur,721127,238,-0.020281684684969714
2025-01-03,Uttar Pradesh,Ambedkar Nagar,224146,226,-0.013023519433657094
2025-01-03,Andhra Pradesh,Ananthapuramu,515133,137,-0.0004387881579555053
2025-01-03,Odisha,Ganjam,761026,248,-0.033881897310541476
2025-01-03,Tamil Nadu,Tirunelveli,627109,288,-0.053603817919242625
2025-01-03,Telangana,Nizamabad,503212,244,-0.02943559794517181
2025-01-03,Andhra Pradesh,West Godavari,534315,225,-0.016573312439605137
2025-01-03,Maharashtra,Kolhapur,416119,296,-0.053603817919242625
2025-01-03,Telangana,K.v. Rangareddy,509325,265,-0.04013532520314467
2025-01-03,Rajasthan,Bharatpur,321407,222,-0.0025809388688446955
2025-01-03,Bihar,Samastipur,848129,254,-0.03735889712199114
2025-01-03,Kerala,Malappuram,676121,230,-0.020623812795085628
2025-01-03,Telangana,Karimnagar,505302,261,-0.03735889712199114
2025-01-03,Tamil Nadu,Villupuram,605803,212,-0.009560541853018134
2025-01-03,Rajasthan,Alwar,301019,232,-0.019723419107745666
2025-01-03,Andhra Pradesh,Krishna,521165,241,-0.022402883950469188
2025-01-03,Kerala,Kasaragod,671317,244,-0.02992829523919993
2025-01-03,Gujarat,Bhavnagar,364135,268,-0.045220798679691754
2025-01-03,West Bengal,Bankura,722132,244,-0.024528544459137658
2025-01-03,Andhra Pradesh,Nellore,524132,261,-0.03735889712199114
2025-01-03,Andhra Pradesh,Prakasam,523211,210,-0.006691867834916709
2025-01-03,Tamil Nadu,Cuddalore,606303,218,-0.0020364206138744345
2025-01-03,Maharashtra,Sindhudurg,416512,235,-0.024110397901101366
2025-01-03,Karnataka,Mysuru,571105,209,-0.006214886672422315
2025-01-03,Karnataka,Chitradurga,577536,230,-0.013987024078647825
2025-01-03,Tamil Nadu,Dharmapuri,636902,207,-0.0008428999007672466
2025-01-03,Rajasthan,Sawai Madhopur,322202,210,-0.007676602483860262
2025-01-03,Karnataka,Bijapur,586217,239,-0.029714364209798227
2025-01-03,West Bengal,Hooghly,712706,250,-0.034801691483581254
2025-01-03,Uttar Pradesh,Sant Kabir Nagar,272152,200,-0.0028850393998989254
2025-01-03,Himachal Pradesh,Kullu,172026,238,-0.020281684684969714
2025-01-03,Gujarat,Vadodara,391430,211,-0.012399533203259816
2025-01-03,Telangana,Nizamabad,503235,223,-0.007498966879832647
2025-01-03,Tamil Nadu,Vellore,635752,243,-0.026486404327247137
2025-01-03,Jharkhand,Pashchimi Singhbhum,833215,226,-0.01819507971296863
2025-01-03,Andhra Pradesh,East Godavari,533003,246,-0.03140838881447072
2025-01-03,Kerala,Thrissur,680664,239,-0.02362163558546837
2025-01-03,Kerala,Kannur,670601,212,-0.0001430129638487765
2025-01-03,Delhi,South West Delhi,110038,280,-0.04868046268029014
2025-01-03,West Bengal,North 24 Parganas,700126,242,-0.021112166865007054
2025-01-03,Kerala,Malappuram,676517,250,-0.034801691483581254
2025-01-03,Bihar,Bhagalpur,813223,207,-0.005738228119705924
2025-01-03,West Bengal,North 24 Parganas,743446,227,-0.012061317695053697
2025-01-03,Uttar Pradesh,Ghaziabad,201013,219,-0.015363072674535627
2025-01-03,Kerala,Palakkad,678555,220,-0.01625800027460156
2025-01-03,Madhya Pradesh,Khandwa,450337,225,-0.019165587108681104
2025-01-03,Rajasthan,Chittorgarh,312202,228,-0.006315369799720916
2025-01-03,Madhya Pradesh,Khandwa,450771,259,-0.03515449475493182
2025-01-03,Andhra Pradesh,Krishna,521137,212,-0.0134336472631027
2025-01-03,Arunachal Pradesh,Longding,792131,232,-0.017710318267051495
2025-01-03,Andhra Pradesh,Annamayya,517325,201,-0.00438073171279163
2025-01-03,Andhra Pradesh,Prakasam,523270,209,-0.000684484832559229
2025-01-03,Maharashtra,Palghar,401610,201,-0.003864458383945224
2025-01-03,Himachal Pradesh,Shimla,171217,246,-0.029714364209798227
2025-01-03,West Bengal,Dakshin Dinajpur,733132,222,-0.011509436483507107
2025-01-03,Odisha,Nayagarh,752092,221,-0.004410397491884099
2025-01-03,Telangana,Jogulamba Gadwal,509126,206,-0.006214886672422315
2025-01-03,Gujarat,Mahisagar,389220,265,-0.04471775818654067
2025-01-03,Tamil Nadu,Tirunelveli,627809,269,-0.04471775818654067
2025-01-03,Bihar,Saran,841216,241,-0.025578670554455285
2025-01-03,Jharkhand,Ranchi,829205,257,-0.03771081148582445
2025-01-03,Punjab,Ludhiana,142022,228,-0.01674177876955163
2025-01-03,West Bengal,Barddhaman,713151,220,-0.013915514192859857
2025-01-03,Tamil Nadu,Viluppuram,607209,200,-0.0014627826310052994
2025-01-03,Himachal Pradesh,Hamirpur,176041,248,-0.033881897310541476
2025-01-03,Uttar Pradesh,Pratapgarh,230134,245,-0.024037872007737437
2025-01-03,Uttar Pradesh,Unnao,229501,205,-0.003359766870975056
2025-01-03,Rajasthan,Bhilwara,311801,220,-0.020137408657376232
2025-01-03,Telangana,Mahabubnagar,509110,245,-0.024528544459137658
2025-01-03,Bihar,Rohtas,802211,281,-0.04954375557335
2025-01-03,Kerala,Idukki,685612,244,-0.030421325998270854
2025-01-03,Uttar Pradesh,Faizabad,224209,213,-0.006214886672422315
2025-01-03,Telangana,Medak,502314,260,-0.03985256986841401
2025-01-03,Gujarat,Valsad,396145,224,-0.011479471107275763
2025-01-03,Jharkhand,Ramgarh,829105,243,-0.030494492615637303
2025-01-03,Tamil Nadu,Karur,639003,244,-0.02922181160962256
2025-01-03,Uttar Pradesh,Azamgarh,276131,271,-0.04565330254997213
2025-01-03,Tamil Nadu,Ramanathapuram,623115,222,-0.018094516935007077
2025-01-03,West Bengal,Paschim Medinipur,721201,230,-0.022157331212659948
2025-01-03,Maharashtra,Raigarh,402209,237,-0.023060776028204222
2025-01-03,Kerala,Ernakulam,686662,230,-0.01095958175319478
2025-01-03,Andhra Pradesh,Guntur,522437,221,-0.00855420086731229
2025-01-03,Gujarat,Surat,394185,240,-0.022086624255122866
2025-01-03,West Bengal,Purba Medinipur,721659,243,-0.030421325998270854
2025-01-03,Tamil Nadu,Pudukkottai,622202,282,-0.04615697623381654
2025-01-03,Karnataka,Belagavi,590001,257,-0.035370023894760405
2025-01-03,Uttar Pradesh,Hamirpur,210341,236,-0.02452691603852908
2025-01-03,Tamil Nadu,Virudhunagar,626142,253,-0.03218213223220412
2025-01-03,Karnataka,Belgaum,591104,211,-0.012399533203259816
2025-01-03,Odisha,Ganjam,761054,244,-0.03091469044807882
2025-01-03,Tamil Nadu,Ramanathapuram,623518,216,-0.0015625881979407508
2025-01-03,Jammu and Kashmir,Bandipore,193504,223,-0.005362239206803787
2025-01-03,Bihar,Rohtas,802220,286,-0.049186185192278575
2025-01-03,Telangana,Mahabubnagar,509311,283,-0.053603817919242625
2025-01-03,West Bengal,Hooghly,712415,226,-0.024037872007737437
2025-01-03,Gujarat,Bharuch,392210,256,-0.03885408834501125
2025-01-03,Madhya Pradesh,Indore,453220,278,-0.04471775818654067
2025-01-03,Gujarat,Mahisagar,388265,205,-0.003834815644843892
2025-01-03,Bihar,Madhepura,853204,228,-0.01722588469316544
2025-01-03,Kerala,Thiruvananthapuram,695504,226,-0.005362239206803787
2025-01-03,Telangana,Mahabubnagar,509103,206,-0.000684484832559229
2025-01-03,Karnataka,Ballari,583102,255,-0.03366680519923104
2025-01-03,Uttar Pradesh,Ballia,277503,229,-0.023060776028204222
2025-01-03,Odisha,Koraput,764020,212,-0.015674325831108282
2025-01-03,Assam,Baksa,781360,239,-0.029714364209798227
2025-01-03,Tamil Nadu,Nagapattinam,611109,222,-0.010382274352369159
2025-01-03,Tamil Nadu,Karur,639205,226,-0.016573312439605137
2025-01-03,Karnataka,Dharwad,581212,272,-0.03813894816147245
2025-01-03,Gujarat,Surat,394105,252,-0.03289148967391431
2025-01-03,Gujarat,Vadodara,391510,237,-0.02655917598621549
2025-01-03,Tamil Nadu,Erode,638057,247,-0.029714364209798227
2025-01-03,Maharashtra,Pune,412211,263,-0.03985256986841401
2025-01-03,Bihar,Begusarai,851122,231,-0.009182512310826008
2025-01-03,Rajasthan,Dausa,321612,233,-0.024037872007737437
2025-01-03,Uttar Pradesh,Ghazipur,233311,244,-0.02992829523919993
2025-01-03,Telangana,Hyderabad,500065,232,-0.022645102464760924
2025-01-03,Telangana,Hyderabad,500049,233,-0.024037872007737437
2025-01-03,Odisha,Khorda,752102,231,-0.018267019149960873
2025-01-03,Karnataka,Shivamogga,577427,232,-0.01996814256094226
2025-01-03,Jammu and Kashmir,Anantnag,192126,276,-0.04471775818654067
2025-01-03,Karnataka,Chikkamagaluru,577101,219,-0.00911148461807365
2025-01-03,Andhra Pradesh,Cuddapah,516107,211,-0.008124749165279832
2025-01-03,Tamil Nadu,Tiruppur,642154,219,-0.007198955288718056
2025-01-03,Odisha,Mayurbhanj,757106,223,-0.004410397491884099
2025-01-03,Tamil Nadu,Vellore,635901,211,-0.012880700228849795
2025-01-03,Gujarat,Kachchh,370627,236,-0.024037872007737437
2025-01-03,Tamil Nadu,Tiruppur,642204,235,-0.020209543051013967
2025-01-03,Tamil Nadu,Tiruvannamalai,604406,264,-0.03465826268175798
2025-01-03,Assam,Sonitpur,784001,239,-0.027959504598691454
2025-01-03,Maharashtra,Ahmadnagar,413719,246,-0.030421325998270854
2025-01-03,Himachal Pradesh,Kullu,175101,266,-0.045220798679691754
2025-01-03,Gujarat,Valsad,396185,199,-0.0028162232591475433
2025-01-03,Gujarat,Chhotaudepur,391168,241,-0.026977105562055792
2025-01-03,Rajasthan,Dausa,303508,239,-0.020281684684969714
2025-01-03,Rajasthan,Jhalawar,326021,225,-0.008225504602930589
2025-01-03,Telangana,Mahabubnagar,509381,250,-0.034377603927791545
2025-01-03,Tamil Nadu,Madurai,625108,235,-0.022402883950469188
2025-01-03,Andhra Pradesh,West Godavari,534202,274,-0.038637536015663554
2025-01-03,Odisha,Nayagarh,752082,248,-0.03091469044807882
2025-01-03,Uttar Pradesh,Lucknow,226026,215,-0.00935259236388053
2025-01-03,Gujarat,Arvalli,383345,216,-0.0025105737268138473
2025-01-03,Odisha,Koraput,764063,271,-0.04471775818654067
2025-01-03,Tamil Nadu,Thanjavur,614803,204,-0.009590426242234384
2025-01-03,Kerala,Thiruvananthapuram,695502,271,-0.041636157629102555
2025-01-03,Himachal Pradesh,Shimla,171207,263,-0.03735889712199114
2025-01-03,Tamil Nadu,Viluppuram,605402,254,-0.03366680519923104
2025-01-03,Karnataka,Davangere,583125,225,-0.010481754881538907
2025-01-03,Uttarakhand,Dehradun,248121,222,-0.004410397491884099
2025-01-03,West Bengal,Barddhaman,713128,204,-0.00911148461807365
2025-01-03,Tamil Nadu,Thanjavur,613102,225,-0.020209543051013967
2025-01-03,Kerala,Malappuram,676501,280,-0.05157103976535138
2025-01-03,Uttar Pradesh,Ambedkar Nagar,224151,242,-0.030421325998270854
2025-01-03,Rajasthan,Sikar,332710,242,-0.022574347651676763
2025-01-03,Karnataka,Mandya,571428,233,-0.012401134311333273
2025-01-03,Telangana,Warangal,506223,224,-0.02159760891053175
2025-01-03,Kerala,Malappuram,679332,254,-0.03289148967391431
2025-01-03,Himachal Pradesh,Kangra,176208,204,-0.003359766870975056
2025-01-03,Tamil Nadu,Thanjavur,614901,253,-0.03785695702574199
2025-01-03,Jammu and Kashmir,Doda,182222,240,-0.028524171721174607
2025-01-03,Kerala,Kollam,691577,227,-0.008225504602930589
2025-01-03,Andhra Pradesh,Nellore,524305,232,-0.005769537363785937
2025-01-03,Uttar Pradesh,Deoria,274506,221,-0.01722588469316544
2025-01-03,West Bengal,Purba Medinipur,721654,274,-0.04514996952959238
2025-01-03,Himachal Pradesh,Una,174315,236,-0.019309668037933436
2025-01-03,Uttarakhand,Haridwar,247666,250,-0.033881897310541476
2025-01-03,Rajasthan,Baran,325223,261,-0.035370023894760405
2025-01-03,Andhra Pradesh,Prakasam,523260,210,-0.0017899109079348996
2025-01-03,Gujarat,Rajkot,360360,200,-0.0014627826310052994
2025-01-03,Tamil Nadu,Salem,636452,211,-0.00368778166904149
2025-01-03,Haryana,Bhiwani,127308,288,-0.04868046268029014
2025-01-03,Tamil Nadu,Chennai,600100,207,-0.0008428999007672466
2025-01-03,Uttar Pradesh,Ballia,277302,220,-0.01674177876955163
2025-01-03,Karnataka,Dharwad,581105,253,-0.03686117408478262
2025-01-03,West Bengal,Barddhaman,713423,242,-0.028943233890645015
2025-01-03,Tamil Nadu,Villupuram,605752,213,-0.00368778166904149
2025-01-03,Uttar Pradesh,Sultanpur,227806,231,-0.022402883950469188
2025-01-03,Gujarat,Anand,388325,244,-0.024528544459137658
2025-01-03,Kerala,Palakkad,679307,219,-0.0077474861537332185
2025-01-03,West Bengal,Purba Medinipur,721642,232,-0.019723419107745666
2025-01-03,Rajasthan,Sikar,332403,261,-0.04035231752791124
2025-01-03,Tamil Nadu,Viluppuram,607201,204,-0.003359766870975056
2025-01-03,Odisha,Baleswar,756059,276,-0.04471775818654067
2025-01-03,Rajasthan,Bhilwara,311021,253,-0.03289148967391431
2025-01-03,West Bengal,South 24 Parganas,743330,233,-0.017369576216848426
2025-01-03,Karnataka,Chikkaballapur,562102,286,-0.04615697623381654
2025-01-03,Odisha,Baleswar,756044,250,-0.03572098714442529
2025-01-03,Telangana,Nalgonda,508250,236,-0.021182778208530095
2025-01-03,Maharashtra,Mumbai Suburban,400058,277,-0.04514996952959238
2025-01-03,Uttarakhand,Chamoli,246424,238,-0.013363796191736554
2025-01-03,West Bengal,South 24 Parganas,743377,206,-0.010549282174936003
2025-01-03,Kerala,Palakkad,678687,198,-0.0013941060287685492
2025-01-03,Telangana,K.v. Rangareddy,500090,208,-0.011029196922411333
2025-01-03,Andhra Pradesh,East Godavari,533248,213,-0.00368778166904149
2025-01-03,Telangana,Karimnagar,505327,230,-0.013023519433657094
2025-01-03,Kerala,Kollam,690519,204,-0.00911148461807365
2025-01-03,Bihar,Begusarai,851113,270,-0.038637536015663554
2025-01-03,Gujarat,Bhavnagar,364260,232,-0.016401497490343253
2025-01-03,Bihar,Saran,841218,249,-0.033881897310541476
2025-01-03,Karnataka,Belgaum,591248,259,-0.034377603927791545
2025-01-03,Punjab,Ferozepur,152024,271,-0.04514996952959238
2025-01-03,Tamil Nadu,Karur,639102,253,-0.03218213223220412
2025-01-03,Punjab,Bathinda,151111,247,-0.03267668842252569
2025-01-03,Tamil Nadu,Vellore,632512,206,-0.009899162554292906
2025-01-03,Karnataka,Haveri,581123,231,-0.016573312439605137
2025-01-03,Karnataka,Shivamogga,577301,227,-0.01722588469316544
2025-01-03,Assam,Tinsukia,786125,209,-0.011509436483507107
2025-01-03,Madhya Pradesh,Khandwa,450112,205,-0.00011352727901947635
2025-01-03,Telangana,K.v. Rangareddy,501359,289,-0.053603817919242625
2025-01-03,Tamil Nadu,Tiruvallur,602021,257,-0.03764069753090693
2025-01-03,Gujarat,Bharuch,392170,253,-0.03289148967391431
2025-01-03,Uttar Pradesh,Rae Bareli,229405,240,-0.021915276524672622
2025-01-03,West Bengal,Purba Medinipur,721635,265,-0.04263840632075544
2025-01-03,Karnataka,Raichur,584143,241,-0.02950866562243093
2025-01-03,Kerala,Palakkad,678593,232,-0.02313320384788453
2025-01-03,Maharashtra,Pune,411040,248,-0.024528544459137658
2025-01-03,Tamil Nadu,Erode,638151,227,-0.020623812795085628
2025-01-03,Rajasthan,Dausa,303510,257,-0.03920671773559303
2025-01-03,Karnataka,Bengaluru,560075,275,-0.04752195049478225
2025-01-03,West Bengal,North 24 Parganas,743247,221,-0.01488022667776856
2025-01-03,Karnataka,Koppal,583280,216,-0.014326156154506497
2025-01-03,Arunachal Pradesh,West Siang,791001,242,-0.031194023115660663
2025-01-03,Gujarat,Anand,388365,227,-0.005432890577970584
2025-01-03,Odisha,Khorda,751013,210,-0.010858436543309202
2025-01-03,Tamil Nadu,Pudukkottai,622507,221,-0.00911148461807365
2025-01-03,Maharashtra,Pune,413132,211,-0.011438175254719352
2025-01-03,Telangana,Mahabubnagar,509409,207,-0.003834815644843892
2025-01-03,Jharkhand,West Singhbhum,833106,250,-0.03168791053866227
2025-01-03,West Bengal,Paschim Medinipur,721517,268,-0.045220798679691754
2025-01-03,Delhi,South Delhi,110048,227,-0.021669889868294767
2025-01-03,Tamil Nadu,Vellore,632401,249,-0.03267668842252569
2025-01-03,Odisha,Ganjam,761103,246,-0.028379878396951108
2025-01-03,Uttar Pradesh,Gonda,271309,234,-0.022402883950469188
2025-01-03,Rajasthan,Dausa,303504,230,-0.013023519433657094
2025-01-03,Karnataka,Shivamogga,577201,226,-0.01722588469316544
2025-01-03,Rajasthan,Ajmer,305813,236,-0.024037872007737437
2025-01-03,Madhya Pradesh,Bhind,477222,249,-0.03366680519923104
2025-01-03,Tamil Nadu,Cuddalore,608602,234,-0.02715309641639041
2025-01-03,Andhra Pradesh,East Godavari,533341,208,-0.005738228119705924
2025-01-03,Kerala,Kozhikode,673614,228,-0.017710318267051495
2025-01-03,Odisha,Sambalpur,768017,226,-0.022085001334042342
2025-01-03,Haryana,Palwal,121004,213,-0.014326156154506497
2025-01-03,Tamil Nadu,Vellore,632104,235,-0.02452691603852908
2025-01-03,Karnataka,Tumakuru,572137,218,-0.00911148461807365
2025-01-03,West Bengal,Hooghly,712403,228,-0.013023519433657094
2025-01-03,Tamil Nadu,Vellore,632501,221,-0.01674177876955163
2025-01-03,Himachal Pradesh,Kangra,176204,224,-0.02159760891053175
2025-01-03,Tamil Nadu,Coimbatore,641042,243,-0.028943233890645015
2025-01-03,Assam,Goalpara,783101,254,-0.034377603927791545
2025-01-03,Uttar Pradesh,Sant Kabir Nagar,272170,283,-0.049186185192278575
2025-01-03,Karnataka,Uttara Kannada,581325,253,-0.0362179384857233
2025-01-03,Karnataka,Yadgir,585237,244,-0.02922181160962256
2025-01-03,Tamil Nadu,Thoothukkudi,628103,273,-0.038637536015663554
2025-01-03,Tamil Nadu,Thanjavur,613504,224,-0.01674177876955163
2025-01-03,Gujarat,Mahisagar,389172,231,-0.01996814256094226
2025-01-03,Uttar Pradesh,Sultanpur,227814,223,-0.019165587108681104
2025-01-03,West Bengal,Bankura,722135,220,-0.01674177876955163
2025-01-03,Uttar Pradesh,Etawah,206130,234,-0.016573312439605137
2025-01-03,Madhya Pradesh,Bhopal,462041,267,-0.03985256986841401
2025-01-03,Gujarat,Gandhinagar,382028,261,-0.03636378768627446
2025-01-03,Maharashtra,Solapur,413227,270,-0.04270899626552216
2025-01-03,Uttar Pradesh,Pratapgarh,230144,255,-0.03465826268175798
2025-01-03,Kerala,Palakkad,679513,248,-0.034801691483581254
2025-01-03,West Bengal,Purba Medinipur,721650,222,-0.0134336472631027
2025-01-03,Gujarat,Junagadh,362620,219,-0.0020364206138744345
2025-01-03,Rajasthan,Sikar,332602,250,-0.03091469044807882
2025-01-03,Tamil Nadu,Thoothukkudi,628252,269,-0.04471775818654067
2025-01-03,Gujarat,Mahesana,382710,233,-0.02452691603852908
2025-01-03,Karnataka,Bengaluru,560092,258,-0.03870774491108686
2025-01-03,Tamil Nadu,Dindigul,624212,239,-0.024845875851109533
2025-01-03,Karnataka,Chikkamagaluru,577548,219,-0.013915514192859857
2025-01-03,Karnataka,Bagalkot,587115,219,-0.009560541853018134
2025-01-03,Tamil Nadu,Chennai,600113,268,-0.041636157629102555
2025-01-03,Telangana,K.v. Rangareddy,500092,250,-0.028943233890645015
2025-01-03,Odisha,Bhadrak,756124,223,-0.005838643284489575
2025-01-03,Andhra Pradesh,Prakasam,523272,213,-0.0065442357588811895
2025-01-03,Odisha,Khorda,752035,254,-0.034377603927791545
2025-01-03,Uttar Pradesh,Jhansi,284203,241,-0.030421325998270854
2025-01-03,West Bengal,Birbhum,731238,248,-0.034801691483581254
2025-01-03,Uttar Pradesh,Ballia,277506,205,-0.010549282174936003
2025-01-03,Uttarakhand,Champawat,262309,257,-0.035370023894760405
2025-01-03,Tamil Nadu,Tiruvannamalai,604410,217,-0.0017899109079348996
2025-01-03,Madhya Pradesh,Indore,453112,266,-0.04035231752791124
2025-01-03,Karnataka,Mysuru,570026,238,-0.020281684684969714
2025-01-03,Karnataka,Bengaluru,560035,271,-0.04565330254997213
2025-01-03,Tamil Nadu,Madurai,625004,260,-0.035370023894760405
2025-01-03,Gujarat,Anand,388170,226,-0.01674177876955163
2025-01-03,Punjab,Ludhiana,142021,219,-0.005838643284489575
2025-01-03,Maharashtra,Nanded,431745,241,-0.026977105562055792
2025-01-03,Karnataka,Raichur,584127,239,-0.028451202850230395
2025-01-03,Odisha,Koraput,764081,222,-0.005838643284489575
2025-01-03,Uttar Pradesh,Ballia,277203,250,-0.03487364604684029
2025-01-03,Uttar Pradesh,Kheri,262702,221,-0.008075960101937119
2025-01-03,Kerala,Kozhikode,673542,243,-0.028943233890645015
2025-01-03,Andhra Pradesh,Chittoor,517569,219,-0.011479471107275763
2025-01-03,West Bengal,Birbhum,731236,290,-0.053603817919242625
2025-01-03,Gujarat,Rajkot,360022,278,-0.04471775818654067
2025-01-03,Tamil Nadu,Thanjavur,614906,202,-0.0006158845896137022
2025-01-03,Assam,Hojai,782442,245,-0.03168791053866227
2025-01-03,Maharashtra,Satara,415011,229,-0.009182512310826008
2025-01-03,Maharashtra,Buldhana,443308,221,-0.0025809388688446955
2025-01-03,Tamil Nadu,Kanniyakumari,629163,221,-0.001159298724712654
2025-01-03,Tamil Nadu,Kancheepuram,631605,210,-0.0017899109079348996
2025-01-03,Rajasthan,Sikar,332401,268,-0.04270899626552216
2025-01-03,Gujarat,Sabarkantha,383220,235,-0.016885373106397594
2025-01-03,Andhra Pradesh,Anantapur,515871,277,-0.04471775818654067
2025-01-03,Uttar Pradesh,Faizabad,224121,221,-0.008075960101937119
2025-01-03,Odisha,Malkangiri,764087,233,-0.013987024078647825
2025-01-03,Uttar Pradesh,Azamgarh,276138,246,-0.03218213223220412
2025-01-03,Jammu and Kashmir,Jammu,180017,235,-0.01577615769592955
2025-01-03,Uttar Pradesh,Firozabad,205141,228,-0.020623812795085628
2025-01-03,Goa,North Goa,403509,217,-0.004886157348580444
2025-01-03,Tamil Nadu,Krishnagiri,635120,247,-0.031194023115660663
2025-01-03,Uttar Pradesh,Kheri,262801,258,-0.03920671773559303
2025-01-03,Maharashtra,Mumbai Suburban,400059,234,-0.011439774197682273
2025-01-03,Gujarat,Valsad,396155,248,-0.028379878396951108
2025-01-03,Tamil Nadu,Pudukkottai,622304,255,-0.03885408834501125
2025-01-03,Gujarat,Bharuch,392110,292,-0.053603817919242625
2025-01-03,Jharkhand,Sahebganj,816115,239,-0.027746151757775506
2025-01-03,Madhya Pradesh,Narsinghpur,487118,252,-0.02943559794517181
2025-01-03,Punjab,Shaheed Bhagat Singh Nagar,144505,242,-0.02992829523919993
2025-01-03,Karnataka,Davangere,583137,217,-0.010790879808355358
2025-01-03,Uttar Pradesh,Kanpur Nagar,208006,231,-0.018267019149960873
2025-01-03,Telangana,Warangal,506167,202,-0.004310185938967925
2025-01-03,Maharashtra,Beed,414208,228,-0.013023519433657094
2025-01-03,Karnataka,Bagalkot,587101,219,-0.011960015420807157
2025-01-03,Gujarat,Bharuch,393115,210,-0.0034598429120668017
2025-01-03,Gujarat,Mahisagar,389110,232,-0.02159760891053175
2025-01-03,Gujarat,Kachchh,370040,212,-0.011960015420807157
2025-01-03,Maharashtra,Ahmadnagar,413204,244,-0.028943233890645015
2025-01-03,Andhra Pradesh,East Godavari,533446,267,-0.03963572430802986
2025-01-03,Karnataka,Yadgir,585201,211,-0.009560541853018134
2025-01-03,Tamil Nadu,Namakkal,638006,256,-0.03735889712199114
2025-01-03,Uttar Pradesh,Budaun,243637,240,-0.022402883950469188
2025-01-03,Rajasthan,Udaipur,313022,229,-0.025016291061779383
2025-01-03,Himachal Pradesh,Kullu,175125,201,-0.0014627826310052994
2025-01-03,Madhya Pradesh,Sagar,470229,270,-0.038637536015663554
2025-01-03,Bihar,Bhojpur,802311,239,-0.02362163558546837
2025-01-03,Telangana,Medak,502334,253,-0.0362179384857233
2025-01-03,Rajasthan,Bhilwara,311401,260,-0.04270899626552216
2025-01-03,Goa,North Goa,403505,251,-0.03366680519923104
2025-01-03,Karnataka,Bagalkot,587330,266,-0.04035231752791124
2025-01-03,West Bengal,Paschim Medinipur,721513,257,-0.03970602827251668
2025-01-03,Kerala,Malappuram,676523,257,-0.03515449475493182
2025-01-03,Bihar,Buxar,802101,253,-0.03785695702574199
2025-01-03,Maharashtra,Raigarh,402104,237,-0.025578670554455285
2025-01-03,Gujarat,Ahmedabad,382115,230,-0.020454432136776002
2025-01-03,West Bengal,Murshidabad,742224,253,-0.03239678820115921
2025-01-03,Uttar Pradesh,Ghazipur,233301,220,-0.0065442357588811895
2025-01-03,Rajasthan,Sawai Madhopur,322211,256,-0.03289148967391431
2025-01-03,Maharashtra,Jalgaon,425311,234,-0.017369576216848426
2025-01-03,Tamil Nadu,Vellore,632509,241,-0.018196693873410386
2025-01-03,West Bengal,Murshidabad,742223,239,-0.020281684684969714
2025-01-03,West Bengal,Barddhaman,713408,261,-0.03935316021698543
2025-01-03,Telangana,Nizamabad,503230,253,-0.031194023115660663
2025-01-03,Tamil Nadu,Thoothukkudi,628716,202,-0.005291594926388532
2025-01-03,Karnataka,Bengaluru,560054,219,-0.004886157348580444
2025-01-03,Bihar,Jehanabad,804406,240,-0.024037872007737437
2025-01-03,West Bengal,Paschim Medinipur,721133,260,-0.04035231752791124
2025-01-03,Tamil Nadu,Tiruchirappalli,621012,260,-0.043210677197969005
2025-01-03,Andhra Pradesh,Cuddapah,516504,206,-0.0020364206138744345
2025-01-03,Bihar,Begusarai,851101,276,-0.04817508221750655
2025-01-03,Rajasthan,Chittorgarh,312203,258,-0.03735889712199114
2025-01-03,Andhra Pradesh,Nellore,524003,234,-0.02599603498189018
2025-01-03,Arunachal Pradesh,East Siang,791102,227,-0.017710318267051495
2025-01-03,Kerala,Kozhikode,673507,239,-0.027541009109184778
2025-01-03,Karnataka,Kalaburagi,585211,225,-0.02159760891053175
2025-01-03,Assam,Sonitpur,784182,229,-0.017710318267051495
2025-01-03,Karnataka,Belgaum,591311,217,-0.0020364206138744345
2025-01-03,Karnataka,Kolar,563132,230,-0.023060776028204222
2025-01-03,Uttar Pradesh,Pratapgarh,230131,236,-0.02452691603852908
2025-01-03,Tamil Nadu,Nagapattinam,611112,246,-0.028627551286355635
2025-01-03,Andhra Pradesh,Vizianagaram,535527,241,-0.02922181160962256
2025-01-03,Rajasthan,Jhunjhunun,333504,232,-0.005769537363785937
2025-01-03,Andhra Pradesh,Chittoor,517130,226,-0.010961623925512254
2025-01-03,Gujarat,Mahesana,384435,216,-0.0020364206138744345
2025-01-03,Tamil Nadu,Nagapattinam,609106,262,-0.03764069753090693
2025-01-03,Karnataka,Raichur,584133,237,-0.013363796191736554
2025-01-03,Karnataka,Dharwad,580004,220,-0.010140815891930832
2025-01-03,Maharashtra,Kolhapur,416235,241,-0.028943233890645015
2025-01-03,Uttar Pradesh,Ballia,277501,228,-0.022157331212659948
2025-01-03,Gujarat,Amreli,365630,247,-0.02992829523919993
2025-01-03,Uttarakhand,Nainital,263136,230,-0.022157331212659948
2025-01-03,Uttar Pradesh,Varanasi,221008,229,-0.02159760891053175
2025-01-03,Odisha,Mayurbhanj,757054,269,-0.04471775818654067
2025-01-03,West Bengal,Dakshin Dinajpur,733133,259,-0.03820910957058388
2025-01-03,Odisha,Sambalpur,768004,231,-0.022157331212659948
2025-01-03,Tamil Nadu,Viluppuram,607204,246,-0.03289148967391431
2025-01-03,Uttar Pradesh,Lalitpur,284123,287,-0.04817508221750655
2025-01-03,Gujarat,Ahmedabad,380052,232,-0.005769537363785937
2025-01-03,Haryana,Gurgaon,122504,254,-0.03579468570266697
2025-01-03,Himachal Pradesh,Mandi,175029,245,-0.03289148967391431
2025-01-03,Odisha,Ganjam,760006,216,-0.014808627147893105
2025-01-03,Karnataka,Belgaum,591235,238,-0.028627551286355635
2025-01-03,Himachal Pradesh,Mandi,175027,244,-0.03140838881447072
2025-01-03,Andhra Pradesh,Vizianagaram,535573,212,-0.00368778166904149
2025-01-03,Jammu and Kashmir,Doda,182221,271,-0.04471775818654067
2025-01-03,Andhra Pradesh,West Godavari,534280,241,-0.028627551286355635
2025-01-03,Uttar Pradesh,Ghazipur,233307,276,-0.04752195049478225
2025-01-03,Uttar Pradesh,Jhansi,284128,201,-0.0033893895609879987
2025-01-03,Tamil Nadu,Sivaganga,623701,223,-0.011580704864971203
2025-01-03,Gujarat,Anand,388560,244,-0.03098790658572781
2025-01-03,Gujarat,Bhavnagar,364313,243,-0.03168791053866227
2025-01-03,Telangana,Adilabad,504103,225,-0.01488022667776856
2025-01-03,Tamil Nadu,Namakkal,637405,235,-0.012401134311333273
2025-01-03,Uttar Pradesh,Sant Kabir Nagar,272154,274,-0.041636157629102555
2025-01-03,Rajasthan,Ajmer,305621,202,-0.00438073171279163
2025-01-03,Karnataka,Chitradurga,577520,219,-0.005362239206803787
2025-01-03,Karnataka,Belgaum,591344,225,-0.0014939018037165575
2025-01-03,Uttar Pradesh,Hamirpur,210505,287,-0.05157103976535138
2025-01-03,Madhya Pradesh,Shahdol,484114,240,-0.02992829523919993
2025-01-03,Bihar,Saran,841443,286,-0.049186185192278575
2025-01-03,Rajasthan,Sawai Madhopur,322212,204,-0.003359766870975056
2025-01-03,Gujarat,Vadodara,391774,230,-0.009182512310826008
2025-01-03,Tamil Nadu,Tirunelveli,627501,224,-0.0010204363244392667
2025-01-03,Punjab,Jalandhar,144806,229,-0.008225504602930589
2025-01-03,Tamil Nadu,Tiruvallur,601102,251,-0.03091469044807882
2025-01-03,Himachal Pradesh,Chamba,176324,239,-0.013363796191736554
2025-01-03,Karnataka,Gadag,582114,245,-0.031194023115660663
2025-01-03,Rajasthan,Dausa,322240,232,-0.01965133350274484
2025-01-03,Tamil Nadu,Madurai,625529,200,-0.0019661101210823873
2025-01-03,Karnataka,Koppal,583232,264,-0.04035231752791124
2025-01-03,Gujarat,Valsad,396007,222,-0.01722588469316544
2025-01-03,Karnataka,Bagalkot,587119,232,-0.024037872007737437
2025-01-03,Maharashtra,Nagpur,440036,230,-0.0033909703769778865
2025-01-03,Haryana,Rewari,123302,270,-0.04471775818654067
2025-01-03,Uttar Pradesh,Deoria,274602,259,-0.03515449475493182
2025-01-03,Andhra Pradesh,Vizianagaram,535281,208,-0.001316245220685297
2025-01-03,Rajasthan,Karauli,322249,233,-0.020137408657376232
2025-01-03,Karnataka,Vijayanagara,583125,252,-0.03267668842252569
2025-01-03,Tamil Nadu,Pudukkottai,622407,227,-0.019165587108681104
2025-01-03,Gujarat,Anand,388160,240,-0.027959504598691454
2025-01-03,Tamil Nadu,Madurai,625105,224,-0.016573312439605137
2025-01-03,Madhya Pradesh,Khandwa,451115,199,-0.0013941060287685492
2025-01-03,West Bengal,South 24 Parganas,743371,221,-0.018094516935007077
2025-01-03,Karnataka,Bengaluru,560005,286,-0.049186185192278575
2025-01-03,Karnataka,Haveri,581203,215,-0.0061662294706178455
2025-01-03,Rajasthan,Chittorgarh,312403,228,-0.014469265542273457
2025-01-03,Tamil Nadu,Madurai,625214,226,-0.02159760891053175
2025-01-03,Rajasthan,Churu,331411,259,-0.03764069753090693
2025-01-03,Kerala,Malappuram,679357,207,-0.003834815644843892
2025-01-03,Tamil Nadu,Pudukkottai,614630,256,-0.034377603927791545
2025-01-03,Rajasthan,Bundi,323025,240,-0.013363796191736554
2025-01-03,West Bengal,Purba Medinipur,721432,205,-0.004339848740727126
2025-01-03,Uttar Pradesh,Ballia,277121,262,-0.03636378768627446
2025-01-03,Andhra Pradesh,East Godavari,533249,215,-0.00648476080929572
2025-01-03,Kerala,Thiruvananthapuram,695506,277,-0.04414432455774153
2025-01-03,Karnataka,Chikkamagaluru,577228,204,-0.009899162554292906
2025-01-03,Telangana,Nalgonda,508277,212,-0.009560541853018134
2025-01-03,West Bengal,South 24 Parganas,700103,236,-0.025578670554455285
2025-01-03,West Bengal,Hooghly,712613,235,-0.012401134311333273
2025-01-03,Odisha,Puri,752013,207,-0.0034598429120668017
2025-01-03,Punjab,Ludhiana,141120,240,-0.02992829523919993
2025-01-03,Karnataka,Bengaluru,562123,220,-0.0077474861537332185
2025-01-03,Tamil Nadu,Dindigul,624307,272,-0.04270899626552216
2025-01-03,Karnataka,Davangere,577553,227,-0.0033909703769778865
2025-01-03,Karnataka,Bagalkot,587207,237,-0.026764041229120128
2025-01-03,Tamil Nadu,Pudukkottai,622004,229,-0.01722588469316544
2025-01-03,Uttar Pradesh,Pratapgarh,230306,263,-0.038637536015663554
2025-01-03,Maharashtra,Jalgaon,425309,274,-0.04270899626552216
2025-01-03,Tamil Nadu,Tiruvannamalai,606802,218,-0.0065442357588811895
2025-01-03,Uttar Pradesh,Pratapgarh,230302,221,-0.01674177876955163
2025-01-03,Tamil Nadu,Thiruvarur,610105,241,-0.031194023115660663
2025-01-03,Andhra Pradesh,West Godavari,534452,220,-0.007198955288718056
2025-01-03,Kerala,Palakkad,678001,290,-0.053603817919242625
2025-01-03,Uttar Pradesh,Ambedkar Nagar,224176,219,-0.01674177876955163
2025-01-03,Odisha,Sundergarh,769012,219,-0.0077474861537332185
2025-01-03,Madhya Pradesh,Indore,452018,245,-0.02992829523919993
2025-01-03,West Bengal,Bankura,722134,258,-0.03465826268175798
2025-01-03,Kerala,Kollam,690573,218,-0.0006860595567315109
2025-01-03,Andhra Pradesh,West Godavari,534198,224,-0.010382274352369159
2025-01-03,Uttar Pradesh,Basti,272128,243,-0.028627551286355635
2025-01-03,Rajasthan,Jhunjhunun,333501,224,-0.0035303033347329205
2025-01-03,Kerala,Kozhikode,673661,245,-0.02992829523919993
2025-01-03,Tamil Nadu,Vellore,632101,220,-0.021110546138533692
2025-01-03,Karnataka,Tumakuru,561202,216,-0.01819507971296863
2025-01-03,Tamil Nadu,Cuddalore,608305,210,-0.00011352727901947635
2025-01-03,Karnataka,Bengaluru,560011,275,-0.04471775818654067
2025-01-03,Karnataka,Belagavi,591126,226,-0.00855420086731229
2025-01-03,Odisha,Kandhamal,762001,232,-0.005769537363785937
2025-01-03,Karnataka,Bengaluru,560067,264,-0.038637536015663554
2025-01-03,Odisha,Khorda,752023,220,-0.006792418970728464
2025-01-03,Madhya Pradesh,Vidisha,464220,245,-0.03289148967391431
2025-01-03,Jharkhand,East Singhbhum,831007,236,-0.021669889868294767
2025-01-03,Karnataka,Dharwad,580032,216,-0.0025105737268138473
2025-01-03,Tamil Nadu,Theni,625517,235,-0.027746151757775506
2025-01-03,Punjab,SAS Nagar (Mohali),160062,244,-0.02452691603852908
2025-01-03,Jharkhand,Hazaribagh,825321,247,-0.03338652596817093
2025-01-03,Karnataka,Bidar,585330,259,-0.04270899626552216
2025-01-03,Jharkhand,Bokaro,827001,210,-0.002985047753811365
2025-01-03,Odisha,Bhadrak,756100,246,-0.03140838881447072
2025-01-03,Rajasthan,Bhilwara,311024,218,-0.00966150200761251
2025-01-03,Tamil Nadu,Cuddalore,608801,272,-0.041135541634746975
2025-01-03,Kerala,Idukki,685561,221,-0.0034598429120668017
2025-01-03,Assam,Karbi Anglong,782482,283,-0.053603817919242625
2025-01-03,Madhya Pradesh,Mandsaur,458778,246,-0.03338652596817093
2025-01-03,Maharashtra,Mumbai Suburban,400064,283,-0.04868046268029014
2025-01-03,Uttar Pradesh,Maharajganj,273165,234,-0.01996814256094226
2025-01-03,Telangana,Medak,502319,241,-0.030421325998270854
2025-01-03,Gujarat,Bharuch,392130,208,-0.002985047753811365
2025-01-03,Tamil Nadu,Tiruppur,641665,217,-0.019064888159810334
2025-01-03,Tamil Nadu,Kancheepuram,603210,226,-0.01608964788811773
2025-01-03,Karnataka,Vijayapura,586217,207,-0.001316245220685297
2025-01-03,West Bengal,Nadia,741154,238,-0.013363796191736554
2025-01-03,West Bengal,Purba Medinipur,721446,218,-0.007198955288718056
2025-01-03,Gujarat,Bharuch,392155,215,-0.006643177701176062
2025-01-03,West Bengal,Paschim Medinipur,721516,226,-0.006315369799720916
2025-01-03,West Bengal,Paschim Medinipur,721260,253,-0.03785695702574199
2025-01-03,Kerala,Malappuram,673637,278,-0.043140039476850967
2025-01-03,Andhra Pradesh,Chittoor,517592,220,-0.011479471107275763
2025-01-03,Tamil Nadu,Tirunelveli,627010,228,-0.023060776028204222
2025-01-03,Karnataka,Kolar,563136,235,-0.011439774197682273
2025-01-03,Tamil Nadu,Nagapattinam,611108,224,-0.01223208959445754
2025-01-03,Gujarat,Jamnagar,361120,269,-0.03764069753090693
2025-01-03,West Bengal,Hooghly,712134,204,-0.0019365474970091112
2025-01-03,Bihar,Sitamarhi,843301,214,-0.0001430129638487765
2025-01-03,West Bengal,Purba Medinipur,721429,245,-0.02922181160962256
2025-01-03,Uttar Pradesh,Mainpuri,205247,257,-0.035370023894760405
2025-01-03,Uttar Pradesh,Gonda,271319,216,-0.007988129156817347
2025-01-03,Andhra Pradesh,Tirupati,517501,223,-0.004480953324203951
2025-01-03,Odisha,JAJPUR,755023,221,-0.0025809388688446955
2025-01-03,Punjab,Jalandhar,144034,240,-0.018196693873410386
2025-01-03,Tamil Nadu,Tiruvallur,600080,227,-0.0033909703769778865
2025-01-03,Tamil Nadu,Karur,639114,242,-0.02992829523919993
2025-01-03,Andhra Pradesh,Cuddapah,516380,212,-0.001316245220685297
2025-01-03,Telangana,Mahabubnagar,509130,243,-0.029119701682081334
2025-01-03,Karnataka,Raichur,584115,258,-0.035370023894760405
2025-01-03,West Bengal,Purba Medinipur,721422,225,-0.02159760891053175
2025-01-03,Andhra Pradesh,Chittoor,517129,216,-0.0022638971793457197
2025-01-03,Uttar Pradesh,Fatehpur,212654,231,-0.022645102464760924
2025-01-03,Gujarat,Ahmedabad,382435,289,-0.053603817919242625
2025-01-03,Haryana,Gurgaon,122002,251,-0.028379878396951108
2025-01-03,Maharashtra,Nashik,423110,225,-0.005432890577970584
2025-01-03,Andhra Pradesh,Krishna,521212,213,-0.0061662294706178455
2025-01-03,Kerala,Palakkad,678006,235,-0.02452691603852908
2025-01-03,Rajasthan,Jalor,343021,226,-0.0014939018037165575
2025-01-03,Gujarat,Jamnagar,361007,233,-0.021110546138533692
2025-01-03,Karnataka,Bagalkot,587120,218,-0.019165587108681104
2025-01-03,Karnataka,Kalaburagi,585325,242,-0.021915276524672622
2025-01-03,West Bengal,Paschim Medinipur,721121,224,-0.016329745281855157
2025-01-03,Uttar Pradesh,Kanpur Nagar,208003,226,-0.005432890577970584
2025-01-03,Maharashtra,Solapur,413217,271,-0.04035231752791124
2025-01-03,West Bengal,Barddhaman,713141,270,-0.03764069753090693
2025-01-03,Tamil Nadu,Salem,636111,264,-0.035370023894760405
2025-01-03,Himachal Pradesh,Chamba,176312,206,-0.0020364206138744345
2025-01-03,Maharashtra,Kolhapur,416206,284,-0.04868046268029014
2025-01-03,Karnataka,Tumakuru,572201,206,-0.009899162554292906
2025-01-03,Tamil Nadu,Chennai,600112,223,-0.011100417100972315
2025-01-03,Delhi,West Delhi,110026,221,-0.004886157348580444
2025-01-03,Bihar,Supaul,847451,264,-0.04035231752791124
2025-01-03,Karnataka,Bengaluru,560030,243,-0.030421325998270854
2025-01-03,Kerala,Thrissur,680581,217,-0.0010890762621069694
2025-01-03,Meghalaya,West Khasi Hills,793120,213,-0.0001430129638487765
2025-01-03,Bihar,Madhubani,847411,213,-0.0034598429120668017
2025-01-03,Uttar Pradesh,Jaunpur,222135,219,-0.011479471107275763
2025-01-03,Jharkhand,Khunti,835234,206,-0.010957983891688783
2025-01-03,Karnataka,Bagalkot,587103,256,-0.03366680519923104
2025-01-03,Telangana,K.v. Rangareddy,500077,246,-0.026486404327247137
2025-01-03,Kerala,Palakkad,678622,260,-0.04085240342424623
2025-01-03,Rajasthan,Jhunjhunun,333515,257,-0.03870774491108686
2025-01-03,Madhya Pradesh,Anuppur,484336,219,-0.0034598429120668017
2025-01-03,Rajasthan,Sikar,332315,233,-0.01095958175319478
2025-01-03,West Bengal,Purba Medinipur,721629,241,-0.03000141236977738
2025-01-03,Rajasthan,Bhilwara,311023,207,-0.010549282174936003
2025-01-03,Tamil Nadu,Vellore,635852,278,-0.041636157629102555
2025-01-03,Kerala,Kozhikode,673582,221,-0.020623812795085628
2025-01-03,Assam,Marigaon,782410,217,-0.011960015420807157
2025-01-03,Uttar Pradesh,Deoria,274604,259,-0.04170665211808677
2025-01-03,Karnataka,Bengaluru,560024,227,-0.0029162218011768992
2025-01-03,Telangana,Mahabubnagar,509321,225,-0.01722588469316544
2025-01-03,Telangana,K.v. Rangareddy,500087,254,-0.034377603927791545
2025-01-03,Andhra Pradesh,Kurnool,518134,223,-0.020623812795085628
2025-01-03,Madhya Pradesh,Shajapur,465331,256,-0.03515449475493182
2025-01-03,Kerala,Thiruvananthapuram,695141,213,-0.012880700228849795
2025-01-03,Karnataka,Bengaluru,560050,223,-0.00966150200761251
2025-01-03,Maharashtra,Mumbai Suburban,400065,255,-0.03820910957058388
2025-01-03,Uttar Pradesh,Etawah,206120,221,-0.009590426242234384
2025-01-03,Gujarat,Kachchh,370145,205,-0.006214886672422315
2025-01-03,Bihar,Madhubani,847215,242,-0.028451202850230395
2025-01-03,Kerala,Kozhikode,673620,228,-0.024037872007737437
2025-01-03,Uttar Pradesh,Azamgarh,276208,237,-0.023060776028204222
2025-01-03,Madhya Pradesh,Satna,485005,258,-0.03985256986841401
2025-01-03,Gujarat,Surat,394150,238,-0.027468138910943907
2025-01-03,Kerala,Thiruvananthapuram,695584,215,-0.0034598429120668017
2025-01-03,Maharashtra,Sangli,416409,271,-0.04471775818654067
2025-01-03,Uttar Pradesh,Ambedkar Nagar,224155,244,-0.03140838881447072
2025-01-03,Tripura,West Tripura,799005,232,-0.020623812795085628
2025-01-03,Gujarat,Banaskantha,385560,255,-0.03985256986841401
2025-01-03,Haryana,Yamuna Nagar,135002,234,-0.009592021023812403
2025-01-03,Karnataka,Haveri,581102,222,-0.020623812795085628
2025-01-03,Karnataka,Belgaum,591224,211,-0.012952106247648865
2025-01-03,Andhra Pradesh,Prakasam,523108,240,-0.027746151757775506
2025-01-03,West Bengal,North 24 Parganas,743439,264,-0.03985256986841401
2025-01-03,Odisha,Nabarangapur,764058,241,-0.025578670554455285
2025-01-03,Karnataka,Chikkaballapur,561212,202,-0.000989338199413381
2025-01-03,Tamil Nadu,Tiruppur,638752,259,-0.03820910957058388
2025-01-03,Andhra Pradesh,Cuddapah,516126,263,-0.03465826268175798
2025-01-03,West Bengal,Murshidabad,742237,257,-0.03735889712199114
2025-01-03,Maharashtra,Jalgaon,425115,227,-0.005432890577970584
2025-01-03,Madhya Pradesh,Gwalior,474002,240,-0.027959504598691454
2025-01-03,Tamil Nadu,Tiruchirappalli,621312,220,-0.011960015420807157
2025-01-03,West Bengal,South 24 Parganas,700061,224,-0.005432890577970584
2025-01-03,Karnataka,Kalaburagi,585313,209,-0.007646798862776638
2025-01-03,Tamil Nadu,Thiruvarur,614016,222,-0.013915514192859857
2025-01-03,Uttar Pradesh,Ambedkar Nagar,224152,214,-0.00463864489812682
2025-01-03,Bihar,Patna,800004,231,-0.013987024078647825
2025-01-03,Gujarat,Jamnagar,361220,219,-0.011479471107275763
2025-01-03,Kerala,Kottayam,686513,232,-0.010479714090460002
2025-01-03,Telangana,Medchal?malkajgiri,500055,227,-0.01608964788811773
2025-01-03,Rajasthan,Sikar,332028,267,-0.04270899626552216
2025-01-03,Tamil Nadu,Salem,636308,223,-0.011100417100972315
2025-01-03,Odisha,Mayurbhanj,757082,262,-0.043210677197969005
2025-01-03,West Bengal,Hooghly,712601,230,-0.0076781929552436345
2025-01-03,Andhra Pradesh,Guntur,522019,231,-0.020623812795085628
2025-01-03,Maharashtra,Satara,415507,240,-0.013363796191736554
2025-01-03,Maharashtra,Mumbai Suburban,400075,222,-0.0025809388688446955
2025-01-03,Maharashtra,Pune,412404,262,-0.04035231752791124
2025-01-03,Karnataka,Mandya,571422,219,-0.00021314046760234628
2025-01-03,Uttarakhand,Pauri Garhwal,246172,211,-0.012399533203259816
2025-01-03,Tamil Nadu,Cuddalore,607401,241,-0.022402883950469188
2025-01-03,Uttar Pradesh,Ballia,277208,263,-0.03963572430802986
2025-01-03,Telangana,Nalgonda,508252,205,-0.007169171825536558
2025-01-03,Gujarat,Arvalli,383310,211,-0.002836612098826019
2025-01-03,Uttar Pradesh,Amethi,227408,202,-0.00438073171279163
2025-01-03,Maharashtra,Solapur,413214,245,-0.03091469044807882
2025-01-03,Rajasthan,Pratapgarh,327026,219,-0.013915514192859857
2025-01-03,Odisha,Baleswar,756001,265,-0.04035231752791124
2025-01-03,Telangana,K.v. Rangareddy,500050,205,-0.0010890762621069694
2025-01-03,Andhra Pradesh,East Godavari,533449,227,-0.013023519433657094
2025-01-03,Tamil Nadu,Vellore,635814,216,-0.011960015420807157
2025-01-03,Odisha,Bhadrak,756123,209,-0.005767951190947862
2025-01-03,Tamil Nadu,Nagapattinam,609109,209,-0.003212832342702421
2025-01-03,Kerala,Palakkad,678534,255,-0.04035231752791124
2025-01-03,Jammu and Kashmir,Doda,182147,223,-0.018579538412442198
2025-01-03,Tamil Nadu,Cuddalore,607103,235,-0.016885373106397594
2025-01-03,Maharashtra,Thane,421403,228,-0.008225504602930589
2025-01-03,Gujarat,Kheda,387120,293,-0.05157103976535138
2025-01-03,Uttar Pradesh,Ghazipur,275205,221,-0.020623812795085628
2025-01-03,West Bengal,Murshidabad,742404,219,-0.0025105737268138473
2025-01-03,Maharashtra,Satara,415003,235,-0.011439774197682273
2025-01-03,Kerala,Ernakulam,683556,234,-0.024110397901101366
2025-01-03,Tamil Nadu,Thiruvarur,614014,204,-0.0014627826310052994
2025-01-03,Gujarat,Amreli,365440,236,-0.025578670554455285
2025-01-03,Telangana,Nizamabad,503003,217,-0.015291424685006438
2025-01-03,Telangana,Bhadradri Kothagudem,507115,244,-0.026486404327247137
2025-01-03,Kerala,Thrissur,680684,221,-0.020623812795085628
2025-01-03,Tamil Nadu,Chennai,600085,236,-0.013363796191736554
2025-01-03,Tamil Nadu,Viluppuram,606213,256,-0.035370023894760405
2025-01-03,Bihar,Lakhisarai,811315,218,-0.01577454898685615
2025-01-03,Sikkim,West,737113,219,-0.01722588469316544
2025-01-03,Odisha,Bhadrak,756181,218,-0.00966150200761251
2025-01-03,Uttar Pradesh,Allahabad,212401,248,-0.03267668842252569
2025-01-03,Odisha,Kendujhar,758045,223,-0.011100417100972315
2025-01-03,Kerala,Palakkad,678684,252,-0.03289148967391431
2025-01-03,Gujarat,Banaskantha,385570,213,-0.0001430129638487765
2025-01-03,Tamil Nadu,Coimbatore,642103,245,-0.024528544459137658
2025-01-03,Rajasthan,Jaipur,303009,214,-0.0025105737268138473
2025-01-03,Maharashtra,Kolhapur,416526,212,-0.013844011483986063
2025-01-03,Tamil Nadu,Namakkal,637404,215,-0.0034598429120668017
2025-01-03,Tamil Nadu,Namakkal,637017,217,-0.004886157348580444
2025-01-03,Tamil Nadu,Kancheepuram,600064,218,-0.01674177876955163
2025-01-03,Maharashtra,Raigarh,402106,216,-0.014367619989047453
2025-01-03,Kerala,Kozhikode,673008,262,-0.035370023894760405
2025-01-03,Rajasthan,Barmer,344801,217,-0.004886157348580444
2025-01-03,Rajasthan,Nagaur,341301,232,-0.013987024078647825
2025-01-03,Maharashtra,Mumbai Suburban,400042,210,-0.007676602483860262
2025-01-03,Haryana,Gurgaon,122006,207,-0.0020364206138744345
2025-01-03,Madhya Pradesh,Ratlam,457339,219,-0.011960015420807157
2025-01-03,Himachal Pradesh,Chamba,176309,217,-0.005838643284489575
2025-01-03,West Bengal,Bankura,722139,222,-0.011509436483507107
2025-01-03,Madhya Pradesh,Neemuch,458113,272,-0.04514996952959238
2025-01-03,Himachal Pradesh,Mandi,175008,232,-0.009182512310826008
2025-01-03,Karnataka,Kalaburagi,585105,229,-0.019165587108681104
2025-01-03,Punjab,Gurdaspur,143529,250,-0.029856825867448533
2025-01-03,Telangana,Khammam,507001,249,-0.03338652596817093
2025-01-03,Haryana,Jhajjar,124104,219,-0.004886157348580444
2025-01-03,Manipur,Imphal West,795009,232,-0.0033909703769778865
2025-01-03,Tamil Nadu,Cuddalore,608302,243,-0.028451202850230395
2025-01-03,Assam,Kamrup,781354,214,-0.011960015420807157
2025-01-03,Meghalaya,South West Garo Hills,794115,218,-0.0006860595567315109
2025-01-03,West Bengal,Murshidabad,742168,253,-0.03686117408478262
2025-01-03,Rajasthan,Bikaner,334602,230,-0.014469265542273457
2025-01-03,Andhra Pradesh,Nellore,524412,235,-0.011439774197682273
2025-01-03,Karnataka,Bengaluru,560004,241,-0.025578670554455285
2025-01-03,Tamil Nadu,Virudhunagar,626102,212,-0.005689603827564005
2025-01-03,West Bengal,Birbhum,731121,244,-0.030421325998270854
2025-01-03,Tamil Nadu,Kancheepuram,603107,221,-0.010382274352369159
2025-01-03,Himachal Pradesh,Kangra,176052,247,-0.03218213223220412
2025-01-03,Bihar,Lakhisarai,811112,272,-0.04471775818654067
2025-01-03,Manipur,Imphal West,795113,239,-0.027468138910943907
2025-01-03,Andhra Pradesh,Prakasam,523315,206,-0.00036987473149796557
2025-01-03,West Bengal,North 24 Parganas,700124,250,-0.033881897310541476
2025-01-03,Jharkhand,Ramgarh,825314,209,-0.006214886672422315
2025-01-03,Kerala,Malappuram,676506,223,-0.017710318267051495
2025-01-03,Tamil Nadu,Viluppuram,606401,256,-0.037212850428702926
2025-01-03,Kerala,Malappuram,676525,254,-0.03239678820115921
2025-01-03,Assam,Cachar,788001,211,-0.01199000107806203
2025-01-03,Madhya Pradesh,Vidisha,464113,225,-0.02354915874553498
2025-01-03,Odisha,Rayagada,765001,243,-0.03168791053866227
2025-01-03,Tamil Nadu,Coimbatore,642006,252,-0.03267668842252569
2025-01-03,Andhra Pradesh,Chittoor,517640,205,-0.009899162554292906
2025-01-03,Odisha,Ganjam,761102,295,-0.053603817919242625
2025-01-03,Rajasthan,Sikar,332702,211,-0.013362192915621018
2025-01-03,Uttarakhand,Chamoli,246428,255,-0.03820910957058388
2025-01-03,Andhra Pradesh,Krishna,521207,222,-0.007498966879832647
2025-01-03,Himachal Pradesh,Solan,174102,225,-0.013023519433657094
2025-01-03,Uttar Pradesh,Unnao,229503,208,-0.004785877970956864
2025-01-03,Uttar Pradesh,Sultanpur,228132,234,-0.02452691603852908
2025-01-03,Andaman and Nicobar Islands,South Andaman,744101,210,-0.0022638971793457197
2025-01-03,Kerala,Kollam,691536,248,-0.033881897310541476
2025-01-03,Tamil Nadu,Krishnagiri,635201,271,-0.04414432455774153
2025-01-03,Tamil Nadu,Erode,638115,250,-0.03239678820115921
2025-01-03,Bihar,Nawada,805101,222,-0.0025809388688446955
2025-01-03,Andhra Pradesh,Srikakulam,532122,228,-0.018996549903596227
2025-01-03,West Bengal,Nadia,741122,245,-0.03140838881447072
2025-01-03,Andhra Pradesh,East Godavari,533468,269,-0.044646976942266936
2025-01-03,Uttarakhand,Tehri Garhwal,249165,271,-0.042207654648727666
2025-01-03,Tamil Nadu,Namakkal,638182,220,-0.01488022667776856
2025-01-03,Tamil Nadu,Salem,636404,230,-0.020623812795085628
2025-01-03,Gujarat,Bharuch,392011,245,-0.031481654505918444
2025-01-03,Tamil Nadu,Theni,625536,280,-0.04414432455774153
2025-01-03,Andhra Pradesh,Kurnool,518006,199,-0.0028162232591475433
2025-01-03,Telangana,Karimnagar,505405,235,-0.02452691603852908
2025-01-03,Gujarat,Kachchh,370625,216,-0.014326156154506497
2025-01-03,Arunachal Pradesh,Namsai,792103,223,-0.0034598429120668017
2025-01-03,Bihar,Bhagalpur,813201,232,-0.024037872007737437
2025-01-03,Rajasthan,Jhunjhunun,333036,249,-0.029856825867448533
2025-01-03,Tamil Nadu,Virudhunagar,626149,212,-0.0001430129638487765
2025-01-03,Andhra Pradesh,Cuddapah,516115,228,-0.01948218189070161
2025-01-03,Odisha,Kandhamal,762109,292,-0.053603817919242625
2025-01-03,Gujarat,Surat,394163,229,-0.0076781929552436345
2025-01-03,Uttar Pradesh,Pratapgarh,229408,241,-0.028943233890645015
2025-01-03,Kerala,Palakkad,678543,243,-0.028451202850230395
2025-01-03,Uttar Pradesh,Deoria,274508,235,-0.028729592151083394
2025-01-03,Uttar Pradesh,Azamgarh,276126,257,-0.04085240342424623
2025-01-03,Kerala,Kasaragod,671315,218,-0.011479471107275763
2025-01-03,Assam,Chirang,783391,209,-0.007169171825536558
2025-01-03,Telangana,Medak,502296,262,-0.03920671773559303
2025-01-03,Karnataka,Koppal,583279,263,-0.035370023894760405
2025-01-03,Telangana,Hyderabad,500056,245,-0.024037872007737437
2025-01-03,Rajasthan,Bhilwara,311203,236,-0.025016291061779383
2025-01-03,Kerala,Ernakulam,682008,229,-0.022157331212659948
2025-01-03,Kerala,Thrissur,680652,218,-0.01577454898685615
2025-01-03,Tamil Nadu,Coimbatore,641668,243,-0.024528544459137658
2025-01-03,Madhya Pradesh,Vidisha,464226,240,-0.022574347651676763
2025-01-03,Goa,South Goa,403707,222,-0.011100417100972315
2025-01-03,Gujarat,Ahmedabad,382240,273,-0.04514996952959238
2025-01-03,Uttar Pradesh,Sultanpur,228141,241,-0.03000141236977738
2025-01-03,Uttarakhand,Almora,263653,239,-0.02655917598621549
2025-01-03,Rajasthan,Baran,325222,225,-0.006315369799720916
2025-01-03,Karnataka,Bengaluru,560048,237,-0.02922181160962256
2025-01-03,Andhra Pradesh,Prakasam,523265,229,-0.018579538412442198
2025-01-03,Tamil Nadu,Salem,636030,224,-0.016329745281855157
2025-01-03,Puducherry,Puducherry,605007,214,-0.0015625881979407508
2025-01-03,Punjab,Ludhiana,141121,220,-0.005838643284489575
2025-01-03,Odisha,Sundergarh,769043,231,-0.0033909703769778865
2025-01-03,Gujarat,Ahmedabad,382120,252,-0.03572098714442529
2025-01-03,Madhya Pradesh,Ratlam,457336,228,-0.023060776028204222
2025-01-03,Karnataka,Haveri,581210,200,-4.340977269901014e-05
2025-01-03,Uttar Pradesh,Faizabad,224161,244,-0.029119701682081334
2025-01-03,Tamil Nadu,Kancheepuram,600059,300,-0.053603817919242625
2025-01-03,Odisha,Sambalpur,768003,226,-0.01722588469316544
2025-01-03,Maharashtra,Buldhana,443104,270,-0.04471775818654067
2025-01-03,Gujarat,Narmada,393140,217,-0.0020364206138744345
2025-01-03,Rajasthan,Bhilwara,311602,209,-0.005767951190947862
2025-01-03,Odisha,Baleswar,756043,216,-0.0015625881979407508
2025-01-03,Gujarat,Navsari,396060,208,-0.010378637290893833
2025-01-03,Rajasthan,Jalor,343049,218,-0.002985047753811365
2025-01-03,Haryana,Gurgaon,122017,277,-0.04954375557335
2025-01-03,Himachal Pradesh,Mandi,171302,227,-0.020623812795085628
2025-01-03,Tamil Nadu,Erode,638458,233,-0.024037872007737437
2025-01-03,Odisha,Mayurbhanj,757074,228,-0.011100417100972315
2025-01-03,Tamil Nadu,Tiruchirappalli,639103,255,-0.03267668842252569
2025-01-03,Tamil Nadu,Sivaganga,630303,232,-0.024037872007737437
2025-01-03,Uttar Pradesh,Basti,272182,231,-0.01996814256094226
2025-01-03,Andhra Pradesh,Prakasam,523304,211,-0.006214886672422315
2025-01-03,Haryana,Jhajjar,124105,245,-0.03338652596817093
2025-01-03,Tamil Nadu,Thanjavur,613003,271,-0.04035231752791124
2025-01-03,Tamil Nadu,Thoothukkudi,628720,278,-0.04802688890805484
2025-01-03,Karnataka,Bagalkot,587111,228,-0.012061317695053697
2025-01-03,Gujarat,Surat,394120,236,-0.025783258766797768
2025-01-03,Uttarakhand,Pauri Garhwal,246174,223,-0.013915514192859857
2025-01-03,Odisha,Ganjam,761027,231,-0.018267019149960873
2025-01-03,Telangana,Mahabubnagar,509216,274,-0.04414432455774153
2025-01-03,Uttar Pradesh,Sultanpur,227408,220,-0.013194522573340084
2025-01-03,Karnataka,Bengaluru,560090,272,-0.04471775818654067
2025-01-03,West Bengal,Birbhum,731126,241,-0.022086624255122866
2025-01-03,Uttar Pradesh,Jalaun,285126,246,-0.03218213223220412
2025-01-03,Rajasthan,Ajmer,305412,241,-0.020281684684969714
2025-01-03,Kerala,Palakkad,678012,264,-0.03963572430802986
2025-01-03,Karnataka,Yadgir,585315,265,-0.04035231752791124
2025-01-03,Tamil Nadu,Theni,625522,211,-0.010039787405964229
2025-01-03,West Bengal,Purba Medinipur,721658,211,-0.010039787405964229
2025-01-03,Bihar,Begusarai,851204,240,-0.02943559794517181
2025-01-03,Uttar Pradesh,Rae Bareli,229010,226,-0.01722588469316544
2025-01-03,Tamil Nadu,Tiruvallur,601101,220,-0.0065442357588811895
2025-01-03,Madhya Pradesh,Datia,475682,251,-0.02992829523919993
2025-01-03,Karnataka,Vijayapura,586214,256,-0.03515449475493182
2025-01-03,West Bengal,Bankura,722121,276,-0.04414432455774153
2025-01-03,Gujarat,Navsari,396450,241,-0.026977105562055792
2025-01-03,Haryana,Gurgaon,122414,242,-0.022086624255122866
2025-01-03,Rajasthan,Kota,326518,249,-0.028943233890645015
2025-01-03,Andhra Pradesh,East Godavari,533431,293,-0.05157103976535138
2025-01-03,Odisha,Khorda,751001,234,-0.016885373106397594
2025-01-03,Tamil Nadu,Tiruvallur,600123,239,-0.021915276524672622
2025-01-03,Andhra Pradesh,Nellore,524315,240,-0.02950866562243093
2025-01-03,Andhra Pradesh,Guntur,522034,227,-0.01674177876955163
2025-01-03,Uttar Pradesh,Basti,272161,234,-0.02715309641639041
2025-01-03,Punjab,Malerkotla,148021,229,-0.0033909703769778865
2025-01-03,Gujarat,Kheda,387570,255,-0.03416236623885971
2025-01-03,Telangana,Nalgonda,508373,202,-0.003359766870975056
2025-01-03,Punjab,Ludhiana,141118,282,-0.049186185192278575
2025-01-03,Kerala,Thiruvananthapuram,695124,231,-0.024037872007737437
2025-01-03,Tamil Nadu,Madurai,625122,206,-0.0028850393998989254
2025-01-03,Uttar Pradesh,Amethi,229801,205,-0.0014627826310052994
2025-01-03,Uttar Pradesh,Mathura,281123,224,-0.01223208959445754
2025-01-03,Punjab,SAS Nagar (Mohali),160055,220,-0.020623812795085628
2025-01-03,Telangana,Medak,502103,214,-0.00648476080929572
2025-01-03,Andhra Pradesh,Visakhapatnam,530024,220,-0.011100417100972315
2025-01-03,Bihar,Araria,854328,215,-0.007498966879832647
2025-01-03,Gujarat,Jamnagar,361280,259,-0.038637536015663554
2025-01-03,Tamil Nadu,Cuddalore,607205,206,-0.003834815644843892
2025-01-03,Andhra Pradesh,Krishna,521402,204,-0.0019365474970091112
2025-01-03,Gujarat,Kheda,387370,242,-0.02943559794517181
2025-01-03,Rajasthan,Bhilwara,311204,256,-0.034377603927791545
2025-01-03,Madhya Pradesh,Neemuch,458330,208,-0.006214886672422315
2025-01-03,Odisha,Balangir,767061,209,-0.0034598429120668017
2025-01-03,Uttar Pradesh,Amethi,229302,218,-0.012713143291659401
2025-01-03,Tamil Nadu,Tiruchirappalli,621213,266,-0.045220798679691754
2025-01-03,Tamil Nadu,Vellore,632505,203,-0.003359766870975056
2025-01-03,Himachal Pradesh,Mandi,175024,298,-0.053603817919242625
2025-01-03,Karnataka,Dharwad,581201,250,-0.034377603927791545
2025-01-03,Rajasthan,Rajsamand,313323,204,-0.003359766870975056
2025-01-03,Tamil Nadu,Cuddalore,607109,244,-0.024037872007737437
2025-01-03,Tamil Nadu,Pudukkottai,614620,271,-0.04471775818654067
2025-01-03,Kerala,Kasaragod,671322,243,-0.024037872007737437
2025-01-03,Maharashtra,Nanded,431711,254,-0.03579468570266697
2025-01-03,Andhra Pradesh,Chittoor,517644,200,-0.0028850393998989254
2025-01-03,Manipur,Bishnupur,795126,231,-0.01996814256094226
2025-01-03,Assam,Lakhimpur,784160,215,-0.0025105737268138473
2025-01-03,West Bengal,Birbhum,731240,237,-0.02452691603852908
2025-01-03,Rajasthan,Ajmer,305814,261,-0.034377603927791545
2025-01-03,Karnataka,Gadag,582117,221,-0.01608964788811773
2025-01-03,Uttar Pradesh,Ballia,277124,240,-0.024037872007737437
2025-01-03,Andhra Pradesh,East Godavari,533102,216,-0.00463864489812682
2025-01-03,Telangana,Hyderabad,500040,282,-0.05106370423912854
2025-01-03,Odisha,Sundergarh,770038,230,-0.0029162218011768992
2025-01-03,Karnataka,Belagavi,590010,220,-0.021110546138533692
2025-01-03,Telangana,Hyderabad,500009,276,-0.04471775818654067
2025-01-03,Maharashtra,Mumbai Suburban,400093,216,-0.014808627147893105
2025-01-03,Andhra Pradesh,Krishna,521229,217,-0.014326156154506497
2025-01-03,Tamil Nadu,Cuddalore,607804,216,-0.006961924626721849
2025-01-03,Uttar Pradesh,Unnao,229504,225,-0.02354915874553498
2025-01-03,West Bengal,Hooghly,712512,206,-0.006214886672422315
2025-01-03,Gujarat,Mahesana,384205,231,-0.009182512310826008
2025-01-03,West Bengal,South 24 Parganas,700145,254,-0.03579468570266697
2025-01-03,Uttar Pradesh,Lucknow,226006,233,-0.02354915874553498
2025-01-03,Rajasthan,Chittorgarh,312603,226,-0.0077474861537332185
2025-01-03,Andhra Pradesh,East Godavari,533244,244,-0.021915276524672622
2025-01-03,Madhya Pradesh,Shajapur,465110,232,-0.02354915874553498
2025-01-03,Maharashtra,Satara,412805,273,-0.04270899626552216
2025-01-03,Tamil Nadu,Tirunelveli,627754,215,-0.014808627147893105
2025-01-03,Kerala,Malappuram,676507,239,-0.020281684684969714
2025-01-03,Rajasthan,Nagaur,341030,233,-0.017369576216848426
2025-01-03,Tamil Nadu,Virudhunagar,626005,204,-0.002410633014299779
2025-01-03,Uttar Pradesh,Farrukhabad,207502,292,-0.05157103976535138
2025-01-03,Tamil Nadu,Madurai,625702,211,-0.003934959418926409
2025-01-03,Karnataka,Bijapur,586113,250,-0.02992829523919993
2025-01-03,Punjab,Ludhiana,141416,241,-0.022574347651676763
2025-01-03,Maharashtra,Solapur,413255,255,-0.03771081148582445
2025-01-04,Karnataka,Kolar,563136,209,-4.6283072095198996e-05
2025-01-04,Tamil Nadu,Salem,637103,249,-0.021256357018731853
2025-01-04,Karnataka,Koppal,583279,241,-0.01979684872216625
2025-01-04,West Bengal,South 24 Parganas,743357,251,-0.024285693358689464
2025-01-04,Kerala,Thiruvananthapuram,695605,231,-0.0013267385663248144
2025-01-04,Karnataka,Vijayapura,586203,238,-0.015436056514306129
2025-01-04,Punjab,Ludhiana,141120,291,-0.04648333324158327
2025-01-04,Karnataka,Dharwad,581105,213,-0.0014656617684295492
2025-01-04,Kerala,Malappuram,676507,255,-0.02736926072062207
2025-01-04,West Bengal,Hooghly,712302,273,-0.036512689127186415
2025-01-04,West Bengal,North 24 Parganas,743245,280,-0.04185663611229473
2025-01-04,Puducherry,Puducherry,605008,225,-0.001939428583077496
2025-01-04,Rajasthan,Nagaur,341302,223,-0.0014656617684295492
2025-01-04,Karnataka,Belgaum,591114,243,-0.02066860105922519
2025-01-04,Kerala,Malappuram,679328,228,-0.007550620268801267
2025-01-04,Gujarat,Jamnagar,361002,260,-0.027615237945295856
2025-01-04,West Bengal,Puruliya,723151,255,-0.02736926072062207
2025-01-04,Tamil Nadu,Kancheepuram,600125,247,-0.023939461007624563
2025-01-04,Tamil Nadu,Tiruvannamalai,604601,213,-0.003362653810892624
2025-01-04,Maharashtra,Mumbai City,400016,219,-0.0015526818701189216
2025-01-04,Uttarakhand,Haridwar,247668,268,-0.03825499303355262
2025-01-04,Gujarat,Navsari,396521,263,-0.028004749724104272
2025-01-04,Tamil Nadu,Ramanathapuram,623704,220,-0.008127655704064707
2025-01-04,Karnataka,Ramanagar,562138,262,-0.028004749724104272
2025-01-04,Uttar Pradesh,Jhansi,284306,227,-0.006782438640524413
2025-01-04,Andhra Pradesh,N. T. R,520015,214,-0.0024135160503311326
2025-01-04,Uttar Pradesh,Varanasi,221302,278,-0.038857121276761
2025-01-04,Bihar,Darbhanga,847204,293,-0.04648333324158327
2025-01-04,Kerala,Ernakulam,682304,242,-0.008465591173973497
2025-01-04,Uttar Pradesh,Ambedkar Nagar,224145,237,-0.013024843605234482
2025-01-04,Rajasthan,Sikar,332312,237,-0.005125109533011596
2025-01-04,Tamil Nadu,Vellore,635853,228,-0.008215503994489004
2025-01-04,Uttar Pradesh,Lucknow,226029,224,-0.011002170175399284
2025-01-04,Karnataka,Gadag,582112,267,-0.02771713675343257
2025-01-04,Jammu and Kashmir,Ramban,182148,298,-0.04648333324158327
2025-01-04,Karnataka,Gadag,582118,252,-0.024774905118751023
2025-01-04,Bihar,Katihar,854303,265,-0.03527006949567668
2025-01-04,Tamil Nadu,Perambalur,621104,225,-0.0011661486901222151
2025-01-04,Rajasthan,Karauli,322203,224,-0.00908453091588346
2025-01-04,Meghalaya,East Khasi Hills,793121,263,-0.028598501069705073
2025-01-04,Odisha,JAJPUR,755009,238,-0.018239716717469934
2025-01-04,Jammu and Kashmir,Udhampur,182126,237,-0.016786325263582147
2025-01-04,Kerala,Kasaragod,671322,244,-0.0198976503860937
2025-01-04,West Bengal,Paschim Medinipur,721506,226,-0.006782438640524413
2025-01-04,Kerala,Kozhikode,673542,268,-0.03825499303355262
2025-01-04,Tamil Nadu,Theni,625602,253,-0.027022289504408104
2025-01-04,Odisha,Dhenkanal,759023,228,-0.0005190892295942051
2025-01-04,Bihar,Patna,801105,255,-0.028004749724104272
2025-01-04,Odisha,Boudh,762026,230,-0.004788770776617546
2025-01-04,Bihar,Madhubani,847411,261,-0.027022289504408104
2025-01-04,Karnataka,Tumakuru,572102,220,-0.0018299330088796806
2025-01-04,Bihar,Begusarai,851122,246,-0.014370552205408504
2025-01-04,Odisha,Nayagarh,752094,246,-0.014370552205408504
2025-01-04,Bihar,Muzaffarpur,843165,253,-0.023796812480662122
2025-01-04,Odisha,Jharsuguda,768217,247,-0.022129880599886076
2025-01-04,Gujarat,Surat,394310,268,-0.03825499303355262
2025-01-04,Gujarat,Rajkot,360022,249,-0.024571947384952497
2025-01-04,Maharashtra,Satara,415103,288,-0.04648333324158327
2025-01-04,Delhi,South West Delhi,110066,257,-0.028004749724104272
2025-01-04,Uttar Pradesh,Ghazipur,233307,282,-0.0406057343055809
2025-01-04,Tamil Nadu,Thoothukkudi,628003,283,-0.044868352280974966
2025-01-04,Maharashtra,Kolhapur,416208,266,-0.03825499303355262
2025-01-04,Gujarat,Surat,394326,230,-0.0024135160503311326
2025-01-04,Kerala,Thiruvananthapuram,695102,235,-0.016786325263582147
2025-01-04,Odisha,Bhadrak,756135,219,-0.00908453091588346
2025-01-04,Maharashtra,Mumbai Suburban,400064,286,-0.038109517960238426
2025-01-04,Gujarat,Kachchh,370625,234,-0.014853053246719594
2025-01-04,Uttar Pradesh,Lucknow,226026,250,-0.0198976503860937
2025-01-04,Kerala,Malappuram,679357,221,-0.005741124842481682
2025-01-04,Maharashtra,Kolhapur,416113,232,-0.014370552205408504
2025-01-04,Gujarat,Anand,388460,245,-0.021155364716053393
2025-01-04,Maharashtra,Satara,415012,269,-0.03527006949567668
2025-01-04,Tamil Nadu,Madurai,625207,239,-0.015919278705183615
2025-01-04,Odisha,Nayagarh,752083,222,-0.00956345429736749
2025-01-04,Telangana,Hyderabad,500016,235,-0.014370552205408504
2025-01-04,Odisha,Mayurbhanj,757107,277,-0.0406057343055809
2025-01-04,Rajasthan,Sikar,332023,232,-0.0022744047339048334
2025-01-04,Tamil Nadu,Perambalur,621115,260,-0.0266333044458259
2025-01-04,Himachal Pradesh,Sirmaur,173101,234,-0.01581903524255568
2025-01-04,Karnataka,Dakshina Kannada,574253,244,-0.01471147313825838
2025-01-04,Maharashtra,Satara,415105,228,-0.010522273707666452
2025-01-04,Telangana,Medak,502032,258,-0.023796812480662122
2025-01-04,Tamil Nadu,Tiruvannamalai,606755,251,-0.022820042475683477
2025-01-04,Odisha,JAJPUR,755018,222,-0.0043130767880578125
2025-01-04,Uttarakhand,Dehradun,249202,234,-0.010042701821500244
2025-01-04,Arunachal Pradesh,West Siang,791001,220,-0.002876694017093895
2025-01-04,Rajasthan,Nagaur,341504,251,-0.027860559486102443
2025-01-04,Madhya Pradesh,Panna,488051,262,-0.029973662979387528
2025-01-04,Gujarat,Bhavnagar,364120,267,-0.03155628620906081
2025-01-04,Odisha,Balangir,767030,213,-0.003362653810892624
2025-01-04,Uttar Pradesh,Gonda,271319,250,-0.023796812480662122
2025-01-04,Goa,South Goa,403707,238,-0.015436056514306129
2025-01-04,West Bengal,Bankura,722152,253,-0.01979684872216625
2025-01-04,Gujarat,Bharuch,392210,258,-0.030322045594322056
2025-01-04,Tamil Nadu,Tiruvallur,600067,252,-0.023105716064549475
2025-01-04,Rajasthan,Udaipur,313203,255,-0.028004749724104272
2025-01-04,Odisha,Kandhamal,762029,226,-0.005741124842481682
2025-01-04,Gujarat,Panchmahals,389330,238,-0.011002170175399284
2025-01-04,Jharkhand,Pakur,816102,233,-0.007172074433932418
2025-01-04,Uttarakhand,Uttarkashi,249196,250,-0.019210284555640555
2025-01-04,Odisha,Bhadrak,756163,231,-0.01196293773444046
2025-01-04,Gujarat,Kachchh,370435,238,-0.012051262809653962
2025-01-04,Tamil Nadu,Kancheepuram,631601,242,-0.014370552205408504
2025-01-04,Assam,Karbi Anglong,782410,247,-0.022129880599886076
2025-01-04,Maharashtra,Satara,412805,214,-0.0052647867221237155
2025-01-04,Haryana,Rewari,123102,262,-0.03328684171448315
2025-01-04,Tamil Nadu,Kancheepuram,600064,220,-0.005741124842481682
2025-01-04,Kerala,Kozhikode,673525,259,-0.030322045594322056
2025-01-04,Kerala,Malappuram,676509,233,-0.0018004113556309154
2025-01-04,Bihar,Aurangabad,824302,229,-0.01196293773444046
2025-01-04,Odisha,JAJPUR,755026,239,-0.01872483646833223
2025-01-04,West Bengal,Paschim Medinipur,721260,230,-0.01196293773444046
2025-01-04,Karnataka,Koppal,583226,254,-0.027860559486102443
2025-01-04,Karnataka,Tumakuru,572104,216,-0.0038377045386863706
2025-01-04,Maharashtra,Satara,415511,228,-0.0005190892295942051
2025-01-04,Odisha,Jagatsinghapur,754102,231,-0.0022744047339048334
2025-01-04,Jharkhand,Pakaur,816107,280,-0.04110599171825591
2025-01-04,Tamil Nadu,Dindigul,624302,215,-0.004788770776617546
2025-01-04,Jammu and Kashmir,Doda,182221,248,-0.02604115782391736
2025-01-04,Odisha,Khorda,752020,239,-0.01872483646833223
2025-01-04,Haryana,Gurgaon,122018,252,-0.026878294248737777
2025-01-04,Bihar,Saran,841421,264,-0.030075892742187027
2025-01-04,Odisha,Sonapur,767045,272,-0.032937041959584246
2025-01-04,Maharashtra,Osmanabad,413405,267,-0.03825499303355262
2025-01-04,Karnataka,Bagalkot,587125,264,-0.03328684171448315
2025-01-04,Arunachal Pradesh,Lohit,792001,247,-0.022129880599886076
2025-01-04,Odisha,Puri,752105,288,-0.04110599171825591
2025-01-04,Uttar Pradesh,Ballia,277503,256,-0.024285693358689464
2025-01-04,Kerala,Thrissur,680581,222,-0.00908453091588346
2025-01-04,Odisha,Cuttack,754112,243,-0.016644361471509495
2025-01-04,Tamil Nadu,Thoothukkudi,628204,255,-0.022129880599886076
2025-01-04,Uttar Pradesh,Bijnor,246768,219,-0.0006059916576979241
2025-01-04,Tamil Nadu,Vellore,635852,230,-0.006217785355744132
2025-01-04,Bihar,Vaishali,843102,220,-0.00956345429736749
2025-01-04,Madhya Pradesh,Narsinghpur,487334,224,-0.00908453091588346
2025-01-04,Bihar,Begusarai,851204,234,-0.01340652893163008
2025-01-04,Rajasthan,Jhunjhunun,333515,239,-0.008465591173973497
2025-01-04,Punjab,Ludhiana,141123,247,-0.023105716064549364
2025-01-04,Kerala,Kozhikode,673104,248,-0.026878294248737777
2025-01-04,Bihar,Saran,841443,246,-0.014370552205408504
2025-01-04,Maharashtra,Satara,412806,238,-0.014370552205408504
2025-01-04,Punjab,Moga,142057,240,-0.011821931207941727
2025-01-04,West Bengal,Murshidabad,742306,231,-4.6283072095198996e-05
2025-01-04,West Bengal,Purba Medinipur,721635,261,-0.03328684171448315
2025-01-04,Rajasthan,Alwar,301019,258,-0.032937041959584246
2025-01-04,Rajasthan,Ajmer,305814,276,-0.03611861604026956
2025-01-04,Tamil Nadu,Salem,636201,235,-0.014853053246719594
2025-01-04,West Bengal,Howrah,711314,247,-0.02261763327299371
2025-01-04,West Bengal,Paschim Medinipur,721437,237,-0.010522273707666452
2025-01-04,Tamil Nadu,Salem,637504,286,-0.04648333324158327
2025-01-04,Jharkhand,Deoghar,815351,211,-0.0005190892295942051
2025-01-04,Bihar,Lakhisarai,811315,240,-0.01698709775197471
2025-01-04,Karnataka,Mandya,571421,267,-0.03825499303355262
2025-01-04,Chandigarh,Chandigarh,160030,226,-0.006217785355744132
2025-01-04,Karnataka,Bellary,583212,256,-0.02736926072062207
2025-01-04,Karnataka,Chitradurga,577536,234,-0.012443809265558547
2025-01-04,Kerala,Malappuram,679586,229,-0.0024135160503311326
2025-01-04,West Bengal,Hooghly,712122,247,-0.025061352886104782
2025-01-04,Odisha,Khorda,751010,237,-0.005125109533011596
2025-01-04,Karnataka,Chamrajanagar,571444,259,-0.028598501069705073
2025-01-04,Tamil Nadu,Dindigul,624004,237,-0.005601353117717589
2025-01-04,West Bengal,Birbhum,731125,247,-0.022129880599886076
2025-01-04,Andhra Pradesh,Parvathipuram Manyam,535523,212,-4.6283072095198996e-05
2025-01-04,Maharashtra,Pune,411035,240,-0.022129880599886076
2025-01-04,Rajasthan,Dausa,322240,247,-0.023105716064549364
2025-01-04,Maharashtra,Dhule,425421,252,-0.029336451793894325
2025-01-04,Himachal Pradesh,Sirmaur,173022,287,-0.04648333324158327
2025-01-04,Gujarat,Valsad,396007,232,-0.014853053246719594
2025-01-04,Uttarakhand,Tehri Garhwal,249132,231,-0.013888377507286886
2025-01-04,Arunachal Pradesh,Papum Pare,791110,208,-0.0005190892295942051
2025-01-04,Telangana,K.v. Rangareddy,500092,247,-0.016786325263582147
2025-01-04,West Bengal,Birbhum,731238,252,-0.026878294248737777
2025-01-04,Uttar Pradesh,Jhansi,284203,243,-0.014370552205408504
2025-01-04,Bihar,Madhepura,853204,257,-0.024571947384952497
2025-01-04,Odisha,Mayurbhanj,757017,233,-0.014853053246719594
2025-01-04,Uttar Pradesh,Kanpur Nagar,208025,237,-0.010522273707666452
2025-01-04,Karnataka,Bengaluru,560048,259,-0.023796812480662122
2025-01-04,Odisha,Mayurbhanj,757046,274,-0.036512689127186415
2025-01-04,Karnataka,Mysuru,570026,243,-0.021155364716053393
2025-01-04,Tamil Nadu,Tirunelveli,627862,226,-0.005741124842481682
2025-01-04,Bihar,Siwan,841234,261,-0.02810670319191333
2025-01-04,Uttar Pradesh,Kheri,262801,236,-0.008215503994489004
2025-01-04,Maharashtra,Sangli,416308,241,-0.011341480288700967
2025-01-04,Odisha,Debagarh,768119,226,-0.0052647867221237155
2025-01-04,Rajasthan,Dausa,303511,278,-0.035125183783953795
2025-01-04,Uttarakhand,Dehradun,248198,238,-0.016786325263582147
2025-01-04,Rajasthan,Jodhpur,345021,298,-0.04648333324158327
2025-01-04,Punjab,SAS Nagar (Mohali),160062,214,-0.0024135160503311326
2025-01-04,Kerala,Kannur,670011,219,-0.003362653810892624
2025-01-04,Maharashtra,Raigarh,402106,216,-0.002303946367858689
2025-01-04,Odisha,Sundergarh,770018,244,-0.01737090847627276
2025-01-04,Gujarat,Anand,387310,233,-0.01196293773444046
2025-01-04,Rajasthan,Kota,325602,275,-0.037113393491859936
2025-01-04,Odisha,Ganjam,761005,253,-0.023796812480662122
2025-01-04,Kerala,Kollam,691312,240,-0.02066860105922519
2025-01-04,Maharashtra,Nashik,422205,243,-0.02164245782194829
2025-01-04,Odisha,Ganjam,761101,245,-0.019696061201618043
2025-01-04,Gujarat,Bharuch,392020,248,-0.024571947384952497
2025-01-04,Telangana,Medak,502220,262,-0.028004749724104272
2025-01-04,Karnataka,Chitradurga,577526,235,-0.006217785355744132
2025-01-04,Uttar Pradesh,Ballia,277501,232,-0.002887924387213081
2025-01-04,Haryana,Ambala,133005,239,-0.017754925080980866
2025-01-04,West Bengal,Barddhaman,713423,237,-0.016786325263582147
2025-01-04,Haryana,Bhiwani,127308,255,-0.023796812480662122
2025-01-04,West Bengal,Birbhum,731240,227,-0.003362653810892624
2025-01-04,Tamil Nadu,Kancheepuram,600059,230,-0.008127655704064707
2025-01-04,Gujarat,Surat,394185,227,-0.01196293773444046
2025-01-04,Tamil Nadu,Tiruchirappalli,621012,273,-0.03601553842908678
2025-01-04,Uttar Pradesh,Amethi,227815,238,-0.012051262809653962
2025-01-04,Kerala,Thiruvananthapuram,695542,239,-0.01872483646833223
2025-01-04,Kerala,Kozhikode,673661,228,-0.006694768480111746
2025-01-04,Punjab,Ludhiana,141112,232,-0.006217785355744132
2025-01-04,Telangana,Karimnagar,505326,221,-0.005741124842481682
2025-01-04,Telangana,Warangal,506324,221,-4.6283072095198996e-05
2025-01-04,Madhya Pradesh,Morena,476335,255,-0.023796812480662122
2025-01-04,Karnataka,Bangalore,560083,236,-0.016786325263582147
2025-01-04,Kerala,Malappuram,679331,282,-0.044868352280974966
2025-01-04,Kerala,Palakkad,678593,210,-0.0005190892295942051
2025-01-04,Andhra Pradesh,Anantapur,515004,213,-0.0038377045386863706
2025-01-04,Bihar,Buxar,802131,215,-0.0024135160503311326
2025-01-04,Kerala,Palakkad,678595,235,-0.005125109533011596
2025-01-04,Kerala,Thrissur,680584,218,-0.005741124842481682
2025-01-04,Andhra Pradesh,Anantapur,515761,237,-0.014370552205408504
2025-01-04,West Bengal,Murshidabad,742223,236,-0.010042701821500244
2025-01-04,West Bengal,Hooghly,712614,213,-0.0009922153895114416
2025-01-04,Kerala,Malappuram,679326,249,-0.024571947384952497
2025-01-04,Tamil Nadu,Madurai,625501,278,-0.038109517960238426
2025-01-04,Tamil Nadu,Dharmapuri,636705,233,-0.013888377507286886
2025-01-04,Uttarakhand,Almora,263653,219,-0.007649703435702149
2025-01-04,Tamil Nadu,Namakkal,637003,276,-0.039502667354547105
2025-01-04,Gujarat,Arvalli,383310,234,-0.012543579087193502
2025-01-04,Bihar,Patna,804454,221,-0.003362653810892624
2025-01-04,Tamil Nadu,Salem,636104,262,-0.031947912010696355
2025-01-04,Odisha,Baleswar,756044,254,-0.024285693358689464
2025-01-04,Haryana,Panipat,132105,245,-0.014370552205408504
2025-01-04,Andhra Pradesh,Anantapur,515812,246,-0.016786325263582147
2025-01-04,Rajasthan,Bhilwara,311403,255,-0.023796812480662122
2025-01-04,Odisha,Ganjam,761027,262,-0.029583095619483468
2025-01-04,Tamil Nadu,Krishnagiri,635304,218,-0.003362653810892624
2025-01-04,Uttar Pradesh,Kanpur Nagar,208006,231,-0.013888377507286886
2025-01-04,Odisha,Ganjam,761120,214,-0.0052647867221237155
2025-01-04,Telangana,Mahabubnagar,509216,223,-0.011002170175399284
2025-01-04,Uttarakhand,Uttarkashi,249151,211,-0.0038377045386863706
2025-01-04,Odisha,Sambalpur,768227,231,-0.006217785355744132
2025-01-04,Rajasthan,Jaipur,303003,297,-0.04648333324158327
2025-01-04,Odisha,Mayurbhanj,757023,242,-0.019696061201618043
2025-01-04,Telangana,Warangal,506349,245,-0.011341480288700967
2025-01-04,Gujarat,Gandhinagar,382016,272,-0.03825499303355262
2025-01-04,Telangana,Karimnagar,505302,226,-0.007649703435702149
2025-01-04,Rajasthan,Karauli,322249,231,-0.008116341440685071
2025-01-04,Uttar Pradesh,Ballia,277124,235,-0.014370552205408504
2025-01-04,Odisha,Puri,752016,216,-0.001939428583077496
2025-01-04,Tamil Nadu,Cuddalore,607804,225,-0.0016397127897508357
2025-01-04,Karnataka,Bengaluru,560087,238,-0.01737090847627276
2025-01-04,Odisha,Mayurbhanj,757024,266,-0.031947912010696355
2025-01-04,Delhi,South Delhi,110016,238,-0.015436056514306129
2025-01-04,Delhi,South Delhi,110048,280,-0.040105815245749965
2025-01-04,Tamil Nadu,Thoothukkudi,628103,215,-0.002303946367858689
2025-01-04,Karnataka,Tumakuru,572101,268,-0.02771713675343257
2025-01-04,Rajasthan,Bikaner,334602,232,-0.00038035388743218324
2025-01-04,West Bengal,Bankura,722135,251,-0.022129880599886076
2025-01-04,Odisha,Kandhamal,762106,239,-0.01872483646833223
2025-01-04,Uttar Pradesh,Lucknow,227101,267,-0.02722593499299064
2025-01-04,Kerala,Kollam,691011,234,-0.008127655704064707
2025-01-04,Bihar,Bhagalpur,813223,222,-0.002876694017093895
2025-01-04,Odisha,Bhadrak,756127,219,-0.0005078967868596962
2025-01-04,Manipur,Imphal West,795132,276,-0.03900349436230177
2025-01-04,West Bengal,Birbhum,731236,227,-0.010042701821500244
2025-01-04,Kerala,Kannur,670003,240,-0.017270461336942433
2025-01-04,Odisha,Mayurbhanj,757084,264,-0.026735065460534613
2025-01-04,Madhya Pradesh,Hoshangabad,461116,229,-0.0035484174576111416
2025-01-04,Madhya Pradesh,Betul,460557,296,-0.04648333324158327
2025-01-04,Tamil Nadu,Vellore,632105,228,-0.006206501671270348
2025-01-04,Gujarat,Ahmedabad,380059,231,-0.0013267385663248144
2025-01-04,Karnataka,Yadgir,585291,229,-0.00956345429736749
2025-01-04,Tamil Nadu,Cuddalore,608502,245,-0.02164245782194829
2025-01-04,Kerala,Malappuram,676523,219,-0.0052647867221237155
2025-01-04,West Bengal,North 24 Parganas,743422,251,-0.026878294248737777
2025-01-04,Maharashtra,Mumbai City,400011,223,-0.005741124842481682
2025-01-04,Odisha,Sambalpur,768001,288,-0.04648333324158327
2025-01-04,Rajasthan,Rajsamand,313334,286,-0.04346507431800117
2025-01-04,Uttarakhand,Chamoli,246449,230,-0.00956345429736749
2025-01-04,Uttar Pradesh,Pratapgarh,230002,219,-0.0006059916576979241
2025-01-04,Uttar Pradesh,Amethi,227411,267,-0.031947912010696355
2025-01-04,Andhra Pradesh,West Godavari,534448,260,-0.028004749724104272
2025-01-04,Karnataka,Raichur,584124,274,-0.033142347583404286
2025-01-04,Rajasthan,Sikar,332027,279,-0.03825499303355262
2025-01-04,Odisha,JAJPUR,755008,237,-0.005601353117717589
2025-01-04,Karnataka,Bengaluru,560033,259,-0.03328684171448315
2025-01-04,Telangana,Mahabubnagar,509407,215,-0.0018299330088796806
2025-01-04,Maharashtra,Satara,415514,241,-0.014853053246719594
2025-01-04,Telangana,Mahabubnagar,509129,225,-0.007073058282672795
2025-01-04,Rajasthan,Dausa,321612,217,-0.0052647867221237155
2025-01-04,Jharkhand,West Singhbhum,833217,222,-0.0034499097379901977
2025-01-04,Karnataka,Chikkaballapur,561213,262,-0.028004749724104272
2025-01-04,Maharashtra,Nagpur,440032,261,-0.029973662979387528
2025-01-04,Gujarat,Kachchh,370150,261,-0.03017813685075388
2025-01-04,Bihar,Saran,841216,280,-0.04185663611229473
2025-01-04,Gujarat,Kachchh,370627,233,-0.014370552205408504
2025-01-04,Odisha,Baleswar,756030,256,-0.022129880599886076
2025-01-04,Madhya Pradesh,Bhopal,462024,208,-4.6283072095198996e-05
2025-01-04,Kerala,Malappuram,679571,249,-0.02408287289687272
2025-01-04,Telangana,K.v. Rangareddy,501359,231,-0.0052647867221237155
2025-01-04,Bihar,Purnia,854302,232,-0.008215503994489004
2025-01-04,Bihar,Muzaffarpur,843124,237,-0.013988350043270814
2025-01-04,Bihar,Nalanda,805105,221,-0.00956345429736749
2025-01-04,Kerala,Kozhikode,673620,250,-0.017855440204467055
2025-01-04,Telangana,Nizamabad,503307,267,-0.031164870367306086
2025-01-04,Madhya Pradesh,Jabalpur,483334,219,-0.007550620268801267
2025-01-04,Odisha,Nayagarh,752090,229,-0.0024135160503311326
2025-01-04,Karnataka,Kolar,563121,245,-0.02261763327299371
2025-01-04,West Bengal,Murshidabad,742226,236,-0.014853053246719594
2025-01-04,Karnataka,Vijayanagara,583131,240,-0.016886704464738167
2025-01-04,Odisha,Ganjam,761008,269,-0.03502224556024425
2025-01-04,Gujarat,Navsari,396040,225,-0.004777509972075045
2025-01-04,Maharashtra,Ahmadnagar,413725,244,-0.024571947384952497
2025-01-04,Tamil Nadu,Erode,638102,256,-0.030960119620205284
2025-01-04,Gujarat,Mahisagar,388255,226,-0.0005190892295942051
2025-01-04,Uttar Pradesh,Ballia,277402,239,-0.0174713697112171
2025-01-04,West Bengal,Barddhaman,713148,208,-0.0005190892295942051
2025-01-04,Odisha,Ganjam,760002,260,-0.024285693358689464
2025-01-04,Gujarat,Jamnagar,361120,226,-0.005741124842481682
2025-01-04,Maharashtra,Ahmadnagar,413205,235,-0.0022744047339048334
2025-01-04,Odisha,Dhenkanal,759146,214,-0.0052647867221237155
2025-01-04,Kerala,Kasaragod,671121,247,-0.01892615305232026
2025-01-04,Odisha,Angul,759130,265,-0.02771713675343257
2025-01-04,Odisha,Jajapur,755043,218,-0.007172074433932418
2025-01-04,Odisha,Ganjam,761009,281,-0.04185663611229473
2025-01-04,Karnataka,Bengaluru,560027,220,-0.003362653810892624
2025-01-04,Odisha,Baleswar,756001,242,-0.022129880599886076
2025-01-04,Assam,Karimganj,788806,232,-0.0034499097379901977
2025-01-04,Punjab,Shaheed Bhagat Singh Nagar,144517,256,-0.029829081984295125
2025-01-04,Uttar Pradesh,Kheri,262702,224,-0.00908453091588346
2025-01-04,Odisha,Gajapati,761211,232,-0.014370552205408504
2025-01-04,Karnataka,Kodagu,571234,211,-0.0038377045386863706
2025-01-04,Gujarat,Anand,388315,232,-0.01196293773444046
2025-01-04,Madhya Pradesh,Khandwa,450112,224,-0.0011661486901222151
2025-01-04,Tamil Nadu,Cuddalore,608801,236,-0.015436056514306129
2025-01-04,Madhya Pradesh,Ujjain,456661,234,-0.013888377507286886
2025-01-04,Madhya Pradesh,Mandla,481672,226,-0.007259803930846687
2025-01-04,West Bengal,Uttar Dinajpur,733123,272,-0.03601553842908678
2025-01-04,Uttar Pradesh,Azamgarh,223226,251,-0.02638765984570024
2025-01-04,Bihar,Nawada,805101,241,-0.01737090847627276
2025-01-04,Tamil Nadu,Dharmapuri,636811,235,-0.006782438640524413
2025-01-04,Kerala,Thrissur,680684,225,-0.01196293773444046
2025-01-04,Tamil Nadu,Salem,636308,230,-0.014853053246719594
2025-01-04,West Bengal,Birbhum,731214,248,-0.026878294248737777
2025-01-04,West Bengal,Paschim Medinipur,721140,240,-0.019696061201618043
2025-01-04,Odisha,Sambalpur,768006,278,-0.038109517960238426
2025-01-04,West Bengal,Cooch Behar,736159,261,-0.029973662979387528
2025-01-04,Gujarat,Surat,394340,219,-0.006217785355744132
2025-01-04,Bihar,Banka,813212,214,-0.0009922153895114416
2025-01-04,Odisha,Bhadrak,756181,258,-0.024285693358689464
2025-01-04,Odisha,Sundergarh,770038,259,-0.029829081984295125
2025-01-04,Kerala,Thrissur,680721,232,-0.006217785355744132
2025-01-04,Kerala,Ernakulam,683574,269,-0.03825499303355262
2025-01-04,West Bengal,South 24 Parganas,700104,238,-0.007987410340427381
2025-01-04,Rajasthan,Jhalawar,326514,280,-0.04185663611229473
2025-01-04,Rajasthan,Sawai Madhopur,322202,235,-0.0120626400760101
2025-01-04,Bihar,Muzaffarpur,842003,228,-0.006217785355744132
2025-01-04,Gujarat,Surat,394305,270,-0.03527006949567668
2025-01-04,Maharashtra,Nanded,431745,223,-0.0014656617684295492
2025-01-04,Haryana,Rewari,123101,254,-0.023105716064549475
2025-01-04,Madhya Pradesh,Sehore,466113,252,-0.027022289504408104
2025-01-04,Tamil Nadu,Vellore,635801,226,-0.0034499097379901977
2025-01-04,Karnataka,Kolar,563126,266,-0.033142347583404286
2025-01-04,Uttar Pradesh,Ballia,277201,214,-0.0009922153895114416
2025-01-04,Maharashtra,Thane,401106,211,-0.0009922153895114416
2025-01-04,Karnataka,Bengaluru,560050,295,-0.04648333324158327
2025-01-04,Rajasthan,Jhalawar,326502,280,-0.04110599171825591
2025-01-04,Jharkhand,Palamu,822125,238,-0.014370552205408504
2025-01-04,Gujarat,Mahesana,382732,260,-0.03328684171448315
2025-01-04,Kerala,Malappuram,673636,241,-0.020182166628638254
2025-01-04,Uttarakhand,Almora,263623,213,-0.0014656617684295492
2025-01-04,Karnataka,Bengaluru,560035,287,-0.04648333324158327
2025-01-04,Karnataka,Kolar,563132,244,-0.014370552205408504
2025-01-04,Odisha,Kendrapara,754250,231,-0.006217785355744132
2025-01-04,Uttar Pradesh,Ballia,221718,250,-0.025061352886104782
2025-01-04,Uttarakhand,Pauri Garhwal,246174,236,-0.013888377507286886
2025-01-04,Odisha,Angul,759118,239,-0.008465591173973497
2025-01-04,Odisha,Khorda,752102,230,-0.011002170175399284
2025-01-04,Odisha,Kendujhar,758001,238,-0.016786325263582147
2025-01-04,West Bengal,Paschim Medinipur,721253,264,-0.03825499303355262
2025-01-04,Bihar,Bhojpur,802314,231,-0.013888377507286886
2025-01-04,Uttar Pradesh,Ambedkar Nagar,224176,240,-0.014370552205408504
2025-01-04,West Bengal,Purba Medinipur,721431,282,-0.037113393491859936
2025-01-04,Odisha,Puri,752111,248,-0.025061352886104782
2025-01-04,Kerala,Malappuram,679329,248,-0.02442843843235043
2025-01-04,Tamil Nadu,Coimbatore,641024,254,-0.027860559486102443
2025-01-04,Rajasthan,Bundi,323602,236,-0.016786325263582147
2025-01-04,Uttar Pradesh,Etawah,206120,270,-0.03611861604026956
2025-01-04,West Bengal,Barddhaman,713512,255,-0.02736926072062207
2025-01-04,Madhya Pradesh,Indore,453220,274,-0.03264747644102517
2025-01-04,Bihar,Darbhanga,847102,234,-0.014853053246719594
2025-01-04,Karnataka,Mandya,571428,246,-0.021844593315274663
2025-01-04,Tamil Nadu,Chennai,600020,274,-0.036512689127186415
2025-01-04,Tamil Nadu,Dindigul,624403,243,-0.023105716064549475
2025-01-04,Kerala,Malappuram,676303,285,-0.04346507431800117
2025-01-04,Karnataka,Bengaluru,560093,243,-0.01737090847627276
2025-01-04,Uttarakhand,Dehradun,248125,235,-0.006217785355744132
2025-01-04,Karnataka,Bidar,585329,241,-0.019210284555640555
2025-01-04,Tamil Nadu,Thanjavur,614019,217,-0.0006059916576979241
2025-01-04,Himachal Pradesh,Sirmaur,173104,234,-0.006694768480111746
2025-01-04,Punjab,Hoshiarpur,144105,234,-0.0022744047339048334
2025-01-04,Tamil Nadu,Erode,638112,236,-0.008127655704064707
2025-01-04,Rajasthan,Alwar,301412,233,-0.006217785355744132
2025-01-04,Bihar,Patna,801113,237,-0.014370552205408504
2025-01-04,Tamil Nadu,Tiruvannamalai,606804,213,-0.0027895093407056537
2025-01-04,Tripura,West Tripura,799015,269,-0.032937041959584246
2025-01-04,Karnataka,Bengaluru,560092,244,-0.022129880599886076
2025-01-04,Tamil Nadu,Tirunelveli,627857,237,-0.017270461336942433
2025-01-04,Uttarakhand,Nainital,263002,230,-0.0018004113556309154
2025-01-04,West Bengal,Bankura,722143,255,-0.025061352886104782
2025-01-04,Assam,Dibrugarh,786004,271,-0.032937041959584246
2025-01-04,Haryana,Panipat,132140,229,-0.00038035388743218324
2025-01-04,Tamil Nadu,Pudukkottai,622202,224,-0.0043130767880578125
2025-01-04,West Bengal,South 24 Parganas,743336,234,-0.006694768480111746
2025-01-04,West Bengal,North 24 Parganas,743262,263,-0.028598501069705073
2025-01-04,Kerala,Kozhikode,673585,236,-0.014370552205408504
2025-01-04,Karnataka,Chitradurga,577511,226,-0.0005190892295942051
2025-01-04,Telangana,Nizamabad,503122,246,-0.02261763327299371
2025-01-04,Punjab,Hoshiarpur,144204,227,-0.011002170175399284
2025-01-04,Maharashtra,Pune,412403,275,-0.03611861604026956
2025-01-04,Bihar,Patna,800014,258,-0.030322045594322056
2025-01-04,Maharashtra,Dhule,424005,233,-0.0022744047339048334
2025-01-04,Odisha,Kandhamal,762109,277,-0.03825499303355262
2025-01-04,Karnataka,Shivamogga,577204,275,-0.038109517960238426
2025-01-04,Odisha,Bhadrak,756168,284,-0.04648333324158327
2025-01-04,Kerala,Malappuram,676504,251,-0.026878294248737777
2025-01-04,Punjab,Hoshiarpur,144523,242,-0.008465591173973497
2025-01-04,Maharashtra,Mumbai City,400012,245,-0.01892615305232026
2025-01-04,Karnataka,Chikkamagaluru,577228,233,-0.006782438640524413
2025-01-04,Uttar Pradesh,Budaun,243641,217,-0.0018299330088796806
2025-01-04,Odisha,Sundergarh,770051,273,-0.03825499303355262
2025-01-04,Odisha,Baleswar,756134,233,-0.006694768480111746
2025-01-04,Bihar,Bhagalpur,813206,218,-0.0052647867221237155
2025-01-04,West Bengal,Hooghly,712407,230,-0.004788770776617546
2025-01-04,Odisha,Ganjam,761007,231,-0.013888377507286886
2025-01-04,Delhi,South West Delhi,110029,218,-0.003362653810892624
2025-01-04,Uttar Pradesh,Deoria,274506,245,-0.022129880599886076
2025-01-04,Karnataka,Bellary,583219,266,-0.03527006949567668
2025-01-04,Odisha,Cuttack,754221,259,-0.029973662979387528
2025-01-04,Andhra Pradesh,Anantapur,515766,238,-0.014370552205408504
2025-01-04,Punjab,Faridkot,151205,239,-0.008465591173973497
2025-01-04,Karnataka,Belagavi,591307,223,-0.004023593913074164
2025-01-04,Kerala,Ernakulam,683544,223,-0.0024135160503311326
2025-01-04,Odisha,Jagatsinghapur,754110,272,-0.03527006949567668
2025-01-04,Tamil Nadu,Kancheepuram,603203,240,-0.016786325263582147
2025-01-04,Kerala,Alappuzha,688538,256,-0.029829081984295125
2025-01-04,Odisha,Ganjam,760003,245,-0.016786325263582147
2025-01-04,West Bengal,Birbhum,731126,276,-0.038109517960238426
2025-01-04,Maharashtra,Ahmadnagar,413204,232,-0.003362653810892624
2025-01-04,Rajasthan,Pali,306304,235,-0.011002170175399284
2025-01-04,Karnataka,Davangere,577513,236,-0.005125109533011596
2025-01-04,Tamil Nadu,Theni,625536,232,-0.012051262809653962
2025-01-04,Rajasthan,Bharatpur,321402,240,-0.017270461336942433
2025-01-04,Odisha,Koraput,764020,243,-0.01892615305232026
2025-01-04,Gujarat,Surat,394163,275,-0.03264747644102517
2025-01-04,Rajasthan,Chittorgarh,312022,275,-0.03825499303355262
2025-01-04,Rajasthan,Karauli,322251,218,-0.005741124842481682
2025-01-04,Bihar,Madhubani,847215,247,-0.023796812480662122
2025-01-04,Odisha,Jajapur,755005,270,-0.03825499303355262
2025-01-04,Uttar Pradesh,Sultanpur,228132,234,-0.014853053246719594
2025-01-04,Uttarakhand,Chamoli,246428,271,-0.03825499303355262
2025-01-04,West Bengal,Birbhum,731213,245,-0.023105716064549475
2025-01-04,Jammu and Kashmir,Kathua,184205,226,-0.00956345429736749
2025-01-04,Bihar,Lakhisarai,811112,265,-0.024285693358689464
2025-01-04,Telangana,Adilabad,504311,247,-0.01471147313825838
2025-01-04,Gujarat,Botad,382245,234,-0.012443809265558547
2025-01-04,Bihar,Buxar,802130,238,-0.017754925080980866
2025-01-04,Odisha,Ganjam,761209,229,-0.00908453091588346
2025-01-04,Bihar,Gaya,823004,247,-0.02408287289687272
2025-01-04,Mizoram,Lawngtlai,796772,215,-0.0011773516722869415
2025-01-04,Jharkhand,Dhanbad,828110,232,-0.0022744047339048334
2025-01-04,Uttar Pradesh,Kheri,262725,254,-0.020769525055004068
2025-01-04,Tamil Nadu,Salem,636121,287,-0.04648333324158327
2025-01-04,Karnataka,Mysuru,570023,225,-0.006694768480111746
2025-01-04,Gujarat,Bhavnagar,364003,260,-0.024285693358689464
2025-01-04,Tamil Nadu,Vellore,632007,271,-0.03527006949567668
2025-01-04,Karnataka,Mysuru,570007,274,-0.031164870367306086
2025-01-04,Karnataka,Bengaluru,560017,237,-0.015436056514306129
2025-01-04,Karnataka,Dakshina Kannada,575020,254,-0.029336451793894325
2025-01-04,Uttarakhand,Nainital,263136,257,-0.029829081984295125
2025-01-04,Madhya Pradesh,Ujjain,456440,261,-0.024285693358689464
2025-01-04,Odisha,Sonapur,767017,226,-0.010522273707666452
2025-01-04,Haryana,Fatehabad,125113,232,-0.006694768480111746
2025-01-04,Telangana,Karimnagar,505327,235,-0.010042701821500244
2025-01-04,Madhya Pradesh,Gwalior,474002,278,-0.033142347583404286
2025-01-04,Rajasthan,Sikar,332710,233,-0.01581903524255568
2025-01-04,Tamil Nadu,Kancheepuram,603306,233,-0.004649188059217435
2025-01-04,Gujarat,Kheda,387330,261,-0.031947912010696355
2025-01-04,Gujarat,Kachchh,370450,217,-0.002124815556779458
2025-01-04,Telangana,Mahabubnagar,509311,248,-0.020769525055004068
2025-01-04,Odisha,Bhadrak,756111,219,-0.003362653810892624
2025-01-04,Karnataka,Bellary,583119,262,-0.03626369794008022
2025-01-04,Telangana,Hyderabad,500056,215,-0.0032529357613643173
2025-01-04,West Bengal,Purba Medinipur,721429,231,-0.013888377507286886
2025-01-04,Gujarat,Ahmedabad,382240,240,-0.014370552205408504
2025-01-04,Gujarat,Junagadh,362020,242,-0.008465591173973497
2025-01-04,Karnataka,Bagalkot,587118,244,-0.022129880599886076
2025-01-04,Haryana,Jind,126110,235,-0.008127655704064707
2025-01-04,Rajasthan,Jaipur,303302,240,-0.01872483646833223
2025-01-04,Telangana,Medak,502270,253,-0.026878294248737777
2025-01-04,Odisha,Angul,759124,244,-0.008465591173973497
2025-01-04,Tamil Nadu,Tirunelveli,627809,235,-0.014953161154372951
2025-01-04,Karnataka,Bellary,583222,222,-0.007649703435702149
2025-01-04,West Bengal,Jalpaiguri,735218,221,-0.006217785355744132
2025-01-04,Gujarat,Banaskantha,385135,269,-0.032937041959584246
2025-01-04,Bihar,Gaya,824208,228,-0.01196293773444046
2025-01-04,Rajasthan,Jaipur,303009,228,-0.0014656617684295492
2025-01-04,Odisha,Rayagada,765021,231,-0.006694768480111746
2025-01-04,Kerala,Palakkad,678684,218,-0.004788770776617546
2025-01-04,Uttar Pradesh,Mainpuri,205247,249,-0.02233215290159718
2025-01-04,Kerala,Malappuram,679330,253,-0.025551089624364254
2025-01-04,Tamil Nadu,Chennai,600113,225,-0.005253518296096993
2025-01-04,Kerala,Kannur,670009,269,-0.03825499303355262
2025-01-04,Telangana,Mahabubnagar,509411,236,-0.012543579087193502
2025-01-04,Rajasthan,Sikar,332403,228,-0.003362653810892624
2025-01-04,Jammu and Kashmir,Jammu,181224,260,-0.03477375925266213
2025-01-04,Madhya Pradesh,Chhindwara,480447,218,-0.0018299330088796806
2025-01-04,West Bengal,Nadia,741245,243,-0.02164245782194829
2025-01-04,Sikkim,West Sikkim,737121,228,-0.0034499097379901977
2025-01-04,Madhya Pradesh,Dindori,481885,228,-0.010522273707666452
2025-01-04,Kerala,Kasaragod,671318,217,-0.0024135160503311326
2025-01-04,Gujarat,Jamnagar,361004,274,-0.038109517960238426
2025-01-04,Odisha,Mayurbhanj,757022,247,-0.021844593315274663
2025-01-04,Rajasthan,Bhilwara,311204,233,-0.012443809265558547
2025-01-04,Kerala,Malappuram,679332,254,-0.022718830773883036
2025-01-04,Karnataka,Bengaluru,560011,294,-0.04346507431800117
2025-01-04,Rajasthan,Sikar,332028,243,-0.011341480288700967
2025-01-04,Odisha,Bargarh,768037,242,-0.019210284555640555
2025-01-04,Kerala,Kannur,670301,217,-0.0043130767880578125
2025-01-04,Telangana,Hyderabad,500080,226,-0.006694768480111746
2025-01-04,Rajasthan,Chittorgarh,323307,283,-0.04436555016758281
2025-01-04,Karnataka,Mysuru,571602,248,-0.01892615305232026
2025-01-04,Tamil Nadu,Tiruvallur,631208,238,-0.016886704464738167
2025-01-04,Odisha,Ganjam,761125,232,-0.01340652893163008
2025-01-04,Himachal Pradesh,Chamba,176302,214,-0.003362653810892624
2025-01-04,Tamil Nadu,Kancheepuram,602105,238,-0.011002170175399284
2025-01-04,Bihar,Patna,801304,264,-0.031164870367306086
2025-01-04,Karnataka,Bengaluru,560004,219,-0.0052647867221237155
2025-01-04,Rajasthan,Jaipur,303908,229,-0.0014656617684295492
2025-01-04,Odisha,Sundergarh,770048,220,-0.00956345429736749
2025-01-04,Uttar Pradesh,Varanasi,221305,222,-0.004400450867409922
2025-01-04,Kerala,Idukki,685561,245,-0.020182166628638254
2025-01-04,Bihar,Gaya,805109,239,-0.017754925080980866
2025-01-04,Tamil Nadu,Ariyalur,612903,237,-0.013988350043270814
2025-01-04,Odisha,Nayagarh,752025,226,-0.0052647867221237155
2025-01-04,Karnataka,Haveri,581108,237,-0.013024843605234482
2025-01-04,Tamil Nadu,Madurai,625101,247,-0.02408287289687272
2025-01-04,West Bengal,Cooch Behar,736167,246,-0.02408287289687272
2025-01-04,Rajasthan,Dungarpur,314037,240,-0.011341480288700967
2025-01-04,Karnataka,Bagalkot,587203,270,-0.03611861604026956
2025-01-04,Odisha,Ganjam,761119,281,-0.04110599171825591
2025-01-04,West Bengal,Purba Medinipur,721658,211,-0.002887924387213081
2025-01-04,Chhattisgarh,Sukma,494114,234,-0.0120626400760101
2025-01-04,West Bengal,Birbhum,731303,256,-0.029829081984295125
2025-01-04,Telangana,Medak,502316,230,-0.012051262809653962
2025-01-04,Tamil Nadu,Vellore,635752,236,-0.012543579087193502
2025-01-04,Arunachal Pradesh,Namsai,792103,247,-0.014370552205408504
2025-01-04,West Bengal,Barddhaman,713403,244,-0.019210284555640555
2025-01-04,Tamil Nadu,Kancheepuram,603210,239,-0.011570656780268473
2025-01-04,Odisha,Sundergarh,770039,225,-0.0043130767880578125
2025-01-04,Odisha,Khorda,752101,246,-0.011341480288700967
2025-01-04,Himachal Pradesh,Sirmaur,173024,259,-0.024285693358689464
2025-01-04,Karnataka,Bengaluru,562125,236,-0.012051262809653962
2025-01-04,Jharkhand,Godda,816102,231,-0.00956345429736749
2025-01-04,Kerala,Kannur,670141,259,-0.025652698773299787
2025-01-04,Gujarat,Jamnagar,361160,277,-0.038857121276761
2025-01-04,Rajasthan,Churu,331402,255,-0.032442309677199854
2025-01-04,Odisha,Jharsuguda,768213,210,-0.0009922153895114416
2025-01-04,Tamil Nadu,Salem,637105,250,-0.02233215290159718
2025-01-04,Kerala,Kannur,670703,230,-0.00038035388743218324
2025-01-04,Madhya Pradesh,Gwalior,475005,217,-0.0001331267230914035
2025-01-04,Maharashtra,Pune,413115,249,-0.025061352886104782
2025-01-04,West Bengal,Paschim Medinipur,721144,270,-0.03452610293480285
2025-01-04,Odisha,Jajapur,755011,238,-0.014853053246719594
2025-01-04,Rajasthan,Alwar,301401,252,-0.022474512180087558
2025-01-04,Kerala,Alappuzha,688537,222,-4.6283072095198996e-05
2025-01-04,West Bengal,Puruliya,723128,273,-0.03825499303355262
2025-01-04,Gujarat,Mahisagar,389110,232,-0.014853053246719594
2025-01-04,Rajasthan,Ajmer,305206,228,-0.007172074433932418
2025-01-04,Rajasthan,Rajsamand,313333,257,-0.030322045594322056
2025-01-04,Karnataka,Haveri,581109,261,-0.026735065460534613
2025-01-04,Karnataka,Ramanagar,562119,258,-0.031947912010696355
2025-01-04,Odisha,Nayagarh,752091,277,-0.03825499303355262
2025-01-04,West Bengal,Puruliya,723145,234,-0.0022744047339048334
2025-01-04,Assam,Hojai,782447,231,-0.014853053246719594
2025-01-04,Odisha,Nabarangapur,764049,241,-0.011341480288700967
2025-01-04,Karnataka,Bengaluru,560053,235,-0.013888377507286886
2025-01-04,Tamil Nadu,Coimbatore,642002,254,-0.026878294248737777
2025-01-04,Karnataka,Bengaluru,560024,251,-0.025061352886104782
2025-01-04,Rajasthan,Dausa,303506,244,-0.022129880599886076
2025-01-04,Karnataka,Belgaum,591220,240,-0.008465591173973497
2025-01-04,Karnataka,Ramanagar,562127,224,-0.005741124842481682
2025-01-04,Madhya Pradesh,Mandsaur,458778,234,-0.013888377507286886
2025-01-04,West Bengal,North 24 Parganas,743401,247,-0.022129880599886076
2025-01-04,Odisha,Gajapati,761213,251,-0.026878294248737777
2025-01-04,Odisha,Ganjam,761115,254,-0.029336451793894325
2025-01-04,Rajasthan,Jaisalmer,345026,271,-0.03825499303355262
2025-01-04,Tamil Nadu,Namakkal,637303,232,-0.013888377507286886
2025-01-04,Odisha,JAJPUR,755019,241,-0.019210284555640555
2025-01-04,Tamil Nadu,Salem,636030,228,-0.007073058282672795
2025-01-04,West Bengal,Purba Medinipur,721422,210,-0.0005190892295942051
2025-01-04,West Bengal,Paschim Medinipur,721149,228,-0.010042701821500244
2025-01-04,West Bengal,Bankura,722144,219,-0.003362653810892624
2025-01-04,Uttar Pradesh,Jalaun,285129,239,-0.0174713697112171
2025-01-04,Kerala,Kozhikode,673614,242,-0.021155364716053393
2025-01-04,Maharashtra,Satara,415507,229,-0.0052647867221237155
2025-01-04,Tamil Nadu,Tiruvallur,602026,221,-0.007073058282672795
2025-01-04,Tamil Nadu,Cuddalore,607303,252,-0.022129880599886076
2025-01-04,Punjab,SAS Nagar (Mohali),140307,272,-0.032937041959584246
2025-01-04,Tamil Nadu,Chennai,600032,229,-0.004788770776617546
2025-01-04,Maharashtra,Pune,412410,247,-0.016786325263582147
2025-01-04,Gujarat,Surendra Nagar,363430,260,-0.025061352886104782
2025-01-04,Maharashtra,Palghar,401605,275,-0.039502667354547105
2025-01-04,Meghalaya,Ri Bhoi,793102,219,-0.005741124842481682
2025-01-04,Himachal Pradesh,Kullu,172026,257,-0.029973662979387528
2025-01-04,Karnataka,Haveri,581202,255,-0.024571947384952497
2025-01-04,Maharashtra,Kolhapur,416007,283,-0.04110599171825591
2025-01-04,Maharashtra,Pune,411047,250,-0.026878294248737777
2025-01-04,Karnataka,Chitradurga,577538,242,-0.014370552205408504
2025-01-04,Tamil Nadu,Vellore,635854,230,-0.0024135160503311326
2025-01-04,Maharashtra,Mumbai City,400022,243,-0.019210284555640555
2025-01-04,Bihar,Madhubani,847213,241,-0.014853053246719594
2025-01-04,Madhya Pradesh,Rewa,486005,237,-0.012051262809653962
2025-01-04,Kerala,Malappuram,676506,243,-0.020182166628638254
2025-01-04,Rajasthan,Ajmer,305621,242,-0.01737090847627276
2025-01-04,West Bengal,Barddhaman,713141,227,-0.010042701821500244
2025-01-04,Punjab,Ludhiana,142035,231,-0.014370552205408504
2025-01-04,Karnataka,Bagalkot,587121,223,-0.013888377507286886
2025-01-04,Tamil Nadu,Krishnagiri,635110,247,-0.0174713697112171
2025-01-04,Haryana,Faridabad,121007,236,-0.008127655704064707
2025-01-04,Karnataka,Bengaluru,560054,238,-0.017754925080980866
2025-01-04,Tamil Nadu,Chennai,600029,240,-0.011821931207941727
2025-01-04,Himachal Pradesh,Mandi,175032,244,-0.020182166628638254
2025-01-04,Telangana,K.v. Rangareddy,500078,254,-0.026878294248737777
2025-01-04,Kerala,Thrissur,680683,287,-0.04648333324158327
2025-01-04,Haryana,Palwal,121004,233,-0.014370552205408504
2025-01-04,Kerala,Idukki,685565,239,-0.005125109533011596
2025-01-04,Bihar,Araria,854328,249,-0.019210284555640555
2025-01-04,West Bengal,South 24 Parganas,700103,260,-0.030322045594322056
2025-01-04,Telangana,K.v. Rangareddy,501218,286,-0.04648333324158327
2025-01-04,Punjab,Patiala,147002,241,-0.011341480288700967
2025-01-04,Uttar Pradesh,Pratapgarh,230404,218,-0.0005078967868596962
2025-01-04,Manipur,Imphal West,795136,219,-0.006217785355744132
2025-01-04,West Bengal,Birbhum,731220,241,-0.005125109533011596
2025-01-04,Haryana,Gurgaon,122504,241,-0.017754925080980866
2025-01-04,Uttarakhand,Tehri Garhwal,249145,251,-0.02638765984570024
2025-01-04,Jharkhand,East Singhbhum,831007,239,-0.01581903524255568
2025-01-04,West Bengal,Nadia,741302,240,-0.008465591173973497
2025-01-04,Uttarakhand,Nainital,262402,229,-0.013888377507286886
2025-01-04,Tamil Nadu,Vellore,632006,272,-0.03601553842908678
2025-01-04,Uttar Pradesh,Amethi,227413,291,-0.04648333324158327
2025-01-04,Odisha,Mayurbhanj,757020,232,-0.014370552205408504
2025-01-04,Rajasthan,Bhilwara,311302,241,-0.014370552205408504
2025-01-04,Uttar Pradesh,Pratapgarh,230131,245,-0.021844593315274663
2025-01-04,West Bengal,Bankura,722203,246,-0.02408287289687272
2025-01-04,Karnataka,Chitradurga,577502,234,-0.014370552205408504
2025-01-04,Maharashtra,Aurangabad,431117,257,-0.027022289504408104
2025-01-04,West Bengal,Paschim Medinipur,721516,277,-0.04110599171825591
2025-01-04,Bihar,Siwan,841236,230,-0.00908453091588346
2025-01-04,Kerala,Kozhikode,673506,246,-0.02345081430643836
2025-01-04,Odisha,Dhenkanal,759024,269,-0.032442309677199854
2025-01-04,Uttar Pradesh,Ambedkar Nagar,224151,259,-0.026142835743474535
2025-01-04,Karnataka,Chikkamagaluru,577548,230,-0.007649703435702149
2025-01-04,Telangana,K.v. Rangareddy,501143,236,-0.014370552205408504
2025-01-04,Telangana,Mahabubnagar,509132,244,-0.011570656780268473
2025-01-04,Madhya Pradesh,Narsinghpur,487771,227,-0.007259803930846687
2025-01-04,Maharashtra,Sangli,416310,267,-0.03825499303355262
2025-01-04,Gujarat,Ahmedabad,382475,231,-0.0022744047339048334
2025-01-04,Odisha,Baleswar,756043,243,-0.014370552205408504
2025-01-04,Telangana,Adilabad,504307,232,-0.0022744047339048334
2025-01-04,Maharashtra,Sangli,415304,239,-0.005125109533011596
2025-01-04,Odisha,Angul,759117,256,-0.030322045594322056
2025-01-04,Kerala,Thrissur,680666,288,-0.0406057343055809
2025-01-04,Bihar,Nalanda,811101,228,-0.008215503994489004
2025-01-04,Odisha,Nabarangapur,764058,246,-0.014370552205408504
2025-01-04,Punjab,Amritsar,143201,236,-0.016786325263582147
2025-01-04,Tamil Nadu,Tirunelveli,627201,283,-0.04110599171825591
2025-01-04,Meghalaya,South West Khasi Hills,793114,224,-0.0052647867221237155
2025-01-04,Kerala,Malappuram,679327,211,-0.0038377045386863706
2025-01-04,Uttarakhand,Nainital,263140,248,-0.027022289504408104
2025-01-04,Telangana,K.v. Rangareddy,500090,253,-0.020283022363717484
2025-01-04,Tamil Nadu,Krishnagiri,635115,271,-0.03017813685075388
2025-01-04,Uttarakhand,Chamoli,246424,250,-0.022474512180087558
2025-01-04,Tamil Nadu,Tiruppur,642126,235,-0.004173588478472823
2025-01-04,Madhya Pradesh,Bhopal,462039,261,-0.030815342849638383
2025-01-04,Odisha,Khorda,752023,263,-0.030075892742187027
2025-01-04,Kerala,Thiruvananthapuram,695584,260,-0.024285693358689464
2025-01-04,Gujarat,Kachchh,370421,228,-0.010042701821500244
2025-01-04,Telangana,Nizamabad,503164,236,-0.014370552205408504
2025-01-04,Tamil Nadu,Tiruchirappalli,621215,236,-0.00917249816067478
2025-01-04,Odisha,Sambalpur,768107,263,-0.024285693358689464
2025-01-04,Bihar,Begusarai,851135,246,-0.01892615305232026
2025-01-04,Kerala,Kozhikode,673508,242,-0.021155364716053393
2025-01-04,Rajasthan,Barmer,344801,257,-0.032937041959584246
2025-01-04,Gujarat,Gandhinagar,382028,229,-4.6283072095198996e-05
2025-01-04,Odisha,Sundergarh,769003,245,-0.02261763327299371
2025-01-04,Gujarat,Bharuch,393010,283,-0.04436555016758281
2025-01-04,Madhya Pradesh,Narsinghpur,487881,236,-0.013013450933051951
2025-01-04,Odisha,Khorda,752103,231,-0.002887924387213081
2025-01-04,Gujarat,Rajkot,360024,234,-0.014370552205408504
2025-01-04,Rajasthan,Jaipur,303002,274,-0.03825499303355262
2025-01-04,Rajasthan,Pratapgarh,327026,238,-0.013888377507286886
2025-01-04,Telangana,Medak,502102,236,-0.011570656780268473
2025-01-04,Kerala,Malappuram,679339,260,-0.025061352886104782
2025-01-04,Kerala,Malappuram,676525,265,-0.03527006949567668
2025-01-04,Madhya Pradesh,Shahdol,484114,237,-0.014370552205408504
2025-01-04,Kerala,Ernakulam,683556,225,-0.005741124842481682
2025-01-04,Tripura,South Tripura,799156,266,-0.03477375925266213
2025-01-04,Karnataka,Gadag,582114,252,-0.023796812480662122
2025-01-04,Uttar Pradesh,Prayagraj,211003,241,-0.012051262809653962
2025-01-04,Kerala,Kollam,691577,240,-0.014853053246719594
2025-01-04,Bihar,Rohtas,802214,273,-0.036512689127186415
2025-01-04,Maharashtra,Sangli,416436,247,-0.023105716064549364
2025-01-04,Gujarat,Anand,388160,244,-0.014370552205408504
2025-01-04,Karnataka,Yadgir,585319,242,-0.019210284555640555
2025-01-04,Telangana,Hyderabad,500040,264,-0.03106248781115939
2025-01-04,Bihar,Banka,813118,235,-0.014853053246719594
2025-01-04,Tamil Nadu,Tiruvallur,602002,286,-0.04648333324158327
2025-01-04,Karnataka,Bengaluru,560005,261,-0.028598501069705073
2025-01-04,Uttarakhand,Haridwar,247662,242,-0.019696061201618043
2025-01-04,Karnataka,Yadgir,585237,229,-0.011482391444380458
2025-01-04,Gujarat,Anand,388170,223,-0.0014656617684295492
2025-01-04,Tamil Nadu,Cuddalore,608701,245,-0.020283022363717484
2025-01-04,Kerala,Palakkad,678006,240,-0.019696061201618043
2025-01-04,Kerala,Kannur,670592,241,-0.014370552205408504
2025-01-04,Uttarakhand,Dehradun,248199,255,-0.029829081984295125
2025-01-04,West Bengal,Purba Medinipur,721134,251,-0.022474512180087558
2025-01-04,Bihar,Rohtas,802211,245,-0.020283022363717484
2025-01-04,Jammu and Kashmir,Kathua,184142,238,-0.014370552205408504
2025-01-04,Odisha,Baleswar,756023,239,-0.011341480288700967
2025-01-04,Tamil Nadu,Krishnagiri,635105,242,-0.01737090847627276
2025-01-04,Tamil Nadu,Erode,638052,255,-0.029829081984295125
2025-01-04,Tamil Nadu,Nagapattinam,611002,221,-0.003362653810892624
2025-01-04,Madhya Pradesh,Mandsaur,458553,278,-0.03825499303355262
2025-01-04,Karnataka,Haveri,581111,252,-0.026878294248737777
2025-01-04,Rajasthan,Bhilwara,311011,241,-0.02066860105922519
2025-01-04,Karnataka,Bagalkot,587315,280,-0.04185663611229473
2025-01-04,Rajasthan,Dausa,303508,251,-0.026878294248737777
2025-01-04,Maharashtra,Pune,411020,247,-0.014370552205408504
2025-01-04,Odisha,Baleswar,756083,222,-4.6283072095198996e-05
2025-01-04,Odisha,Baleswar,756046,249,-0.023796812480662122
2025-01-04,Manipur,Chandel,795135,267,-0.03825499303355262
2025-01-04,Karnataka,Gadag,582209,249,-0.01737090847627276
2025-01-04,Maharashtra,Ahmadnagar,414105,234,-0.006694768480111746
2025-01-04,Bihar,Bhagalpur,813201,238,-0.015436056514306129
2025-01-04,Bihar,Muzaffarpur,843122,276,-0.03835838490443544
2025-01-04,Kerala,Thrissur,680308,218,-0.003362653810892624
2025-01-04,Jharkhand,East Singhbhum,832106,222,-0.00956345429736749
2025-01-04,Andhra Pradesh,Anantapur,515775,236,-0.006217785355744132
2025-01-04,Rajasthan,Baran,325219,262,-0.03626369794008022
2025-01-04,West Bengal,Murshidabad,742168,236,-0.016786325263582147
2025-01-04,West Bengal,Bankura,722150,236,-0.014853053246719594
2025-01-04,Goa,South Goa,403705,237,-0.015436056514306129
2025-01-04,Maharashtra,Ahmadnagar,414302,230,-0.0008533861491539785
2025-01-04,Odisha,Bhadrak,756121,215,-0.0038377045386863706
2025-01-04,Karnataka,Belagavi,590001,249,-0.023796812480662122
2025-01-04,Maharashtra,Satara,415527,214,-0.004788770776617546
2025-01-04,West Bengal,Paschim Medinipur,721121,242,-0.021155364716053393
2025-01-04,Andhra Pradesh,Anantapur,515425,233,-0.006305396219787873
2025-01-04,Gujarat,Vadodara,391430,267,-0.03017813685075388
2025-01-04,Rajasthan,Kota,325004,236,-0.0022744047339048334
2025-01-04,Odisha,Balangir,767066,219,-0.007649703435702149
2025-01-04,Tamil Nadu,Theni,625562,225,-0.007550620268801267
2025-01-04,Jharkhand,West Singhbhum,833212,221,-0.007550620268801267
2025-01-04,Kerala,Kannur,670601,230,-0.013888377507286886
2025-01-04,Uttar Pradesh,Sultanpur,227408,242,-0.016886704464738167
2025-01-04,Kerala,Kasaragod,671319,250,-0.016786325263582147
2025-01-04,Manipur,Chandel,795127,237,-0.014370552205408504
2025-01-04,Telangana,Mahabubnagar,509340,247,-0.019696061201618043
2025-01-04,Assam,Nagaon,782143,271,-0.03017813685075388
2025-01-04,Madhya Pradesh,East Nimar,450337,231,-0.0024135160503311326
2025-01-04,Madhya Pradesh,Agar Malwa,465550,220,-0.004023593913074164
2025-01-04,Kerala,Thrissur,680586,254,-0.029973662979387528
2025-01-04,Tamil Nadu,Madurai,625103,250,-0.016160648865477745
2025-01-04,Gujarat,Kheda,387305,270,-0.03825499303355262
2025-01-04,Maharashtra,Yavatmal,445106,239,-0.01872483646833223
2025-01-04,Maharashtra,Pune,412406,258,-0.027022289504408104
2025-01-04,Andhra Pradesh,Anantapur,515701,216,-0.004788770776617546
2025-01-04,Madhya Pradesh,Mandsaur,458339,270,-0.033534824166285504
2025-01-05,Haryana,Rewari,123102,230,-0.006204949959672801
2025-01-05,Rajasthan,Jaipur,303002,221,-0.004439789539457117
2025-01-05,Tamil Nadu,Tiruvallur,600089,250,-0.03405956310710445
2025-01-05,Tamil Nadu,Theni,625603,220,-0.011552921491043922
2025-01-05,Rajasthan,Udaipur,313705,274,-0.041532305857249985
2025-01-05,Karnataka,Mandya,571425,262,-0.027746151757775506
2025-01-05,Odisha,Jajapur,755043,202,-0.0033906958038150137
2025-01-05,Tamil Nadu,Cuddalore,607805,212,-0.007777017735269176
2025-01-05,Kerala,Kollam,691574,230,-0.015464580864367528
2025-01-05,Karnataka,Raichur,584134,232,-0.014981666211776767
2025-01-05,Odisha,Bhadrak,756135,210,-0.007200268621002426
2025-01-05,West Bengal,Dakshin Dinajpur,733132,250,-0.03059815234054808
2025-01-05,West Bengal,Malda,732103,224,-0.003489195214022911
2025-01-05,Karnataka,Bangalore Rural,561204,242,-0.018368940251649923
2025-01-05,Bihar,Siwan,841236,251,-0.026764041229120128
2025-01-05,Karnataka,Mandya,571812,218,-0.01391684002440563
2025-01-05,West Bengal,Barddhaman,713151,231,-0.014981666211776767
2025-01-05,Tamil Nadu,Cuddalore,608502,286,-0.04414432455774153
2025-01-05,Tamil Nadu,Kancheepuram,603108,211,-0.0011183294350018969
2025-01-05,Maharashtra,Ratnagiri,415628,221,-0.0009794751656303502
2025-01-05,Telangana,Warangal,506164,211,-0.005870502689759416
2025-01-05,Maharashtra,Mumbai City,400012,251,-0.026764041229120128
2025-01-05,Kerala,Malappuram,679579,199,-0.0028591758664390232
2025-01-05,Jharkhand,Dumka,814118,255,-0.0335640715991431
2025-01-05,West Bengal,Nadia,741223,226,-0.00969111362005104
2025-01-05,Telangana,Karimnagar,505188,237,-0.018368940251649923
2025-01-05,Andhra Pradesh,Krishna,521286,221,-0.011072652518537951
2025-01-05,Uttar Pradesh,Shrawasti,271871,223,-0.0073017151537465574
2025-01-05,Kerala,Wayanad,673575,280,-0.04439523031010273
2025-01-05,Maharashtra,Mumbai Suburban,400075,242,-0.027644248878572975
2025-01-05,Telangana,Karimnagar,505503,233,-0.014016816554496936
2025-01-05,West Bengal,North 24 Parganas,743165,231,-0.012430860476242866
2025-01-05,West Bengal,Hooghly,712302,236,-0.020311740359981068
2025-01-05,Bihar,Nawada,805111,219,-0.01449907818212448
2025-01-05,West Bengal,Hooghly,712402,231,-0.01788406121385666
2025-01-05,Karnataka,Bengaluru,560082,201,-0.00017461474869695515
2025-01-05,West Bengal,Purba Medinipur,721659,259,-0.03505155241862956
2025-01-05,Telangana,Jogulamba Gadwal,509125,244,-0.020311740359981068
2025-01-05,Andhra Pradesh,Chittoor,517419,210,-0.004759944347044187
2025-01-05,Kerala,Thrissur,680302,232,-0.018368940251649923
2025-01-05,Gujarat,Anand,388580,273,-0.03764069753090693
2025-01-05,Telangana,Nalgonda,508115,190,-0.0015890905815076906
2025-01-05,Andhra Pradesh,Chittoor,517591,186,-0.001523988076092997
2025-01-05,Andhra Pradesh,Cuddapah,516162,199,-0.003966732718214572
2025-01-05,Karnataka,Vijayapura,586214,226,-0.011072652518537951
2025-01-05,Tamil Nadu,Madurai,625537,259,-0.03739132423718583
2025-01-05,Bihar,Begusarai,851210,197,-0.001020162678569192
2025-01-05,West Bengal,Uttar Dinajpur,733143,252,-0.02372431805952957
2025-01-05,Karnataka,Bidar,585418,223,-0.013534881108129504
2025-01-05,Kerala,Ernakulam,686670,237,-0.024213149872227002
2025-01-05,West Bengal,Barddhaman,713145,211,-0.00959174402495555
2025-01-05,West Bengal,Hooghly,712146,209,-0.008255056171891484
2025-01-05,Madhya Pradesh,Hoshangabad,461115,254,-0.03341877803958293
2025-01-05,Karnataka,Mysuru,571114,191,-0.004371640353661332
2025-01-05,Karnataka,Shivamogga,577203,202,-0.0030167780874170713
2025-01-05,Bihar,Saran,841208,227,-0.012091029651183138
2025-01-05,Karnataka,Raichur,584132,230,-0.014399033986392862
2025-01-05,Gujarat,Kheda,387370,230,-0.01982554729479813
2025-01-05,Bihar,Jehanabad,804418,296,-0.04954375557335
2025-01-05,Bihar,Saran,841209,206,-0.0029159474137236963
2025-01-05,Gujarat,Amreli,364522,288,-0.04414432455774153
2025-01-05,Odisha,Kendrapara,754210,218,-0.0025398863368993885
2025-01-05,Assam,Karimganj,788724,214,-0.006347250767922086
2025-01-05,Karnataka,Vijayapura,586113,203,-0.003966732718214572
2025-01-05,Rajasthan,Karauli,322213,205,-0.003014380203118505
2025-01-05,Telangana,K.v. Rangareddy,500032,219,-0.0025398863368993885
2025-01-05,Madhya Pradesh,Mandsaur,458553,238,-0.02470231253375066
2025-01-05,Tamil Nadu,Salem,636111,208,-0.000645117976906362
2025-01-05,Tamil Nadu,Vellore,635852,230,-0.020311740359981068
2025-01-05,Assam,Baksa,781372,203,-0.0030167780874170713
2025-01-05,Karnataka,Raichur,584203,214,-0.011130088878886224
2025-01-05,Odisha,Kandhamal,762110,221,-0.012571987876863977
2025-01-05,West Bengal,Jalpaiguri,735211,210,-0.010650105892381134
2025-01-05,Karnataka,Kolar,563113,200,-0.0034323772708211298
2025-01-05,Kerala,Ernakulam,682301,271,-0.040884984481893594
2025-01-05,Gujarat,Mahisagar,389220,244,-0.020798262488045505
2025-01-05,Uttar Pradesh,Sambhal,244412,219,-0.009055528418681957
2025-01-05,Uttar Pradesh,Kheri,262805,198,-0.0011207208385711764
2025-01-05,West Bengal,Dakshin Dinajpur,733142,286,-0.04364201214591723
2025-01-05,Tamil Nadu,Tiruppur,641665,201,-0.0019674137152402293
2025-01-05,Tripura,North Tripura,799254,211,-0.004439789539457117
2025-01-05,Rajasthan,Bharatpur,321402,249,-0.026764041229120128
2025-01-05,Rajasthan,Dausa,303502,247,-0.028627551286355635
2025-01-05,West Bengal,Paschim Medinipur,721146,254,-0.034905963648665606
2025-01-05,Kerala,Palakkad,678555,219,-0.000645117976906362
2025-01-05,Bihar,Patna,800011,248,-0.022848861831091027
2025-01-05,Uttar Pradesh,Deoria,274602,241,-0.022848861831091027
2025-01-05,Odisha,Kendujhar,758023,218,-0.012571987876863977
2025-01-05,Madhya Pradesh,Ujjain,456221,205,-0.0037103728198083497
2025-01-05,Uttar Pradesh,Hapur,245208,209,-0.0034915947212461607
2025-01-05,Uttar Pradesh,Ballia,277124,245,-0.020311740359981068
2025-01-05,Karnataka,Udupi,576219,208,-0.004759944347044187
2025-01-05,Assam,Dibrugarh,786010,236,-0.020798262488045505
2025-01-05,Rajasthan,Jodhpur,342307,276,-0.04364201214591723
2025-01-05,Telangana,Hyderabad,500009,258,-0.026764041229120128
2025-01-05,Karnataka,Kodagu,571218,278,-0.04439523031010273
2025-01-05,Jammu and Kashmir,Udhampur,182126,217,-0.000645117976906362
2025-01-05,Bihar,Jehanabad,804429,244,-0.020798262488045505
2025-01-05,Rajasthan,Jaipur,303348,222,-0.008733418152218286
2025-01-05,Uttarakhand,Dehradun,248123,240,-0.014357568324735004
2025-01-05,Uttar Pradesh,Pratapgarh,230144,241,-0.019339683069932723
2025-01-05,Chhattisgarh,Sukma,494115,238,-0.013875402408358273
2025-01-05,Tamil Nadu,Tiruchirappalli,621105,241,-0.02372431805952957
2025-01-05,West Bengal,Purba Medinipur,721636,238,-0.018854147462970983
2025-01-05,Bihar,Begusarai,851101,241,-0.02323581687188614
2025-01-05,Kerala,Kasaragod,671533,249,-0.024803802574920653
2025-01-05,Assam,Cachar,788030,201,-0.003966732718214572
2025-01-05,Himachal Pradesh,Sirmaur,173023,273,-0.041135541634746975
2025-01-05,Odisha,Baleswar,756134,217,-0.0072993026235204095
2025-01-05,Telangana,Mahabubnagar,509401,260,-0.0385341049773712
2025-01-05,Kerala,Kollam,690521,265,-0.03267668842252569
2025-01-05,Uttar Pradesh,Varanasi,221302,273,-0.041135541634746975
2025-01-05,Odisha,Ganjam,761007,226,-0.009212103895228974
2025-01-05,Tamil Nadu,Tiruvallur,600051,233,-0.022259805477429673
2025-01-05,Gujarat,Surendra Nagar,363415,223,-0.01449907818212448
2025-01-05,Karnataka,Dharwad,581212,223,-0.011552921491043922
2025-01-05,West Bengal,South 24 Parganas,743395,210,-0.011610396725196814
2025-01-05,Telangana,Mahabubnagar,509110,234,-0.016431390922767797
2025-01-05,Uttar Pradesh,Etawah,206127,212,-0.004759944347044187
2025-01-05,Odisha,Kendrapara,754250,242,-0.0296121851727007
2025-01-05,Odisha,Baleswar,756044,217,-0.012571987876863977
2025-01-05,Rajasthan,Jodhpur,342314,237,-0.022747646085676032
2025-01-05,Uttarakhand,Pauri Garhwal,246174,212,-0.0011183294350018969
2025-01-05,West Bengal,North 24 Parganas,743711,201,-0.0018124410019055848
2025-01-05,Kerala,Palakkad,678622,279,-0.03764069753090693
2025-01-05,Madhya Pradesh,Dewas,455221,294,-0.04954375557335
2025-01-05,Odisha,Baleswar,756034,211,-0.00959174402495555
2025-01-05,West Bengal,Barddhaman,713205,231,-0.010989247642348654
2025-01-05,Telangana,Mahabubnagar,509412,250,-0.03306891522057054
2025-01-05,Telangana,Mahabubnagar,509216,214,-0.011510757837433494
2025-01-05,Rajasthan,Rajsamand,313333,239,-0.020798262488045505
2025-01-05,Karnataka,Bagalkot,587111,243,-0.01982554729479813
2025-01-05,West Bengal,North 24 Parganas,700126,205,-0.004439789539457117
2025-01-05,Bihar,Siwan,841237,255,-0.036044884971554336
2025-01-05,Kerala,Alappuzha,688534,222,-0.004439789539457117
2025-01-05,West Bengal,Barddhaman,713103,231,-0.020311740359981068
2025-01-05,Rajasthan,Udaipur,313902,290,-0.04954375557335
2025-01-05,Maharashtra,Mumbai,400024,224,-0.0014529129217705217
2025-01-05,Telangana,Mahabubnagar,509104,208,-0.006347250767922086
2025-01-05,Tamil Nadu,Tirunelveli,627358,216,-0.0025398863368993885
2025-01-05,Kerala,Kollam,691014,267,-0.04439523031010273
2025-01-05,Bihar,Sheohar,843316,237,-0.014357568324735004
2025-01-05,Maharashtra,Ahmadnagar,413704,207,-0.006245941417013068
2025-01-05,Karnataka,Bengaluru,560033,258,-0.03405956310710445
2025-01-05,Gujarat,Anand,388320,221,-0.011610396725196814
2025-01-05,Kerala,Kannur,670693,224,-0.0124722140692205
2025-01-05,Punjab,Shaheed Bhagat Singh Nagar,144505,222,-0.008733418152218286
2025-01-05,Rajasthan,Barmer,344012,238,-0.018368940251650034
2025-01-05,Maharashtra,Raigarh,402103,235,-0.02372431805952957
2025-01-05,Rajasthan,Udaipur,313903,288,-0.04414432455774153
2025-01-05,Bihar,Aurangabad,824123,226,-0.011510757837433494
2025-01-05,Kerala,Thiruvananthapuram,695141,254,-0.03059815234054808
2025-01-05,Assam,Kokrajhar,783350,211,-0.0034915947212461607
2025-01-05,Odisha,Ganjam,761103,229,-0.01449907818212448
2025-01-05,Telangana,Nirmal,504106,221,-0.003964331586968184
2025-01-05,Puducherry,Puducherry,605004,227,-0.0124722140692205
2025-01-05,West Bengal,Hooghly,712614,239,-0.020311740359981068
2025-01-05,Kerala,Kozhikode,673529,218,-0.008576948576666354
2025-01-05,Madhya Pradesh,Jabalpur,482021,286,-0.043140039476850967
2025-01-05,Odisha,Bhadrak,756124,221,-0.004439789539457117
2025-01-05,Telangana,Warangal,506112,199,-0.0030167780874170713
2025-01-05,Rajasthan,Jhalawar,326514,221,-0.004439789539457117
2025-01-05,Kerala,Wayanad,670731,211,-0.0011183294350018969
2025-01-05,Karnataka,Chikkaballapur,561211,215,-0.011610396725196814
2025-01-05,Telangana,Warangal,506104,197,-0.00017461474869695515
2025-01-05,Odisha,Sundergarh,770002,204,-0.00017461474869695515
2025-01-05,Himachal Pradesh,Solan,173205,273,-0.03913646132171855
2025-01-05,Karnataka,Yadgir,585355,232,-0.01146946016516237
2025-01-05,Telangana,Karimnagar,505530,232,-0.01449907818212448
2025-01-05,Gujarat,Sabarkantha,383410,216,-0.01055060174205158
2025-01-05,Tamil Nadu,Sivaganga,630610,218,-0.012571987876863977
2025-01-05,West Bengal,Purba Medinipur,721422,238,-0.020311740359981068
2025-01-05,Karnataka,Bidar,585329,235,-0.018368940251649923
2025-01-05,Rajasthan,Dholpur,328029,208,-0.005769261860187891
2025-01-05,Bihar,Madhubani,847215,201,-0.004816869745830399
2025-01-05,Gujarat,Chhotaudepur,391125,207,-0.0024719213369818194
2025-01-05,Telangana,Suryapet,508204,222,-0.019339683069932723
2025-01-05,Andhra Pradesh,Chittoor,517620,210,-0.00539407706372641
2025-01-05,Gujarat,Ahmedabad,380006,228,-0.008733418152218286
2025-01-05,Tamil Nadu,Tiruvannamalai,606901,196,-0.000577336665070316
2025-01-05,Odisha,Angul,759141,266,-0.03515449475493182
2025-01-05,West Bengal,North 24 Parganas,743166,206,-0.000645117976906362
2025-01-05,Kerala,Ernakulam,682023,235,-0.018854147462970983
2025-01-05,Rajasthan,Hanumangarh,335511,233,-0.012430860476242866
2025-01-05,Maharashtra,Satara,415511,224,-0.004439789539457117
2025-01-05,Karnataka,Koppal,583226,290,-0.04651309799386971
2025-01-05,Telangana,Medak,502102,195,-0.0029159474137236963
2025-01-05,Kerala,Kannur,670561,246,-0.03059815234054808
2025-01-05,Jharkhand,Palamu,822131,195,-0.001020162678569192
2025-01-05,Gujarat,Anand,388315,253,-0.025191806268023864
2025-01-05,Bihar,Nawada,805129,241,-0.019339683069932723
2025-01-05,Tamil Nadu,Virudhunagar,626121,201,-0.0033906958038150137
2025-01-05,Tamil Nadu,Krishnagiri,635204,222,-0.015464580864367528
2025-01-05,Odisha,Puri,752108,233,-0.016431390922767797
2025-01-05,Tamil Nadu,Villupuram,604303,208,-0.00539407706372641
2025-01-05,Kerala,Palakkad,678510,255,-0.033914171210647215
2025-01-05,Tamil Nadu,Villupuram,605803,204,-0.004341156752322495
2025-01-05,Tamil Nadu,Salem,636201,270,-0.03903296027972203
2025-01-05,Kerala,Ernakulam,683579,207,-0.0030167780874170713
2025-01-05,Arunachal Pradesh,Papum Pare,791110,231,-0.020798262488045505
2025-01-05,West Bengal,Dakshin Dinajpur,733121,241,-0.020311740359981068
2025-01-05,Gujarat,Tapi,394651,228,-0.012571987876863977
2025-01-05,Madhya Pradesh,Bhind,477449,187,-0.0006423511351335565
2025-01-05,Odisha,Mayurbhanj,757019,244,-0.03010500198365751
2025-01-05,Goa,South Goa,403707,243,-0.020311740359981068
2025-01-05,West Bengal,Barddhaman,713405,228,-0.01982554729479813
2025-01-05,Gujarat,Amreli,364530,202,-0.0033906958038150137
2025-01-05,Kerala,Malappuram,676320,262,-0.027746151757775506
2025-01-05,Telangana,Warangal,506223,258,-0.027746151757775506
2025-01-05,Rajasthan,Sikar,332710,215,-0.0001722265789211308
2025-01-05,Bihar,Patna,800004,240,-0.020655502473532428
2025-01-05,Andhra Pradesh,Sri Potti Sriramulu Nellore,524002,199,-0.0030167780874170713
2025-01-05,Telangana,Mahabubnagar,509311,199,-0.001020162678569192
2025-01-05,Karnataka,Dakshina Kannada,574326,198,-0.004371640353661332
2025-01-05,Kerala,Palakkad,678701,253,-0.034905963648665606
2025-01-05,Haryana,Gurgaon,122504,220,-0.007777017735269176
2025-01-05,Andhra Pradesh,Krishna,521401,235,-0.020798262488045505
2025-01-05,Odisha,Sambalpur,768107,261,-0.02725493037281823
2025-01-05,West Bengal,Darjeeling,734009,240,-0.014357568324735004
2025-01-05,Odisha,Dhenkanal,759025,267,-0.04138543089534685
2025-01-05,Rajasthan,Chittorgarh,323307,246,-0.02529336499920165
2025-01-05,Kerala,Thiruvananthapuram,695311,228,-0.010650105892381134
2025-01-05,Tripura,Dhalai,799287,195,-0.0011155607205883822
2025-01-05,West Bengal,Hooghly,712124,251,-0.02568163129912182
2025-01-05,Rajasthan,Jalor,343027,244,-0.020798262488045505
2025-01-05,Andhra Pradesh,Srikakulam,532462,208,-0.003966732718214572
2025-01-05,Karnataka,Tumkur,572125,205,-0.005769261860187891
2025-01-05,Telangana,Medak,502279,247,-0.03059815234054808
2025-01-05,Gujarat,Surat,394310,247,-0.024069712127775866
2025-01-05,Kerala,Thrissur,680519,239,-0.01982554729479813
2025-01-05,Andhra Pradesh,Krishna,521157,208,-0.00539407706372641
2025-01-05,Telangana,Warangal,506368,221,-0.0124722140692205
2025-01-05,Tamil Nadu,Tirunelveli,627426,236,-0.015464580864367528
2025-01-05,Bihar,Siwan,841235,259,-0.029119701682081334
2025-01-05,Karnataka,Belgaum,591114,253,-0.02627348410196728
2025-01-05,Odisha,Mayurbhanj,757107,233,-0.01982554729479813
2025-01-05,Kerala,Palakkad,679501,260,-0.03888658134627698
2025-01-05,Tamil Nadu,Salem,636503,230,-0.018368940251649923
2025-01-05,Assam,Lakhimpur,787052,205,-0.0037103728198083497
2025-01-05,Sikkim,West,737121,242,-0.024069712127775866
2025-01-05,Punjab,Amritsar,143002,234,-0.01788406121385666
2025-01-05,West Bengal,Puruliya,723152,236,-0.02470231253375066
2025-01-05,Rajasthan,Ajmer,305401,199,-0.0038657655108571554
2025-01-05,Tamil Nadu,Pudukkottai,622401,215,-0.0124722140692205
2025-01-05,Gujarat,Kheda,387570,231,-0.015364401199932876
2025-01-05,Uttar Pradesh,Amethi,227815,203,-0.004858635902087349
2025-01-05,Kerala,Idukki,685514,227,-0.018368940251649923
2025-01-05,Tamil Nadu,Salem,636121,241,-0.02323581687188614
2025-01-05,Uttar Pradesh,Mathura,281123,208,-0.0034915947212461607
2025-01-05,Odisha,Nayagarh,752093,262,-0.04439523031010273
2025-01-05,Rajasthan,Sikar,332031,221,-0.0014529129217705217
2025-01-05,Odisha,Debagarh,768119,234,-0.01982554729479813
2025-01-05,Karnataka,Bengaluru,560004,229,-0.015947822360960262
2025-01-05,Odisha,Khorda,751006,246,-0.028135733760232484
2025-01-05,Uttar Pradesh,Kannauj,209736,193,-0.0015890905815076906
2025-01-05,Bihar,Nalanda,801306,263,-0.03888658134627698
2025-01-05,Kerala,Kozhikode,673521,223,-0.011510757837433494
2025-01-05,Tamil Nadu,Tirunelveli,627758,247,-0.024069712127775866
2025-01-05,Tamil Nadu,Chennai,600018,246,-0.024069712127775866
2025-01-05,Haryana,Sonipat,131029,245,-0.024069712127775866
2025-01-05,Maharashtra,Palghar,401103,238,-0.020311740359981068
2025-01-05,Karnataka,Ballari,583119,202,-0.0025422825993709486
2025-01-05,Bihar,Bhojpur,802206,235,-0.020798262488045505
2025-01-05,West Bengal,Birbhum,731201,216,-0.012091029651183138
2025-01-05,Uttar Pradesh,Bara Banki,225122,246,-0.022848861831091027
2025-01-05,Rajasthan,Jaipur,303904,247,-0.024069712127775866
2025-01-05,Karnataka,Bangalore,560057,229,-0.017399510127628637
2025-01-05,Telangana,Karimnagar,505305,216,-0.006347250767922086
2025-01-05,Madhya Pradesh,Chhindwara,480105,229,-0.005728298127726461
2025-01-05,Rajasthan,Dungarpur,314025,231,-0.014016816554496936
2025-01-05,Bihar,Katihar,854303,221,-0.011130088878886224
2025-01-05,Uttar Pradesh,Pratapgarh,230131,211,-0.0057122593793691445
2025-01-05,Bihar,Bhojpur,802155,245,-0.02715309641639052
2025-01-05,Rajasthan,Jhalawar,326502,231,-0.009212103895228974
2025-01-05,Kerala,Palakkad,678633,230,-0.013053271622407103
2025-01-05,Bihar,East Champaran,845431,212,-0.011510757837433494
2025-01-05,Odisha,Baleswar,756048,201,-0.0019674137152402293
2025-01-05,Uttarakhand,Haridwar,247662,230,-0.01982554729479813
2025-01-05,West Bengal,Hooghly,712122,228,-0.01391684002440563
2025-01-05,Tamil Nadu,Pudukkottai,622515,228,-0.007159221657597747
2025-01-05,Karnataka,Bellary,583115,262,-0.0385341049773712
2025-01-05,Odisha,Mayurbhanj,757092,265,-0.03903296027972203
2025-01-05,West Bengal,Birbhum,731302,231,-0.020311740359981068
2025-01-05,Andhra Pradesh,Prakasam,523245,192,-0.0011155607205883822
2025-01-05,Uttar Pradesh,Azamgarh,276125,234,-0.020798262488045505
2025-01-05,Tamil Nadu,Coimbatore,641022,227,-0.010650105892381134
2025-01-05,Andhra Pradesh,Srikakulam,532212,237,-0.020798262488045505
2025-01-05,Rajasthan,Pali,306504,224,-0.006344841500057985
2025-01-05,Maharashtra,Mumbai City,400022,243,-0.020798262488045505
2025-01-05,Andhra Pradesh,Krishna,521139,213,-0.006347250767922086
2025-01-05,Uttar Pradesh,Hamirpur,210506,211,-0.003966732718214572
2025-01-05,Uttar Pradesh,Faizabad,224135,205,-0.0038089170898686353
2025-01-05,Madhya Pradesh,Sehore,466113,237,-0.01982554729479813
2025-01-05,Odisha,Nayagarh,752085,241,-0.025191806268023864
2025-01-05,Jammu and Kashmir,Anantnag,192221,224,-0.01982554729479813
2025-01-05,Kerala,Palakkad,678006,240,-0.01982554729479813
2025-01-05,Uttar Pradesh,Sant Kabir Nagar,272164,256,-0.027644248878572975
2025-01-05,West Bengal,North 24 Parganas,700121,230,-0.020311740359981068
2025-01-05,Tamil Nadu,Salem,636016,253,-0.03306891522057054
2025-01-05,Rajasthan,Baran,325219,207,-0.000645117976906362
2025-01-05,Tamil Nadu,Dharmapuri,636705,261,-0.03267668842252569
2025-01-05,Karnataka,Davangere,577512,274,-0.040884984481893594
2025-01-05,Tamil Nadu,Namakkal,637003,267,-0.03267668842252569
2025-01-05,Maharashtra,Nagpur,441113,243,-0.024069712127775866
2025-01-05,Goa,South Goa,403705,267,-0.04439523031010273
2025-01-05,Kerala,Palakkad,678762,223,-0.013053271622407103
2025-01-05,Gujarat,Amreli,364525,254,-0.0335640715991431
2025-01-05,West Bengal,North 24 Parganas,743251,258,-0.03405956310710445
2025-01-05,Bihar,Munger,813212,242,-0.027644248878572975
2025-01-05,Andhra Pradesh,Vizianagaram,535006,200,-0.0025422825993709486
2025-01-05,Karnataka,Chikkaballapur,562104,237,-0.019339683069932723
2025-01-05,Gujarat,Ahmedabad,382265,202,-0.006245941417013068
2025-01-05,Tamil Nadu,Ariyalur,621801,221,-0.0005063576226588262
2025-01-05,West Bengal,Puruliya,723154,212,-0.008255056171891484
2025-01-05,Madhya Pradesh,Mandsaur,458778,215,-0.010071010696007354
2025-01-05,Andhra Pradesh,West Godavari,534145,199,-0.0029576006891577356
2025-01-05,West Bengal,Purba Medinipur,721446,272,-0.03913646132171855
2025-01-05,Odisha,Kendujhar,758079,246,-0.020798262488045505
2025-01-05,West Bengal,Paschim Medinipur,721501,244,-0.020798262488045505
2025-01-05,Andhra Pradesh,West Godavari,507121,197,-0.0030167780874170713
2025-01-05,Bihar,Aurangabad,824114,203,-0.003964331586968184
2025-01-05,Tamil Nadu,Ariyalur,621710,214,-0.009112801509502666
2025-01-05,Uttar Pradesh,Ghazipur,233223,257,-0.02725493037281823
2025-01-05,Tamil Nadu,Tiruvannamalai,606752,212,-0.004442192295825653
2025-01-05,Karnataka,Kolar,563136,226,-0.011453290667572613
2025-01-05,Maharashtra,Raigarh,402104,250,-0.03405956310710445
2025-01-05,Uttar Pradesh,Mau,275105,278,-0.04013532520314467
2025-01-05,West Bengal,South 24 Parganas,743370,289,-0.04954375557335
2025-01-05,Karnataka,Raichur,584138,225,-0.011933817261782997
2025-01-05,West Bengal,Purba Medinipur,721431,297,-0.04954375557335
2025-01-05,Kerala,Thrissur,680652,230,-0.01391684002440563
2025-01-05,Maharashtra,Ahmadnagar,413702,227,-0.0033498704147225666
2025-01-05,Odisha,Cuttack,754100,276,-0.04439523031010273
2025-01-05,Kerala,Thiruvananthapuram,695506,247,-0.03010500198365751
2025-01-05,Gujarat,Amreli,365410,226,-0.014016816554496825
2025-01-05,Uttar Pradesh,Faizabad,224209,216,-0.00762075974687515
2025-01-05,Gujarat,Banaskantha,385130,228,-0.015947822360960262
2025-01-05,West Bengal,South 24 Parganas,743357,251,-0.026764041229120128
2025-01-05,West Bengal,South 24 Parganas,743332,249,-0.024213149872227002
2025-01-05,Jharkhand,East Singhbhum,831015,194,-0.0015351967877105244
2025-01-05,Rajasthan,Ajmer,305025,235,-0.020798262488045505
2025-01-05,Tamil Nadu,Coimbatore,641024,251,-0.03589909906149946
2025-01-05,Uttar Pradesh,Ballia,277219,221,-0.010973089081119491
2025-01-05,Gujarat,Surat,394335,207,-0.004759944347044187
2025-01-05,Uttar Pradesh,Jaunpur,222181,229,-0.01241466908372102
2025-01-05,Haryana,Sonipat,131304,220,-0.0005063576226588262
2025-01-05,Jharkhand,East Singhbhum,831018,250,-0.031091636469121275
2025-01-05,Tamil Nadu,Dindigul,624402,242,-0.02470231253375066
2025-01-05,Madhya Pradesh,Chhindwara,480447,231,-0.020311740359981068
2025-01-05,Gujarat,Surat,394185,213,-0.012091029651183138
2025-01-05,Telangana,K.v. Rangareddy,501106,222,-0.01391684002440563
2025-01-05,Tamil Nadu,Perambalur,621101,205,-0.0011207208385711764
2025-01-05,Rajasthan,Bhilwara,311021,272,-0.03913646132171855
2025-01-05,Kerala,Ernakulam,682028,208,-0.000645117976906362
2025-01-05,Tamil Nadu,Pudukkottai,622202,231,-0.013534881108129504
2025-01-05,Telangana,Mahabubnagar,509340,216,-0.0057122593793691445
2025-01-05,Tamil Nadu,Theni,625530,239,-0.020798262488045505
2025-01-05,Uttar Pradesh,Ballia,221718,262,-0.029714364209798227
2025-01-05,Punjab,SAS Nagar (Mohali),160103,269,-0.04138543089534685
2025-01-05,Maharashtra,Satara,415011,226,-0.007777017735269176
2025-01-05,Bihar,Samastipur,848115,270,-0.03654205553184153
2025-01-05,Telangana,K.v. Rangareddy,501121,208,-0.006090022152944963
2025-01-05,Kerala,Idukki,685604,202,-0.003333885832681349
2025-01-05,Bihar,Patna,801112,217,-0.012091029651183138
2025-01-05,Himachal Pradesh,Una,174301,220,-0.001926671107804645
2025-01-05,Kerala,Thiruvananthapuram,695102,268,-0.0385341049773712
2025-01-05,Karnataka,Chitradurga,577519,283,-0.04792214045917176
2025-01-05,Odisha,Puri,752114,240,-0.025191806268023864
2025-01-05,Gujarat,Kheda,387650,202,-0.0029159474137236963
2025-01-05,Odisha,Kendujhar,758016,277,-0.03515449475493182
2025-01-05,Odisha,Jagatsinghapur,754102,227,-0.018368940251649923
2025-01-05,Andhra Pradesh,Anantapur,515401,225,-0.004439789539457117
2025-01-05,Kerala,Wayanad,670644,266,-0.04439523031010273
2025-01-05,Bihar,Saran,841443,208,-0.007200268621002426
2025-01-05,Odisha,Rayagada,765001,230,-0.012895846353505713
2025-01-05,Tamil Nadu,Salem,636113,218,-0.013053271622407103
2025-01-05,Gujarat,Rajkot,360040,220,-0.015947822360960262
2025-01-05,Rajasthan,Jhalawar,326512,215,-0.008255056171891484
2025-01-05,Kerala,Kollam,690520,224,-0.012091029651183138
2025-01-05,Karnataka,Chitradurga,577524,204,-0.007200268621002426
2025-01-05,Uttar Pradesh,Faizabad,224141,195,-0.00017461474869695515
2025-01-05,Tamil Nadu,Tiruvallur,602023,220,-0.009112801509502666
2025-01-05,Uttar Pradesh,Ghaziabad,201006,269,-0.030207250177085698
2025-01-05,Punjab,Patiala,140702,288,-0.04954375557335
2025-01-05,West Bengal,Paschim Medinipur,721156,206,-0.006344841500057985
2025-01-05,Uttar Pradesh,Mau,275302,261,-0.027746151757775506
2025-01-05,Uttar Pradesh,Azamgarh,223226,228,-0.01449907818212448
2025-01-05,Karnataka,Kodagu,571236,198,-0.0028591758664390232
2025-01-05,Kerala,Thrissur,680507,201,-0.0041856588891304725
2025-01-05,Rajasthan,Bikaner,334604,246,-0.03059815234054808
2025-01-05,Andhra Pradesh,West Godavari,534475,211,-0.006347250767922086
2025-01-05,Gujarat,Navsari,396040,209,-0.007677916705027932
2025-01-05,Kerala,Thrissur,680681,246,-0.022848861831091027
2025-01-05,Madhya Pradesh,Narsinghpur,487110,231,-0.017399510127628526
2025-01-05,Gujarat,Narmada,391121,244,-0.03059815234054808
2025-01-05,Maharashtra,Ahmadnagar,413720,229,-0.009550557967341944
2025-01-05,Kerala,Palakkad,678503,218,-0.000645117976906362
2025-01-05,Maharashtra,Mumbai Suburban,400050,274,-0.04439523031010273
2025-01-05,West Bengal,Barddhaman,713148,233,-0.015947822360960262
2025-01-05,Kerala,Ernakulam,682030,233,-0.020311740359981068
2025-01-05,West Bengal,Murshidabad,742237,278,-0.03913646132171855
2025-01-05,West Bengal,Cooch Behar,736146,253,-0.03158545459527906
2025-01-05,Jharkhand,Seraikela-Kharsawan,833101,259,-0.03589909906149946
2025-01-05,Gujarat,Porbandar,360576,216,-0.007777017735269176
2025-01-05,Uttar Pradesh,Gorakhpur,273211,282,-0.04414432455774153
2025-01-05,Maharashtra,Ahmadnagar,413711,230,-0.009212103895228974
2025-01-05,Andhra Pradesh,Prakasam,523281,215,-0.005870502689759416
2025-01-05,Telangana,Mahabubnagar,509131,210,-0.00539407706372641
2025-01-05,Tamil Nadu,Theni,625517,248,-0.029119701682081334
2025-01-05,Odisha,Bhadrak,756111,198,-0.001020162678569192
2025-01-05,Odisha,Ganjam,761125,222,-0.012571987876863977
2025-01-05,Kerala,Palakkad,679337,207,-0.00969111362005104
2025-01-05,Gujarat,Ahmedabad,382130,229,-0.016431390922767797
2025-01-05,Tamil Nadu,Villupuram,605702,201,-0.001594254191937039
2025-01-05,Odisha,JAJPUR,755026,213,-0.00959174402495555
2025-01-05,Gujarat,Ahmedabad,382170,236,-0.021285113901706287
2025-01-05,Telangana,Warangal,506122,238,-0.019339683069932723
2025-01-05,Kerala,Ernakulam,682019,251,-0.03306891522057054
2025-01-05,Kerala,Kannur,670011,260,-0.03938567521000991
2025-01-05,Odisha,Kandhamal,762100,278,-0.04439523031010273
2025-01-05,Tamil Nadu,Vellore,632202,227,-0.010650105892381134
2025-01-05,Karnataka,Bengaluru,560051,227,-0.01391684002440563
2025-01-05,Karnataka,Bangalore,560049,215,-0.004439789539457117
2025-01-05,Uttar Pradesh,Amroha,244501,188,-0.0006423511351335565
2025-01-05,Karnataka,Yadgir,585287,217,-0.013053271622407103
2025-01-05,Maharashtra,Satara,415512,221,-0.013053271622407103
2025-01-05,Karnataka,Chitradurga,577543,220,-0.01055060174205158
2025-01-05,Odisha,JAJPUR,755005,220,-0.015947822360960262
2025-01-05,Kerala,Thiruvananthapuram,695304,245,-0.02715309641639052
2025-01-05,Madhya Pradesh,Bhopal,462039,273,-0.04138543089534685
2025-01-05,West Bengal,North 24 Parganas,743412,212,-0.008733418152218286
2025-01-05,Uttar Pradesh,Shamli,247771,221,-0.008257471968897256
2025-01-05,Bihar,Madhubani,847305,272,-0.03913646132171855
2025-01-05,Telangana,Nizamabad,503305,238,-0.018854147462970983
2025-01-05,Tamil Nadu,Pudukkottai,614630,222,-0.0072993026235204095
2025-01-05,Tamil Nadu,Salem,636308,243,-0.0296121851727007
2025-01-05,Kerala,Kollam,691004,279,-0.04439523031010273
2025-01-05,Odisha,Ganjam,760003,269,-0.03267668842252569
2025-01-05,Chhattisgarh,Sukma,494114,245,-0.028135733760232484
2025-01-05,Maharashtra,Pune,411020,227,-0.018368940251649923
2025-01-05,Rajasthan,Jhalawar,326515,222,-0.006344841500057985
2025-01-05,Odisha,JAJPUR,755007,205,-0.0072993026235204095
2025-01-05,Uttar Pradesh,Gorakhpur,273405,244,-0.024069712127775866
2025-01-05,Odisha,Koraput,764020,213,-0.008733418152218286
2025-01-05,Odisha,Boudh,762017,208,-0.004439789539457117
2025-01-05,Bihar,Muzaffarpur,843122,260,-0.04138543089534685
2025-01-05,Uttar Pradesh,Ghaziabad,201013,234,-0.014981666211776767
2025-01-05,Kerala,Ernakulam,686692,296,-0.04954375557335
2025-01-05,Rajasthan,Chittorgarh,312022,237,-0.022747646085676032
2025-01-05,Andhra Pradesh,East Godavari,533462,215,-0.006090022152944963
2025-01-05,Odisha,Dhenkanal,759026,236,-0.020798262488045505
2025-01-05,Andhra Pradesh,Nellore,524346,218,-0.009112801509502666
2025-01-05,Odisha,Sundergarh,770032,209,-0.006821910617961668
2025-01-05,Tamil Nadu,Krishnagiri,635113,290,-0.04954375557335
2025-01-05,Uttar Pradesh,Hamirpur,210422,198,-0.00017461474869695515
2025-01-05,Kerala,Pathanamthitta,689503,224,-0.00491556928913961
2025-01-05,Chandigarh,Chandigarh,160019,219,-0.012571987876863977
2025-01-05,West Bengal,Bankura,722132,252,-0.03405956310710445
2025-01-05,West Bengal,Nadia,741155,231,-0.015464580864367528
2025-01-05,Uttar Pradesh,Baghpat,250645,228,-0.011453290667572613
2025-01-05,Jharkhand,Gumla,835203,255,-0.03405956310710445
2025-01-05,Maharashtra,Mumbai Suburban,400093,284,-0.04414432455774153
2025-01-05,Odisha,Sundergarh,770038,279,-0.04414432455774153
2025-01-05,Delhi,South Delhi,110016,209,-0.008255056171891484
2025-01-05,West Bengal,Barddhaman,712146,224,-0.0073017151537465574
2025-01-05,West Bengal,Nadia,741154,245,-0.025048174296160797
2025-01-05,Madhya Pradesh,Sehore,466118,197,-0.00017461474869695515
2025-01-05,Kerala,Kannur,670673,259,-0.03405956310710445
2025-01-05,Uttar Pradesh,Deoria,274506,235,-0.018368940251649923
2025-01-05,Mizoram,Aizawl,796017,220,-0.013434972197912454
2025-01-05,Arunachal Pradesh,Kra Daadi,791118,198,-0.0028591758664390232
2025-01-05,Gujarat,Kheda,387115,203,-0.0028591758664390232
2025-01-05,Tamil Nadu,Tiruvannamalai,606704,217,-0.014016816554496825
2025-01-05,West Bengal,Barddhaman,713519,217,-0.011510757837433494
2025-01-05,Kerala,Malappuram,676561,213,-0.00959174402495555
2025-01-05,Bihar,Begusarai,851117,209,-0.01055060174205158
2025-01-05,Punjab,Ludhiana,141101,231,-0.011610396725196814
2025-01-05,Tamil Nadu,Ariyalur,621805,215,-0.011610396725196814
2025-01-05,Tamil Nadu,Villupuram,606202,246,-0.020798262488045505
2025-01-05,Tamil Nadu,Ramanathapuram,623532,261,-0.0385341049773712
2025-01-05,Tamil Nadu,Salem,636110,233,-0.016431390922767797
2025-01-05,Bihar,Saran,841421,231,-0.020311740359981068
2025-01-05,Tamil Nadu,Pudukkottai,614622,267,-0.040884984481893594
2025-01-05,West Bengal,North 24 Parganas,743247,221,-0.012571987876863977
2025-01-05,Odisha,Ganjam,761001,244,-0.02568163129912182
2025-01-05,Andhra Pradesh,Anantapur,515201,254,-0.0335640715991431
2025-01-05,Telangana,K.v. Rangareddy,500075,259,-0.03589909906149946
2025-01-05,Maharashtra,Kolhapur,416206,261,-0.03257409374471942
2025-01-05,West Bengal,South 24 Parganas,743330,267,-0.03803558707953669
2025-01-05,Kerala,Kollam,690524,204,-0.004759944347044187
2025-01-05,Tamil Nadu,Tiruppur,641655,232,-0.018368940251649923
2025-01-05,West Bengal,Paschim Medinipur,721124,228,-0.012571987876863977
2025-01-05,Odisha,Khorda,752102,277,-0.04013532520314467
2025-01-05,Rajasthan,Pali,306307,221,-0.0005063576226588262
2025-01-05,Karnataka,Koppal,583230,213,-0.004759944347044187
2025-01-05,Gujarat,Vadodara,390014,253,-0.034905963648665606
2025-01-05,Odisha,Baleswar,756058,220,-0.009435084559553442
2025-01-05,Bihar,Samastipur,848216,227,-0.01788406121385666
2025-01-05,Assam,Cachar,788098,192,-0.00017461474869695515
2025-01-05,Maharashtra,Kolhapur,416103,243,-0.021142257265038156
2025-01-05,Gujarat,Gandhinagar,382006,238,-0.022747646085676032
2025-01-05,Odisha,Nabarangapur,764049,220,-0.003489195214022911
2025-01-05,Kerala,Ernakulam,682005,231,-0.020798262488045505
2025-01-05,Maharashtra,Mumbai Suburban,400053,263,-0.03306891522057054
2025-01-05,Maharashtra,Mumbai Suburban,400063,233,-0.018368940251649923
2025-01-05,Madhya Pradesh,Bhopal,462024,224,-0.012571987876863977
2025-01-05,Maharashtra,Mumbai,400033,230,-0.014016816554496936
2025-01-05,Maharashtra,Mumbai City,400008,271,-0.03267668842252569
2025-01-05,Rajasthan,Churu,331505,246,-0.028627551286355635
2025-01-05,Tamil Nadu,Krishnagiri,635110,234,-0.018854147462970983
2025-01-05,West Bengal,Hooghly,712412,275,-0.03913646132171855
2025-01-05,Uttar Pradesh,Gorakhpur,273010,237,-0.02568163129912182
2025-01-05,Bihar,Muzaffarpur,843124,205,-0.004341156752322495
2025-01-05,Bihar,Samastipur,848121,237,-0.0194404205804094
2025-01-05,West Bengal,Birbhum,731127,275,-0.04138543089534685
2025-01-05,Madhya Pradesh,Indore,452018,228,-0.01449907818212448
2025-01-05,Kerala,Thiruvananthapuram,695124,227,-0.012571987876863977
2025-01-05,Rajasthan,Dausa,322240,224,-0.012571987876863977
2025-01-05,Uttar Pradesh,Rae Bareli,229405,231,-0.019339683069932723
2025-01-05,Tamil Nadu,Namakkal,637212,200,-0.0014936279726387447
2025-01-05,Assam,Marigaon,782411,204,-0.0030167780874170713
2025-01-05,Karnataka,Mysuru,570023,247,-0.03257409374471942
2025-01-05,Uttar Pradesh,Azamgarh,276136,258,-0.03059815234054808
2025-01-05,Telangana,Nalgonda,508247,208,-0.006347250767922086
2025-01-05,Tamil Nadu,Dharmapuri,635303,246,-0.024803802574920653
2025-01-05,West Bengal,North 24 Parganas,700128,257,-0.03589909906149946
2025-01-05,Delhi,New Delhi,110021,223,-0.0124722140692205
2025-01-05,Madhya Pradesh,Rewa,486003,249,-0.02627348410196728
2025-01-05,Karnataka,Chickmagalur,577101,282,-0.04651309799386971
2025-01-05,Bihar,Purnia,853204,247,-0.020311740359981068
2025-01-05,Tamil Nadu,Villupuram,606107,211,-0.01055060174205158
2025-01-05,Kerala,Kasaragod,671318,251,-0.02529336499920165
2025-01-05,Uttarakhand,Nainital,263140,242,-0.021142257265038156
2025-01-05,Jharkhand,Dumka,814120,238,-0.020311740359981068
2025-01-05,Karnataka,Kolar,563133,220,-0.015947822360960262
2025-01-05,Maharashtra,Mumbai Suburban,400042,237,-0.020311740359981068
2025-01-05,Rajasthan,Nagaur,341301,247,-0.03257409374471942
2025-01-05,Bihar,Nawada,805112,201,-0.0018124410019055848
2025-01-05,Tamil Nadu,The Nilgiris,643001,269,-0.036044884971554336
2025-01-05,Odisha,Angul,759105,222,-0.013053271622407103
2025-01-05,Karnataka,Yadgir,585323,238,-0.020311740359981068
2025-01-05,Uttar Pradesh,Ballia,277203,275,-0.03515449475493182
2025-01-05,Bihar,Siwan,841286,270,-0.04138543089534685
2025-01-05,Andhra Pradesh,Srikakulam,532220,228,-0.010973089081119491
2025-01-05,West Bengal,Barddhaman,713502,235,-0.01788406121385666
2025-01-05,Odisha,Kendujhar,758030,281,-0.04651309799386971
2025-01-05,Andhra Pradesh,West Godavari,534328,203,-0.003966732718214572
2025-01-05,Bihar,Aurangabad,824113,242,-0.020311740359981068
2025-01-05,Gujarat,Ahmedabad,380054,222,-0.0072993026235204095
2025-01-05,Tamil Nadu,Vellore,635805,193,-0.001020162678569192
2025-01-05,Tamil Nadu,Pudukkottai,622501,222,-0.013053271622407103
2025-01-05,Maharashtra,Kolhapur,416113,232,-0.01691528677115317
2025-01-05,Odisha,Sundergarh,770012,233,-0.015947822360960262
2025-01-05,Tamil Nadu,Salem,636304,228,-0.017399510127628526
2025-01-05,West Bengal,Jalpaiguri,735218,246,-0.02323581687188614
2025-01-05,Kerala,Thrissur,680303,199,-0.00017461474869695515
2025-01-05,Uttar Pradesh,Mau,276405,218,-0.0124722140692205
2025-01-05,Karnataka,Yadgir,585291,200,-0.0024719213369818194
2025-01-05,Odisha,Cuttack,754105,231,-0.016431390922767908
2025-01-05,West Bengal,North 24 Parganas,743429,225,-0.015947822360960262
2025-01-05,Bihar,Rohtas,821311,212,-0.012091029651183138
2025-01-05,West Bengal,Barddhaman,713152,227,-0.01982554729479813
2025-01-05,Andhra Pradesh,Cuddapah,516349,193,-0.005955662443559828
2025-01-05,Gujarat,Jamnagar,361013,224,-0.011072652518537951
2025-01-05,Karnataka,Kolar,563127,205,-0.006245941417013068
2025-01-05,Rajasthan,Bharatpur,321411,243,-0.017741879561446683
2025-01-05,Gujarat,Surat,394355,230,-0.01982554729479813
2025-01-05,Tamil Nadu,Chennai,600113,256,-0.036044884971554336
2025-01-05,Bihar,Jehanabad,804420,210,-0.010650105892381134
2025-01-05,Odisha,Mayurbhanj,757026,272,-0.03813894816147245
2025-01-05,Telangana,Mahabubnagar,509376,246,-0.021285113901706287
2025-01-05,Madhya Pradesh,Betul,460557,236,-0.020798262488045505
2025-01-05,Gujarat,Anand,388130,283,-0.04013532520314467
2025-01-05,Telangana,Mahabubnagar,509380,235,-0.015947822360960262
2025-01-05,Odisha,Nayagarh,752083,220,-0.012571987876863977
2025-01-05,Jammu and Kashmir,Baramula,193303,226,-0.0072993026235204095
2025-01-05,Gujarat,Amreli,365480,221,-0.015947822360960262
2025-01-05,Uttar Pradesh,Sant Kabir Nagar,272173,232,-0.016431390922767797
2025-01-05,Karnataka,Gulbarga,585101,222,-0.004439789539457117
2025-01-05,Maharashtra,Solapur,413209,248,-0.031091636469121275
2025-01-05,Karnataka,Belgaum,591129,218,-0.0056134480532805675
2025-01-05,West Bengal,North 24 Parganas,743245,210,-0.011610396725196814
2025-01-05,Tamil Nadu,Erode,638506,238,-0.02568163129912182
2025-01-05,Mizoram,Saiha,796901,208,-0.00672294359783232
2025-01-05,Delhi,South West Delhi,110067,246,-0.027644248878572975
2025-01-05,Maharashtra,Pune,412109,289,-0.04651309799386971
2025-01-05,Kerala,Thiruvananthapuram,695562,257,-0.03639617095165937
2025-01-05,Gujarat,Vadodara,391310,242,-0.025191806268023864
2025-01-05,Delhi,South West Delhi,110072,256,-0.033914171210647215
2025-01-05,Punjab,Ludhiana,141120,254,-0.03639617095165937
2025-01-05,Tamil Nadu,Tiruvallur,600124,251,-0.028627551286355635
2025-01-05,Tamil Nadu,Vellore,635653,272,-0.03764069753090693
2025-01-05,Karnataka,Davangere,577005,261,-0.03888658134627698
2025-01-05,Assam,Kamrup Metro,782402,298,-0.04954375557335
2025-01-05,Gujarat,Bhavnagar,364330,217,-0.012091029651183138
2025-01-05,Kerala,Idukki,685553,250,-0.020311740359981068
2025-01-05,Jammu and Kashmir,Kulgam,192232,253,-0.028627551286355635
2025-01-05,Uttarakhand,Dehradun,248198,236,-0.014357568324735004
2025-01-05,Karnataka,Gadag,582205,201,-0.0041856588891304725
2025-01-05,Kerala,Palakkad,678612,275,-0.043140039476850967
2025-01-05,Gujarat,Gandhinagar,382028,258,-0.03803558707953669
2025-01-05,Gujarat,Bharuch,393010,266,-0.030207250177085698
2025-01-05,Karnataka,Bengaluru,560027,217,-0.011610396725196814
2025-01-05,Bihar,Saran,841442,274,-0.03267668842252569
2025-01-05,Uttar Pradesh,Bulandshahr,245411,224,-0.012953430286329004
2025-01-05,Jammu and Kashmir,Reasi,185203,257,-0.03257409374471942
2025-01-05,Karnataka,Tumakuru,572104,265,-0.02725493037281823
2025-01-05,Kerala,Kannur,670306,239,-0.017399510127628526
2025-01-05,Maharashtra,Nashik,422205,233,-0.012430860476242866
2025-01-05,Madhya Pradesh,Chhindwara,480109,232,-0.006204949959672801
2025-01-05,Tamil Nadu,Salem,636351,242,-0.026171787851271278
2025-01-05,Karnataka,Chickmagalur,577132,191,-7.419256922147621e-05
2025-01-05,Jharkhand,Dhanbad,828114,219,-0.004439789539457117
2025-01-05,Kerala,Ernakulam,682314,252,-0.02725493037281823
2025-01-05,Uttar Pradesh,Azamgarh,223222,269,-0.03753740635801239
2025-01-05,West Bengal,Hooghly,712301,208,-0.00969111362005104
2025-01-05,West Bengal,Nadia,741122,221,-0.004439789539457117
2025-01-05,Andhra Pradesh,Srikakulam,532408,203,-0.0030167780874170713
2025-01-05,Tamil Nadu,Coimbatore,642005,218,-0.013053271622407103
2025-01-05,Rajasthan,Alwar,301019,217,-0.0011183294350018969
2025-01-05,Tamil Nadu,Ariyalur,612903,207,-0.008634182930403522
2025-01-05,Odisha,Ganjam,761140,200,-0.0014936279726387447
2025-01-05,West Bengal,North 24 Parganas,743249,210,-0.0072993026235204095
2025-01-05,Karnataka,Bengaluru,562149,195,-0.0010617033782618357
2025-01-05,Karnataka,Dakshina Kannada,575020,236,-0.021285113901706287
2025-01-05,Kerala,Ernakulam,683101,279,-0.03913646132171855
2025-01-05,Odisha,Kandhamal,762010,249,-0.031091636469121275
2025-01-05,Tamil Nadu,Tiruvallur,631205,218,-0.008257471968897256
2025-01-05,Tamil Nadu,Karur,639001,223,-0.004439789539457117
2025-01-05,Andhra Pradesh,Cuddapah,516233,204,-0.00539407706372641
2025-01-05,Gujarat,Junagadh,362260,244,-0.026171787851271278
2025-01-05,Andhra Pradesh,Krishna,521402,210,-0.006347250767922086
2025-01-05,Karnataka,Chitradurga,577557,261,-0.029714364209798227
2025-01-05,Bihar,Begusarai,851126,214,-0.012091029651183138
2025-01-05,Odisha,Jajapur,755022,201,-0.0038089170898686353
2025-01-05,Karnataka,Dharwad,580032,220,-0.000645117976906362
2025-01-05,West Bengal,Paschim Medinipur,721147,214,-0.010170447545960304
2025-01-05,Karnataka,Mysuru,570026,248,-0.027644248878572975
2025-01-05,Uttar Pradesh,Hamirpur,210501,237,-0.022747646085676032
2025-01-05,Kerala,Kasaragod,671121,229,-0.01584757489340083
2025-01-05,Kerala,Alappuzha,688530,246,-0.031934607997321285
2025-01-05,Maharashtra,Pune,412406,220,-0.003014380203118505
2025-01-05,Gujarat,Jamnagar,360531,225,-0.015947822360960262
2025-01-05,Tamil Nadu,Thoothukkudi,628003,233,-0.014981666211776767
2025-01-05,West Bengal,Purba Medinipur,721657,232,-0.020798262488045505
2025-01-05,Uttar Pradesh,Ghazipur,233307,213,-0.0124722140692205
2025-01-05,Jammu and Kashmir,Kathua,184104,223,-0.015947822360960262
2025-01-05,Uttar Pradesh,Varanasi,221112,216,-0.0073017151537465574
2025-01-05,Odisha,Mayurbhanj,757084,239,-0.02470231253375066
2025-01-05,Jharkhand,Bokaro,829104,230,-0.014016816554496936
2025-01-05,Uttar Pradesh,Saharanpur,247453,226,-0.011453290667572613
2025-01-05,Karnataka,Kalaburagi,585313,231,-0.011453290667572613
2025-01-05,Kerala,Idukki,685552,250,-0.026764041229120128
2025-01-05,Odisha,Cuttack,754134,212,-0.011130088878886224
2025-01-05,Andhra Pradesh,Chittoor,517418,209,-0.0024719213369818194
2025-01-05,Kerala,Kasaragod,671312,239,-0.020311740359981068
2025-01-05,Karnataka,Haveri,581102,208,-0.007677916705027932
2025-01-05,Himachal Pradesh,Solan,171102,236,-0.014357568324735004
2025-01-05,Rajasthan,Sirohi,307510,259,-0.03903296027972203
2025-01-05,Telangana,K.v. Rangareddy,501359,206,-0.003964331586968184
2025-01-05,Tamil Nadu,Salem,636116,298,-0.04954375557335
2025-01-05,Andhra Pradesh,Chittoor,517299,203,-0.003966732718214572
2025-01-05,Gujarat,Mahesana,382165,268,-0.03267668842252569
2025-01-05,Uttarakhand,Udham Singh Nagar,263151,247,-0.028627551286355635
2025-01-05,Kerala,Kannur,670591,203,-0.004759944347044187
2025-01-05,West Bengal,South 24 Parganas,743363,277,-0.04439523031010273
2025-01-05,Gujarat,Kheda,388245,263,-0.03903296027972203
2025-01-05,Tripura,North Tripura,799253,241,-0.026171787851271278
2025-01-05,Gujarat,Sabarkantha,383462,236,-0.019339683069932723
2025-01-05,Bihar,Rohtas,821108,277,-0.04253441392440438
2025-01-05,Odisha,Kendujhar,758078,223,-0.015947822360960262
2025-01-05,Andhra Pradesh,Srikakulam,532264,244,-0.02138612441191612
2025-01-05,Odisha,Kandhamal,762102,229,-0.018854147462970983
2025-01-05,Meghalaya,Ri Bhoi,793102,252,-0.027644248878572975
2025-01-05,Bihar,Supaul,847451,241,-0.020798262488045505
2025-01-05,Andhra Pradesh,Guntur,522007,230,-0.010973089081119491
2025-01-05,West Bengal,South 24 Parganas,700144,251,-0.03094683359728212
2025-01-05,Tamil Nadu,Madurai,625701,253,-0.026764041229120128
2025-01-05,Bihar,Bhojpur,802163,242,-0.027644248878572975
2025-01-05,Tamil Nadu,Erode,638504,249,-0.029119701682081334
2025-01-05,Uttar Pradesh,Ghazipur,233229,274,-0.03267668842252569
2025-01-05,Rajasthan,Barmer,344703,285,-0.04651309799386971
2025-01-05,Bihar,Darbhanga,847204,242,-0.027644248878572975
2025-01-05,Karnataka,Kolar,563137,225,-0.011510757837433494
2025-01-05,Tamil Nadu,Salem,637501,239,-0.020655502473532428
2025-01-05,Maharashtra,Satara,415106,221,-0.0005063576226588262
2025-01-05,Odisha,Bhadrak,756171,209,-0.00672294359783232
2025-01-05,Gujarat,Ahmedabad,382435,271,-0.03903296027972203
2025-01-05,Odisha,Jagatsinghapur,754108,255,-0.03505155241862956
2025-01-05,Bihar,Darbhanga,846007,280,-0.044898052511468056
2025-01-05,Karnataka,Chitradurga,577540,224,-0.01982554729479813
2025-01-05,Gujarat,Ahmedabad,382120,212,-0.012091029651183138
2025-01-05,Kerala,Kasaragod,671552,230,-0.015947822360960262
2025-01-05,Karnataka,Dakshina Kannada,574231,214,-0.01391684002440563
2025-01-05,Karnataka,Chitradurga,577533,221,-0.00959174402495555
2025-01-05,Jammu and Kashmir,Rajouri,185152,257,-0.03540236336963165
2025-01-05,Odisha,Sambalpur,768228,253,-0.03639617095165937
2025-01-05,Karnataka,Gadag,582117,200,-0.0006475077630320181
2025-01-05,Gujarat,Rajkot,360450,236,-0.020311740359981068
2025-01-05,Telangana,Mahabubnagar,509320,202,-0.004858635902087349
2025-01-05,Tamil Nadu,Chennai,600026,249,-0.024069712127775866
2025-01-05,Karnataka,Bellary,583117,217,-0.012091029651183138
2025-01-05,Gujarat,Jamnagar,361110,231,-0.016431390922767797
2025-01-05,Karnataka,Davangere,577516,255,-0.024213149872227002
2025-01-05,Gujarat,Vadodara,391350,228,-0.01391684002440563
2025-01-05,Odisha,Jharsuguda,768213,225,-0.019339683069932723
2025-01-05,Kerala,Ernakulam,683520,238,-0.018368940251649923
2025-01-05,West Bengal,Barddhaman,713126,207,-0.004816869745830399
2025-01-05,Uttar Pradesh,Kanpur Nagar,208006,247,-0.028627551286355635
2025-01-05,Odisha,Jajapur,755006,203,-0.005769261860187891
2025-01-05,Odisha,Kendujhar,758017,227,-0.019339683069932723
2025-01-05,Punjab,Gurdaspur,143528,222,-0.0014529129217705217
2025-01-05,Karnataka,Mandya,571418,219,-0.010071010696007354
2025-01-05,Karnataka,Davangere,577534,243,-0.027644248878572975
2025-01-05,Assam,Kokrajhar,783361,195,-0.001020162678569192
2025-01-05,Tamil Nadu,Thoothukkudi,628952,226,-0.014016816554496825
2025-01-05,Gujarat,Mahesana,384210,272,-0.04439523031010273
2025-01-05,Andhra Pradesh,Cuddapah,516505,188,-0.0006423511351335565
2025-01-05,Karnataka,Haveri,581203,200,-0.0005470176162938323
2025-01-05,Kerala,Pathanamthitta,689711,228,-0.008255056171891484
2025-01-05,Odisha,Cuttack,753004,256,-0.033914171210647215
2025-01-05,Odisha,Koraput,764001,277,-0.03764069753090693
2025-01-05,Bihar,Nalanda,801304,238,-0.018368940251649923
2025-01-05,Punjab,SAS Nagar (Mohali),140306,254,-0.033914171210647215
2025-01-05,Andhra Pradesh,Anantapur,515766,234,-0.016814903559642658
2025-01-05,Kerala,Kannur,670691,226,-0.01391684002440563
2025-01-05,Tamil Nadu,Tiruvannamalai,606802,224,-0.010973089081119491
2025-01-05,Gujarat,Panchmahals,389341,247,-0.028135733760232484
2025-01-05,Karnataka,Belagavi,591307,221,-0.010071010696007354
2025-01-05,Kerala,Palakkad,679307,255,-0.03306891522057054
2025-01-05,Karnataka,Bengaluru,560041,225,-0.01449907818212448
2025-01-05,Andhra Pradesh,West Godavari,534305,210,-0.0030167780874170713
2025-01-05,Karnataka,Haveri,581126,210,-0.009112801509502666
2025-01-05,Odisha,Ganjam,761054,273,-0.03813894816147245
2025-01-05,Odisha,Puri,752105,253,-0.03341877803958293
2025-01-05,Gujarat,Rajkot,360023,209,-0.004442192295825653
2025-01-05,Karnataka,Tumakuru,572218,205,-0.00539407706372641
2025-01-05,Tamil Nadu,Chennai,600112,213,-0.012091029651183138
2025-01-05,Madhya Pradesh,Chhindwara,480449,205,-0.003014380203118505
2025-01-05,Bihar,Patna,801502,235,-0.018368940251649923
2025-01-05,Telangana,Adilabad,504304,207,-0.00969111362005104
2025-01-05,Odisha,Sundergarh,769012,277,-0.03913646132171855
2025-01-05,Karnataka,Bengaluru,560093,198,-0.0005470176162938323
2025-01-05,West Bengal,Dakshin Dinajpur,733140,284,-0.04792214045917176
2025-01-05,Telangana,Nalgonda,508254,249,-0.02323581687188614
2025-01-05,Karnataka,Bagalkot,587112,199,-0.0029576006891577356
2025-01-05,Karnataka,Belagavi,591235,259,-0.029119701682081334
2025-01-05,Karnataka,Koppal,583268,212,-0.004858635902087349
2025-01-05,Tamil Nadu,Madurai,625501,224,-0.012571987876863977
2025-01-05,Andhra Pradesh,Anantapur,515591,253,-0.02568163129912182
2025-01-05,Bihar,Saran,841220,237,-0.020311740359981068
2025-01-05,Karnataka,Dharwad,580114,217,-0.015947822360960262
2025-01-05,Andhra Pradesh,West Godavari,534218,205,-0.002068108039898431
2025-01-05,Bihar,Patna,803301,274,-0.03913646132171855
2025-01-05,West Bengal,Purba Medinipur,721650,274,-0.03813894816147245
2025-01-05,Uttar Pradesh,Siddharthnagar,272195,236,-0.016431390922767797
2025-01-05,Andhra Pradesh,West Godavari,534146,204,-0.004759944347044187
2025-01-05,Bihar,Bhojpur,802183,283,-0.04792214045917176
2025-01-05,Tamil Nadu,Theni,625533,257,-0.02725493037281823
2025-01-05,Kerala,Wayanad,673591,229,-0.008733418152218286
2025-01-05,Maharashtra,Pune,412412,239,-0.02323581687188614
2025-01-05,Gujarat,Banaskantha,385540,232,-0.012091029651183138
2025-01-05,Assam,Dibrugarh,786184,225,-0.010973089081119491
2025-01-05,Kerala,Palakkad,678001,250,-0.03292371993139642
2025-01-05,Jammu and Kashmir,Doda,182221,199,-0.0029159474137236963
2025-01-05,Gujarat,Banaskantha,385510,222,-0.012091029651183138
2025-01-05,Madhya Pradesh,Bhind,477333,206,-0.003966732718214572
2025-01-05,Goa,South Goa,403726,248,-0.026764041229120128
2025-01-05,Punjab,Rupnagar,140114,221,-0.0014529129217705217
2025-01-05,Karnataka,Kolar,563138,251,-0.02627348410196728
2025-01-05,Rajasthan,Baran,325218,245,-0.020655502473532428
2025-01-05,Odisha,Boudh,762020,230,-0.009212103895228974
2025-01-05,Gujarat,Bharuch,392015,267,-0.036044884971554336
2025-01-05,Gujarat,Patan,384290,262,-0.04138543089534685
2025-01-05,Uttar Pradesh,Mirzapur,231306,208,-0.0024719213369818194
2025-01-05,Kerala,Thrissur,680301,238,-0.020311740359981068
2025-01-05,Tamil Nadu,Dharmapuri,635301,242,-0.01982554729479813
2025-01-05,West Bengal,Barddhaman,713512,282,-0.03913646132171855
2025-01-05,Andhra Pradesh,Guntur,522408,194,-0.0030167780874170713
2025-01-05,Tamil Nadu,Vellore,631052,279,-0.04439523031010273
2025-01-05,West Bengal,Puruliya,723151,237,-0.020798262488045505
2025-01-05,Rajasthan,Bhilwara,311204,232,-0.022259805477429673
2025-01-05,Gujarat,Amreli,365650,275,-0.03913646132171855
2025-01-05,West Bengal,North 24 Parganas,743428,249,-0.022747646085676032
2025-01-05,Uttar Pradesh,Jaunpur,222146,211,-0.0034915947212461607
2025-01-05,Karnataka,Chikkaballapur,563128,203,-0.001594254191937039
2025-01-05,Odisha,Cuttack,754027,260,-0.03938567521000991
2025-01-05,Maharashtra,Solapur,413314,235,-0.015464580864367528
2025-01-05,West Bengal,South 24 Parganas,743377,251,-0.020798262488045505
2025-01-05,Uttarakhand,Haridwar,247668,265,-0.04138543089534685
2025-01-05,Uttar Pradesh,Jaunpur,222137,213,-0.011510757837433494
2025-01-05,Kerala,Ernakulam,682507,233,-0.015947822360960262
2025-01-05,Tamil Nadu,Chennai,600020,252,-0.03059815234054808
2025-01-05,West Bengal,Paschim Medinipur,721140,253,-0.027746151757775506
2025-01-05,Rajasthan,Ajmer,305622,241,-0.022747646085676032
2025-01-05,Odisha,Khorda,752061,220,-0.0011183294350018969
2025-01-05,Odisha,Ganjam,761122,212,-0.01055060174205158
2025-01-05,Uttar Pradesh,Ghazipur,233228,211,-0.00959174402495555
2025-01-05,Karnataka,Bellary,583122,221,-0.016431390922767797
2025-01-05,Tamil Nadu,Krishnagiri,635118,264,-0.036044884971554336
2025-01-05,West Bengal,North 24 Parganas,743435,263,-0.04138543089534685
2025-01-05,Maharashtra,Pune,411047,240,-0.020798262488045505
2025-01-05,Kerala,Ernakulam,682020,274,-0.03913646132171855
2025-01-05,West Bengal,Barddhaman,713213,229,-0.005728298127726461
2025-01-05,Kerala,Palakkad,678571,235,-0.014357568324735004
2025-01-05,Karnataka,Davangere,583137,196,-0.000577336665070316
2025-01-05,Jharkhand,Dhanbad,828101,233,-0.01146946016516237
2025-01-05,Manipur,Imphal West,795004,282,-0.04414432455774153
2025-01-05,Uttar Pradesh,Balrampur,271215,212,-0.008733418152218286
2025-01-05,Rajasthan,Udaipur,313204,211,-0.010650105892381134
2025-01-05,Gujarat,Amreli,365450,209,-0.00672294359783232
2025-01-05,Tamil Nadu,Tiruvallur,600103,232,-0.022259805477429673
2025-01-05,Uttar Pradesh,Jhansi,284120,270,-0.03267668842252569
2025-01-05,West Bengal,Hooghly,712616,244,-0.026171787851271278
2025-01-05,Gujarat,Panchmahals,389310,230,-0.020311740359981068
2025-01-05,Tamil Nadu,Theni,625536,213,-0.00491556928913961
2025-01-05,Tamil Nadu,Vellore,632012,256,-0.026764041229120128
2025-01-05,Kerala,Wayanad,673122,256,-0.027644248878572975
2025-01-05,Mizoram,Lawngtlai,796770,233,-0.020798262488045505
2025-01-05,Uttar Pradesh,Azamgarh,276129,216,-0.0124722140692205
2025-01-05,Telangana,Nizamabad,503114,202,-0.0011207208385711764
2025-01-05,Kerala,Kottayam,686105,242,-0.02372431805952957
2025-01-05,Uttar Pradesh,Rae Bareli,229310,224,-0.0073017151537465574
2025-01-05,Uttar Pradesh,Jhansi,284201,199,-0.0029159474137236963
2025-01-05,Kerala,Ernakulam,682506,207,-0.0024719213369818194
2025-01-05,Karnataka,Belagavi,590010,195,-0.000577336665070316
2025-01-05,Gujarat,Porbandar,360545,264,-0.04439523031010273
2025-01-05,Andhra Pradesh,Khammam,507101,236,-0.012430860476242866
2025-01-05,Rajasthan,Sikar,332719,236,-0.018854147462970983
2025-01-05,Uttar Pradesh,Lalitpur,284123,226,-0.015947822360960262
2025-01-05,Bihar,Madhepura,852121,270,-0.04138543089534685
2025-01-05,Gujarat,Banaskantha,385505,262,-0.0385341049773712
2025-01-05,Rajasthan,Bikaner,334601,233,-0.014016816554496936
2025-01-05,Jharkhand,Deoghar,814120,216,-0.012091029651183138
2025-01-05,Tamil Nadu,Kancheepuram,603306,266,-0.036044884971554336
2025-01-05,Andhra Pradesh,Vizianagaram,535126,235,-0.015947822360960262
2025-01-05,Manipur,Imphal East,795002,201,-0.0029576006891577356
2025-01-05,Uttar Pradesh,Mathura,281201,258,-0.026764041229120128
2025-01-05,Madhya Pradesh,Ujjain,456331,210,-0.0024719213369818194
2025-01-05,Madhya Pradesh,Datia,475685,266,-0.03515449475493182
2025-01-05,Maharashtra,Kolhapur,416013,218,-0.013053271622407103
2025-01-05,Andhra Pradesh,Srikakulam,532292,217,-0.0073017151537465574
2025-01-05,Tamil Nadu,Virudhunagar,626005,196,-0.001020162678569192
2025-01-05,Tamil Nadu,Pudukkottai,622304,208,-0.000645117976906362
2025-01-05,Karnataka,Gadag,582113,217,-0.012091029651183138
2025-01-05,Jharkhand,Bokaro,827001,236,-0.020798262488045505
2025-01-05,Mizoram,Lunglei,796730,214,-0.006753530497735971
2025-01-05,Maharashtra,Raigarh,402106,252,-0.027644248878572975
2025-01-05,Punjab,Shaheed Bhagat Singh Nagar,144517,247,-0.032428996659465525
2025-01-05,Odisha,Khorda,752103,253,-0.032079606945075834
2025-01-05,West Bengal,Howrah,711409,260,-0.03639617095165937
2025-01-05,West Bengal,Cooch Behar,736165,263,-0.040884984481893594
2025-01-05,Kerala,Malappuram,676103,212,-0.01055060174205158
2025-01-05,Gujarat,Bharuch,392020,238,-0.02372431805952957
2025-01-05,Bihar,Buxar,802112,249,-0.02627348410196728
2025-01-05,Jammu and Kashmir,Kathua,184148,220,-0.011510757837433494
2025-01-05,West Bengal,Bankura,722139,239,-0.02089920467904105
2025-01-05,West Bengal,Murshidabad,742306,236,-0.024213149872227002
2025-01-05,Maharashtra,Mumbai Suburban,400064,248,-0.020798262488045505
2025-01-05,Gujarat,Ahmedabad,382433,262,-0.040884984481893594
2025-01-05,Uttar Pradesh,Budaun,243637,202,-0.00017461474869695515
2025-01-05,Maharashtra,Mumbai City,400010,222,-0.01391684002440563
2025-01-05,Karnataka,Bagalkot,587330,231,-0.020311740359981068
2025-01-05,Tamil Nadu,Cuddalore,606110,207,-0.0034915947212461607
2025-01-05,Andhra Pradesh,West Godavari,534217,236,-0.019339683069932723
2025-01-05,Goa,North Goa,403505,231,-0.016431390922767797
2025-01-05,Karnataka,Bengaluru,560103,230,-0.015947822360960262
2025-01-05,Maharashtra,Mumbai City,400011,210,-0.006245941417013068
2025-01-05,Maharashtra,Pune,413105,279,-0.04439523031010273
2025-01-05,Gujarat,Surat,394430,252,-0.02372431805952957
2025-01-05,Rajasthan,Karauli,322220,284,-0.044898052511468056
2025-01-05,Karnataka,Belgaum,591222,232,-0.020311740359981068
2025-01-05,Odisha,Cuttack,753002,230,-0.01788406121385666
2025-01-05,Odisha,Mayurbhanj,757021,216,-0.000645117976906362
2025-01-05,Karnataka,Bagalkot,587113,236,-0.020798262488045505
2025-01-05,Gujarat,Kachchh,370130,199,-0.0029159474137236963
2025-01-05,West Bengal,Bankura,722158,246,-0.02333710112166132
2025-01-05,Uttar Pradesh,Sonbhadra,231217,240,-0.018854147462970983
2025-01-05,Tamil Nadu,Tirunelveli,627357,282,-0.04414432455774153
2025-01-05,Bihar,Saran,841460,254,-0.03505155241862956
2025-01-05,Rajasthan,Hanumangarh,335502,241,-0.020655502473532428
2025-01-05,Rajasthan,Sawai Madhopur,322219,288,-0.04954375557335
2025-01-05,Gujarat,Narmada,393140,265,-0.036044884971554336
2025-01-05,Puducherry,Puducherry,605008,271,-0.03267668842252569
2025-01-05,Rajasthan,Dausa,303511,239,-0.021285113901706287
2025-01-05,Rajasthan,Jaipur,303908,223,-0.008733418152218286
2025-01-05,Odisha,Sundergarh,769003,287,-0.04954375557335
2025-01-05,Kerala,Palakkad,678642,213,-0.0056134480532805675
2025-01-05,Tamil Nadu,Villupuram,605701,193,-0.0030167780874170713
2025-01-05,Madhya Pradesh,Betul,460004,293,-0.04954375557335
2025-01-05,West Bengal,Paschim Medinipur,721260,239,-0.025191806268023864
2025-01-05,Odisha,Bhadrak,756123,203,-0.003333885832681349
2025-01-05,Maharashtra,Pune,412209,219,-0.013053271622407103
2025-01-05,Odisha,Kalahandi,766037,246,-0.03059815234054808
2025-01-05,West Bengal,North 24 Parganas,743329,194,-0.001020162678569192
2025-01-05,Rajasthan,Jaipur,303003,218,-0.0025398863368993885
2025-01-05,Bihar,Samastipur,848113,229,-0.019339683069932723
2025-01-05,West Bengal,Nadia,741249,218,-0.005868095051421607
2025-01-05,Bihar,Araria,854102,297,-0.04954375557335
2025-01-05,Karnataka,Belagavi,591220,202,-0.0011207208385711764
2025-01-05,Odisha,Mayurbhanj,757051,210,-0.010650105892381134
2025-01-05,Haryana,Hisar,125049,249,-0.027991517526702037
2025-01-05,Andhra Pradesh,West Godavari,534311,215,-0.0001722265789211308
2025-01-05,Rajasthan,Ajmer,305814,244,-0.020798262488045505
2025-01-05,Uttarakhand,Haridwar,246763,232,-0.01982554729479813
2025-01-05,Rajasthan,Nagaur,341504,292,-0.04954375557335
2025-01-05,Odisha,Cuttack,754007,229,-0.008593052566945425
2025-01-05,Uttar Pradesh,Mau,275102,264,-0.02725493037281823
2025-01-05,Kerala,Malappuram,676311,249,-0.029119701682081334
2025-01-05,Tamil Nadu,Coimbatore,641048,224,-0.003489195214022911
2025-01-05,Kerala,Palakkad,679122,219,-0.0011183294350018969
2025-01-05,Kerala,Ernakulam,683541,234,-0.01982554729479813
2025-01-05,Uttar Pradesh,Bijnor,246736,235,-0.01241466908372102
2025-01-05,Tamil Nadu,Tiruvannamalai,606751,229,-0.01691528677115317
2025-01-05,Odisha,Sonapur,767017,240,-0.020798262488045505
2025-01-05,Kerala,Kollam,691532,208,-0.00529290470914745
2025-01-05,Rajasthan,Tonk,304804,230,-0.009550557967341944
2025-01-05,Maharashtra,Jalgaon,425115,240,-0.020655502473532428
2025-01-05,Gujarat,Rajkot,360405,214,-0.010071010696007354
2025-01-05,Kerala,Ernakulam,682026,212,-0.012091029651183138
2025-01-05,Kerala,Kottayam,686541,218,-0.01391684002440563
2025-01-05,Tamil Nadu,Erode,638112,222,-0.004439789539457117
2025-01-05,Andhra Pradesh,Kurnool,518594,199,-0.003966732718214572
2025-01-05,Telangana,Karimnagar,505404,263,-0.03405956310710445
2025-01-05,Uttar Pradesh,Sonbhadra,231222,209,-0.00959174402495555
2025-01-05,Tamil Nadu,Vellore,635854,238,-0.022747646085676032
2025-01-05,Andhra Pradesh,Guntur,522268,215,-0.011510757837433494
2025-01-05,Odisha,Baleswar,756023,200,-0.0022864425220274764
2025-01-05,Karnataka,Chitradurga,577541,263,-0.03405956310710445
2025-01-05,Telangana,Medak,502270,268,-0.03565106268554086
2025-01-05,Tamil Nadu,Tiruppur,638106,238,-0.018854147462970983
2025-01-05,Uttar Pradesh,Faizabad,224123,242,-0.020798262488045505
2025-01-05,Telangana,Adilabad,504251,189,-0.005955662443559828
2025-01-05,Kerala,Palakkad,679552,268,-0.03753740635801239
2025-01-05,West Bengal,North 24 Parganas,743704,218,-0.012091029651183138
2025-01-05,Kerala,Kannur,670604,207,-0.006245941417013068
2025-01-05,Gujarat,Devbhumi Dwarka,361325,207,-0.0030167780874170713
2025-01-05,Odisha,Mayurbhanj,757074,228,-0.008593052566945425
2025-01-05,Jammu and Kashmir,Bandipore,193504,232,-0.019339683069932723
2025-01-05,Odisha,Jagatsinghapur,754135,231,-0.021285113901706287
2025-01-05,Tamil Nadu,Thoothukkudi,628204,240,-0.025191806268023864
2025-01-05,Uttarakhand,Bageshwar,263679,239,-0.018854147462970983
2025-01-05,Andhra Pradesh,Guntur,522016,202,-0.0030167780874170713
2025-01-05,Karnataka,Bengaluru,560092,281,-0.04600918344440841
2025-01-05,Gujarat,Patan,384275,216,-0.012091029651183138
2025-01-05,Karnataka,Bidar,585413,284,-0.04792214045917176
2025-01-05,Karnataka,Chamrajanagar,571117,200,-0.0038657655108571554
2025-01-05,Kerala,Alappuzha,690516,238,-0.02568163129912182
2025-01-05,Maharashtra,Solapur,413107,261,-0.03689357926765535
2025-01-05,Odisha,Nayagarh,752065,227,-0.010650105892381134
2025-01-05,Kerala,Kannur,670511,223,-0.0124722140692205
2025-01-05,Madhya Pradesh,Katni,483334,240,-0.020311740359981068
2025-01-05,Odisha,JAJPUR,755009,241,-0.019339683069932723
2025-01-05,West Bengal,Hooghly,712706,236,-0.012430860476242866
2025-01-05,Rajasthan,Nagaur,341502,250,-0.034905963648665606
2025-01-05,Telangana,K.v. Rangareddy,501203,221,-0.015464580864367528
2025-01-05,Odisha,Jagatsinghapur,754106,251,-0.03010500198365751
2025-01-05,Odisha,Kendrapara,754246,255,-0.036044884971554336
2025-01-05,Tamil Nadu,Salem,637105,201,-0.004816869745830399
2025-01-05,Kerala,Kollam,691302,222,-0.015947822360960262
2025-01-05,Andhra Pradesh,Nellore,524411,220,-0.0073017151537465574
2025-01-05,Puducherry,Puducherry,605009,227,-0.011552921491043922
2025-01-05,West Bengal,Hooghly,712617,201,-0.004816869745830399
2025-01-05,Kerala,Alappuzha,688539,259,-0.03938567521000991
2025-01-05,Kerala,Kollam,691507,260,-0.027746151757775506
2025-01-05,Uttar Pradesh,Jaunpur,222204,195,-0.003966732718214572
2025-01-05,West Bengal,Paschim Medinipur,721253,245,-0.020798262488045505
2025-01-05,Kerala,Kannur,670601,293,-0.04954375557335
2025-01-05,Karnataka,Haveri,581119,224,-0.006821910617961668
2025-01-05,Tripura,North Tripura,799262,221,-0.016431390922767797
2025-01-05,Gujarat,Banaskantha,385410,262,-0.04138543089534685
2025-01-05,Odisha,Kendrapara,755016,257,-0.03639617095165937
2025-01-05,Telangana,Nalgonda,508355,222,-0.011510757837433494
2025-01-05,Odisha,Khorda,752027,268,-0.04439523031010273
2025-01-05,West Bengal,North 24 Parganas,743234,226,-0.00668192439684856
2025-01-05,Bihar,Buxar,802134,280,-0.04439523031010273
2025-01-05,Kerala,Alappuzha,690503,212,-0.01055060174205158
2025-01-05,Tamil Nadu,Ariyalur,621803,293,-0.04954375557335
2025-01-05,Telangana,Medak,502319,261,-0.02725493037281823
2025-01-05,Jharkhand,West Singhbhum,833106,208,-0.01055060174205158
2025-01-05,Uttar Pradesh,Pratapgarh,230502,240,-0.02138612441191612
2025-01-05,Bihar,Banka,813118,206,-0.004816869745830399
2025-01-05,Kerala,Malappuram,679586,247,-0.03094683359728212
2025-01-05,Karnataka,Mysuru,570001,210,-0.008733418152218286
2025-01-05,Tamil Nadu,Chennai,600032,257,-0.03639617095165937
2025-01-05,Kerala,Kozhikode,673028,229,-0.011072652518537951
2025-01-05,Andhra Pradesh,West Godavari,534448,225,-0.012953430286329004
2025-01-05,Rajasthan,Barmer,344043,240,-0.014357568324735004
2025-01-05,Jammu and Kashmir,Doda,182143,249,-0.032428996659465525
2025-01-05,Uttar Pradesh,Ballia,277503,213,-0.006090022152944963
2025-01-05,Uttar Pradesh,Lucknow,226301,207,-0.0024719213369818194
2025-01-05,Karnataka,Gadag,582115,230,-0.01449907818212448
2025-01-05,Bihar,Purnia,854317,230,-0.017399510127628526
2025-01-05,Tamil Nadu,Krishnagiri,635105,205,-0.000645117976906362
2025-01-05,Kerala,Palakkad,679304,197,-0.0029159474137236963
2025-01-05,Kerala,Alappuzha,690514,204,-0.0011183294350018969
2025-01-05,Kerala,Ernakulam,683102,225,-0.015947822360960262
2025-01-05,Maharashtra,Thane,401106,281,-0.041135541634746975
2025-01-05,Kerala,Thiruvananthapuram,695607,230,-0.014399033986392862
2025-01-05,Andhra Pradesh,Anantapur,515761,239,-0.02568163129912182
2025-01-05,Rajasthan,Bhilwara,311601,224,-0.012571987876863977
2025-01-05,West Bengal,Purba Medinipur,721429,251,-0.025783258766797768
2025-01-05,Tamil Nadu,Villupuram,604202,206,-0.0041856588891304725
2025-01-05,Kerala,Malappuram,679326,294,-0.04954375557335
2025-01-05,West Bengal,Birbhum,731121,219,-0.015947822360960262
2025-01-05,Odisha,Kendujhar,758081,217,-0.013434972197912454
2025-01-05,Tamil Nadu,Coimbatore,641014,249,-0.03059815234054808
2025-01-05,Karnataka,Yadgir,585237,246,-0.027644248878572975
2025-01-05,Kerala,Idukki,685551,274,-0.041532305857249985
2025-01-05,West Bengal,Paschim Medinipur,721101,203,-0.0038657655108571554
2025-01-05,West Bengal,Malda,732205,255,-0.03405956310710445
2025-01-05,Kerala,Malappuram,676542,222,-0.01055060174205158
2025-01-05,Tamil Nadu,Vellore,632501,220,-0.013434972197912454
2025-01-05,Uttarakhand,Haridwar,247670,280,-0.04439523031010273
2025-01-05,West Bengal,Paschim Medinipur,721133,251,-0.020798262488045505
2025-01-05,West Bengal,Barddhaman,713321,217,-0.01449907818212448
2025-01-05,Karnataka,Mysuru,570007,275,-0.04013532520314467
2025-01-05,Maharashtra,Bhandara,441913,221,-0.0005063576226588262
2025-01-05,Odisha,Mayurbhanj,757030,270,-0.04439523031010273
2025-01-05,Tamil Nadu,Ramanathapuram,623528,215,-0.013434972197912454
2025-01-05,Maharashtra,Kolhapur,416111,214,-0.0011183294350018969
2025-01-05,Madhya Pradesh,Dindori,481885,212,-0.01055060174205158
2025-01-05,Kerala,Idukki,685607,212,-0.01055060174205158
2025-01-05,Andhra Pradesh,East Godavari,533228,194,-0.004371640353661332
2025-01-05,Tamil Nadu,Tiruvannamalai,606905,219,-0.010071010696007354
2025-01-05,Jharkhand,Bokaro,827012,243,-0.024069712127775866
2025-01-05,Andhra Pradesh,West Godavari,534112,256,-0.026764041229120128
2025-01-05,Odisha,Malkangiri,764086,245,-0.027644248878572975
2025-01-05,Kerala,Palakkad,678687,223,-0.012571987876863977
2025-01-05,Odisha,Mayurbhanj,757022,230,-0.014881554304607691
2025-01-05,Gujarat,Surat,394520,264,-0.0335640715991431
2025-01-05,Jharkhand,Garhwa,822124,249,-0.026764041229120128
2025-01-05,Bihar,Jehanabad,804405,209,-0.004439789539457117
2025-01-05,Rajasthan,Bharatpur,321028,218,-0.000645117976906362
2025-01-05,Rajasthan,Bundi,323301,224,-0.004439789539457117
2025-01-05,Odisha,Sundergarh,770043,232,-0.010989247642348654
2025-01-05,Tamil Nadu,Kancheepuram,603112,238,-0.022747646085676032
2025-01-05,Tamil Nadu,Tiruvallur,631402,241,-0.022747646085676032
2025-01-05,Tamil Nadu,Madurai,625019,282,-0.04414432455774153
2025-01-05,Maharashtra,Raigarh,402203,248,-0.024069712127775866
2025-01-05,Arunachal Pradesh,Longding,792131,244,-0.020798262488045505
2025-01-05,Kerala,Ernakulam,683577,239,-0.01982554729479813
2025-01-05,Telangana,Nalgonda,508238,215,-0.009212103895228974
2025-01-05,Kerala,Kannur,670006,216,-0.000645117976906362
2025-01-05,Gujarat,Kachchh,370627,241,-0.027644248878572975
2025-01-05,West Bengal,Nadia,741248,244,-0.028135733760232484
2025-01-05,Tamil Nadu,Kancheepuram,603210,245,-0.03059815234054808
2025-01-05,Karnataka,Tumakuru,572132,193,-0.004847373978935421
2025-01-05,West Bengal,Nadia,741238,241,-0.02666227614885064
2025-01-05,Karnataka,Davangere,577513,217,-0.013053271622407103
2025-01-05,Bihar,Siwan,841233,264,-0.03405956310710445
2025-01-05,Bihar,Saran,841202,278,-0.04439523031010273
2025-01-05,Gujarat,Kachchh,370150,205,-0.004759944347044187
2025-01-05,Gujarat,Chhotaudepur,391155,204,-0.002068108039898431
2025-01-05,Karnataka,Bangalore Rural,562111,213,-0.010170447545960304
2025-01-05,Karnataka,Uttara Kannada,581355,195,-0.005955662443559828
2025-01-05,Andhra Pradesh,Vizianagaram,535005,211,-0.006347250767922086
2025-01-05,Gujarat,Bharuch,391810,197,-0.0019674137152402293
2025-01-05,Karnataka,Dharwad,581105,235,-0.01982554729479813
2025-01-05,Tamil Nadu,Tiruvannamalai,606801,231,-0.020311740359981068
2025-01-05,Gujarat,Patan,384225,238,-0.02568163129912182
2025-01-05,Odisha,Nayagarh,752091,222,-0.011610396725196814
2025-01-05,Tripura,Gomati,799101,202,-0.003966732718214572
2025-01-05,Gujarat,Sabarkantha,383220,283,-0.041135541634746975
2025-01-05,Bihar,Siwan,841436,232,-0.016431390922767797
2025-01-05,Bihar,Patna,800111,257,-0.028627551286355635
2025-01-05,Kerala,Kannur,670003,256,-0.026171787851271278
2025-01-05,Punjab,Hoshiarpur,144210,234,-0.012430860476242866
2025-01-05,Rajasthan,Dausa,303506,215,-0.011610396725196814
2025-01-05,West Bengal,Hooghly,712221,222,-0.012571987876863977
2025-01-05,Goa,North Goa,403506,241,-0.018368940251649923
2025-01-05,Kerala,Kollam,691533,215,-0.011510757837433494
2025-01-05,Bihar,Buxar,802129,223,-0.0072993026235204095
2025-01-05,Gujarat,Jamnagar,361130,248,-0.02568163129912182
2025-01-05,Gujarat,Navsari,396310,201,-0.005334699133376031
2025-01-05,Kerala,Pathanamthitta,691554,235,-0.015464580864367528
2025-01-05,West Bengal,Bankura,722121,215,-0.013434972197912454
2025-01-05,Kerala,Malappuram,676108,201,-0.0038657655108571554
2025-01-05,Karnataka,Bengaluru,560024,263,-0.04138543089534685
2025-01-05,Bihar,Bhojpur,802154,236,-0.020798262488045505
2025-01-05,Tamil Nadu,Cuddalore,608102,218,-0.0025398863368993885
2025-01-05,Rajasthan,Banswara,327025,235,-0.012430860476242866
2025-01-05,Tamil Nadu,Tiruchirappalli,621003,204,-0.003964331586968184
2025-01-05,Bihar,Bhojpur,802166,269,-0.04439523031010273
2025-01-05,Andhra Pradesh,Guntur,522256,196,-0.005955662443559828
2025-01-05,Arunachal Pradesh,Lower Dibang Valley,792110,233,-0.020798262488045505
2025-01-05,Maharashtra,Ahmadnagar,413707,224,-0.008255056171891484
2025-01-05,Gujarat,Kheda,387120,204,-0.005769261860187891
2025-01-05,Tamil Nadu,Ariyalur,621806,204,-0.003966732718214572
2025-01-05,Gujarat,Panchmahals,389360,255,-0.03589909906149946
2025-01-05,Karnataka,Bagalkot,587121,201,-0.0019674137152402293
2025-01-05,Maharashtra,Satara,415105,236,-0.022747646085676032
2025-01-05,Karnataka,Bengaluru,560054,258,-0.03257409374471942
2025-01-05,Tamil Nadu,Erode,638461,240,-0.022259805477429673
2025-01-05,Kerala,Kollam,690519,246,-0.02138612441191612
2025-01-05,Telangana,Nalgonda,508373,219,-0.011510757837433494
2025-01-05,Arunachal Pradesh,Changlang,792103,199,-0.001910718937706557
2025-01-05,Tamil Nadu,Kancheepuram,600041,225,-0.00491556928913961
2025-01-05,Kerala,Thrissur,680563,237,-0.018368940251650034
2025-01-05,Telangana,Mancherial,504208,195,-0.000577336665070316
2025-01-05,Jammu and Kashmir,Jammu,181131,265,-0.04439523031010273
2025-01-05,Kerala,Kozhikode,673541,205,-0.0001722265789211308
2025-01-05,Andhra Pradesh,Visakhapatnam,530045,211,-0.006090022152944963
2025-01-05,Manipur,Imphal East,795149,260,-0.030700469737112934
2025-01-05,Assam,Karbi Anglong,782470,206,-0.003966732718214572
2025-01-05,Tamil Nadu,Kancheepuram,600064,236,-0.01982554729479813
2025-01-05,Kerala,Ernakulam,683547,209,-0.005334699133376031
2025-01-05,Telangana,Medak,502001,222,-0.0073017151537465574
2025-01-05,Bihar,Siwan,841244,236,-0.018368940251649923
2025-01-05,Maharashtra,Satara,415505,231,-0.012571987876863977
2025-01-05,Tamil Nadu,Kancheepuram,603301,234,-0.018368940251649923
2025-01-05,Punjab,SAS Nagar (Mohali),160062,243,-0.021142257265038156
2025-01-05,Punjab,Moga,142057,223,-0.0038249124905188614
2025-01-05,Assam,Darrang,784125,272,-0.03913646132171855
2025-01-05,Gujarat,Chhotaudepur,391140,254,-0.026764041229120128
2025-01-05,Tamil Nadu,Vellore,632503,250,-0.026764041229120128
2025-01-05,Andhra Pradesh,Nellore,524410,229,-0.016431390922767797
2025-01-05,Andhra Pradesh,Anantapur,515701,227,-0.012571987876863977
2025-01-05,Uttar Pradesh,Azamgarh,276127,252,-0.02323581687188614
2025-01-05,Bihar,Jehanabad,804407,227,-0.010650105892381134
2025-01-05,Telangana,Warangal,506244,218,-0.0124722140692205
2025-01-05,Rajasthan,Udaipur,313906,262,-0.030700469737112934
2025-01-05,Haryana,Jhajjar,124505,222,-0.0005063576226588262
2025-01-05,Rajasthan,Pali,306308,227,-0.01449907818212448
2025-01-05,Uttar Pradesh,Ambedkar Nagar,224151,222,-0.013053271622407103
2025-01-05,Kerala,Palakkad,679305,234,-0.012430860476242866
2025-01-05,Odisha,Dhenkanal,759024,226,-0.007777017735269176
2025-01-05,Andhra Pradesh,West Godavari,534245,215,-0.006753530497735971
2025-01-05,Karnataka,Chamrajanagar,571442,236,-0.02470231253375066
2025-01-05,Bihar,Buxar,802120,228,-0.010650105892381134
2025-01-05,Madhya Pradesh,Narsinghpur,487337,212,-0.00959174402495555
2025-01-05,Madhya Pradesh,Mandsaur,458339,248,-0.03059815234054808
2025-01-05,Telangana,Medak,502334,259,-0.03903296027972203
2025-01-05,Tamil Nadu,Tiruvannamalai,606806,194,-0.005955662443559828
2025-01-05,Andhra Pradesh,Alluri Sitharama Raju,533288,255,-0.02568163129912182
2025-01-05,Bihar,Bhojpur,802311,278,-0.04439523031010273
2025-01-05,Bihar,Rohtas,821306,247,-0.03010500198365751
2025-01-05,Kerala,Kollam,691005,244,-0.025191806268023864
2025-01-05,Kerala,Kannur,670602,210,-0.006347250767922086
2025-01-05,Gujarat,Jamnagar,360520,238,-0.01982554729479813
2025-01-05,Maharashtra,Pune,411005,213,-0.011130088878886224
2025-01-05,Kerala,Malappuram,676541,263,-0.02725493037281823
2025-01-05,West Bengal,Purba Medinipur,721648,198,-0.0019674137152402293
2025-01-05,West Bengal,Birbhum,731240,200,-0.0014936279726387447
2025-01-05,Kerala,Alappuzha,688525,240,-0.025191806268023864
2025-01-05,Odisha,Puri,752111,239,-0.01982554729479813
2025-01-05,Andhra Pradesh,Prakasam,523002,195,-0.0015890905815076906
2025-01-05,West Bengal,Birbhum,731215,223,-0.013053271622407103
2025-01-05,Andhra Pradesh,Chittoor,517414,209,-0.003966732718214572
2025-01-05,Gujarat,Chhotaudepur,391145,210,-0.003966732718214572
2025-01-05,Odisha,Baleswar,756043,258,-0.029119701682081334
2025-01-05,Rajasthan,Ganganagar,335771,245,-0.024069712127775866
2025-01-05,Rajasthan,Alwar,301021,228,-0.0033498704147225666
2025-01-05,Tamil Nadu,Tiruvallur,600110,235,-0.015947822360960262
2025-01-05,Maharashtra,Solapur,413217,242,-0.020655502473532428
2025-01-05,Gujarat,Patan,384220,223,-0.011610396725196814
2025-01-05,Tamil Nadu,Namakkal,636202,231,-0.015947822360960262
2025-01-05,Kerala,Ernakulam,682504,218,-0.0056134480532805675
2025-01-05,Jharkhand,West Singhbhum,833221,201,-0.005334699133376031
2025-01-05,Rajasthan,Karauli,322254,298,-0.04954375557335
2025-01-05,Kerala,Kollam,691531,226,-0.006344841500057985
2025-01-05,Telangana,Bhadradri Kothagudem,507101,217,-0.012571987876863977
2025-01-05,Odisha,Gajapati,761211,223,-0.012571987876863977
2025-01-05,Tamil Nadu,Tirunelveli,627004,225,-0.015464580864367528
2025-01-05,Odisha,Ganjam,761005,242,-0.020798262488045505
2025-01-05,Maharashtra,Satara,412806,223,-0.019339683069932723
2025-01-05,Andhra Pradesh,Chittoor,517642,194,-0.0015890905815076906
2025-01-05,Chhattisgarh,Bijapur,494450,248,-0.020798262488045505
2025-01-05,Madhya Pradesh,Khandwa,450112,226,-0.010973089081119491
2025-01-05,Karnataka,Kodagu,571234,217,-0.00809869242570771
2025-01-05,Rajasthan,Sikar,332601,242,-0.02568163129912182
2025-01-05,Tamil Nadu,Thanjavur,613009,233,-0.010989247642348654
2025-01-05,Karnataka,Chamrajanagar,571439,230,-0.015947822360960262
2025-01-05,West Bengal,Hooghly,712613,233,-0.02323581687188614
2025-01-05,Assam,Dhemaji,787057,240,-0.020798262488045505
2025-01-05,Rajasthan,Pali,306301,272,-0.04138543089534685
2025-01-05,Maharashtra,Ahmadnagar,413725,241,-0.027644248878572975
2025-01-05,Bihar,Sitamarhi,843301,228,-0.010650105892381134
2025-01-05,Karnataka,Belgaum,591302,270,-0.03654205553184153
2025-01-05,Jammu and Kashmir,Kathua,184152,208,-0.006821910617961668
2025-01-05,Uttar Pradesh,Varanasi,221405,245,-0.020311740359981068
2025-01-05,Uttarakhand,Nainital,263136,230,-0.014016816554496936
2025-01-05,Kerala,Kannur,670594,249,-0.029119701682081334
2025-01-05,Tamil Nadu,Thanjavur,613004,217,-0.0011183294350018969
2025-01-05,Assam,Sonitpur,784110,249,-0.02138612441191612
2025-01-05,Kerala,Kannur,670622,200,-0.0028591758664390232
2025-01-05,Kerala,Palakkad,678592,225,-0.00866485272113382
2025-01-05,Gujarat,Junagadh,362030,226,-0.019339683069932723
2025-01-05,Odisha,Ganjam,761031,292,-0.04954375557335
2025-01-05,Kerala,Thrissur,680741,210,-0.003966732718214572
2025-01-05,Tamil Nadu,Kancheepuram,603105,217,-0.012091029651183138
2025-01-05,West Bengal,North 24 Parganas,743262,227,-0.015947822360960262
2025-01-05,Madhya Pradesh,Shajapur,465331,229,-0.019339683069932723
2025-01-05,Jammu and Kashmir,Pulwama,192121,216,-0.0025398863368993885
2025-01-05,Odisha,Nayagarh,752094,222,-0.015947822360960262
2025-01-05,Odisha,Khorda,752062,254,-0.03589909906149946
2025-01-05,Manipur,Imphal West,795146,198,-0.0029159474137236963
2025-01-05,Kerala,Pathanamthitta,691523,238,-0.014840060578357628
2025-01-05,Tripura,Khowai,799201,239,-0.019339683069932723
2025-01-05,Karnataka,Bellary,583134,251,-0.027644248878572975
2025-01-05,West Bengal,Birbhum,731101,222,-0.008733418152218286
2025-01-05,Gujarat,Gandhinagar,382422,248,-0.031091636469121275
2025-01-05,Bihar,Vaishali,844117,275,-0.042033190387682495
2025-01-05,Uttar Pradesh,Amethi,227807,206,-0.0025422825993709486
2025-01-05,Uttar Pradesh,Ballia,277213,215,-0.01391684002440563
2025-01-05,Telangana,Nizamabad,503122,275,-0.03764069753090693
2025-01-05,Kerala,Thiruvananthapuram,695305,229,-0.018368940251649923
2025-01-05,Bihar,Bhojpur,802316,239,-0.022747646085676032
2025-01-05,West Bengal,Hooghly,712602,257,-0.026171787851271278
2025-01-05,Telangana,Hyderabad,500016,239,-0.02089920467904105
2025-01-05,Karnataka,Bidar,585421,264,-0.04439523031010273
2025-01-05,Maharashtra,Pune,411035,227,-0.007777017735269176
2025-01-05,Uttar Pradesh,Muzaffarnagar,251202,221,-0.011552921491043922
2025-01-05,Telangana,K.v. Rangareddy,509325,212,-0.01055060174205158
2025-01-05,Maharashtra,Kolhapur,416119,256,-0.027746151757775506
2025-01-05,West Bengal,South 24 Parganas,700061,250,-0.03306891522057054
2025-01-05,Kerala,Ernakulam,682017,259,-0.03306891522057054
2025-01-05,Kerala,Kollam,691589,259,-0.03010500198365751
2025-01-05,West Bengal,Haora,711303,223,-0.005868095051421607
2025-01-05,Andhra Pradesh,Nellore,524409,218,-0.009154822767351245
2025-01-05,Gujarat,Valsad,396170,220,-0.016431390922767797
2025-01-05,Gujarat,Bhavnagar,364135,212,-0.010650105892381134
2025-01-05,Tripura,West Tripura,799212,275,-0.040884984481893594
2025-01-05,Kerala,Alappuzha,688005,263,-0.0335640715991431
2025-01-05,West Bengal,Cooch Behar,736167,238,-0.020798262488045505
2025-01-05,West Bengal,Barddhaman,713203,225,-0.017399510127628526
2025-01-05,Rajasthan,Dungarpur,314037,221,-0.01449907818212448
2025-01-05,Odisha,Jajapur,755003,208,-0.007777017735269176
2025-01-05,Odisha,Ganjam,761119,280,-0.04600918344440841
2025-01-05,Karnataka,Raichur,584113,260,-0.036044884971554336
2025-01-05,Odisha,Mayurbhanj,757024,237,-0.020798262488045505
2025-01-05,Odisha,Bhadrak,756181,226,-0.01584757489340083
2025-01-05,Tamil Nadu,Tiruppur,642203,264,-0.03306891522057054
2025-01-05,Andhra Pradesh,Krishna,521328,210,-0.004442192295825653
2025-01-05,Karnataka,Bengaluru,560005,258,-0.027746151757775506
2025-01-05,Gujarat,Banaskantha,385570,221,-0.013053271622407103
2025-01-05,Odisha,Mayurbhanj,757016,255,-0.027644248878572975
2025-01-05,Uttar Pradesh,Unnao,209827,207,-0.00529290470914745
2025-01-05,Kerala,Malappuram,676101,212,-0.005235940782383208
2025-01-05,Rajasthan,Banswara,327027,264,-0.03803558707953669
2025-01-05,Tamil Nadu,Tiruvallur,602026,231,-0.015947822360960262
2025-01-05,Odisha,Jagatsinghapur,754114,222,-0.005868095051421607
2025-01-05,Telangana,Karimnagar,505468,233,-0.015947822360960262
2025-01-05,Kerala,Palakkad,679511,197,-0.0029159474137236963
2025-01-05,Odisha,Cuttack,754221,273,-0.03267668842252569
2025-01-05,Andhra Pradesh,Krishna,520008,199,-7.419256922147621e-05
2025-01-05,Karnataka,Kalaburagi,585325,209,-0.0057122593793691445
2025-01-05,Andhra Pradesh,Srikakulam,532005,209,-0.001594254191937039
2025-01-05,Maharashtra,Mumbai Suburban,400065,234,-0.020798262488045505
2025-01-05,West Bengal,Purba Medinipur,721651,225,-0.012091029651183138
2025-01-05,Arunachal Pradesh,Lohit,792001,229,-0.020311740359981068
2025-01-05,Karnataka,Mysore,571124,264,-0.0385341049773712
2025-01-05,Jharkhand,Jamtara,814166,250,-0.03292371993139642
2025-01-05,Uttar Pradesh,Gonda,271124,271,-0.03267668842252569
2025-01-05,Odisha,JAJPUR,755008,241,-0.025191806268023864
2025-01-05,Andhra Pradesh,Annamayya,516269,195,-0.00017461474869695515
2025-01-05,Andhra Pradesh,Anantapur,515751,197,-0.0029159474137236963
2025-01-05,Karnataka,Mandya,571605,262,-0.027746151757775506
2025-01-05,Uttar Pradesh,Ambedkar Nagar,224159,243,-0.020311740359981068
2025-01-05,Uttar Pradesh,Jaunpur,222135,200,-0.0024719213369818194
2025-01-05,Karnataka,Davangere,577215,247,-0.025191806268023864
2025-01-05,Odisha,Kendrapara,754248,253,-0.034905963648665606
2025-01-05,Rajasthan,Sawai Madhopur,322211,237,-0.018368940251649923
2025-01-05,Tamil Nadu,Sivaganga,630551,296,-0.04954375557335
2025-01-05,Odisha,Mayurbhanj,757054,219,-0.013434972197912454
2025-01-05,Kerala,Kannur,670706,210,-0.0072993026235204095
2025-01-05,Karnataka,Raichur,584167,205,-0.000645117976906362
2025-01-05,Odisha,Sundergarh,770044,275,-0.04439523031010273
2025-01-05,Karnataka,Bidar,585443,207,-0.007777017735269176
2025-01-05,Karnataka,Kalaburagi,585105,216,-0.008197852502848768
2025-01-05,Odisha,Mayurbhanj,757020,240,-0.02323581687188614
2025-01-05,Telangana,Karimnagar,505529,210,-0.0030167780874170713
2025-01-05,Rajasthan,Chittorgarh,312204,229,-0.020311740359981068
2025-01-05,Andhra Pradesh,East Godavari,533291,185,-0.000577336665070316
2025-01-05,Kerala,Thrissur,680614,227,-0.008255056171891484
2025-01-05,Karnataka,Haveri,581148,206,-0.0041856588891304725
2025-01-05,Tamil Nadu,Cuddalore,608701,259,-0.02725493037281823
2025-01-05,Tamil Nadu,Tiruvallur,600120,240,-0.019339683069932723
2025-01-05,Telangana,Hyderabad,500080,245,-0.020798262488045505
2025-01-05,West Bengal,Paschim Medinipur,721305,233,-0.015947822360960262
2025-01-05,Kerala,Kozhikode,673010,233,-0.015947822360960262
2025-01-05,Kerala,Wayanad,670646,257,-0.034409899671365096
2025-01-05,Odisha,Jagatsinghapur,754138,197,-0.001020162678569192
2025-01-05,Gujarat,Panchmahals,389390,263,-0.0385341049773712
2025-01-05,West Bengal,Paschim Medinipur,721445,254,-0.0335640715991431
2025-01-05,Uttar Pradesh,Baghpat,250619,199,-0.0024719213369818194
2025-01-05,Kerala,Idukki,685588,220,-0.016431390922767797
2025-01-05,Odisha,Koraput,764028,259,-0.03306891522057054
2025-01-05,Odisha,Khorda,752020,229,-0.018368940251649923
2025-01-05,Jharkhand,Deoghar,814113,195,-0.001020162678569192
2025-01-05,Karnataka,Chikkaballapur,563124,238,-0.020798262488045505
2025-01-05,Rajasthan,Jaipur,303302,278,-0.041886216018565126
2025-01-05,Telangana,K.v. Rangareddy,501202,261,-0.03888658134627698
2025-01-05,Rajasthan,Jaisalmer,345027,232,-0.010989247642348654
2025-01-05,Meghalaya,East Khasi Hills,793110,267,-0.03515449475493182
2025-01-05,Tamil Nadu,Cuddalore,608302,220,-0.015464580864367528
2025-01-05,Punjab,Hoshiarpur,144203,219,-0.0014529129217705217
2025-01-05,Odisha,Rayagada,765033,224,-0.00866485272113382
2025-01-05,Karnataka,Bagalkot,587118,246,-0.020311740359981068
2025-01-05,Tamil Nadu,Karur,639114,196,-0.001020162678569192
2025-01-05,Kerala,Ernakulam,682027,241,-0.02177229482382892
2025-01-05,Uttar Pradesh,Lucknow,227101,238,-0.02089920467904105
2025-01-05,Gujarat,Kachchh,370410,204,-0.00017461474869695515
2025-01-05,Bihar,Buxar,802122,269,-0.04439523031010273
2025-01-05,Karnataka,Bidar,585411,240,-0.028627551286355635
2025-01-05,Uttar Pradesh,Jaunpur,222138,214,-0.006347250767922086
2025-01-05,West Bengal,Birbhum,731130,226,-0.01982554729479813
2025-01-05,Tamil Nadu,Vellore,635754,232,-0.020798262488045505
2025-01-05,Tamil Nadu,Karur,639119,215,-0.0073017151537465574
2025-01-05,Karnataka,Mandya,571415,259,-0.027746151757775506
2025-01-05,Uttar Pradesh,Amethi,227407,196,-0.00017461474869695515
2025-01-05,Rajasthan,Ajmer,305621,212,-0.00959174402495555
2025-01-05,Bihar,Buxar,802103,280,-0.044898052511468056
2025-01-05,West Bengal,Paschim Medinipur,721127,275,-0.043140039476850967
2025-01-05,Haryana,Gurgaon,122002,247,-0.024069712127775866
2025-01-05,West Bengal,Hooghly,712103,263,-0.03888658134627698
2025-01-05,Tamil Nadu,Krishnagiri,635002,230,-0.017399510127628526
2025-01-05,Rajasthan,Alwar,301414,263,-0.0385341049773712
2025-01-05,Uttar Pradesh,Jalaun,285129,202,-0.0024719213369818194
2025-01-05,Uttar Pradesh,Gorakhpur,273213,232,-0.010989247642348654
2025-01-05,West Bengal,Purba Medinipur,721656,245,-0.02568163129912182
2025-01-05,Tamil Nadu,Salem,636012,263,-0.03505155241862956
2025-01-05,Rajasthan,Sikar,332312,221,-0.004439789539457117
2025-01-05,Andhra Pradesh,Krishna,521105,269,-0.030700469737112934
2025-01-05,Odisha,Ganjam,761209,240,-0.020311740359981068
2025-01-05,Tamil Nadu,Ramanathapuram,623503,230,-0.018368940251649923
2025-01-05,Telangana,Nalgonda,508280,188,-0.001997794366875527
2025-01-05,Tamil Nadu,Salem,636104,227,-0.010650105892381134
2025-01-05,Gujarat,Kheda,387610,261,-0.03903296027972203
2025-01-05,Karnataka,Bidar,585331,230,-0.01146946016516237
2025-01-05,Uttar Pradesh,Jalaun,285206,226,-0.00866485272113382
2025-01-05,Tamil Nadu,Kanniyakumari,629802,238,-0.022747646085676032
2025-01-05,Assam,Darrang,784146,201,-0.0030167780874170713
2025-01-05,Kerala,Thrissur,680583,226,-0.013053271622407103
2025-01-05,Maharashtra,Pune,412110,222,-0.00969111362005104
2025-01-05,Tamil Nadu,Coimbatore,641019,243,-0.020311740359981068
2025-01-05,Kerala,Thrissur,680664,266,-0.03903296027972203
2025-01-05,Karnataka,Bagalkot,587101,225,-0.011453290667572613
2025-01-05,West Bengal,Purba Medinipur,721629,248,-0.03306891522057054
2025-01-05,Kerala,Kollam,691578,232,-0.020311740359981068
2025-01-05,West Bengal,Jalpaiguri,735225,236,-0.014357568324735004
2025-01-05,Bihar,Madhubani,847411,211,-0.01055060174205158
2025-01-05,West Bengal,North 24 Parganas,743446,196,-7.419256922147621e-05
2025-01-05,Odisha,Nayagarh,752090,238,-0.02666227614885064
2025-01-05,Kerala,Kozhikode,673027,250,-0.031091636469121275
2025-01-05,Manipur,Tamenglong,795141,236,-0.012430860476242866
2025-01-05,Tamil Nadu,Tiruvannamalai,606755,265,-0.027746151757775506
2025-01-05,Uttar Pradesh,Azamgarh,276208,200,-0.0029159474137236963
2025-01-05,Kerala,Alappuzha,688522,240,-0.02666227614885064
2025-01-05,Andhra Pradesh,Vizianagaram,532127,209,-0.003966732718214572
2025-01-05,Odisha,Gajapati,761215,204,-0.0072993026235204095
2025-01-05,Bihar,Araria,854328,254,-0.02529336499920165
2025-01-05,Gujarat,Botad,364750,216,-0.00539407706372641
2025-01-05,Andaman and Nicobar Islands,South Andaman,744103,230,-0.014881554304607691
2025-01-05,Telangana,K.v. Rangareddy,501142,210,-0.0011183294350018969
2025-01-05,Gujarat,Rajkot,360060,207,-0.000645117976906362
2025-01-05,Karnataka,Kalaburagi,585318,242,-0.020798262488045505
2025-01-05,Gujarat,Bhavnagar,364230,284,-0.043140039476850967
2025-01-05,Tamil Nadu,Salem,636109,240,-0.02568163129912182
2025-01-05,Gujarat,Navsari,396521,268,-0.036044884971554336
2025-01-05,Bihar,Katihar,854117,247,-0.031091636469121275
2025-01-05,Tamil Nadu,Pudukkottai,622003,242,-0.020655502473532428
2025-01-05,West Bengal,Birbhum,731126,267,-0.027746151757775506
2025-01-05,Uttarakhand,Pauri Garhwal,246285,273,-0.03267668842252569
2025-01-05,Rajasthan,Bhilwara,311803,225,-0.012571987876863977
2025-01-05,Andhra Pradesh,Palnadu,522647,200,-0.003333885832681349
2025-01-05,Uttar Pradesh,Balrampur,271306,234,-0.019339683069932723
2025-01-05,Karnataka,Hassan,573131,235,-0.019339683069932723
2025-01-05,Tamil Nadu,Karur,639005,272,-0.04439523031010273
2025-01-05,Uttar Pradesh,Saharanpur,247769,207,-0.0034915947212461607
2025-01-05,Bihar,Bhagalpur,813201,232,-0.018368940251649923
2025-01-05,Bihar,Siwan,841408,249,-0.028627551286355635
2025-01-05,Gujarat,Bharuch,393115,219,-0.01449907818212448
2025-01-05,Karnataka,Koppal,583235,227,-0.01391684002440563
2025-01-05,Karnataka,Gadag,582203,202,-0.003333885832681349
2025-01-05,Odisha,Sundergarh,770039,247,-0.020311740359981068
2025-01-05,Tamil Nadu,Tiruppur,642204,229,-0.01982554729479813
2025-01-05,Tamil Nadu,Cuddalore,607102,213,-0.00959174402495555
2025-01-05,Uttar Pradesh,Azamgarh,223225,258,-0.03059815234054808
2025-01-05,Tamil Nadu,Vellore,635752,221,-0.017399510127628526
2025-01-05,Kerala,Thrissur,680651,214,-0.006090022152944963
2025-01-05,Rajasthan,Karauli,322242,246,-0.026764041229120128
2025-01-05,Kerala,Thrissur,680562,217,-0.0124722140692205
2025-01-05,Arunachal Pradesh,East Siang,791102,216,-0.008197852502848768
2025-01-05,Madhya Pradesh,Ratlam,457340,223,-0.01391684002440563
2025-01-05,Andhra Pradesh,Chittoor,517536,199,-0.003966732718214572
2025-01-06,Telangana,K.v. Rangareddy,500050,221,-0.03550535493477014
2025-01-06,Odisha,JAJPUR,755019,208,-0.026027961388995213
2025-01-06,Odisha,Bhadrak,756181,204,-0.020383892251748525
2025-01-06,Maharashtra,Pune,412102,218,-0.026907275739606495
2025-01-06,Rajasthan,Jhunjhunun,333502,191,-0.0018283909337710735
2025-01-06,Tamil Nadu,Tiruchirappalli,621651,182,-0.004201662869894318
2025-01-06,Bihar,East Champaran,845456,278,-0.06539965832117312
2025-01-06,Assam,Karbi Anglong,782482,205,-0.018914665894359528
2025-01-06,Telangana,Karimnagar,505305,244,-0.04349471848466868
2025-01-06,Uttarakhand,Nainital,263136,192,-0.00801563710183506
2025-01-06,West Bengal,Dakshin Dinajpur,733133,261,-0.06281970754118893
2025-01-06,Andhra Pradesh,Krishna,521402,207,-0.03006262282349914
2025-01-06,Odisha,Baleswar,756046,268,-0.05973526524106354
2025-01-06,Rajasthan,Jaisalmer,345031,211,-0.03006262282349914
2025-01-06,Tamil Nadu,Thanjavur,613501,206,-0.013293673526545091
2025-01-06,Odisha,Ganjam,761132,199,-0.017741879561446683
2025-01-06,Uttar Pradesh,Jaunpur,222146,195,-0.012502221343447362
2025-01-06,West Bengal,Jalpaiguri,736204,266,-0.06281970754118893
2025-01-06,Uttar Pradesh,Mirzapur,231306,183,-0.0037968531504445346
2025-01-06,Madhya Pradesh,Umaria,484552,184,-0.004974911861684528
2025-01-06,Uttar Pradesh,Lucknow,227101,216,-0.036996780093146775
2025-01-06,Rajasthan,Karauli,322215,195,-0.019297930047729395
2025-01-06,Odisha,Khorda,752020,204,-0.018126095159237354
2025-01-06,Rajasthan,Nagaur,341319,194,-0.012331106470042097
2025-01-06,Tamil Nadu,Tiruchirappalli,621009,201,-0.01618920216448605
2025-01-06,Telangana,Mahabubnagar,509126,186,-0.012150977545764441
2025-01-06,Rajasthan,Chittorgarh,312205,194,-0.019297930047729395
2025-01-06,Odisha,Ganjam,761140,222,-0.041489262056430554
2025-01-06,Tamil Nadu,Erode,638056,206,-0.009550557967341944
2025-01-06,Kerala,Alappuzha,688005,214,-0.022015642375917466
2025-01-06,Telangana,Hyderabad,500082,184,-0.007537760598092191
2025-01-06,Karnataka,Hassan,573131,189,-0.009271808923553171
2025-01-06,West Bengal,Paschim Medinipur,721260,184,-0.0013546992202679853
2025-01-06,Rajasthan,Bikaner,334303,216,-0.019682980328586064
2025-01-06,Karnataka,Belgaum,591115,231,-0.04399693120589665
2025-01-06,Tamil Nadu,Salem,636308,248,-0.0485321690713465
2025-01-06,Gujarat,Devbhumi Dwarka,361345,159,-0.0029183449615775015
2025-01-06,Rajasthan,Ajmer,305202,230,-0.0394892257480256
2025-01-06,Bihar,Siwan,841244,217,-0.03302636367178269
2025-01-06,Rajasthan,Jaipur,303348,262,-0.06076202172766598
2025-01-06,Tamil Nadu,Karur,639114,212,-0.024946649967442114
2025-01-06,Andhra Pradesh,Krishna,521225,204,-0.02455877770844639
2025-01-06,West Bengal,Birbhum,731243,254,-0.05615253918135177
2025-01-06,Kerala,Thrissur,680721,231,-0.03838782504841298
2025-01-06,Karnataka,Dharwad,580112,199,-0.01618920216448605
2025-01-06,Andhra Pradesh,Prakasam,523115,205,-0.020213337257697805
2025-01-06,Bihar,Buxar,802111,222,-0.03035116467010257
2025-01-06,Uttar Pradesh,Ghazipur,232332,202,-0.024069712127775866
2025-01-06,Odisha,Ganjam,761143,211,-0.020068237154765023
2025-01-06,Kerala,Kollam,691571,190,-0.003726365976160051
2025-01-06,Kerala,Kozhikode,673307,283,-0.06591669663975952
2025-01-06,Bihar,Jehanabad,804405,232,-0.04752195049478225
2025-01-06,West Bengal,North 24 Parganas,743165,200,-0.006275685915925866
2025-01-06,Tripura,Unakoti,799277,247,-0.05258674116746165
2025-01-06,Uttar Pradesh,Gorakhpur,273211,259,-0.05513201590211625
2025-01-06,Jharkhand,Seraikela-Kharsawan,833101,213,-0.022991323151906218
2025-01-06,Gujarat,Rajkot,360060,230,-0.04249131183846566
2025-01-06,West Bengal,North 24 Parganas,700122,201,-0.006582977018044001
2025-01-06,Karnataka,Belgaum,591117,265,-0.05870989719362596
2025-01-06,Uttar Pradesh,Fatehpur,212653,229,-0.034803056183511205
2025-01-06,Tamil Nadu,Tiruvallur,602023,221,-0.03084448163365361
2025-01-06,Andhra Pradesh,Kurnool,518166,164,-0.0030871940385059915
2025-01-06,Maharashtra,Ratnagiri,415722,196,-0.005153221939645958
2025-01-06,Karnataka,Kolar,563136,217,-0.026416621734720702
2025-01-06,Uttarakhand,Dehradun,248142,247,-0.05513201590211625
2025-01-06,Andhra Pradesh,West Godavari,534269,208,-0.019886147673503607
2025-01-06,Tamil Nadu,Coimbatore,642007,213,-0.015322879390096023
2025-01-06,Uttar Pradesh,Ballia,277402,262,-0.05615253918135177
2025-01-06,Maharashtra,Jalgaon,425116,214,-0.030555744497527737
2025-01-06,Kerala,Kottayam,686502,190,-0.00832599790267663
2025-01-06,Punjab,Jalandhar,144419,219,-0.025048174296160797
2025-01-06,Tamil Nadu,Namakkal,638006,203,-0.00811478552393241
2025-01-06,Telangana,Khammam,507203,278,-0.06281970754118893
2025-01-06,West Bengal,Paschim Medinipur,721148,201,-0.014739968539731585
2025-01-06,Kerala,Kannur,670582,188,-0.003726365976160051
2025-01-06,Kerala,Kollam,691511,215,-0.020068237154765023
2025-01-06,Andhra Pradesh,East Godavari,533295,207,-0.02858525805843637
2025-01-06,Telangana,Nirmal,504103,238,-0.03689357926765535
2025-01-06,Uttar Pradesh,Jhansi,284203,198,-0.016008095614682083
2025-01-06,Telangana,Vikarabad,501141,202,-0.016672934095826042
2025-01-06,Gujarat,Anand,388440,228,-0.03282109059284943
2025-01-06,Bihar,Muzaffarpur,843106,247,-0.04954375557335
2025-01-06,Rajasthan,Barmer,344027,252,-0.054112872633144016
2025-01-06,Uttar Pradesh,Bahraich,271881,185,-0.011670304073571058
2025-01-06,Madhya Pradesh,Bhopal,462039,233,-0.03998872749068072
2025-01-06,West Bengal,South 24 Parganas,700061,234,-0.034905963648665606
2025-01-06,Uttar Pradesh,Mau,276405,240,-0.04600918344440841
2025-01-06,Odisha,Puri,752012,224,-0.02887321482862837
2025-01-06,Bihar,Siwan,841210,202,-0.022705694847794167
2025-01-06,Bihar,Samastipur,848113,224,-0.04449948383235369
2025-01-06,Andhra Pradesh,Cuddapah,516129,212,-0.02329670494102809
2025-01-06,Uttar Pradesh,Bulandshahr,245411,238,-0.04349471848466868
2025-01-06,Uttarakhand,Uttarkashi,249152,192,-0.01832724369028438
2025-01-06,Kerala,Kannur,670705,184,-0.007537760598092191
2025-01-06,Gujarat,Vadodara,391107,200,-0.01281222718337538
2025-01-06,Kerala,Ernakulam,683520,201,-0.016672934095826042
2025-01-06,Bihar,Bhojpur,802155,218,-0.026416621734720702
2025-01-06,Karnataka,Tumakuru,572104,232,-0.03998872749068072
2025-01-06,Rajasthan,Bharatpur,321402,275,-0.06488296970532204
2025-01-06,Rajasthan,Nagaur,341317,226,-0.045002376594092786
2025-01-06,Uttar Pradesh,Azamgarh,223222,221,-0.029858181365170933
2025-01-06,Tamil Nadu,Cuddalore,607401,207,-0.027602012841988488
2025-01-06,West Bengal,Barddhaman,713166,224,-0.04449948383235369
2025-01-06,Telangana,Siddipet,502103,232,-0.04399693120589665
2025-01-06,Odisha,Kendrapara,755016,187,-0.005153221939645958
2025-01-06,Jharkhand,Latehar,822119,243,-0.04288880331142775
2025-01-06,Odisha,Kendujhar,758016,200,-0.022705694847794167
2025-01-06,West Bengal,Barddhaman,713405,256,-0.054622271883039475
2025-01-06,Karnataka,Bangalore,560066,214,-0.015322879390096023
2025-01-06,Haryana,Jhajjar,124108,243,-0.04651309799386971
2025-01-06,Uttar Pradesh,Mau,275302,240,-0.04903779121595886
2025-01-06,Andhra Pradesh,West Godavari,534126,194,-0.01457308402554569
2025-01-06,Tamil Nadu,Thanjavur,614203,204,-0.011850311166303085
2025-01-06,Bihar,Saran,841202,223,-0.03500888555468851
2025-01-06,West Bengal,Malda,732210,206,-0.012331106470042097
2025-01-06,Rajasthan,Dausa,303508,239,-0.04449948383235369
2025-01-06,West Bengal,Cooch Behar,735122,195,-0.016361245740868058
2025-01-06,Andhra Pradesh,Anantapur,515842,191,-0.0037968531504444236
2025-01-06,Odisha,Ganjam,761041,199,-0.01618920216448605
2025-01-06,Tamil Nadu,Viluppuram,606205,206,-0.019582208784796884
2025-01-06,Rajasthan,Barmer,344021,223,-0.03084448163365361
2025-01-06,Uttar Pradesh,Ghazipur,233223,266,-0.05870989719362596
2025-01-06,Odisha,Cuttack,754100,229,-0.03689357926765535
2025-01-06,Andhra Pradesh,Nellore,524226,183,-0.011584453520164018
2025-01-06,Andhra Pradesh,Nandyal,518422,174,-3.0991906474819864e-05
2025-01-06,Tamil Nadu,Pudukkottai,622506,202,-0.012331106470042097
2025-01-06,Andhra Pradesh,Ananthapur,515775,176,-0.005771669160712367
2025-01-06,Tamil Nadu,Villupuram,605766,201,-0.022217882613581486
2025-01-06,Telangana,Mahabubnagar,509311,268,-0.061275921223076235
2025-01-06,Andhra Pradesh,Mahbubnagar,509120,212,-0.014357568324735004
2025-01-06,Karnataka,Bijapur,586217,216,-0.03302636367178269
2025-01-06,Karnataka,Bidar,585414,201,-0.021730400314823317
2025-01-06,Uttar Pradesh,Sambhal,202523,150,-0.005782945882977786
2025-01-06,Madhya Pradesh,Chhindwara,480447,204,-0.017641380371539284
2025-01-06,Karnataka,Bagalkot,587330,251,-0.054112872633144016
2025-01-06,Andhra Pradesh,Chittoor,517391,222,-0.031020052961223232
2025-01-06,Himachal Pradesh,Shimla,171217,179,-0.0005037877146797376
2025-01-06,West Bengal,Puruliya,723130,189,-0.006106069504668299
2025-01-06,Tamil Nadu,Cuddalore,608501,189,-0.006582977018044001
2025-01-06,Odisha,Kendujhar,758043,280,-0.06954577644811977
2025-01-06,Odisha,Khorda,752102,199,-0.0179559694331074
2025-01-06,Delhi,South Delhi,110016,224,-0.0394892257480256
2025-01-06,Haryana,Jhajjar,124505,184,-0.0008813278916995904
2025-01-06,Kerala,Kannur,670102,196,-0.007537760598092191
2025-01-06,Telangana,Bhadradri Kothagudem,507117,224,-0.03500888555468851
2025-01-06,West Bengal,Paschim Medinipur,721135,213,-0.020068237154765023
2025-01-06,Tamil Nadu,Kanniyakumari,629251,196,-0.014257543984108167
2025-01-06,Kerala,Ernakulam,686664,220,-0.021142257265038045
2025-01-06,Telangana,Nizamabad,503212,233,-0.03739132423718583
2025-01-06,Kerala,Pathanamthitta,689672,181,-0.0005972050657183647
2025-01-06,Uttar Pradesh,Siddharthnagar,272191,256,-0.06281970754118893
2025-01-06,Kerala,Kannur,670006,190,-0.00801563710183506
2025-01-06,Tamil Nadu,Sivaganga,630410,193,-0.0013546992202679853
2025-01-06,West Bengal,Purba Medinipur,721432,221,-0.03035116467010257
2025-01-06,Karnataka,Tumakuru,572106,194,-0.014357568324735115
2025-01-06,Karnataka,Davangere,577516,252,-0.05768591570782566
2025-01-06,Tamil Nadu,Thoothukkudi,628005,200,-0.009930379647657861
2025-01-06,Bihar,Patna,803221,225,-0.03998872749068072
2025-01-06,Telangana,Mahabubnagar,509357,231,-0.031020052961223232
2025-01-06,Jharkhand,Bokaro,829112,277,-0.06539965832117312
2025-01-06,Kerala,Thiruvananthapuram,695141,259,-0.054622271883039475
2025-01-06,Uttar Pradesh,Jaunpur,222127,189,-0.00818571317538519
2025-01-06,Bihar,Supaul,847451,242,-0.042992845438772354
2025-01-06,Rajasthan,Pratapgarh,312623,222,-0.03451275196538672
2025-01-06,Bihar,Gaya,804403,265,-0.05870989719362596
2025-01-06,Karnataka,Chitradurga,577540,251,-0.05157103976535138
2025-01-06,Tripura,West Tripura,799210,254,-0.054622271883039475
2025-01-06,Odisha,Jajapur,755004,192,-0.00801563710183506
2025-01-06,Rajasthan,Ganganagar,335002,187,-0.007060207309698252
2025-01-06,West Bengal,Barddhaman,713126,227,-0.03998872749068072
2025-01-06,Rajasthan,Sawai Madhopur,322024,249,-0.05666331890867449
2025-01-06,Telangana,Karimnagar,505532,209,-0.019727210748189394
2025-01-06,Telangana,Hyderabad,500094,185,-0.0027767363830935032
2025-01-06,Odisha,Kendujhar,758041,282,-0.06591669663975952
2025-01-06,Karnataka,Koppal,583268,225,-0.041990117454162146
2025-01-06,Karnataka,Chitradurga,577511,267,-0.061275921223076235
2025-01-06,Gujarat,Patan,384220,260,-0.05768591570782566
2025-01-06,Karnataka,Bidar,585443,205,-0.028093469137654314
2025-01-06,Tamil Nadu,Villupuram,605104,211,-0.02280849297271681
2025-01-06,Punjab,Shaheed Bhagat Singh Nagar,144505,242,-0.04752195049478225
2025-01-06,Tamil Nadu,Ariyalur,621801,209,-0.020068237154765023
2025-01-06,Odisha,Koraput,764081,209,-0.02956983467600438
2025-01-06,Karnataka,Bidar,585421,262,-0.05870989719362596
2025-01-06,Kerala,Pathanamthitta,689693,198,-0.006752708228275672
2025-01-06,Rajasthan,Rajsamand,313327,199,-0.014739968539731585
2025-01-06,Rajasthan,Jaisalmer,345028,241,-0.047017353600383505
2025-01-06,West Bengal,Paschim Medinipur,721467,203,-0.027110888946465406
2025-01-06,Jharkhand,Dumka,814118,200,-0.014739968539731585
2025-01-06,Odisha,Kalahandi,766110,236,-0.03639617095165926
2025-01-06,Telangana,Warangal,506365,206,-0.025537902114949662
2025-01-06,Gujarat,Surat,394520,194,-0.012331106470042097
2025-01-06,Maharashtra,Nashik,422222,198,-0.007060207309698252
2025-01-06,Chhattisgarh,Kawardha,491888,246,-0.05564210492371935
2025-01-06,Kerala,Palakkad,678555,221,-0.026907275739606495
2025-01-06,Uttar Pradesh,Azamgarh,276127,229,-0.03899006184711151
2025-01-06,Tamil Nadu,Pudukkottai,614801,211,-0.014357568324735004
2025-01-06,Tamil Nadu,Cuddalore,607103,224,-0.03799274665665364
2025-01-06,Rajasthan,Karauli,322238,245,-0.050556711853084746
2025-01-06,Karnataka,Mysore,571101,197,-0.0046772814518151185
2025-01-06,Uttar Pradesh,Etawah,206124,251,-0.04954375557335
2025-01-06,West Bengal,Nadia,741223,216,-0.02543630907301697
2025-01-06,Rajasthan,Hanumangarh,335503,205,-0.016672934095826042
2025-01-06,West Bengal,Birbhum,731301,194,-0.011850311166303085
2025-01-06,Punjab,Fatehgarh Sahib,141411,186,-0.00801563710183506
2025-01-06,Gujarat,Mahesana,382710,209,-0.029077379829460348
2025-01-06,Himachal Pradesh,Una,177204,191,-0.0008813278916995904
2025-01-06,Andhra Pradesh,Ananthapuramu,515402,164,-0.015861454730868307
2025-01-06,Rajasthan,Nagaur,341030,240,-0.03639617095165926
2025-01-06,Odisha,Cuttack,753002,228,-0.03799274665665364
2025-01-06,Tamil Nadu,Namakkal,637020,201,-0.007060207309698252
2025-01-06,West Bengal,Nadia,741249,188,-0.0008813278916995904
2025-01-06,Maharashtra,Solapur,413008,203,-0.011850311166303085
2025-01-06,Assam,Nalbari,781126,244,-0.05207871866399583
2025-01-06,Telangana,Mancherial,504208,199,-0.019096509143753382
2025-01-06,Odisha,Ganjam,761031,267,-0.0633349997097401
2025-01-06,Tamil Nadu,Villupuram,606204,175,-0.008328413942162438
2025-01-06,Bihar,Sitamarhi,843301,179,-0.00040827673137111553
2025-01-06,Karnataka,Bijapur,586123,203,-0.016672934095826042
2025-01-06,Rajasthan,Baran,325206,223,-0.031338132481649184
2025-01-06,Rajasthan,Kota,326518,192,-0.01070993223059391
2025-01-06,Maharashtra,Pune,412109,256,-0.059222407779854214
2025-01-06,Bihar,Samastipur,848131,238,-0.04752195049478225
2025-01-06,Haryana,Gurgaon,122002,254,-0.05258674116746165
2025-01-06,Gujarat,Amreli,365480,220,-0.029048311641957203
2025-01-06,West Bengal,North 24 Parganas,743446,191,-0.00801563710183506
2025-01-06,Tamil Nadu,Sivaganga,630610,193,-0.003726365976160051
2025-01-06,Rajasthan,Alwar,301019,282,-0.07058581723592461
2025-01-06,Uttar Pradesh,Etawah,206131,252,-0.05258674116746165
2025-01-06,Kerala,Kasaragod,671542,220,-0.0394892257480256
2025-01-06,Maharashtra,Satara,412806,248,-0.05513201590211625
2025-01-06,Odisha,Kendrapara,754219,275,-0.06539965832117312
2025-01-06,Andhra Pradesh,Ananthapur,515231,200,-0.018755943892695415
2025-01-06,Andhra Pradesh,Chittoor,517390,175,-0.008229235546078018
2025-01-06,Uttar Pradesh,Amroha,244102,196,-0.01407692690851503
2025-01-06,Assam,Lakhimpur,784160,191,-0.00849383703968376
2025-01-06,Rajasthan,Pratapgarh,312616,211,-0.03253157097598991
2025-01-06,Maharashtra,Kolhapur,416552,192,-0.004014764369314472
2025-01-06,Rajasthan,Nagaur,341302,238,-0.03838782504841298
2025-01-06,Uttar Pradesh,Basti,272127,202,-0.014257543984108167
2025-01-06,Maharashtra,Mumbai Suburban,400075,240,-0.04600918344440841
2025-01-06,Kerala,Malappuram,676541,219,-0.03500888555468851
2025-01-06,Tripura,Gomati,799116,170,-0.0015662839676651164
2025-01-06,Tamil Nadu,Coimbatore,641012,201,-0.007159221657597747
2025-01-06,Andhra Pradesh,Ananthapuramu,515261,132,-0.00832599790267663
2025-01-06,Assam,Karbi Anglong,782446,188,-0.0027767363830935032
2025-01-06,West Bengal,Purba Medinipur,721648,193,-0.00849383703968376
2025-01-06,Tamil Nadu,Tiruvannamalai,632315,241,-0.04954375557335
2025-01-06,Andhra Pradesh,Prakasam,523334,219,-0.025742725697237123
2025-01-06,Uttar Pradesh,Jaunpur,222175,245,-0.05564210492371935
2025-01-06,West Bengal,Nadia,741501,260,-0.05666331890867449
2025-01-06,West Bengal,Howrah,711409,219,-0.0404885673037334
2025-01-06,Uttar Pradesh,Sultanpur,228121,231,-0.04449948383235369
2025-01-06,Odisha,Kendujhar,758032,257,-0.05513201590211625
2025-01-06,Andhra Pradesh,Nellore,524321,207,-0.020213337257697805
2025-01-06,Uttar Pradesh,Sant Kabir Nagar,272164,279,-0.06488296970532204
2025-01-06,Telangana,Medak,502314,243,-0.050556711853084746
2025-01-06,Tamil Nadu,Namakkal,636202,231,-0.03292371993139642
2025-01-06,Gujarat,Bhavnagar,364250,187,-0.006484043522445915
2025-01-06,Tamil Nadu,Cuddalore,608401,276,-0.061275921223076235
2025-01-06,Odisha,Kendrapara,754213,282,-0.06850714206327568
2025-01-06,Madhya Pradesh,Ratlam,457339,211,-0.023308262260874568
2025-01-06,Bihar,Bhojpur,802223,218,-0.026416621734720702
2025-01-06,Andhra Pradesh,West Godavari,534156,200,-0.019755069110061863
2025-01-06,Andhra Pradesh,Nellore,524218,211,-0.03550535493477014
2025-01-06,Kerala,Kollam,691504,212,-0.021528296863857266
2025-01-06,Karnataka,Dharwad,581212,215,-0.036996780093146775
2025-01-06,Jharkhand,Jamtara,814166,215,-0.026416621734720702
2025-01-06,Punjab,Shaheed Bhagat Singh Nagar,144525,181,-0.0003970860628539352
2025-01-06,Tamil Nadu,Vellore,635652,186,-0.0023024032490500668
2025-01-06,Uttar Pradesh,Bara Banki,225122,217,-0.03352149125081805
2025-01-06,Karnataka,Bagalkot,587101,196,-0.016773297384949704
2025-01-06,Rajasthan,Dausa,321612,231,-0.045002376594092786
2025-01-06,Karnataka,Chamrajanagar,571127,250,-0.05207871866399583
2025-01-06,Odisha,Nayagarh,752024,270,-0.06281970754118893
2025-01-06,Assam,Kamrup Metro,782403,193,-0.014401470783604986
2025-01-06,Delhi,South West Delhi,110072,228,-0.031338132481649184
2025-01-06,Andhra Pradesh,Alluri Sitharama Raju,531149,197,-0.016773297384949704
2025-01-06,Kerala,Thrissur,680664,191,-0.0037968531504444236
2025-01-06,Odisha,Sundergarh,769015,213,-0.03203711293693923
2025-01-06,Andhra Pradesh,East Godavari,533344,221,-0.025742725697237123
2025-01-06,Karnataka,Davangere,583125,205,-0.027991517526702037
2025-01-06,Maharashtra,Nashik,422308,190,-0.0008813278916995904
2025-01-06,Rajasthan,Churu,331402,197,-0.00897236063054363
2025-01-06,Gujarat,Banaskantha,385010,202,-0.019755069110061863
2025-01-06,West Bengal,Barddhaman,713406,180,-0.0011773516722869415
2025-01-06,Rajasthan,Jalor,343021,255,-0.05258674116746165
2025-01-06,Karnataka,Mysore,571121,206,-0.02055459447614638
2025-01-06,Kerala,Kozhikode,673521,207,-0.018611138009296146
2025-01-06,Kerala,Malappuram,679357,259,-0.059222407779854214
2025-01-06,Tamil Nadu,Karur,639119,218,-0.03998872749068072
2025-01-06,Uttar Pradesh,Faizabad,224201,185,-0.008793082798599916
2025-01-06,Uttar Pradesh,Fatehpur,212650,215,-0.03998872749068072
2025-01-06,Tamil Nadu,Tiruvallur,602026,247,-0.050556711853084746
2025-01-06,Karnataka,Dakshina Kannada,574241,191,-0.01339356260850677
2025-01-06,Andhra Pradesh,Parvathipuram Manyam,532460,216,-0.0394892257480256
2025-01-06,Andhra Pradesh,Cuddapah,516503,178,-0.00783660169968492
2025-01-06,Karnataka,Gadag,582115,186,-0.00815830352660929
2025-01-06,Andhra Pradesh,Ananthapur,515672,235,-0.03739132423718583
2025-01-06,Gujarat,Kheda,387305,186,-0.0056294845512575575
2025-01-06,West Bengal,North 24 Parganas,743271,205,-0.018611138009296146
2025-01-06,Kerala,Kasaragod,671318,273,-0.06488296970532204
2025-01-06,Tamil Nadu,Salem,636121,267,-0.0633349997097401
2025-01-06,Telangana,Nizamabad,503311,220,-0.03203711293693923
2025-01-06,Uttar Pradesh,Muzaffarnagar,251319,182,-0.002398173068147269
2025-01-06,Andhra Pradesh,Palnadu,522647,201,-0.016491704970347132
2025-01-06,Odisha,Ganjam,761115,242,-0.04802688890805484
2025-01-06,Gujarat,Kheda,387120,223,-0.03500888555468851
2025-01-06,Jharkhand,Garhwa,822124,253,-0.06076202172766598
2025-01-06,Uttar Pradesh,Unnao,209506,242,-0.05207871866399583
2025-01-06,Andhra Pradesh,Kurnool,518102,191,-0.014401470783604986
2025-01-06,Uttar Pradesh,Lucknow,226026,201,-0.020756424631204085
2025-01-06,Kerala,Wayanad,670644,246,-0.05005006237513476
2025-01-06,Odisha,Kendujhar,758030,211,-0.02543630907301697
2025-01-06,Uttar Pradesh,Farrukhabad,209739,265,-0.06179016853350261
2025-01-06,Tamil Nadu,Erode,638506,231,-0.03998872749068072
2025-01-06,West Bengal,North 24 Parganas,743272,218,-0.029960394922588507
2025-01-06,Andhra Pradesh,Srikakulam,532215,213,-0.03451275196538672
2025-01-06,Karnataka,Kalaburagi,585306,179,-0.008229235546078018
2025-01-06,Uttar Pradesh,Mathura,281123,193,-0.010889695907383867
2025-01-06,Telangana,Khammam,507167,222,-0.025742725697237123
2025-01-06,Maharashtra,Bhandara,441913,196,-0.0027767363830935032
2025-01-06,Uttar Pradesh,Sultanpur,228171,221,-0.026907275739606495
2025-01-06,Kerala,Alappuzha,688522,197,-0.005153221939645958
2025-01-06,Tamil Nadu,Erode,638461,200,-0.020068237154765023
2025-01-06,Tamil Nadu,Kancheepuram,603305,192,-0.010889695907383867
2025-01-06,Manipur,Tamenglong,795141,204,-0.010889695907383867
2025-01-06,Rajasthan,Bharatpur,321403,187,-0.0023024032490500668
2025-01-06,Punjab,SAS Nagar (Mohali),160062,266,-0.05768591570782566
2025-01-06,Tamil Nadu,Villupuram,605801,198,-0.019727210748189394
2025-01-06,Uttar Pradesh,Hamirpur,210430,184,-0.0013546992202679853
2025-01-06,Puducherry,Puducherry,605007,268,-0.06488296970532204
2025-01-06,Rajasthan,Bhilwara,311803,184,-0.0046772814518151185
2025-01-06,Odisha,Gajapati,761201,208,-0.02329670494102809
2025-01-06,Rajasthan,Sirohi,307028,242,-0.047017353600383505
2025-01-06,West Bengal,Hooghly,712408,231,-0.042992845438772354
2025-01-06,Bihar,Araria,854328,273,-0.0633349997097401
2025-01-06,Tamil Nadu,Theni,625540,210,-0.018126095159237354
2025-01-06,Tamil Nadu,Kancheepuram,603104,246,-0.05258674116746165
2025-01-06,Bihar,Buxar,802122,260,-0.0633349997097401
2025-01-06,Rajasthan,Nagaur,341507,195,-0.012331106470042097
2025-01-06,Maharashtra,Sangli,415411,234,-0.034409899671365096
2025-01-06,Himachal Pradesh,Chamba,176324,214,-0.0225033177308529
2025-01-06,Kerala,Alappuzha,690501,192,-0.010889695907383867
2025-01-06,Tamil Nadu,Ariyalur,621718,194,-0.004201662869894318
2025-01-06,Rajasthan,Ajmer,305401,229,-0.042992845438772354
2025-01-06,West Bengal,Puruliya,723154,211,-0.020068237154765023
2025-01-06,Gujarat,Anand,388430,201,-0.01618920216448605
2025-01-06,Andhra Pradesh,East Godavari,533274,197,-0.01455922921974706
2025-01-06,Odisha,Koraput,764028,200,-0.023682310015955554
2025-01-06,Andhra Pradesh,Prakasam,523252,171,-0.005365955034821512
2025-01-06,Jharkhand,Ranchi,835221,212,-0.018611138009296146
2025-01-06,Haryana,Faridabad,121009,191,-0.0033218300527928513
2025-01-06,Karnataka,Udupi,576214,190,-0.0023024032490500668
2025-01-06,Tamil Nadu,Villupuram,606213,183,-0.009594164390780091
2025-01-06,West Bengal,North 24 Parganas,700157,219,-0.02887321482862837
2025-01-06,Gujarat,Ahmedabad,382140,180,-0.0003970860628539352
2025-01-06,Karnataka,Bagalkot,587121,205,-0.024171113396968424
2025-01-06,Bihar,Madhubani,847424,216,-0.03302636367178269
2025-01-06,Gujarat,Anand,388315,225,-0.03799274665665364
2025-01-06,Uttar Pradesh,Azamgarh,276125,269,-0.05973526524106354
2025-01-06,Karnataka,Bengaluru,562107,243,-0.053603817919242625
2025-01-06,Gujarat,Anand,388640,243,-0.04752195049478225
2025-01-06,Tamil Nadu,Tiruchirappalli,621003,243,-0.03838782504841298
2025-01-06,Gujarat,Mahesana,384335,271,-0.06488296970532204
2025-01-06,Jharkhand,Dhanbad,828305,248,-0.05005006237513476
2025-01-06,Telangana,Komaram Bheem,504296,229,-0.04249131183846566
2025-01-06,Odisha,Ganjam,761122,194,-0.013775445719942603
2025-01-06,Uttarakhand,Nainital,263002,229,-0.028483237445078857
2025-01-06,Andhra Pradesh,Nellore,524309,225,-0.03799274665665364
2025-01-06,Gujarat,Anand,388335,185,-0.0032513905530361376
2025-01-06,Gujarat,Sabarkantha,383246,197,-0.020269930800487224
2025-01-06,Andhra Pradesh,Vizianagaram,535527,221,-0.025742725697237123
2025-01-06,Andhra Pradesh,Krishna,521207,206,-0.019886147673503607
2025-01-06,Bihar,Gaya,823004,213,-0.02543630907301697
2025-01-06,Rajasthan,Sikar,332406,211,-0.021528296863857266
2025-01-06,Maharashtra,Ahmadnagar,413707,197,-0.009930379647657861
2025-01-06,Bihar,Madhubani,847213,197,-0.019783766013512727
2025-01-06,Rajasthan,Jaipur,303704,228,-0.03292371993139642
2025-01-06,Karnataka,Gulbarga,585217,220,-0.03451275196538672
2025-01-06,West Bengal,Kolkata,700011,219,-0.016773297384949593
2025-01-06,Haryana,Mewat,122103,214,-0.024946649967442114
2025-01-06,Andhra Pradesh,Chittoor,517125,214,-0.024631355886480466
2025-01-06,Uttar Pradesh,Lucknow,227105,246,-0.04038487654911649
2025-01-06,Haryana,Rewari,123101,246,-0.0485321690713465
2025-01-06,Rajasthan,Sikar,332710,220,-0.028381231146130337
2025-01-06,Delhi,New Delhi,110021,181,-0.0018171775278262858
2025-01-06,Andhra Pradesh,Anantapur,515591,243,-0.05258674116746165
2025-01-06,Kerala,Ernakulam,682008,257,-0.05768591570782566
2025-01-06,Uttar Pradesh,Azamgarh,276207,223,-0.026907275739606495
2025-01-06,West Bengal,Hooghly,712601,197,-0.016672934095826042
2025-01-06,Assam,Dhemaji,787057,209,-0.02956983467600438
2025-01-06,Rajasthan,Pali,306303,206,-0.027602012841988488
2025-01-06,Odisha,Sundergarh,769043,239,-0.04600918344440841
2025-01-06,West Bengal,North 24 Parganas,743435,199,-0.007537760598092191
2025-01-06,Uttar Pradesh,Chandauli,232102,180,-0.0013546992202679853
2025-01-06,Uttar Pradesh,Hardoi,241126,243,-0.050556711853084746
2025-01-06,Andhra Pradesh,Chittoor,517130,209,-0.021833059430210078
2025-01-06,Bihar,Munger,813212,225,-0.03035116467010257
2025-01-06,Karnataka,Vijayapura,586123,187,-0.011670304073571058
2025-01-06,Maharashtra,Solapur,413324,190,-0.00897236063054363
2025-01-06,Odisha,Kendujhar,758081,183,-0.004201662869894318
2025-01-06,Tamil Nadu,Vellore,635752,251,-0.05258674116746165
2025-01-06,Punjab,Gurdaspur,143506,201,-0.014257543984108167
2025-01-06,Uttar Pradesh,Rae Bareli,229310,197,-0.016773297384949704
2025-01-06,Karnataka,Belagavi,591307,206,-0.022189088466077478
2025-01-06,Uttar Pradesh,Rae Bareli,229316,198,-0.01871177328400897
2025-01-06,Karnataka,Bagalkot,587119,212,-0.03352149125081805
2025-01-06,Uttar Pradesh,Azamgarh,276124,287,-0.06902628357425167
2025-01-06,Telangana,Warangal,506223,242,-0.04752195049478225
2025-01-06,Assam,Chirang,783391,216,-0.025742725697237123
2025-01-06,West Bengal,Paschim Medinipur,721201,254,-0.053603817919242625
2025-01-06,Tamil Nadu,Tiruvannamalai,606802,213,-0.03006262282349914
2025-01-06,Haryana,Sonipat,131024,203,-0.00801563710183506
2025-01-06,Punjab,Bathinda,151106,199,-0.00525196868281308
2025-01-06,Kerala,Kollam,690520,205,-0.007159221657597747
2025-01-06,Tamil Nadu,Ariyalur,612903,258,-0.05615253918135177
2025-01-06,Odisha,Angul,759123,189,-0.00818571317538519
2025-01-06,Bihar,Bhojpur,802163,223,-0.038491235559436565
2025-01-06,Telangana,Khammam,507204,176,-0.0054647316305423965
2025-01-06,Jharkhand,Bokaro,827012,244,-0.03838782504841298
2025-01-06,Rajasthan,Bharatpur,321407,213,-0.026416621734720702
2025-01-06,Odisha,Kalahandi,766020,219,-0.024946649967442114
2025-01-06,Rajasthan,Bharatpur,321601,215,-0.0315429893282827
2025-01-06,West Bengal,South 24 Parganas,700103,260,-0.05564210492371935
2025-01-06,Odisha,Sundergarh,770038,191,-0.00801563710183506
2025-01-06,Andhra Pradesh,Krishna,521328,190,-0.013113300691747987
2025-01-06,Gujarat,Amreli,364530,238,-0.045002376594092786
2025-01-06,Punjab,Ludhiana,141112,209,-0.021041280971580534
2025-01-06,Telangana,Nalgonda,508238,237,-0.04449948383235369
2025-01-06,Madhya Pradesh,Dindori,481885,267,-0.06076202172766598
2025-01-06,Odisha,Mayurbhanj,757014,207,-0.02055459447614638
2025-01-06,Rajasthan,Ajmer,305407,219,-0.02543630907301697
2025-01-06,Andhra Pradesh,Vizianagaram,535573,226,-0.03540236336963165
2025-01-06,Telangana,Medchal-malkajgiri,500062,208,-0.020068237154765023
2025-01-06,Gujarat,Kachchh,370130,193,-0.012331106470042097
2025-01-06,Haryana,Gurgaon,122506,274,-0.06850714206327568
2025-01-06,Karnataka,Bellary,583116,249,-0.05258674116746165
2025-01-06,Jammu and Kashmir,Jammu,181202,259,-0.060248469812024474
2025-01-06,Andhra Pradesh,Ananthapur,515701,181,-0.012474644280533798
2025-01-06,Andhra Pradesh,Cuddapah,516349,164,-0.0030871940385059915
2025-01-06,Uttar Pradesh,Shrawasti,271803,221,-0.03451275196538672
2025-01-06,Rajasthan,Churu,331502,217,-0.02329670494102809
2025-01-06,Madhya Pradesh,Indore,452018,229,-0.031440553718647624
2025-01-06,Uttar Pradesh,Fatehpur,212659,201,-0.023682310015955554
2025-01-06,Tamil Nadu,Ariyalur,621806,225,-0.030033515275095235
2025-01-06,Assam,Cachar,788005,207,-0.015705797408857247
2025-01-06,Tamil Nadu,Tirunelveli,627814,198,-0.006752708228275672
2025-01-06,Maharashtra,Sangli,416407,212,-0.021528296863857266
2025-01-06,Rajasthan,Sawai Madhopur,322026,241,-0.04903779121595886
2025-01-06,Karnataka,Haveri,581102,217,-0.03649930197650009
2025-01-06,Tamil Nadu,Vellore,631003,288,-0.06954577644811977
2025-01-06,West Bengal,Hooghly,712102,223,-0.03550535493477014
2025-01-06,Gujarat,Surat,394510,258,-0.054622271883039475
2025-01-06,Maharashtra,Kolhapur,416204,216,-0.02445732204646711
2025-01-06,Maharashtra,Mumbai City,400015,194,-0.013775445719942603
2025-01-06,Karnataka,Bengaluru,560054,232,-0.03629305439702801
2025-01-06,Tamil Nadu,Vellore,635854,232,-0.0394892257480256
2025-01-06,Rajasthan,Pali,306119,248,-0.05207871866399583
2025-01-06,Gujarat,Panchmahals,389360,197,-0.014739968539731585
2025-01-06,Karnataka,Davangere,577534,222,-0.03352149125081805
2025-01-06,Tamil Nadu,Ariyalur,621715,226,-0.032326436735039654
2025-01-06,Uttar Pradesh,Azamgarh,276136,184,-0.0027767363830935032
2025-01-06,Tamil Nadu,Vellore,635809,202,-0.011369841052065066
2025-01-06,Rajasthan,Nagaur,341516,207,-0.020068237154765023
2025-01-06,Rajasthan,Udaipur,313022,198,-0.013775445719942603
2025-01-06,Andhra Pradesh,Chittoor,517102,185,-0.008636600023270158
2025-01-06,Gujarat,Amreli,365650,242,-0.05207871866399583
2025-01-06,Uttar Pradesh,Jaunpur,222204,209,-0.022189088466077478
2025-01-06,Rajasthan,Dausa,303510,253,-0.05258674116746165
2025-01-06,Telangana,K.v. Rangareddy,500078,237,-0.047017353600383505
2025-01-06,Telangana,Warangal,506003,178,-0.0054647316305423965
2025-01-06,Gujarat,Bhavnagar,364135,264,-0.059222407779854214
2025-01-06,Karnataka,Shivamogga,577227,220,-0.027214314947344054
2025-01-06,Uttarakhand,Champawat,262580,244,-0.05106370423912854
2025-01-06,Jharkhand,Jamtara,815354,257,-0.054622271883039475
2025-01-06,Odisha,Kandhamal,762010,214,-0.02543630907301697
2025-01-06,Kerala,Alappuzha,690503,207,-0.020068237154765023
2025-01-06,Tamil Nadu,Tiruvallur,600120,216,-0.03203711293693923
2025-01-06,Gujarat,Patan,384272,213,-0.022991323151906218
2025-01-06,Odisha,Mayurbhanj,757051,194,-0.013775445719942603
2025-01-06,West Bengal,Barddhaman,713122,252,-0.054622271883039475
2025-01-06,Maharashtra,Mumbai City,400011,219,-0.02543630907301697
2025-01-06,Karnataka,Ramanagar,562127,231,-0.04449948383235369
2025-01-06,Andhra Pradesh,Prakasam,523368,172,-0.0072735169138419264
2025-01-06,Karnataka,Tumakuru,572218,224,-0.037494594910569834
2025-01-06,Tamil Nadu,Villupuram,606102,231,-0.042992845438772354
2025-01-06,Karnataka,Mandya,571405,204,-0.025048174296160797
2025-01-06,Maharashtra,Solapur,413218,219,-0.019682980328586064
2025-01-06,Telangana,Hyderabad,500009,253,-0.05258674116746165
2025-01-06,Jharkhand,Khunti,835234,209,-0.029077379829460348
2025-01-06,Bihar,Supaul,852110,259,-0.059222407779854214
2025-01-06,Telangana,Mahabubnagar,509215,179,-0.0008813278916995904
2025-01-06,Assam,Dhemaji,787060,212,-0.03352149125081805
2025-01-06,Odisha,Khorda,752061,189,-0.005153221939645958
2025-01-06,West Bengal,Paschim Medinipur,721517,221,-0.03500888555468851
2025-01-06,Maharashtra,Kolhapur,416013,235,-0.037288068053605405
2025-01-06,Gujarat,Arvalli,383355,140,-0.00046251167247135516
2025-01-06,Gujarat,Mahisagar,389172,172,-0.005196557557079262
2025-01-06,West Bengal,Howrah,711301,243,-0.04752195049478225
2025-01-06,Uttar Pradesh,Pratapgarh,230502,240,-0.04752195049478225
2025-01-06,Andhra Pradesh,Guntur,522261,194,-0.01391927517347169
2025-01-06,Karnataka,Belagavi,591114,188,-0.01447302944612927
2025-01-06,Kerala,Palakkad,678001,194,-0.013293673526545091
2025-01-06,Rajasthan,Sikar,332401,211,-0.022991323151906218
2025-01-06,Odisha,Sundergarh,770031,281,-0.06695182333203509
2025-01-06,Telangana,Warangal,506244,270,-0.0633349997097401
2025-01-06,Karnataka,Bellary,583129,202,-0.024660247607564467
2025-01-06,Uttar Pradesh,Faizabad,224189,206,-0.02329670494102809
2025-01-06,Tamil Nadu,Tirunelveli,627401,193,-0.0046772814518151185
2025-01-06,West Bengal,Barddhaman,713519,224,-0.041990117454162146
2025-01-06,Gujarat,Sabarkantha,383276,189,-0.011850311166303085
2025-01-06,Tamil Nadu,Ramanathapuram,623534,185,-0.00040827673137111553
2025-01-06,Jharkhand,Dhanbad,828114,210,-0.010029796763041943
2025-01-06,Uttar Pradesh,Ambedkar Nagar,224152,217,-0.027573003596060075
2025-01-06,Madhya Pradesh,Agar Malwa,465550,241,-0.04349471848466868
2025-01-06,Tamil Nadu,Kancheepuram,603401,230,-0.04449948383235369
2025-01-06,Telangana,Mahabubnagar,509228,197,-0.017944497808742188
2025-01-06,Tamil Nadu,Virudhunagar,626129,194,-0.011369841052065066
2025-01-06,Uttarakhand,Champawat,262310,221,-0.03649930197650009
2025-01-06,Kerala,Pathanamthitta,689694,193,-0.0013546992202679853
2025-01-06,Tamil Nadu,Namakkal,637409,211,-0.015322879390096023
2025-01-06,Gujarat,Kheda,387320,274,-0.06695182333203509
2025-01-06,Rajasthan,Kota,326517,185,-0.0102302334201817
2025-01-06,Andhra Pradesh,Krishna,521321,199,-0.0169756416401996
2025-01-06,Andhra Pradesh,Alluri Sitharama Raju,533288,241,-0.047017353600383505
2025-01-06,Karnataka,Kolar,563127,200,-0.021243247728365278
2025-01-06,West Bengal,Barddhaman,713144,196,-0.013113300691747987
2025-01-06,Telangana,Karimnagar,505453,152,-0.005782945882977786
2025-01-06,Uttar Pradesh,Kannauj,209723,244,-0.042992845438772354
2025-01-06,Tamil Nadu,Tiruppur,641601,213,-0.027991517526702037
2025-01-06,Odisha,Angul,759143,209,-0.021833059430210078
2025-01-06,Tamil Nadu,Villupuram,606107,215,-0.03500888555468851
2025-01-06,Odisha,Cuttack,754105,201,-0.015705797408857247
2025-01-06,Gujarat,Banaskantha,385540,224,-0.03183211744006753
2025-01-06,Karnataka,Belagavi,591235,267,-0.06539965832117312
2025-01-06,Kerala,Ernakulam,683517,219,-0.029858181365170933
2025-01-06,Punjab,Rupnagar,140125,214,-0.022015642375917466
2025-01-06,Andhra Pradesh,Chittoor,517588,172,-0.0054647316305423965
2025-01-06,Bihar,Supaul,852109,239,-0.03639617095165926
2025-01-06,Tripura,Unakoti,799264,220,-0.03352149125081805
2025-01-06,Andhra Pradesh,Cuddapah,516237,153,-0.0014960206589839098
2025-01-06,Gujarat,Jamnagar,361009,257,-0.054112872633144016
2025-01-06,Kerala,Kottayam,686563,201,-0.016672934095826042
2025-01-06,Bihar,Darbhanga,847428,252,-0.05258674116746165
2025-01-06,Telangana,Rajanna Sircilla,505301,194,-0.013775445719942603
2025-01-06,Telangana,Hyderabad,500080,300,-0.0716272663310843
2025-01-06,Punjab,Ludhiana,142022,197,-0.007537760598092191
2025-01-06,Tamil Nadu,Thiruvarur,614715,188,-0.0018986876033274536
2025-01-06,Andhra Pradesh,Ananthapuramu,515763,177,-0.011513184762475426
2025-01-06,Kerala,Kasaragod,671533,238,-0.042992845438772354
2025-01-06,Bihar,Siwan,841236,267,-0.05973526524106354
2025-01-06,Andhra Pradesh,West Godavari,534145,226,-0.03998872749068072
2025-01-06,Uttar Pradesh,Amethi,229802,169,-0.005365955034821512
2025-01-06,Bihar,Buxar,802120,233,-0.034905963648665606
2025-01-06,Assam,Nagaon,782103,204,-0.00811478552393241
2025-01-06,Telangana,Medak,502381,190,-0.00801563710183506
2025-01-06,Rajasthan,Udaipur,313906,256,-0.059222407779854214
2025-01-06,Tamil Nadu,Coimbatore,642005,231,-0.031440553718647624
2025-01-06,Gujarat,Amreli,365545,194,-0.013775445719942603
2025-01-06,Tamil Nadu,Vellore,632012,182,-0.0032513905530361376
2025-01-06,Kerala,Palakkad,678592,197,-0.016773297384949704
2025-01-06,Telangana,Nizamabad,503306,212,-0.030555744497527737
2025-01-06,West Bengal,Murshidabad,742138,274,-0.06539965832117312
2025-01-06,Gujarat,Bhavnagar,364330,192,-0.012502221343447362
2025-01-06,West Bengal,Hooghly,712602,216,-0.03998872749068072
2025-01-06,Rajasthan,Chittorgarh,312024,197,-0.016773297384949704
2025-01-06,Kerala,Kannur,670306,211,-0.0315429893282827
2025-01-06,Rajasthan,Pali,306709,182,-0.004974911861684528
2025-01-06,Kerala,Alappuzha,688561,289,-0.0716272663310843
2025-01-06,Uttar Pradesh,Faizabad,224164,201,-0.013594950806059991
2025-01-06,Gujarat,Vadodara,391450,202,-0.022705694847794167
2025-01-06,Bihar,Supaul,847408,238,-0.04954375557335
2025-01-06,West Bengal,North 24 Parganas,700059,205,-0.007159221657597747
2025-01-06,Himachal Pradesh,Mandi,175027,208,-0.01339356260850666
2025-01-06,Gujarat,Kheda,387360,185,-0.005530684839221367
2025-01-06,Manipur,Imphal West,795132,241,-0.04752195049478225
2025-01-06,Uttar Pradesh,Etah,207248,206,-0.020372381753946955
2025-01-06,Telangana,Bhadradri Kothagudem,507115,218,-0.03500888555468851
2025-01-06,Karnataka,Shivamogga,577205,215,-0.03899006184711151
2025-01-06,Telangana,Mahabubnagar,509135,207,-0.019241413033982968
2025-01-06,Gujarat,Kachchh,370665,201,-0.016491704970347132
2025-01-06,Uttar Pradesh,Fatehpur,212658,229,-0.038491235559436565
2025-01-06,Kerala,Wayanad,670731,222,-0.02887321482862837
2025-01-06,Rajasthan,Bhilwara,311603,256,-0.0633349997097401
2025-01-06,Tamil Nadu,Perambalur,621101,209,-0.02858525805843637
2025-01-06,Rajasthan,Dungarpur,314403,247,-0.05157103976535138
2025-01-06,Tamil Nadu,Tiruppur,641667,187,-0.00801563710183506
2025-01-06,Rajasthan,Jalor,307515,193,-0.0046772814518151185
2025-01-06,Uttarakhand,Champawat,262309,258,-0.0633349997097401
2025-01-06,Maharashtra,Mumbai Suburban,400042,213,-0.03649930197650009
2025-01-06,Telangana,Sangareddy,502001,218,-0.027398261826605763
2025-01-06,Andhra Pradesh,East Godavari,533462,218,-0.02806444025782584
2025-01-06,Andhra Pradesh,Vizianagaram,535001,219,-0.036002160332899935
2025-01-06,Tamil Nadu,Krishnagiri,635002,208,-0.021041280971580534
2025-01-06,Uttar Pradesh,Deoria,274208,248,-0.05309510750830582
2025-01-06,Karnataka,Mysuru,571602,190,-0.011032942666203138
2025-01-06,West Bengal,North 24 Parganas,700136,219,-0.021629341499610266
2025-01-06,Odisha,Dhenkanal,759025,263,-0.05870989719362596
2025-01-06,Rajasthan,Alwar,301713,198,-0.007537760598092191
2025-01-06,Telangana,Bhadradri Kothagudem,507123,211,-0.022015642375917466
2025-01-06,Punjab,Tarn Taran,143118,209,-0.016672934095826042
2025-01-06,Bihar,East Champaran,845431,229,-0.041489262056430554
2025-01-06,Rajasthan,Nagaur,341502,259,-0.059222407779854214
2025-01-06,Uttar Pradesh,Bara Banki,225404,180,-0.012065068887393449
2025-01-06,Puducherry,Puducherry,605009,226,-0.03799274665665364
2025-01-06,Bihar,Saran,841421,216,-0.023479658862471164
2025-01-06,Odisha,Dhenkanal,759023,229,-0.033316079239934404
2025-01-06,Haryana,Panipat,132145,213,-0.015322879390096023
2025-01-06,Andhra Pradesh,Srikakulam,532291,202,-0.0169756416401996
2025-01-06,Uttarakhand,Almora,263623,216,-0.03998872749068072
2025-01-06,Jharkhand,Hazaribagh,825302,264,-0.06281970754118893
2025-01-06,Odisha,Baleswar,756035,258,-0.05768591570782566
2025-01-06,Uttarakhand,Almora,263653,201,-0.019582208784796884
2025-01-06,Maharashtra,Mumbai Suburban,400053,250,-0.05615253918135177
2025-01-06,West Bengal,South 24 Parganas,743357,223,-0.041489262056430554
2025-01-06,Uttar Pradesh,Ghaziabad,201006,198,-0.014739968539731585
2025-01-06,Telangana,Medak,502001,223,-0.03540236336963165
2025-01-06,Bihar,Madhepura,852121,226,-0.03084448163365361
2025-01-06,Punjab,Hoshiarpur,144214,182,-0.003726365976160051
2025-01-06,Odisha,Khorda,752062,216,-0.026416621734720702
2025-01-06,Gujarat,Panchmahals,389380,235,-0.04550560972132289
2025-01-06,Kerala,Thrissur,680302,196,-0.007060207309698252
2025-01-06,Andhra Pradesh,Guntur,522259,173,-0.0054647316305423965
2025-01-06,Odisha,Ganjam,761019,216,-0.03899006184711151
2025-01-06,Bihar,Bhojpur,802164,256,-0.060248469812024474
2025-01-06,Maharashtra,Satara,415512,203,-0.017641380371539284
2025-01-06,Andhra Pradesh,Chittoor,517526,170,-0.0034635486973665364
2025-01-06,Uttar Pradesh,Mirzapur,231307,225,-0.03998872749068072
2025-01-06,Uttar Pradesh,Ballia,221718,188,-0.003726365976160051
2025-01-06,Uttar Pradesh,Maharajganj,273161,228,-0.04349471848466868
2025-01-06,Odisha,Sundergarh,770002,235,-0.04399693120589665
2025-01-06,Karnataka,Mandya,571429,257,-0.05513201590211625
2025-01-06,West Bengal,Puruliya,723145,235,-0.034905963648665606
2025-01-06,Assam,Charaideo,785692,179,-0.012546009542433456
2025-01-06,West Bengal,North 24 Parganas,743412,199,-0.014739968539731585
2025-01-06,Rajasthan,Bundi,323023,206,-0.028093469137654314
2025-01-06,Gujarat,Surat,394180,245,-0.05207871866399583
2025-01-06,Karnataka,Kalaburagi,585311,195,-0.01407692690851503
2025-01-06,West Bengal,Puruliya,723146,205,-0.013293673526545091
2025-01-06,Bihar,Siwan,841203,248,-0.044898052511467945
2025-01-06,Uttar Pradesh,Aligarh,202142,208,-0.02750013018677111
2025-01-06,Uttar Pradesh,Lucknow,226029,217,-0.03352149125081805
2025-01-06,Maharashtra,Chandrapur,442917,228,-0.032428996659465525
2025-01-06,Uttar Pradesh,Deoria,274206,232,-0.034803056183511205
2025-01-06,Madhya Pradesh,Betul,460447,216,-0.03203711293693923
2025-01-06,Gujarat,Porbandar,360576,229,-0.04600918344440841
2025-01-06,Uttar Pradesh,Etah,207250,169,-0.004512751319473374
2025-01-06,Haryana,Sonipat,131103,189,-0.00040827673137111553
2025-01-06,Odisha,Sundergarh,770039,216,-0.03352149125081805
2025-01-06,Rajasthan,Jhalawar,326035,220,-0.029365531493186214
2025-01-06,Haryana,Jhajjar,124104,201,-0.011369841052065066
2025-01-06,Telangana,Khammam,507160,191,-0.014401470783604986
2025-01-06,Punjab,Hoshiarpur,146104,193,-0.010889695907383867
2025-01-06,Uttar Pradesh,Mathura,281404,234,-0.04550560972132289
2025-01-06,Bihar,Bhojpur,802112,216,-0.0394892257480256
2025-01-06,Kerala,Kannur,670650,236,-0.037288068053605405
2025-01-06,Maharashtra,Jalgaon,425506,201,-0.010889695907383867
2025-01-06,Rajasthan,Ajmer,305412,255,-0.054622271883039475
2025-01-06,Himachal Pradesh,Kangra,176215,194,-0.004370820861182456
2025-01-06,Gujarat,Kheda,387510,185,-0.005451053790315963
2025-01-06,West Bengal,Paschim Medinipur,721140,265,-0.05870989719362596
2025-01-06,Tamil Nadu,Salem,636114,184,-0.004499091975209146
2025-01-06,Puducherry,Puducherry,605004,230,-0.0394892257480256
2025-01-06,Uttar Pradesh,Hardoi,241305,202,-0.01745990584577095
2025-01-06,Tamil Nadu,Coimbatore,642003,194,-0.0013546992202679853
2025-01-06,Tamil Nadu,Ramanathapuram,623522,211,-0.021528296863857266
2025-01-06,Karnataka,Uttara Kannada,581325,189,-0.008804407897448852
2025-01-06,Uttarakhand,Tehri Garhwal,249001,214,-0.02055459447614638
2025-01-06,Telangana,Adilabad,504313,177,-0.0091862483060009
2025-01-06,Uttar Pradesh,Deoria,274505,229,-0.04399693120589665
2025-01-06,Andhra Pradesh,Prakasam,523165,156,-0.0029183449615775015
2025-01-06,Bihar,Patna,803301,249,-0.05513201590211625
2025-01-06,Maharashtra,Satara,415013,209,-0.014357568324735004
2025-01-06,Telangana,Medak,502248,189,-0.010553025385265924
2025-01-06,Telangana,Nirmal,504106,261,-0.05870989719362596
2025-01-06,Rajasthan,Jhalawar,326034,248,-0.05207871866399583
2025-01-06,Karnataka,Ballari,583120,191,-0.01407692690851503
2025-01-06,Andhra Pradesh,Vizianagaram,535006,184,-0.01062419776924206
2025-01-06,Kerala,Thrissur,680681,217,-0.0394892257480256
2025-01-06,Haryana,Sonipat,131408,215,-0.019682980328586064
2025-01-06,Tamil Nadu,Salem,636103,217,-0.024946649967442114
2025-01-06,Maharashtra,Palghar,401702,199,-0.019096509143753382
2025-01-06,Jammu and Kashmir,Pulwama,192122,184,-0.0046772814518151185
2025-01-06,Karnataka,Raichur,584138,253,-0.05106370423912854
2025-01-06,Rajasthan,Chittorgarh,312201,210,-0.022015642375917466
2025-01-06,Assam,Sibsagar,785685,214,-0.030555744497527737
2025-01-06,Karnataka,Bangalore Rural,561204,230,-0.038491235559436565
2025-01-06,Madhya Pradesh,Bhopal,462024,199,-0.007537760598092191
2025-01-06,Uttar Pradesh,Hathras,202139,225,-0.031020052961223232
2025-01-06,Tamil Nadu,Pudukkottai,622501,233,-0.034905963648665606
2025-01-06,Odisha,Cuttack,753004,210,-0.020068237154765023
2025-01-06,Rajasthan,Kota,325203,274,-0.06850714206327568
2025-01-06,Odisha,Jagatsinghapur,754119,242,-0.04651309799386971
2025-01-06,Mizoram,Aizawl,796012,236,-0.04449948383235369
2025-01-06,Telangana,Mahabubnagar,509327,183,-0.0037968531504445346
2025-01-06,Tamil Nadu,Krishnagiri,635122,267,-0.06385064063588974
2025-01-06,West Bengal,North 24 Parganas,743249,244,-0.050556711853084746
2025-01-06,Kerala,Thrissur,680601,217,-0.02445732204646711
2025-01-06,Andhra Pradesh,Ananthapur,515004,202,-0.019241413033982968
2025-01-06,Odisha,Subarnapur,767018,191,-0.0046772814518151185
2025-01-06,Kerala,Kannur,670693,226,-0.03799274665665364
2025-01-06,Uttar Pradesh,Allahabad,212208,199,-0.016491704970347132
2025-01-06,Andhra Pradesh,Anantapur,515401,214,-0.022991323151906218
2025-01-06,West Bengal,Hooghly,712303,239,-0.04449948383235369
2025-01-06,Odisha,Bhadrak,756135,198,-0.017156993424314648
2025-01-06,Kerala,Thiruvananthapuram,695605,236,-0.034905963648665606
2025-01-06,Gujarat,Surendra Nagar,363415,227,-0.03799274665665364
2025-01-06,West Bengal,Birbhum,731102,185,-0.0027767363830935032
2025-01-06,Tamil Nadu,Erode,638005,227,-0.03183211744006753
2025-01-06,Punjab,Hoshiarpur,146105,199,-0.01281222718337538
2025-01-06,Andhra Pradesh,East Godavari,533218,180,-0.007751214573429199
2025-01-06,Telangana,Suryapet,508246,267,-0.05870989719362596
2025-01-06,Odisha,Mayurbhanj,757020,190,-0.00849383703968376
2025-01-06,Uttar Pradesh,Sonbhadra,231217,253,-0.058197733247767336
2025-01-06,Kerala,Malappuram,676509,229,-0.032326436735039654
2025-01-06,Bihar,Patna,800012,295,-0.0716272663310843
2025-01-06,Chhattisgarh,Bijapur,494450,182,-0.0027767363830935032
2025-01-06,Tamil Nadu,Tirunelveli,627861,191,-0.0046772814518151185
2025-01-06,Odisha,Bhadrak,756116,240,-0.04752195049478225
2025-01-06,Bihar,Bhojpur,802156,194,-0.013775445719942603
2025-01-06,Karnataka,Belgaum,591224,191,-0.00849383703968376
2025-01-06,Karnataka,Bengaluru,560067,253,-0.054622271883039475
2025-01-06,Karnataka,Dharwad,580032,188,-0.00040827673137111553
2025-01-06,West Bengal,Purba Medinipur,721444,205,-0.018126095159237354
2025-01-06,Uttar Pradesh,Ghazipur,233224,247,-0.05157103976535138
2025-01-06,Odisha,Sundergarh,770022,185,-0.008793082798599916
2025-01-06,Andhra Pradesh,Nellore,524410,222,-0.029192737652004808
2025-01-06,Tamil Nadu,Villupuram,604202,189,-0.008804407897448852
2025-01-06,Odisha,Nabarangapur,764063,259,-0.06281970754118893
2025-01-06,Assam,Marigaon,782105,185,-0.003627833288762816
2025-01-06,Bihar,Gopalganj,841420,231,-0.04249131183846566
2025-01-06,Maharashtra,Kolhapur,416103,239,-0.03689357926765535
2025-01-06,Odisha,Khorda,752056,261,-0.05768591570782566
2025-01-06,West Bengal,Hooghly,712136,211,-0.021528296863857266
2025-01-06,Karnataka,Kolar,563126,267,-0.06488296970532204
2025-01-06,Bihar,Saran,841209,212,-0.03550535493477014
2025-01-06,Tamil Nadu,Dharmapuri,636902,190,-0.011369841052065066
2025-01-06,Manipur,Imphal East,795114,201,-0.020756424631204085
2025-01-06,Himachal Pradesh,Kangra,176047,206,-0.013775445719942603
2025-01-06,Gujarat,Kachchh,370490,184,-0.0045786153424309806
2025-01-06,Rajasthan,Rajsamand,313330,196,-0.013775445719942603
2025-01-06,Bihar,Muzaffarpur,843122,208,-0.023479658862471164
2025-01-06,Telangana,Hyderabad,500065,222,-0.03500888555468851
2025-01-06,Assam,Darrang,784145,232,-0.04550560972132289
2025-01-06,Rajasthan,Nagaur,341519,225,-0.03500888555468851
2025-01-06,Tamil Nadu,Pudukkottai,622104,203,-0.017641380371539284
2025-01-06,Uttar Pradesh,Rae Bareli,229405,242,-0.04752195049478225
2025-01-06,Andhra Pradesh,Vizianagaram,535124,236,-0.047017353600383505
2025-01-06,Andhra Pradesh,West Godavari,534222,204,-0.027009075200344124
2025-01-06,Uttar Pradesh,Kasganj,207244,181,-0.0003970860628539352
2025-01-06,Tamil Nadu,Perambalur,621113,201,-0.020727688869603966
2025-01-06,Uttar Pradesh,Sant Ravidas Nagar,221402,196,-0.014739968539731585
2025-01-06,Andhra Pradesh,Krishna,521340,196,-0.0173733554313954
2025-01-06,Rajasthan,Nagaur,341501,192,-0.012150977545764441
2025-01-06,Uttarakhand,Haridwar,247670,213,-0.030555744497527737
2025-01-06,Tamil Nadu,Salem,636503,227,-0.03799274665665364
2025-01-06,Andhra Pradesh,Srikakulam,532212,238,-0.042992845438772354
2025-01-06,Karnataka,Bidar,585329,243,-0.05258674116746165
2025-01-06,Andhra Pradesh,Chittoor,517536,180,-0.007680330529362678
2025-01-06,Himachal Pradesh,Chamba,176311,245,-0.0485321690713465
2025-01-06,Kerala,Malappuram,676303,251,-0.05258674116746165
2025-01-06,Assam,Barpeta,781321,262,-0.05615253918135177
2025-01-06,Manipur,Imphal West,795004,203,-0.021041280971580534
2025-01-06,Andhra Pradesh,Nellore,524005,175,-0.008328413942162438
2025-01-06,Karnataka,Haveri,581213,278,-0.061275921223076235
2025-01-06,Telangana,Warangal,506252,230,-0.03899006184711151
2025-01-06,Assam,Marigaon,782411,255,-0.05564210492371935
2025-01-06,Tamil Nadu,Salem,636111,203,-0.019096509143753382
2025-01-06,Tamil Nadu,Villupuram,604304,163,-0.0038681663052032578
2025-01-06,Uttar Pradesh,Varanasi,221302,229,-0.0394892257480256
2025-01-06,Andhra Pradesh,Cuddapah,516293,173,-0.0054647316305423965
2025-01-06,Bihar,Saran,841204,184,-0.0008701296491672172
2025-01-06,Maharashtra,Mumbai Suburban,400065,223,-0.04098874541599462
2025-01-06,Tamil Nadu,Tiruvannamalai,606755,266,-0.061275921223076235
2025-01-06,Rajasthan,Banswara,327026,202,-0.016491704970347132
2025-01-06,Odisha,Kendujhar,758080,284,-0.06954577644811977
2025-01-06,Assam,Udalguri,784509,222,-0.03500888555468851
2025-01-06,Tamil Nadu,Vellore,632501,234,-0.04550560972132289
2025-01-06,Karnataka,Raichur,584134,240,-0.04802688890805484
2025-01-06,Uttar Pradesh,Faizabad,225407,218,-0.03352149125081805
2025-01-06,Tamil Nadu,Virudhunagar,626003,184,-0.0056294845512575575
2025-01-06,Assam,Sonitpur,784001,204,-0.007159221657597747
2025-01-06,West Bengal,South 24 Parganas,743351,190,-0.010409875512463751
2025-01-06,Bihar,East Champaran,845434,217,-0.03352149125081805
2025-01-06,Kerala,Palakkad,679337,193,-0.011369841052065066
2025-01-06,Punjab,Hoshiarpur,144216,219,-0.027398261826605763
2025-01-06,Andhra Pradesh,East Godavari,533234,203,-0.019727210748189394
2025-01-06,Tamil Nadu,Tiruvannamalai,606907,225,-0.030526617248691212
2025-01-06,Uttar Pradesh,Mathura,281406,209,-0.03302636367178269
2025-01-06,West Bengal,Murshidabad,742235,222,-0.029365531493186214
2025-01-06,Karnataka,Chitradurga,577519,233,-0.04249131183846566
2025-01-06,Tamil Nadu,Ramanathapuram,623519,184,-0.0032513905530361376
2025-01-06,Tamil Nadu,Dindigul,624302,195,-0.004370820861182456
2025-01-06,Kerala,Kannur,670706,242,-0.04038487654911649
2025-01-06,West Bengal,Darjeeling,734429,272,-0.06488296970532204
2025-01-06,Bihar,Kaimur (Bhabua),821104,240,-0.04752195049478225
2025-01-06,Odisha,Baleswar,756043,267,-0.06281970754118893
2025-01-06,Uttar Pradesh,Sant Ravidas Nagar,221306,211,-0.022320611210223218
2025-01-06,Kerala,Thiruvananthapuram,695311,194,-0.013293673526545091
2025-01-06,Rajasthan,Dungarpur,314025,266,-0.06488296970532204
2025-01-06,Karnataka,Bengaluru,560082,188,-0.007060207309698252
2025-01-06,Kerala,Kollam,691302,206,-0.02612963745671415
2025-01-06,Andhra Pradesh,Prakasam,523186,222,-0.025742725697237123
2025-01-06,Karnataka,Bijapur,586204,247,-0.050556711853084746
2025-01-06,Odisha,Bargarh,768030,275,-0.0633349997097401
2025-01-06,Telangana,Hyderabad,500049,254,-0.05258674116746165
2025-01-06,Tamil Nadu,Pudukkottai,622304,241,-0.04540121503056782
2025-01-06,Uttar Pradesh,Mainpuri,205121,185,-0.007060207309698252
2025-01-06,Andhra Pradesh,Chittoor,517194,181,-0.007680330529362678
2025-01-06,Gujarat,Ahmedabad,382115,221,-0.026907275739606495
2025-01-06,Karnataka,Kalaburagi,585105,210,-0.03401695393975024
2025-01-06,Bihar,Bhojpur,802166,262,-0.058197733247767336
2025-01-06,Andhra Pradesh,Guntur,522658,206,-0.020372381753946955
2025-01-06,Uttar Pradesh,Sultanpur,227304,224,-0.03550535493477014
2025-01-06,Karnataka,Chikkaballapur,562104,234,-0.04449948383235369
2025-01-06,Tamil Nadu,Erode,638458,195,-0.013293673526545091
2025-01-06,Tamil Nadu,Krishnagiri,635105,241,-0.04288880331142775
2025-01-06,Karnataka,Yadgir,585287,178,-0.005771669160712367
2025-01-06,Gujarat,Ahmedabad,382265,201,-0.01618920216448605
2025-01-06,Telangana,Adilabad,504201,168,-0.004315479111320353
2025-01-06,Karnataka,Kalaburagi,585318,220,-0.025742725697237123
2025-01-06,West Bengal,Paschim Medinipur,721133,217,-0.026416621734720702
2025-01-06,Assam,Darrang,784190,228,-0.04399693120589665
2025-01-06,Andhra Pradesh,Kurnool,518006,230,-0.03739132423718583
2025-01-06,Tamil Nadu,Vellore,635852,290,-0.0716272663310843
2025-01-06,Andhra Pradesh,Adilabad,504294,193,-0.004201662869894318
2025-01-06,Tamil Nadu,Virudhunagar,626121,227,-0.04098874541599462
2025-01-06,Maharashtra,Mumbai City,400012,212,-0.022015642375917466
2025-01-06,Odisha,Kendujhar,758027,268,-0.0633349997097401
2025-01-06,Karnataka,Chitradurga,577543,206,-0.024171113396968424
2025-01-06,West Bengal,Bankura,722154,206,-0.022015642375917466
2025-01-06,Maharashtra,Ratnagiri,415628,214,-0.0239683250860927
2025-01-06,Rajasthan,Jhunjhunun,333504,209,-0.010029796763041943
2025-01-06,Kerala,Ernakulam,683556,264,-0.06076202172766598
2025-01-06,Rajasthan,Dausa,322240,274,-0.0633349997097401
2025-01-06,Gujarat,Mahesana,382865,220,-0.03550535493477014
2025-01-06,Maharashtra,Pune,411040,210,-0.01339356260850666
2025-01-06,Andhra Pradesh,Guntur,522401,167,-0.00234556330136515
2025-01-06,Karnataka,Kalaburagi,585213,210,-0.02280849297271681
2025-01-06,Madhya Pradesh,Mandsaur,458339,237,-0.04449948383235369
2025-01-06,Odisha,Kalahandi,766031,191,-0.00897236063054363
2025-01-06,Rajasthan,Karauli,322213,249,-0.05207871866399583
2025-01-06,Rajasthan,Bundi,323025,278,-0.06695182333203509
2025-01-06,West Bengal,Kolkata,700017,195,-0.004201662869894318
2025-01-06,Bihar,Madhubani,847109,215,-0.03203711293693923
2025-01-06,West Bengal,Nadia,741155,200,-0.01618920216448605
2025-01-06,Odisha,Ganjam,761001,216,-0.03500888555468851
2025-01-06,Kerala,Kozhikode,673012,203,-0.009930379647657861
2025-01-06,Odisha,Jajapur,755043,195,-0.013293673526545091
2025-01-06,Uttar Pradesh,Siddharthnagar,272193,253,-0.05513201590211625
2025-01-06,Andhra Pradesh,Ananthapur,515767,142,-0.004354813028014215
2025-01-06,Odisha,Mayurbhanj,757074,198,-0.014739968539731585
2025-01-06,Andaman and Nicobar Islands,South Andaman,744105,228,-0.04249131183846566
2025-01-06,Odisha,Kalahandi,766027,215,-0.024946649967442114
2025-01-06,Karnataka,Gulbarga,585313,209,-0.021041280971580534
2025-01-06,Andhra Pradesh,Srikakulam,532218,234,-0.04098874541599462
2025-01-06,Telangana,Karimnagar,505467,269,-0.05870989719362596
2025-01-06,Telangana,Nizamabad,503213,198,-0.01407692690851503
2025-01-06,Delhi,South Delhi,110013,263,-0.06281970754118893
2025-01-06,Andhra Pradesh,Srikakulam,532426,190,-0.013594950806059991
2025-01-06,Uttar Pradesh,Sant Kabir Nagar,272172,204,-0.027009075200344124
2025-01-06,Tamil Nadu,Ramanathapuram,623533,192,-0.006106069504668299
2025-01-06,Bihar,Aurangabad,824114,204,-0.024660247607564467
2025-01-06,Andhra Pradesh,Cuddapah,516310,155,-0.0010225537466030943
2025-01-06,Kerala,Palakkad,679305,251,-0.0485321690713465
2025-01-06,Uttar Pradesh,Etah,207244,222,-0.0394892257480256
2025-01-06,Tamil Nadu,Kancheepuram,603108,234,-0.041489262056430554
2025-01-06,Bihar,Vaishali,844116,236,-0.04349471848466868
2025-01-06,Assam,Goalpara,783125,201,-0.007060207309698252
2025-01-06,Tamil Nadu,Tiruvannamalai,606704,207,-0.020068237154765023
2025-01-06,Maharashtra,Pune,412412,260,-0.05768591570782566
2025-01-06,Uttar Pradesh,Ghazipur,233232,163,-0.0026126509241044538
2025-01-06,Karnataka,Mandya,571418,208,-0.019096509143753382
2025-01-06,West Bengal,Purba Medinipur,721649,210,-0.01339356260850666
2025-01-06,West Bengal,Hooghly,712616,258,-0.06230476389435158
2025-01-06,West Bengal,Purba Medinipur,721422,242,-0.04752195049478225
2025-01-06,Rajasthan,Jaipur,303002,230,-0.035796052250521404
2025-01-06,Odisha,Jajapur,755022,190,-0.00818571317538519
2025-01-06,Rajasthan,Tonk,304022,202,-0.01618920216448605
2025-01-06,Uttar Pradesh,Rae Bareli,229207,197,-0.020269930800487224
2025-01-06,Karnataka,Chikkaballapur,561213,203,-0.016672934095826042
2025-01-06,Karnataka,Tumakuru,572102,237,-0.04128161430270816
2025-01-06,Kerala,Kannur,670704,246,-0.05207871866399583
2025-01-06,Kerala,Kannur,670673,222,-0.03352149125081805
2025-01-06,Manipur,Imphal East,795149,180,-0.001650923354264755
2025-01-06,Maharashtra,Sindhudurg,416512,210,-0.017156993424314648
2025-01-06,Uttar Pradesh,Rae Bareli,229125,261,-0.0633349997097401
2025-01-06,Uttar Pradesh,Kaushambi,212218,221,-0.028700537857854425
2025-01-06,Uttar Pradesh,Deoria,274602,221,-0.0404885673037334
2025-01-06,Odisha,Debagarh,768119,240,-0.04399693120589665
2025-01-06,Kerala,Palakkad,678597,190,-0.0018283909337710735
2025-01-06,Gujarat,Mahesana,384350,232,-0.034409899671365096
2025-01-06,Bihar,Rohtas,821311,259,-0.059222407779854214
2025-01-06,Uttar Pradesh,Balrampur,271306,187,-0.004201662869894318
2025-01-06,Telangana,Nizamabad,503217,240,-0.04903779121595886
2025-01-06,Uttar Pradesh,Muzaffarnagar,251306,236,-0.04752195049478225
2025-01-06,West Bengal,Jalpaiguri,735230,208,-0.019886147673503607
2025-01-06,Andhra Pradesh,West Godavari,534218,194,-0.015366841296784228
2025-01-06,Bihar,Rohtas,802214,240,-0.04903779121595886
2025-01-06,Andhra Pradesh,Chittoor,517192,210,-0.031049199923826154
2025-01-06,Kerala,Kozhikode,673529,187,-0.005153221939645958
2025-01-06,Kerala,Kannur,670622,184,-0.0008813278916995904
2025-01-06,Rajasthan,Dungarpur,314035,224,-0.03500888555468851
2025-01-06,West Bengal,South 24 Parganas,700104,237,-0.04752195049478225
2025-01-06,Uttarakhand,Chamoli,246427,190,-0.00897236063054363
2025-01-06,Punjab,Ferozepur,152001,191,-0.011850311166303085
2025-01-06,Uttar Pradesh,Ballia,277202,291,-0.06954577644811977
2025-01-06,Madhya Pradesh,Anuppur,484444,235,-0.04349471848466868
2025-01-06,Kerala,Palakkad,678622,215,-0.022991323151906218
2025-01-06,Telangana,Karimnagar,505525,234,-0.04449948383235369
2025-01-06,Kerala,Palakkad,678006,254,-0.054622271883039475
2025-01-06,Karnataka,Bangalore,562107,211,-0.010029796763041943
2025-01-06,Rajasthan,Ajmer,305628,218,-0.04249131183846566
2025-01-06,Gujarat,Devbhumi Dwarka,361325,192,-0.011060463811095711
2025-01-06,Andhra Pradesh,Nellore,524310,198,-0.01732926996293893
2025-01-06,Arunachal Pradesh,Longding,792131,240,-0.05258674116746165
2025-01-06,Karnataka,Bellary,583132,221,-0.03352149125081805
2025-01-06,Karnataka,Bengaluru,560027,210,-0.019096509143753382
2025-01-06,Jharkhand,Dhanbad,828101,198,-0.013775445719942603
2025-01-06,Andhra Pradesh,Ananthapuramu,515002,163,-0.0030871940385059915
2025-01-06,Andhra Pradesh,East Godavari,533210,175,-0.006725354158054975
2025-01-06,Uttar Pradesh,Azamgarh,276129,197,-0.01684509411392443
2025-01-06,Tripura,Dhalai,799286,244,-0.05005006237513476
2025-01-06,Tamil Nadu,Thanjavur,614804,285,-0.0716272663310843
2025-01-06,Rajasthan,Bundi,323613,226,-0.041990117454162146
2025-01-06,Odisha,Khorda,752035,263,-0.05615253918135177
2025-01-06,Gujarat,Arvalli,383335,201,-0.013594950806059991
2025-01-06,Uttar Pradesh,Hamirpur,210432,181,-0.00783660169968492
2025-01-06,Uttar Pradesh,Prayagraj,211003,192,-0.009930379647657861
2025-01-06,Odisha,Mayurbhanj,757024,232,-0.0394892257480256
2025-01-06,Uttar Pradesh,Ghazipur,275205,187,-0.0072300533966015434
2025-01-06,Jharkhand,Deoghar,814120,215,-0.03550535493477014
2025-01-06,Kerala,Palakkad,678510,217,-0.022116755400221066
2025-01-06,Tamil Nadu,Tiruvannamalai,606751,226,-0.03799274665665364
2025-01-06,Andhra Pradesh,Nellore,524239,173,-0.0048898706633700995
2025-01-06,Jharkhand,Gumla,835203,235,-0.04600918344440841
2025-01-06,Bihar,Bhojpur,802313,279,-0.06850714206327568
2025-01-06,Bihar,Nalanda,801304,229,-0.03799274665665364
2025-01-06,Tamil Nadu,Chennai,600113,195,-0.00849383703968376
2025-01-06,Karnataka,Davangere,583137,190,-0.00832599790267663
2025-01-06,Uttar Pradesh,Kannauj,209726,208,-0.021833059430210078
2025-01-06,Odisha,Khorda,752027,229,-0.04399693120589665
2025-01-06,Uttar Pradesh,Pratapgarh,230301,245,-0.05005006237513476
2025-01-06,Odisha,Cuttack,754030,292,-0.0716272663310843
2025-01-06,Odisha,Cuttack,754202,244,-0.04903779121595886
2025-01-06,Andhra Pradesh,Chittoor,517128,205,-0.0256395094132994
2025-01-06,Tamil Nadu,Coimbatore,641110,198,-0.003726365976160051
2025-01-06,Uttar Pradesh,Deoria,274506,246,-0.04802688890805484
2025-01-06,Kerala,Thrissur,680308,268,-0.05870989719362596
2025-01-06,Telangana,K.v. Rangareddy,509340,230,-0.03381140290288487
2025-01-06,Gujarat,Tapi,394630,190,-0.0018283909337710735
2025-01-06,Tamil Nadu,Salem,636107,182,-0.005153221939645958
2025-01-06,Tamil Nadu,Ramanathapuram,623701,194,-0.003726365976160051
2025-01-06,Maharashtra,Mumbai,400076,190,-0.0008813278916995904
2025-01-06,Andhra Pradesh,Srikakulam,532406,188,-0.010073432699972407
2025-01-06,Karnataka,Belagavi,590010,194,-0.01832724369028438
2025-01-06,West Bengal,Hooghly,712702,250,-0.044898052511467945
2025-01-06,Tamil Nadu,Pudukkottai,622004,195,-0.012331106470042097
2025-01-06,Odisha,Jagatsinghapur,754110,205,-0.02956983467600438
2025-01-06,Telangana,Nalgonda,508217,202,-0.019897650386093813
2025-01-06,Andhra Pradesh,Chittoor,517124,206,-0.01940024246111849
2025-01-06,Uttar Pradesh,Sultanpur,227805,264,-0.05615253918135177
2025-01-06,Haryana,Rohtak,124412,196,-0.004846553931811548
2025-01-06,Karnataka,Ramanagar,562126,192,-0.011369841052065066
2025-01-06,Telangana,Adilabad,504304,203,-0.023193837240766624
2025-01-06,Odisha,Balangir,767067,198,-0.020756424631204085
2025-01-06,Telangana,Nalgonda,508222,181,-0.011104163220734264
2025-01-06,Rajasthan,Bharatpur,321642,204,-0.016672934095826042
2025-01-06,Assam,Hailakandi,788152,182,-0.008636600023270158
2025-01-06,Kerala,Kannur,670003,203,-0.017156993424314648
2025-01-06,Tamil Nadu,Erode,638454,197,-0.015705797408857247
2025-01-06,Punjab,Hoshiarpur,144203,221,-0.027398261826605763
2025-01-06,Gujarat,Mahisagar,388270,211,-0.02280849297271681
2025-01-06,Karnataka,Raichur,584202,264,-0.05973526524106354
2025-01-06,Rajasthan,Jhunjhunun,333028,196,-0.0046772814518151185
2025-01-06,West Bengal,Dakshin Dinajpur,733102,201,-0.014257543984108167
2025-01-06,Kerala,Kannur,670592,273,-0.06179016853350261
2025-01-06,Kerala,Malappuram,676311,235,-0.03878311536468659
2025-01-06,Maharashtra,Mumbai City,400018,191,-0.011060463811095711
2025-01-06,Tamil Nadu,Chennai,600112,187,-0.00047843086034415894
2025-01-06,Madhya Pradesh,Sidhi,486890,178,-0.007751214573429199
2025-01-06,West Bengal,Purba Medinipur,721650,232,-0.045002376594092786
2025-01-06,Karnataka,Kalaburagi,585265,235,-0.03739132423718583
2025-01-06,Jammu and Kashmir,Anantnag,192221,222,-0.038491235559436565
2025-01-06,Andhra Pradesh,Chittoor,517418,179,-0.007358846287875975
2025-01-06,Rajasthan,Jaipur,303706,207,-0.017156993424314648
2025-01-06,Gujarat,Gandhinagar,382321,278,-0.06281970754118893
2025-01-06,Uttar Pradesh,Kheri,262724,192,-0.012631976345094609
2025-01-06,Uttar Pradesh,Moradabad,244602,240,-0.045002376594092786
2025-01-06,Himachal Pradesh,Shimla,171208,189,-0.0008813278916995904
2025-01-06,Odisha,Sambalpur,768221,199,-0.019096509143753382
2025-01-06,West Bengal,Purba Medinipur,721635,282,-0.06954577644811977
2025-01-06,Bihar,Buxar,802125,180,-0.0013546992202679853
2025-01-06,Tamil Nadu,Tiruchirappalli,621210,205,-0.00849383703968376
2025-01-06,Andhra Pradesh,Ananthapuramu,515867,155,-0.01408833660826836
2025-01-06,Tamil Nadu,Krishnagiri,635306,195,-0.013293673526545091
2025-01-06,Odisha,Rayagada,765001,290,-0.06954577644811977
2025-01-06,West Bengal,North 24 Parganas,743437,233,-0.03739132423718583
2025-01-06,Uttar Pradesh,Mirzapur,231309,212,-0.02329670494102809
2025-01-06,Kerala,Malappuram,679326,277,-0.06488296970532204
2025-01-06,Tamil Nadu,Krishnagiri,635204,232,-0.04449948383235369
2025-01-06,Karnataka,Gulbarga,585311,186,-0.005153221939645958
2025-01-06,Rajasthan,Ajmer,305204,205,-0.019096509143753382
2025-01-06,Uttar Pradesh,Pratapgarh,230143,194,-0.012631976345094609
2025-01-06,Bihar,Vaishali,844509,263,-0.05973526524106354
2025-01-06,Karnataka,Vijayanagara,583201,199,-0.009930379647657861
2025-01-06,Punjab,Hoshiarpur,146113,202,-0.024660247607564467
2025-01-06,Rajasthan,Dungarpur,314038,185,-0.006752708228275672
2025-01-06,Odisha,Kandhamal,762028,208,-0.015705797408857247
2025-01-06,Kerala,Kollam,691333,232,-0.034409899671365096
2025-01-06,Odisha,JAJPUR,755005,236,-0.04449948383235369
2025-01-06,Assam,Karimganj,788724,184,-0.005153221939645958
2025-01-06,West Bengal,Hooghly,712301,231,-0.034803056183511205
2025-01-06,Gujarat,Chhotaudepur,391125,191,-0.012631976345094609
2025-01-06,Kerala,Palakkad,678687,195,-0.006582977018044001
2025-01-06,Kerala,Malappuram,676523,236,-0.04550560972132289
2025-01-06,Rajasthan,Pali,306114,235,-0.03838782504841298
2025-01-06,Uttar Pradesh,Mainpuri,205119,200,-0.013594950806059991
2025-01-06,Gujarat,Valsad,396185,184,-0.004201662869894318
2025-01-06,Karnataka,Chamrajanagar,571439,223,-0.042992845438772354
2025-01-06,Kerala,Thrissur,680507,191,-0.00849383703968376
2025-01-06,Uttarakhand,Pauri Garhwal,246001,194,-0.00897236063054363
2025-01-06,Gujarat,Kachchh,370435,176,-0.005771669160712367
2025-01-06,Tamil Nadu,Kancheepuram,600064,248,-0.05513201590211625
2025-01-06,West Bengal,Dakshin Dinajpur,733142,240,-0.04802688890805484
2025-01-06,West Bengal,South Twenty Four Parganas,743338,247,-0.05258674116746165
2025-01-06,Uttar Pradesh,Ambedkar Nagar,224168,214,-0.026518352342631446
2025-01-06,Rajasthan,Sikar,332312,248,-0.053603817919242625
2025-01-06,Karnataka,Dharwad,580114,204,-0.021041280971580534
2025-01-06,Maharashtra,Jalna,431121,213,-0.015322879390096023
2025-01-06,Maharashtra,Satara,412805,210,-0.021528296863857266
2025-01-06,Uttar Pradesh,Siddharthnagar,272201,262,-0.06539965832117312
2025-01-06,Tamil Nadu,Tiruvallur,631207,199,-0.01618920216448605
2025-01-06,Tamil Nadu,Tiruvallur,600124,261,-0.05870989719362596
2025-01-06,Andhra Pradesh,Chittoor,517236,171,-0.0029183449615775015
2025-01-06,Tamil Nadu,Nagapattinam,609101,217,-0.023479658862471164
2025-01-06,Andhra Pradesh,Nellore,524415,187,-0.013027275705443708
2025-01-06,Kerala,Kollam,691589,216,-0.026416621734720702
2025-01-06,Telangana,Nizamabad,503206,184,-0.012150977545764441
2025-01-06,Haryana,Charkhi Dadri,127310,201,-0.006752708228275672
2025-01-06,Bihar,Samastipur,848122,260,-0.0633349997097401
2025-01-06,Chandigarh,Chandigarh,160019,230,-0.03381140290288487
2025-01-06,Bihar,Bhagalpur,813201,182,-0.0018171775278262858
2025-01-06,West Bengal,Nadia,741163,202,-0.013775445719942603
2025-01-06,Kerala,Kollam,691578,211,-0.017741879561446683
2025-01-06,Uttar Pradesh,Sultanpur,228145,249,-0.050556711853084746
2025-01-06,Tamil Nadu,Tiruppur,638661,203,-0.010409875512463751
2025-01-06,Tamil Nadu,Tiruchirappalli,621653,171,-0.00013738898939263944
2025-01-06,Telangana,Nizamabad,503308,216,-0.02329670494102809
2025-01-06,Tamil Nadu,Vellore,632202,236,-0.045002376594092786
2025-01-06,Haryana,Sonipat,131021,266,-0.06281970754118893
2025-01-06,Karnataka,Kalaburagi,585218,189,-0.010073432699972407
2025-01-06,Himachal Pradesh,Kullu,175125,193,-0.011850311166303085
2025-01-06,Tamil Nadu,Ramanathapuram,623528,189,-0.006106069504668299
2025-01-06,Himachal Pradesh,Kangra,176206,193,-0.0046772814518151185
2025-01-06,Kerala,Malappuram,676561,224,-0.04249131183846566
2025-01-06,Rajasthan,Pali,306901,214,-0.03203711293693923
2025-01-06,Tamil Nadu,Ramanathapuram,623711,233,-0.045002376594092786
2025-01-06,Uttar Pradesh,Lalitpur,284501,205,-0.02329670494102809
2025-01-06,Bihar,Vaishali,844115,224,-0.02887321482862837
2025-01-06,Andhra Pradesh,Prakasam,523261,207,-0.0169756416401996
2025-01-06,Uttar Pradesh,Azamgarh,223227,193,-0.010889695907383867
2025-01-06,Maharashtra,Ahmadnagar,413713,195,-0.0046772814518151185
2025-01-06,West Bengal,Barddhaman,713147,220,-0.04249131183846566
2025-01-06,West Bengal,North 24 Parganas,743247,214,-0.03203711293693923
2025-01-06,Uttarakhand,Dehradun,249202,184,-0.00022238712166344765
2025-01-06,Kerala,Kollam,690521,211,-0.020068237154765023
2025-01-06,Andhra Pradesh,Khammam,507123,255,-0.054622271883039475
2025-01-06,Maharashtra,Ahmadnagar,413704,246,-0.05106370423912854
2025-01-06,Andhra Pradesh,Anantapur,515751,206,-0.022015642375917466
2025-01-06,Uttar Pradesh,Sultanpur,222303,282,-0.06591669663975952
2025-01-06,Andhra Pradesh,Guntur,522268,206,-0.022015642375917466
2025-01-06,Telangana,Karimnagar,505404,258,-0.059222407779854214
2025-01-06,Tamil Nadu,Madurai,625701,216,-0.023479658862471164
2025-01-06,Jharkhand,Sahebganj,816116,240,-0.04903779121595886
2025-01-06,Karnataka,Ballari,583222,188,-0.01062419776924206
2025-01-06,Haryana,Rewari,123035,214,-0.020068237154765023
2025-01-06,Andhra Pradesh,Prakasam,523180,194,-0.015366841296784228
2025-01-06,Karnataka,Mandya,571415,202,-0.02514971287165413
2025-01-06,Uttar Pradesh,Rae Bareli,229121,228,-0.03799274665665364
2025-01-06,Madhya Pradesh,Raisen,464661,212,-0.022320611210223218
2025-01-06,West Bengal,Barddhaman,713321,189,-0.00897236063054363
2025-01-06,Rajasthan,Jaipur,303804,258,-0.06179016853350261
2025-01-06,Uttar Pradesh,Sultanpur,227408,205,-0.02612963745671415
2025-01-06,Jharkhand,Giridih,815311,221,-0.026907275739606495
2025-01-06,Kerala,Malappuram,679323,200,-0.019582208784796884
2025-01-06,Kerala,Kozhikode,673601,261,-0.06230476389435158
2025-01-06,Bihar,Purnea,854337,205,-0.013775445719942603
2025-01-06,Gujarat,Mahesana,384410,243,-0.05258674116746165
2025-01-06,West Bengal,Purba Medinipur,721423,189,-0.00849383703968376
2025-01-06,Gujarat,Arvalli,383246,145,-0.009283141687401741
2025-01-06,Assam,Barpeta,781307,163,-0.0033930949743657957
2025-01-06,Andhra Pradesh,Rangareddi,500074,192,-0.0011685578995624946
2025-01-06,Tripura,West Tripura,799212,205,-0.018126095159237354
2025-01-06,Maharashtra,Hingoli,431509,203,-0.016672934095826042
2025-01-06,Rajasthan,Bhilwara,311026,184,-0.004974911861684528
2025-01-06,Tamil Nadu,Tiruvannamalai,632316,225,-0.031338132481649184
2025-01-06,Jharkhand,Koderma,825410,271,-0.06591669663975952
2025-01-06,West Bengal,Howrah,711405,208,-0.022015642375917466
2025-01-06,Karnataka,Chikkaballapur,563128,185,-0.0013434933985942976
2025-01-06,Karnataka,Ramanagar,562108,229,-0.04399693120589665
2025-01-06,Tamil Nadu,Theni,625521,200,-0.007060207309698252
2025-01-06,Bihar,Buxar,802131,220,-0.03352149125081805
2025-01-06,Karnataka,Bangalore Rural,562111,209,-0.029077379829460348
2025-01-06,West Bengal,Barddhaman,713205,206,-0.00811478552393241
2025-01-06,Gujarat,Kachchh,370650,201,-0.016491704970347132
2025-01-06,Assam,Sonitpur,784182,267,-0.05615253918135177
2025-01-06,Odisha,Mayurbhanj,757019,225,-0.03550535493477014
2025-01-06,Andhra Pradesh,West Godavari,534411,208,-0.020213337257697805
2025-01-06,Karnataka,Bengaluru,560050,198,-0.013775445719942603
2025-01-06,Kerala,Malappuram,673636,276,-0.06539965832117312
2025-01-06,Karnataka,Gulbarga,585211,191,-0.003726365976160051
2025-01-06,Rajasthan,Nagaur,341301,251,-0.05258674116746165
2025-01-06,Madhya Pradesh,Bhind,477446,180,-0.007680330529362678
2025-01-06,Kerala,Malappuram,676510,255,-0.054622271883039475
2025-01-06,Telangana,Nizamabad,503114,230,-0.0404885673037334
2025-01-06,Odisha,Bhadrak,756122,160,-0.0020401188849521468
2025-01-06,Tamil Nadu,Chennai,600032,223,-0.021629341499610266
2025-01-06,Tamil Nadu,Viluppuram,606206,228,-0.03799274665665364
2025-01-06,Arunachal Pradesh,East Siang,791102,206,-0.029077379829460348
2025-01-06,Odisha,Ganjam,761103,250,-0.05870989719362596
2025-01-06,Uttar Pradesh,Etawah,206003,188,-0.01488399275108132
2025-01-06,Bihar,Arwal,804423,231,-0.04449948383235369
2025-01-06,Andhra Pradesh,West Godavari,534245,226,-0.031020052961223232
2025-01-06,Karnataka,Bagalkot,587111,242,-0.04600918344440841
2025-01-06,Odisha,Kendrapara,755061,280,-0.06798835167754491
2025-01-06,Tamil Nadu,Tirunelveli,627415,208,-0.021041280971580534
2025-01-06,Tamil Nadu,Krishnagiri,635120,227,-0.04399693120589665
2025-01-06,Odisha,Nayagarh,752092,217,-0.026416621734720702
2025-01-06,West Bengal,Purba Medinipur,721454,197,-0.01455922921974706
2025-01-06,Uttar Pradesh,Ballia,277506,218,-0.029960394922588507
2025-01-06,Uttar Pradesh,Ambedkar Nagar,224151,214,-0.03302636367178269
2025-01-06,Uttar Pradesh,Farrukhabad,206451,225,-0.03799274665665364
2025-01-06,Karnataka,Haveri,581108,250,-0.04954375557335
2025-01-06,Karnataka,Raichur,584136,175,-0.0007041002940595398
2025-01-06,Andhra Pradesh,Prakasam,523280,183,-0.009594164390780091
2025-01-06,Tamil Nadu,Tirunelveli,627951,231,-0.034409899671365096
2025-01-06,Telangana,Nizamabad,503218,177,-0.007358846287875975
2025-01-06,Karnataka,Vijayapura,586213,194,-0.013113300691747987
2025-01-06,Andhra Pradesh,Adilabad,504293,196,-0.014739968539731585
2025-01-06,Kerala,Kollam,691004,259,-0.058197733247767336
2025-01-06,Andhra Pradesh,Srikakulam,532402,230,-0.04449948383235369
2025-01-06,Odisha,Khorda,752103,192,-0.010889695907383867
2025-01-06,Jammu and Kashmir,Bandipore,193503,203,-0.021041280971580534
2025-01-06,Uttar Pradesh,Sant Kabir Nagar,272154,219,-0.03352149125081805
2025-01-06,Uttar Pradesh,Jaunpur,222128,186,-0.0072300533966015434
2025-01-06,Andhra Pradesh,Nellore,524311,229,-0.030033515275095235
2025-01-06,West Bengal,South 24 Parganas,743377,200,-0.019582208784796884
2025-01-06,Punjab,Rupnagar,140124,260,-0.05666331890867449
2025-01-06,West Bengal,Nadia,741302,203,-0.011850311166303085
2025-01-06,Maharashtra,Sangli,416309,203,-0.006275685915925866
2025-01-06,Punjab,Malerkotla,148022,186,-0.00040827673137111553
2025-01-06,Karnataka,Vijayapura,586125,173,-0.0054647316305423965
2025-01-06,Tamil Nadu,Cuddalore,606110,220,-0.03649930197650009
2025-01-06,Arunachal Pradesh,Namsai,792105,212,-0.028483237445078857
2025-01-06,Uttarakhand,Champawat,262528,284,-0.06850714206327568
2025-01-06,Kerala,Malappuram,676121,260,-0.05768591570782566
2025-01-06,West Bengal,Hooghly,712134,263,-0.06230476389435158
2025-01-06,Tamil Nadu,Villupuram,605751,183,-0.0007831943887133264
2025-01-06,West Bengal,South 24 Parganas,743378,202,-0.01618920216448605
2025-01-06,Tamil Nadu,Cuddalore,606103,224,-0.038491235559436565
2025-01-06,Gujarat,Junagadh,362215,187,-0.007060207309698252
2025-01-06,Gujarat,Tapi,394651,185,-0.005153221939645958
2025-01-06,Odisha,Puri,752108,206,-0.02612963745671415
2025-01-06,Maharashtra,Kolhapur,416113,196,-0.009930379647657861
2025-01-06,Uttar Pradesh,Jhansi,284206,188,-0.01118995570847714
2025-01-06,Andhra Pradesh,Chittoor,517641,171,-0.0054647316305423965
2025-01-06,West Bengal,Puruliya,723151,246,-0.05157103976535138
2025-01-06,Gujarat,Sabarkantha,383210,193,-0.011850311166303085
2025-01-06,Odisha,Baleswar,756041,280,-0.06539965832117312
2025-01-06,Rajasthan,Jodhpur,342801,248,-0.0485321690713465
2025-01-06,Uttar Pradesh,Gorakhpur,273203,208,-0.00811478552393241
2025-01-06,Uttar Pradesh,Hamirpur,210501,252,-0.05309510750830582
2025-01-06,Assam,Karimganj,788701,195,-0.01832724369028438
2025-01-06,Rajasthan,Sikar,332707,283,-0.0716272663310843
2025-01-06,Odisha,Ganjam,761125,216,-0.029960394922588507
2025-01-06,Telangana,Karimnagar,505188,230,-0.042992845438772354
2025-01-06,Bihar,Gopalganj,841441,279,-0.06850714206327568
2025-01-06,Andhra Pradesh,East Godavari,533293,155,-0.0005494070671110407
2025-01-06,Uttarakhand,Tehri Garhwal,249146,218,-0.02543630907301697
2025-01-06,West Bengal,Maldah,732205,187,-0.00040827673137111553
2025-01-06,West Bengal,South 24 Parganas,700152,209,-0.01618920216448605
2025-01-06,Kerala,Ernakulam,682021,188,-0.00040827673137111553
2025-01-06,Karnataka,Bengaluru,560003,246,-0.043892748196295406
2025-01-06,Andhra Pradesh,Ananthapuramu,515731,180,-0.012474644280533798
2025-01-06,Tamil Nadu,Dindigul,624612,203,-0.007159221657597747
2025-01-06,Odisha,Kandhamal,762029,197,-0.017741879561446683
2025-01-06,Rajasthan,Sirohi,307023,240,-0.04600918344440841
2025-01-06,Punjab,Hoshiarpur,144528,239,-0.04752195049478225
2025-01-06,Uttar Pradesh,Mainpuri,205247,208,-0.029077379829460348
2025-01-06,Tamil Nadu,Salem,636203,210,-0.021041280971580534
2025-01-06,Tamil Nadu,Chennai,600020,237,-0.03639617095165926
2025-01-06,Tamil Nadu,Tiruvallur,602025,284,-0.06954577644811977
2025-01-06,Telangana,Karimnagar,505185,182,-0.005798986241186355
2025-01-06,Bihar,Saran,841305,255,-0.05615253918135177
2025-01-06,Gujarat,Bhavnagar,364210,211,-0.03352149125081805
2025-01-06,Rajasthan,Churu,331305,257,-0.054622271883039475
2025-01-06,Rajasthan,Pali,306703,246,-0.05157103976535138
2025-01-06,Andhra Pradesh,East Godavari,533236,209,-0.02329670494102809
2025-01-06,Tamil Nadu,Pudukkottai,622202,238,-0.042992845438772354
2025-01-06,Kerala,Thrissur,680312,186,-0.005153221939645958
2025-01-06,Andhra Pradesh,Srikakulam,532462,204,-0.017301505684769514
2025-01-06,Uttar Pradesh,Azamgarh,276303,192,-0.010409875512463751
2025-01-06,West Bengal,Barddhaman,713409,188,-0.0069612068544014916
2025-01-06,Karnataka,Chickmagalur,577132,216,-0.02445732204646711
2025-01-06,Kerala,Palakkad,678721,189,-0.0008813278916995904
2025-01-06,Gujarat,Patan,384225,235,-0.042992845438772354
2025-01-06,Tamil Nadu,Thoothukkudi,628003,212,-0.010029796763041943
2025-01-06,West Bengal,North 24 Parganas,700124,257,-0.05768591570782566
2025-01-06,Chhattisgarh,Dantewada,494551,171,-0.00013738898939263944
2025-01-06,Andhra Pradesh,West Godavari,534268,200,-0.018914665894359528
2025-01-06,Tamil Nadu,Villupuram,605652,200,-0.018914665894359528
2025-01-06,Gujarat,Kheda,387650,238,-0.04752195049478225
2025-01-06,Odisha,Angul,759105,202,-0.01618920216448605
2025-01-06,Andhra Pradesh,Prakasam,523110,176,-0.005771669160712367
2025-01-06,Andhra Pradesh,West Godavari,534280,182,-0.009594164390780091
2025-01-06,Assam,Karbi Anglong,782485,213,-0.03006262282349914
2025-01-06,Uttar Pradesh,Jaunpur,222144,254,-0.054112872633144016
2025-01-06,Telangana,Hyderabad,500067,174,-0.005295310381476237
2025-01-06,Andhra Pradesh,Nellore,524307,215,-0.02329670494102809
2025-01-06,Maharashtra,Pune,412404,198,-0.009451208093467778
2025-01-06,Tamil Nadu,Ariyalur,621714,192,-0.012331106470042097
2025-01-06,Telangana,Nizamabad,503225,202,-0.01940024246111849
2025-01-06,Andhra Pradesh,West Godavari,534302,200,-0.016008095614682083
2025-01-06,Andhra Pradesh,Anantapur,515870,248,-0.05258674116746165
2025-01-06,Karnataka,Shivamogga,577202,229,-0.037494594910569834
2025-01-06,Odisha,Kendrapara,754246,244,-0.04954375557335
2025-01-06,Uttar Pradesh,Bahraich,271821,211,-0.03203711293693923
2025-01-06,Telangana,Medchal-malkajgiri,500037,190,-0.0008813278916995904
2025-01-06,Madhya Pradesh,Bhind,477449,203,-0.020372381753946955
2025-01-06,Kerala,Thrissur,679532,214,-0.019682980328586064
2025-01-06,Uttar Pradesh,Varanasi,221109,193,-0.004014764369314472
2025-01-06,Karnataka,Davangere,577219,262,-0.06281970754118893
2025-01-06,Andhra Pradesh,Prakasam,523372,158,-0.002443916049512551
2025-01-06,Karnataka,Bagalkot,587204,184,-0.003726365976160051
2025-01-06,Odisha,Jagatsinghapur,754114,237,-0.04600918344440841
2025-01-06,Telangana,Mahabubnagar,509353,214,-0.025742725697237123
2025-01-06,Tamil Nadu,Kancheepuram,600041,232,-0.034409899671365096
2025-01-06,Himachal Pradesh,Mandi,175032,206,-0.01281222718337538
2025-01-06,Uttar Pradesh,Ambedkar Nagar,224176,214,-0.026416621734720702
2025-01-06,Rajasthan,Jalor,343049,193,-0.011369841052065066
2025-01-06,Uttar Pradesh,Deoria,274701,257,-0.0633349997097401
2025-01-06,Odisha,Jagatsinghapur,754108,218,-0.03352149125081805
2025-01-06,Rajasthan,Bharatpur,321614,269,-0.05870989719362596
2025-01-06,Telangana,Khammam,507158,185,-0.013027275705443708
2025-01-06,Jharkhand,Dumka,814167,241,-0.04903779121595886
2025-01-06,Andhra Pradesh,Vizianagaram,535005,201,-0.019241413033982968
2025-01-06,Tamil Nadu,Nagapattinam,609307,190,-0.0013546992202679853
2025-01-06,Odisha,Sundergarh,770034,224,-0.027214314947344054
2025-01-06,Goa,North Goa,403506,207,-0.022015642375917466
2025-01-06,Rajasthan,Jhunjhunun,333514,214,-0.019682980328586064
2025-01-06,Uttar Pradesh,Fatehpur,212641,182,-0.011104163220734264
2025-01-06,Andhra Pradesh,Nellore,524316,165,-0.0006195753617056488
2025-01-06,Odisha,Puri,752111,210,-0.03203711293693923
2025-01-06,Andhra Pradesh,Vizianagaram,531162,185,-0.00815830352660929
2025-01-06,Manipur,Bishnupur,795126,211,-0.022320611210223218
2025-01-06,Andhra Pradesh,East Godavari,507111,188,-0.012546009542433456
2025-01-06,Uttar Pradesh,Gonda,271209,217,-0.029960394922588507
2025-01-06,Karnataka,Chikkaballapur,561211,184,-0.0045786153424309806
2025-01-06,Gujarat,Surendra Nagar,363115,233,-0.04449948383235369
2025-01-06,Gujarat,Navsari,396310,188,-0.0032513905530361376
2025-01-06,Rajasthan,Dholpur,328031,224,-0.036996780093146775
2025-01-06,Tripura,North Tripura,799281,177,-0.00013738898939263944
2025-01-06,Odisha,Rayagada,765033,192,-0.012631976345094609
2025-01-06,Karnataka,Kolar,563137,195,-0.014357568324735115
2025-01-06,Andhra Pradesh,West Godavari,534166,202,-0.02514971287165413
2025-01-06,Assam,Cachar,788119,207,-0.018914665894359528
2025-01-06,West Bengal,Paschim Medinipur,721305,201,-0.023580977330270092
2025-01-06,Kerala,Palakkad,678012,193,-0.012331106470042097
2025-01-06,Bihar,Saran,841220,263,-0.06076202172766598
2025-01-06,Karnataka,Dakshina Kannada,574243,215,-0.030555744497527737
2025-01-06,West Bengal,Cooch Behar,736172,191,-0.00801563710183506
2025-01-06,Maharashtra,Nashik,423202,196,-0.018812422680736796
2025-01-06,Himachal Pradesh,Mandi,175024,221,-0.026518352342631446
2025-01-06,Telangana,K.v. Rangareddy,500032,230,-0.03899006184711151
2025-01-06,Odisha,Ganjam,761037,186,-0.006404304646046577
2025-01-06,Tamil Nadu,Tiruppur,641665,202,-0.016672934095826042
2025-01-06,Uttar Pradesh,Aligarh,202136,207,-0.020372381753946955
2025-01-06,Tamil Nadu,Salem,636354,181,-0.00040827673137111553
2025-01-06,Kerala,Malappuram,679327,222,-0.03500888555468851
2025-01-06,Karnataka,Belagavi,590001,239,-0.04752195049478225
2025-01-06,Andhra Pradesh,Ananthapuramu,515641,151,-0.008804407897448852
2025-01-06,Gujarat,Valsad,396020,190,-0.00801563710183506
2025-01-06,Uttar Pradesh,Kanpur Nagar,209205,199,-0.022705694847794167
2025-01-06,Andhra Pradesh,Vizianagaram,535240,174,-0.004414108295145436
2025-01-06,Karnataka,Davangere,577224,283,-0.06954577644811977
2025-01-06,Uttarakhand,Almora,263622,210,-0.029077379829460348
2025-01-06,Rajasthan,Pali,306308,227,-0.04098874541599462
2025-01-06,Gujarat,Mahesana,382730,189,-0.00897236063054363
2025-01-06,Tamil Nadu,Salem,636304,187,-0.006582977018044001
2025-01-06,Gujarat,Vadodara,391250,185,-0.005153221939645958
2025-01-06,West Bengal,Paschim Medinipur,721513,258,-0.05768591570782566
2025-01-06,Rajasthan,Dungarpur,314036,226,-0.03500888555468851
2025-01-06,West Bengal,Murshidabad,742171,188,-0.007060207309698252
2025-01-06,Maharashtra,Mumbai Suburban,400058,259,-0.054622271883039475
2025-01-06,Rajasthan,Ganganagar,335702,207,-0.02612963745671415
2025-01-06,Andhra Pradesh,Prakasam,523254,215,-0.02329670494102809
2025-01-06,Kerala,Thrissur,680652,253,-0.054112872633144016
2025-01-06,Karnataka,Gadag,582205,209,-0.0315429893282827
2025-01-06,Karnataka,Vijayapura,586245,179,-0.010723712247204586
2025-01-06,Gujarat,Ahmedabad,380054,215,-0.019682980328586064
2025-01-06,West Bengal,Cooch Behar,735303,189,-0.0023024032490500668
2025-01-06,Odisha,Jagatsinghapur,754135,206,-0.015705797408857247
2025-01-06,Rajasthan,Chittorgarh,312203,242,-0.05258674116746165
2025-01-06,West Bengal,North 24 Parganas,743329,248,-0.05513201590211625
2025-01-06,West Bengal,Purba Medinipur,721439,254,-0.05258674116746165
2025-01-06,West Bengal,North 24 Parganas,743439,240,-0.04288880331142775
2025-01-06,Rajasthan,Dungarpur,314804,244,-0.04752195049478225
2025-01-06,Uttarakhand,Bageshwar,263634,201,-0.00897236063054363
2025-01-06,Rajasthan,Sawai Madhopur,322030,231,-0.0404885673037334
2025-01-06,Uttar Pradesh,Gonda,271125,242,-0.04752195049478225
2025-01-06,Telangana,Karimnagar,505402,203,-0.02055459447614638
2025-01-06,Tamil Nadu,Tirunelveli,627426,202,-0.011850311166303085
2025-01-06,Bihar,Saran,841215,245,-0.05157103976535138
2025-01-06,Punjab,Gurdaspur,143532,215,-0.019682980328586064
2025-01-06,Punjab,Sri Muktsar Sahib,151212,225,-0.028483237445078857
2025-01-06,Uttar Pradesh,Fatehpur,212651,209,-0.029077379829460348
2025-01-06,Uttar Pradesh,Kanpur Nagar,209308,204,-0.029077379829460348
2025-01-06,Maharashtra,Sangli,415412,188,-0.0018283909337710735
2025-01-06,Gujarat,Kheda,387370,197,-0.013293673526545091
2025-01-06,Telangana,Karimnagar,505304,193,-0.011060463811095711
2025-01-06,Kerala,Thrissur,680651,180,-0.0003970860628539352
2025-01-06,Uttar Pradesh,Bahraich,271824,211,-0.023796812480662122
2025-01-06,Andhra Pradesh,Nellore,524409,196,-0.01684509411392443
2025-01-06,Odisha,Ganjam,761004,223,-0.04098874541599462
2025-01-06,Rajasthan,Bhilwara,311601,251,-0.05258674116746165
2025-01-06,Tamil Nadu,Sivaganga,630309,201,-0.00897236063054363
2025-01-06,Maharashtra,Raigarh,402106,266,-0.05768591570782566
2025-01-06,Gujarat,Narmada,391121,180,-0.0013546992202679853
2025-01-06,West Bengal,Paschim Medinipur,721146,232,-0.034409899671365096
2025-01-06,Tamil Nadu,Tiruchirappalli,621305,208,-0.01339356260850666
2025-01-06,West Bengal,Purba Medinipur,721603,193,-0.012331106470042097
2025-01-06,Punjab,Amritsar,143201,205,-0.013293673526545091
2025-01-06,Uttar Pradesh,Kanpur Nagar,209304,240,-0.04399693120589665
2025-01-06,Telangana,Medak,502316,255,-0.060248469812024474
2025-01-06,Maharashtra,Mumbai Suburban,400093,218,-0.03799274665665364
2025-01-06,Andhra Pradesh,Vizianagaram,535260,209,-0.020383892251748525
2025-01-06,Karnataka,Bagalkot,587117,205,-0.02612963745671415
2025-01-06,Odisha,Bhadrak,756100,230,-0.03998872749068072
2025-01-06,Tamil Nadu,Karur,639102,220,-0.02543630907301697
2025-01-06,Andhra Pradesh,Guntur,522237,238,-0.0404885673037334
2025-01-06,West Bengal,South 24 Parganas,743332,230,-0.04349471848466868
2025-01-06,West Bengal,Bankura,722121,265,-0.05870989719362596
2025-01-06,Uttar Pradesh,Ambedkar Nagar,224132,179,-0.0009769035182983776
2025-01-06,Karnataka,Kolar,563138,215,-0.026416621734720702
2025-01-06,Uttar Pradesh,Ballia,277219,226,-0.03899006184711151
2025-01-06,Andhra Pradesh,Anantapur,515671,194,-0.0027767363830935032
2025-01-06,Tamil Nadu,Tirunelveli,627351,209,-0.009550557967341944
2025-01-06,Andhra Pradesh,Mahbubnagar,509206,193,-0.0023024032490500668
2025-01-06,Tamil Nadu,Tiruppur,642201,216,-0.021041280971580534
2025-01-06,Telangana,Nalgonda,508115,221,-0.025742725697237123
2025-01-06,Odisha,Cuttack,754009,233,-0.03529938625513518
2025-01-06,Karnataka,Haveri,581148,213,-0.026518352342631446
2025-01-06,Tamil Nadu,Cuddalore,607805,196,-0.013775445719942603
2025-01-06,Delhi,South West Delhi,110057,275,-0.06902628357425167
2025-01-06,Andhra Pradesh,West Godavari,534250,219,-0.02806444025782584
2025-01-06,West Bengal,Hooghly,712146,182,-0.0027767363830935032
2025-01-06,Odisha,Ganjam,761101,289,-0.06954577644811977
2025-01-06,Andhra Pradesh,Srikakulam,532408,219,-0.029192737652004808
2025-01-06,Punjab,Tarn Taran,143422,207,-0.010029796763041943
2025-01-06,Uttar Pradesh,Sultanpur,228119,198,-0.014739968539731585
2025-01-06,Uttar Pradesh,Azamgarh,276139,282,-0.0716272663310843
2025-01-06,Tamil Nadu,Krishnagiri,635110,241,-0.03838782504841298
2025-01-06,Gujarat,Anand,388320,193,-0.011850311166303085
2025-01-06,Bihar,Muzaffarpur,843124,208,-0.029077379829460348
2025-01-06,Odisha,Baleswar,756058,202,-0.022705694847794167
2025-01-06,Maharashtra,Pune,411035,226,-0.032326436735039654
2025-01-06,Punjab,Sangrur,148034,201,-0.016672934095826042
2025-01-06,Andhra Pradesh,Prakasam,523114,243,-0.04802688890805484
2025-01-06,Gujarat,Surendra Nagar,382745,208,-0.0315429893282827
2025-01-06,Odisha,Puri,752014,199,-0.019582208784796884
2025-01-06,Andhra Pradesh,Krishna,520008,209,-0.018611138009296146
2025-01-06,Andhra Pradesh,Nalgonda,508211,202,-0.00811478552393241
2025-01-06,Odisha,Nayagarh,752093,219,-0.021629341499610266
2025-01-06,Bihar,Siwan,841237,282,-0.06850714206327568
2025-01-06,West Bengal,Purba Medinipur,721656,299,-0.0716272663310843
2025-01-06,Odisha,Kendujhar,758001,184,-0.0056294845512575575
2025-01-06,Karnataka,Gulbarga,585318,190,-0.011369841052065066
2025-01-06,Karnataka,Bidar,585411,234,-0.04752195049478225
2025-01-06,West Bengal,Jalpaiguri,735132,228,-0.033316079239934404
2025-01-06,Odisha,Bargarh,768034,212,-0.026518352342631446
2025-01-06,Kerala,Kollam,691014,247,-0.04802688890805484
2025-01-06,Delhi,South West Delhi,110038,197,-0.020269930800487224
2025-01-06,Karnataka,Dharwad,581113,189,-0.00818571317538519
2025-01-06,Odisha,Cuttack,754131,245,-0.04954375557335
2025-01-06,Tamil Nadu,Vellore,632007,243,-0.04903779121595886
2025-01-06,Odisha,Khorda,751006,227,-0.030453447407214673
2025-01-06,Gujarat,Anand,388150,198,-0.014739968539731585
2025-01-06,Telangana,Karimnagar,505469,275,-0.06539965832117312
2025-01-06,Rajasthan,Sikar,332702,210,-0.031049199923826154
2025-01-06,Bihar,Bhojpur,802311,225,-0.03799274665665364
2025-01-06,Madhya Pradesh,Agar Malwa,465230,201,-0.015705797408857247
2025-01-06,Maharashtra,Mumbai,400057,199,-0.013775445719942603
2025-01-06,Maharashtra,Pune,412403,244,-0.04954375557335
2025-01-06,Jammu and Kashmir,Udhampur,182117,194,-0.00897236063054363
2025-01-06,Telangana,Karimnagar,505415,199,-0.015524813351823319
2025-01-06,Arunachal Pradesh,Lower Dibang Valley,792110,231,-0.04802688890805484
2025-01-06,Odisha,Boudh,762026,191,-0.00801563710183506
2025-01-06,Kerala,Kottayam,686019,223,-0.026907275739606495
2025-01-06,Kerala,Kannur,670621,228,-0.032326436735039654
2025-01-06,Tamil Nadu,Karur,639001,238,-0.03639617095165926
2025-01-06,Odisha,Ganjam,761114,225,-0.034905963648665606
2025-01-06,West Bengal,Purba Medinipur,721627,195,-0.0027767363830935032
2025-01-06,Bihar,Lakhisarai,811309,271,-0.06281970754118893
2025-01-06,Rajasthan,Bharatpur,321405,228,-0.03799274665665364
2025-01-06,Rajasthan,Ajmer,305403,224,-0.0394892257480256
2025-01-06,Madhya Pradesh,Narsinghpur,487334,240,-0.0485321690713465
2025-01-06,Tamil Nadu,Madurai,625201,228,-0.031338132481649184
2025-01-06,Andhra Pradesh,Nellore,524421,210,-0.019727210748189394
2025-01-06,Maharashtra,Sangli,416310,227,-0.03540236336963165
2025-01-06,Karnataka,Bagalkot,587314,221,-0.03500888555468851
2025-01-06,Kerala,Thiruvananthapuram,695609,214,-0.018611138009296146
2025-01-06,Kerala,Kottayam,686536,204,-0.007159221657597747
2025-01-06,Rajasthan,Sikar,332712,213,-0.018611138009296146
2025-01-06,West Bengal,Purba Medinipur,721658,201,-0.016672934095826042
2025-01-06,Uttar Pradesh,Kanpur Nagar,208025,236,-0.034905963648665606
2025-01-06,Tamil Nadu,Tirunelveli,627004,212,-0.018611138009296146
2025-01-06,Tamil Nadu,Tiruvallur,631402,248,-0.0485321690713465
2025-01-06,Telangana,Warangal,506006,221,-0.03292371993139642
2025-01-06,Karnataka,Kalaburagi,585225,208,-0.02087046321331365
2025-01-06,Telangana,Karimnagar,505152,263,-0.06076202172766598
2025-01-06,Tamil Nadu,Ariyalur,612904,208,-0.018914665894359528
2025-01-06,Karnataka,Chikkaballapur,563124,187,-0.005153221939645958
2025-01-06,Kerala,Thiruvananthapuram,695543,214,-0.02055459447614638
2025-01-06,Chhattisgarh,Jashpur,496242,196,-0.005153221939645958
2025-01-06,Gujarat,Jamnagar,361162,186,-0.0102302334201817
2025-01-06,Karnataka,Bellary,583122,240,-0.04903779121595886
2025-01-06,West Bengal,Jalpaiguri,735225,240,-0.04802688890805484
2025-01-06,Tamil Nadu,Theni,625603,242,-0.04349471848466868
2025-01-06,Andhra Pradesh,Krishna,521329,172,-0.0048898706633700995
2025-01-06,Karnataka,Mandya,571605,221,-0.032428996659465525
2025-01-06,Gujarat,Surat,394150,225,-0.03183211744006753
2025-01-06,Gujarat,Gandhinagar,382610,249,-0.05005006237513476
2025-01-06,Haryana,Kaithal,136020,206,-0.00811478552393241
2025-01-06,Tamil Nadu,Nagapattinam,611002,268,-0.06488296970532204
2025-01-06,Gujarat,Bharuch,393115,254,-0.05309510750830582
2025-01-06,Odisha,Kandhamal,762100,268,-0.06488296970532204
2025-01-06,Andhra Pradesh,Nellore,524406,242,-0.04802688890805484
2025-01-06,Kerala,Kannur,670601,248,-0.054622271883039475
2025-01-06,Himachal Pradesh,Kangra,176201,206,-0.00811478552393241
2025-01-06,Andhra Pradesh,Kakinada,533005,176,-0.0007041002940595398
2025-01-06,Kerala,Palakkad,679307,271,-0.06488296970532204
2025-01-06,Tamil Nadu,Ariyalur,621719,192,-0.01146946016516237
2025-01-06,West Bengal,South Twenty Four Parganas,743371,237,-0.042992845438772354
2025-01-06,Uttar Pradesh,Farrukhabad,209749,179,-0.009594164390780091
2025-01-06,Tamil Nadu,Erode,638502,194,-0.004201662869894318
2025-01-06,Telangana,Karimnagar,505212,222,-0.036002160332899935
2025-01-06,Madhya Pradesh,Ratlam,457340,206,-0.026518352342631446
2025-01-06,Bihar,Buxar,802112,253,-0.054622271883039475
2025-01-06,Tamil Nadu,Tirunelveli,627358,208,-0.01618920216448605
2025-01-06,Bihar,Saran,841422,186,-0.0008813278916995904
2025-01-06,Maharashtra,Satara,415538,228,-0.03292371993139642
2025-01-06,Kerala,Alappuzha,688538,267,-0.06281970754118893
2025-01-06,West Bengal,Murshidabad,742151,209,-0.020068237154765023
2025-01-06,Karnataka,Gulbarga,585265,190,-0.0013546992202679853
2025-01-06,Odisha,Subarnapur,767023,200,-0.019582208784796884
2025-01-06,Uttar Pradesh,Bahraich,271871,242,-0.04752195049478225
2025-01-06,Maharashtra,Kolhapur,416119,222,-0.042992845438772354
2025-01-06,Karnataka,Kolar,563116,248,-0.0485321690713465
2025-01-06,Karnataka,Bijapur,586205,201,-0.01618920216448605
2025-01-06,Rajasthan,Alwar,301401,255,-0.05207871866399583
2025-01-06,Uttar Pradesh,Pratapgarh,230142,245,-0.04752195049478225
2025-01-06,Kerala,Kasaragod,671532,250,-0.054112872633144016
2025-01-06,Telangana,Warangal,506135,168,-0.0034635486973665364
2025-01-06,West Bengal,Bankura,722138,247,-0.04802688890805484
2025-01-06,Odisha,Cuttack,754112,235,-0.034409899671365096
2025-01-06,Karnataka,Vijayapura,586117,179,-0.007358846287875975
2025-01-06,Meghalaya,East Garo Hills,794110,192,-0.0011685578995624946
2025-01-06,Rajasthan,Jhunjhunun,333707,202,-0.016672934095826042
2025-01-06,Bihar,Nawada,805112,242,-0.04752195049478225
2025-01-06,Gujarat,Sabarkantha,383410,244,-0.04752195049478225
2025-01-06,Karnataka,Shivamogga,577204,288,-0.0716272663310843
2025-01-06,Maharashtra,Pune,412219,219,-0.026907275739606495
2025-01-06,Himachal Pradesh,Sirmaur,173024,219,-0.021629341499610266
2025-01-06,Kerala,Kollam,691005,205,-0.018126095159237354
2025-01-06,Telangana,Medak,502295,195,-0.012331106470042097
2025-01-06,Tamil Nadu,Karur,639205,181,-0.0018171775278262858
2025-01-06,Gujarat,Ahmedabad,382170,277,-0.06695182333203509
2025-01-06,Maharashtra,Sangli,416408,239,-0.04550560972132289
2025-01-06,Andhra Pradesh,Srikakulam,532292,219,-0.02329670494102809
2025-01-06,Uttar Pradesh,Muzaffarnagar,247772,186,-0.006404304646046577
2025-01-06,Gujarat,Junagadh,362530,227,-0.031440553718647624
2025-01-06,Meghalaya,West Khasi Hills,793120,214,-0.038491235559436565
2025-01-06,Odisha,Kendujhar,758044,226,-0.03183211744006753
2025-01-06,Kerala,Thiruvananthapuram,695607,199,-0.016672934095826042
2025-01-06,Bihar,Buxar,802129,288,-0.06954577644811977
2025-01-06,Andhra Pradesh,Prakasam,523183,180,-0.010723712247204586
2025-01-06,Uttar Pradesh,Jaunpur,222138,185,-0.006752708228275672
2025-01-06,Tamil Nadu,Villupuram,605702,194,-0.013113300691747987
2025-01-06,Uttarakhand,Almora,263625,213,-0.02543630907301697
2025-01-06,Tamil Nadu,Thiruvarur,614018,199,-0.011369841052065066
2025-01-06,Tripura,Unakoti,799263,163,-0.0009946063620210888
2025-01-06,Gujarat,Panchmahals,388270,193,-0.0011685578995624946
2025-01-06,Odisha,Puri,752015,211,-0.019096509143753382
2025-01-06,Assam,Kamrup,781137,224,-0.037494594910569834
2025-01-06,Uttar Pradesh,Jaunpur,222105,216,-0.03451275196538672
2025-01-06,Telangana,Medak,502221,222,-0.030033515275095235
2025-01-06,Gujarat,Sabarkantha,383030,183,-0.0013546992202679853
2025-01-06,Maharashtra,Solapur,413403,196,-0.005153221939645958
2025-01-06,Maharashtra,Mumbai Suburban,400024,194,-0.0027767363830935032
2025-01-06,Tamil Nadu,Kancheepuram,603310,188,-0.00801563710183506
2025-01-06,Gujarat,Bharuch,392015,210,-0.018611138009296146
2025-01-06,Karnataka,Bidar,585331,243,-0.05207871866399583
2025-01-06,Kerala,Malappuram,676106,249,-0.05106370423912854
2025-01-06,Kerala,Palakkad,678702,211,-0.01146946016516237
2025-01-06,Odisha,Baleswar,756047,291,-0.0716272663310843
2025-01-06,West Bengal,North 24 Parganas,743294,220,-0.026232923599006974
2025-01-06,Karnataka,Chamrajanagar,571441,241,-0.04349471848466868
2025-01-06,Odisha,Nabarangapur,764058,186,-0.007537760598092191
2025-01-06,Telangana,Warangal,506331,203,-0.01940024246111849
2025-01-06,Uttar Pradesh,Pratapgarh,229410,242,-0.04399693120589665
2025-01-06,Himachal Pradesh,Kangra,176403,200,-0.00849383703968376
2025-01-06,Odisha,Mayurbhanj,757016,224,-0.03084448163365361
2025-01-06,Odisha,Sundergarh,770032,249,-0.050556711853084746
2025-01-06,Rajasthan,Baran,325218,236,-0.034905963648665606
2025-01-06,Andhra Pradesh,West Godavari,534210,160,-0.002443916049512551
2025-01-06,Maharashtra,Satara,415525,204,-0.019096509143753382
2025-01-06,West Bengal,Cooch Behar,736131,236,-0.04349471848466868
2025-01-06,Maharashtra,Sindhudurg,416511,209,-0.01339356260850666
2025-01-06,Bihar,Jehanabad,804407,203,-0.014739968539731585
2025-01-06,Odisha,Jagatsinghapur,754102,198,-0.007537760598092191
2025-01-06,Delhi,South Delhi,110048,205,-0.019582208784796884
2025-01-06,Odisha,Sundergarh,769012,280,-0.06281970754118893
2025-01-06,Karnataka,Chitradurga,577599,183,-0.00220407035642034
2025-01-06,Punjab,Jalandhar,144630,235,-0.034905963648665606
2025-01-06,Telangana,K.v. Rangareddy,501504,199,-0.020068237154765023
2025-01-06,Maharashtra,Pune,412304,219,-0.03500888555468851
2025-01-06,Uttar Pradesh,Kanpur Dehat,208001,195,-0.01585001664174701
2025-01-06,Gujarat,Botad,382255,219,-0.029960394922588507
2025-01-06,Rajasthan,Ajmer,305813,286,-0.07058581723592461
2025-01-06,Gujarat,Kachchh,370410,189,-0.009271808923553171
2025-01-06,Maharashtra,Pune,412108,229,-0.034905963648665606
2025-01-06,Karnataka,Bangalore Rural,562129,298,-0.0716272663310843
2025-01-06,Uttar Pradesh,Jalaun,285206,170,-0.0048898706633700995
2025-01-06,Rajasthan,Churu,331302,203,-0.017156993424314648
2025-01-06,Madhya Pradesh,Mandsaur,458553,247,-0.05258674116746165
2025-01-06,Tamil Nadu,Madurai,625501,207,-0.015705797408857247
2025-01-06,Haryana,Sonipat,131029,228,-0.03381140290288487
2025-01-06,Telangana,Nizamabad,503101,208,-0.027110888946465406
2025-01-06,Jharkhand,Hazaribagh,825109,182,-0.004986175826876438
2025-01-06,West Bengal,Nadia,741257,215,-0.024946649967442114
2025-01-06,Kerala,Kollam,691532,239,-0.04449948383235369
2025-01-06,Madhya Pradesh,Khandwa,450051,242,-0.050556711853084746
2025-01-06,Odisha,Angul,759128,239,-0.03838782504841298
2025-01-06,Uttar Pradesh,Jaunpur,222149,213,-0.021833059430210078
2025-01-06,Telangana,Sangareddy,502319,217,-0.02806444025782584
2025-01-06,Bihar,Madhubani,847410,251,-0.054622271883039475
2025-01-06,Telangana,Medak,502336,231,-0.0394892257480256
2025-01-06,Bihar,Bhojpur,802316,245,-0.043892748196295406
2025-01-06,Punjab,Jalandhar,144013,215,-0.02543630907301697
2025-01-06,Telangana,Adilabad,504110,243,-0.04349471848466868
2025-01-06,Tamil Nadu,Kancheepuram,603105,216,-0.023479658862471164
2025-01-06,Karnataka,Kolar,563129,217,-0.03500888555468851
2025-01-06,Assam,Cachar,788030,191,-0.010409875512463751
2025-01-06,Bihar,Darbhanga,847407,200,-0.016672934095826042
2025-01-06,Kerala,Kottayam,686011,187,-0.00040827673137111553
2025-01-06,Karnataka,Belgaum,591129,228,-0.036996780093146775
2025-01-06,Rajasthan,Churu,331411,254,-0.05258674116746165
2025-01-06,Uttar Pradesh,Jaunpur,223102,287,-0.06902628357425167
2025-01-06,Tamil Nadu,Coimbatore,641039,197,-0.004201662869894318
2025-01-06,Bihar,Patna,800011,255,-0.054112872633144016
2025-01-06,Kerala,Thrissur,680301,203,-0.011850311166303085
2025-01-06,Odisha,Baleswar,756024,234,-0.04249131183846566
2025-01-06,West Bengal,Barddhaman,713512,225,-0.032428996659465525
2025-01-06,Maharashtra,Sangli,415404,214,-0.019682980328586064
2025-01-06,Gujarat,Jamnagar,361130,224,-0.03899006184711151
2025-01-06,Tamil Nadu,Thanjavur,613402,198,-0.007537760598092191
2025-01-06,Odisha,Sundergarh,769002,224,-0.041990117454162146
2025-01-06,Jharkhand,East Singhbhum,832304,220,-0.025048174296160797
2025-01-06,Telangana,Mahabubnagar,509103,209,-0.019241413033982968
2025-01-06,Kerala,Idukki,685619,218,-0.016773297384949593
2025-01-06,Jammu and Kashmir,Udhampur,182126,260,-0.05615253918135177
2025-01-06,Uttar Pradesh,Sultanpur,228155,190,-0.012430860476242866
2025-01-06,Tamil Nadu,Dharmapuri,636705,287,-0.0716272663310843
2025-01-06,Tamil Nadu,Tirunelveli,627853,205,-0.017156993424314648
2025-01-06,Kerala,Malappuram,676320,206,-0.020068237154765023
2025-01-06,Gujarat,Narmada,393155,197,-0.019783766013512727
2025-01-06,Maharashtra,Pune,412209,194,-0.01832724369028438
2025-01-06,Rajasthan,Bharatpur,321411,216,-0.02543630907301697
2025-01-06,Uttarakhand,Dehradun,248198,188,-0.006106069504668299
2025-01-06,Punjab,Barnala,148103,196,-0.004201662869894318
2025-01-06,Delhi,South West Delhi,110067,255,-0.06281970754118893
2025-01-06,Telangana,Adilabad,504231,206,-0.019727210748189394
2025-01-06,Andhra Pradesh,West Godavari,534315,261,-0.05615253918135177
2025-01-06,Bihar,Vaishali,844119,192,-0.010409875512463751
2025-01-06,Telangana,Nalgonda,508246,177,-0.008806825572146959
2025-01-06,Maharashtra,Satara,415114,209,-0.01618920216448605
2025-01-06,Andhra Pradesh,Ananthapuramu,515101,148,-0.008804407897448852
2025-01-06,Karnataka,Shivamogga,577401,181,-0.007358846287875975
2025-01-06,Kerala,Thiruvananthapuram,695506,212,-0.018611138009296146
2025-01-06,Rajasthan,Dungarpur,314027,188,-0.010409875512463751
2025-01-06,Kerala,Pathanamthitta,689503,199,-0.006204949959672801
2025-01-06,Maharashtra,Mumbai Suburban,400064,250,-0.05513201590211625
2025-01-06,Kerala,Kozhikode,673523,192,-0.00801563710183506
2025-01-06,Tamil Nadu,Tiruchirappalli,621214,196,-0.006106069504668299
2025-01-06,Bihar,Aurangabad,824123,224,-0.037494594910569834
2025-01-06,Maharashtra,Sangli,416306,226,-0.03035116467010257
2025-01-06,Telangana,Medak,502273,235,-0.04449948383235369
2025-01-06,Maharashtra,Nagpur,441502,210,-0.016672934095826042
2025-01-06,Odisha,Mayurbhanj,757022,212,-0.021833059430210078
2025-01-06,Gujarat,Jamnagar,360515,233,-0.034409899671365096
2025-01-06,Gujarat,Panchmahals,388713,219,-0.026416621734720702
2025-01-06,Uttar Pradesh,Jaunpur,222133,241,-0.045002376594092786
2025-01-06,Gujarat,Gandhinagar,382028,219,-0.02543630907301697
2025-01-06,Andhra Pradesh,Cuddapah,516268,198,-0.017301505684769514
2025-01-06,Telangana,K.v. Rangareddy,509217,211,-0.029077379829460348
2025-01-06,Madhya Pradesh,Alirajpur,457885,240,-0.04752195049478225
2025-01-06,Andhra Pradesh,Krishna,521343,196,-0.017301505684769514
2025-01-06,Telangana,Medak,502109,212,-0.03352149125081805
2025-01-06,West Bengal,Howrah,711226,189,-0.008804407897448852
2025-01-06,Uttar Pradesh,Kheri,262726,165,-0.0019418227931756737
2025-01-06,Uttar Pradesh,Balrampur,271210,195,-0.01725742464084301
2025-01-06,Odisha,Khorda,752021,265,-0.06076202172766598
2025-01-06,West Bengal,Murshidabad,742404,214,-0.038491235559436565
2025-01-06,West Bengal,North 24 Parganas,743429,249,-0.044898052511467945
2025-01-06,Andhra Pradesh,Visakhapatnam,535273,242,-0.0485321690713465
2025-01-06,Rajasthan,Ajmer,305926,210,-0.02280849297271681
2025-01-06,Tamil Nadu,Coimbatore,641305,214,-0.016773297384949593
2025-01-06,Bihar,Vaishali,844117,198,-0.014739968539731585
2025-01-06,Karnataka,Ballari,583115,196,-0.016333519007152186
2025-01-06,Tamil Nadu,Kancheepuram,603312,231,-0.03381140290288487
2025-01-06,Tamil Nadu,Villupuram,606301,164,-0.002988751032675596
2025-01-06,Rajasthan,Bhilwara,311022,200,-0.022705694847794167
2025-01-06,Karnataka,Tumakuru,572101,265,-0.05870989719362596
2025-01-06,Gujarat,Junagadh,362002,224,-0.032428996659465525
2025-01-06,Telangana,Medak,502302,237,-0.04752195049478225
2025-01-06,Uttar Pradesh,Varanasi,221112,191,-0.010721288020582254
2025-01-06,Andhra Pradesh,Vizianagaram,535280,175,-0.009594164390780091
2025-01-06,Kerala,Ernakulam,683105,220,-0.02543630907301697
2025-01-06,Andhra Pradesh,Krishna,521178,194,-0.015524813351823319
2025-01-06,Jammu and Kashmir,Kathua,184205,206,-0.022189088466077478
2025-01-06,Kerala,Alappuzha,688541,186,-0.005153221939645958
2025-01-06,Rajasthan,Dausa,303506,225,-0.037494594910569834
2025-01-06,Andhra Pradesh,Kurnool,518510,177,-0.008328413942162438
2025-01-06,Andhra Pradesh,Alluri Sitharama Raju,531024,210,-0.03203711293693923
2025-01-06,West Bengal,Purba Medinipur,721657,226,-0.032326436735039654
2025-01-06,Gujarat,Patan,384275,231,-0.04249131183846566
2025-01-06,Maharashtra,Solapur,413217,255,-0.05258674116746165
2025-01-06,Kerala,Thrissur,680519,208,-0.018126095159237354
2025-01-06,Rajasthan,Jalor,343027,267,-0.05870989719362596
2025-01-06,Telangana,K.v. Rangareddy,500087,202,-0.022676881211971978
2025-01-06,Uttar Pradesh,Deoria,274604,238,-0.04752195049478225
2025-01-06,Uttarakhand,Almora,263656,217,-0.03352149125081805
2025-01-06,Rajasthan,Ajmer,305922,235,-0.04349471848466868
2025-01-06,Jharkhand,Dumka,814141,254,-0.05258674116746165
2025-01-06,Gujarat,Gir Somnath,362530,185,-0.012474644280533798
2025-01-06,Tamil Nadu,Salem,636030,189,-0.006106069504668299
2025-01-06,Uttar Pradesh,Amethi,227412,193,-0.015041857960538918
2025-01-06,Karnataka,Vijayapura,586204,200,-0.01844089713948016
2025-01-06,Odisha,Ganjam,760006,205,-0.024171113396968424
2025-01-06,West Bengal,Barddhaman,713502,196,-0.015705797408857247
2025-01-06,Kerala,Kannur,670604,187,-0.0008813278916995904
2025-01-06,Bihar,Aurangabad,824115,191,-0.00801563710183506
2025-01-06,Maharashtra,Pune,411024,189,-0.0008813278916995904
2025-01-06,Bihar,Jehanabad,804427,243,-0.04903779121595886
2025-01-06,Kerala,Palakkad,678631,241,-0.04752195049478225
2025-01-06,Karnataka,Bagalkot,587120,203,-0.021041280971580534
2025-01-06,Haryana,Karnal,132037,202,-0.007159221657597747
2025-01-06,Odisha,Kendrapara,754250,204,-0.018126095159237354
2025-01-06,Gujarat,Gandhinagar,382330,181,-0.0003970860628539352
2025-01-06,Tamil Nadu,Nagapattinam,609801,222,-0.041990117454162146
2025-01-06,Uttar Pradesh,Farrukhabad,209724,257,-0.054112872633144016
2025-01-06,Kerala,Ernakulam,683561,190,-0.010409875512463751
2025-01-06,Andhra Pradesh,Warangal,506163,184,-0.0056294845512575575
2025-01-06,Madhya Pradesh,Chhindwara,480449,226,-0.042992845438772354
2025-01-06,Karnataka,Gadag,582119,181,-0.002124815556779458
2025-01-06,Kerala,Palakkad,678762,189,-0.011369841052065066
2025-01-06,Uttar Pradesh,Ballia,277203,251,-0.05106370423912854
2025-01-06,West Bengal,Birbhum,731130,182,-0.0018283909337710735
2025-01-06,Kerala,Thrissur,680581,225,-0.03282109059284943
2025-01-06,Telangana,Mahabubnagar,509406,211,-0.02055459447614638
2025-01-06,Tamil Nadu,Thanjavur,613204,267,-0.06281970754118893
2025-01-06,Maharashtra,Kolhapur,416206,244,-0.04954375557335
2025-01-06,Andhra Pradesh,Srikakulam,532429,223,-0.028700537857854425
2025-01-06,Andhra Pradesh,Srikakulam,532005,189,-0.009271808923553171
2025-01-06,Andhra Pradesh,West Godavari,534427,186,-0.013027275705443708
2025-01-06,Tamil Nadu,Ariyalur,612901,194,-0.01832724369028438
2025-01-06,Uttar Pradesh,Pratapgarh,230125,193,-0.011369841052065066
2025-01-06,Uttar Pradesh,Azamgarh,276131,259,-0.060248469812024474
2025-01-06,Tamil Nadu,Vellore,635653,253,-0.05258674116746165
2025-01-06,Telangana,Medak,502271,197,-0.01732926996293893
2025-01-06,Gujarat,Banaskantha,385130,204,-0.027009075200344124
2025-01-06,Bihar,Jehanabad,804425,255,-0.05615253918135177
2025-01-06,Tamil Nadu,Ariyalur,621805,224,-0.031338132481649184
2025-01-06,Rajasthan,Sikar,332602,210,-0.023479658862471164
2025-01-06,Rajasthan,Jhunjhunun,333501,212,-0.022991323151906218
2025-01-06,Haryana,Sonipat,131102,192,-0.0027767363830935032
2025-01-06,West Bengal,Bankura,722149,192,-0.013594950806059991
2025-01-06,Jammu and Kashmir,Jammu,181224,266,-0.05615253918135177
2025-01-06,Uttar Pradesh,Azamgarh,276302,201,-0.016672934095826042
2025-01-06,Kerala,Ernakulam,683545,207,-0.018126095159237354
2025-01-06,Uttar Pradesh,Etawah,206120,283,-0.06954577644811977
2025-01-06,Rajasthan,Chittorgarh,312603,206,-0.02329670494102809
2025-01-06,Karnataka,Belgaum,591307,231,-0.03430706180844467
2025-01-06,West Bengal,Birbhum,731101,244,-0.04954375557335
2025-01-06,West Bengal,Kolkata,700104,214,-0.02055459447614638
2025-01-06,Rajasthan,Ajmer,305415,203,-0.016672934095826042
2025-01-06,Rajasthan,Ganganagar,335024,220,-0.025537902114949662
2025-01-06,Jharkhand,Ranchi,835101,207,-0.015222719607651758
2025-01-06,Tamil Nadu,Tiruvannamalai,606801,217,-0.021142257265038045
2025-01-06,Karnataka,Bellary,583134,195,-0.013775445719942603
2025-01-06,Telangana,Adilabad,504307,218,-0.02855620953141924
2025-01-06,Kerala,Malappuram,679340,187,-0.010029796763041943
2025-01-06,Kerala,Thiruvananthapuram,695121,206,-0.00811478552393241
2025-01-06,Telangana,Medak,502247,171,-0.005365955034821512
2025-01-06,Karnataka,Bijapur,586117,232,-0.03381140290288487
2025-01-06,Gujarat,Devbhumi Dwarka,361306,198,-0.017301505684769514
2025-01-06,Kerala,Kozhikode,673303,262,-0.06281970754118893
2025-01-06,Maharashtra,Kolhapur,416504,234,-0.04038487654911649
2025-01-06,Uttar Pradesh,Etah,207122,189,-0.00897236063054363
2025-01-06,Jammu and Kashmir,Kathua,184142,228,-0.045002376594092786
2025-01-06,Maharashtra,Mumbai Suburban,400063,216,-0.03253157097598991
2025-01-06,West Bengal,Bankura,722146,203,-0.013775445719942603
2025-01-06,Gujarat,Bharuch,392011,264,-0.06539965832117312
2025-01-06,Bihar,Jehanabad,804432,286,-0.06954577644811977
2025-01-06,Odisha,Mayurbhanj,757028,198,-0.007537760598092191
2025-01-06,Telangana,Nirmal,504310,181,-0.004974911861684528
2025-01-06,Karnataka,Koppal,583282,245,-0.04802688890805484
2025-01-06,Maharashtra,Mumbai Suburban,400077,215,-0.03203711293693923
2025-01-06,Bihar,Vaishali,844501,244,-0.0485321690713465
2025-01-06,Uttar Pradesh,Kheri,262901,215,-0.03500888555468851
2025-01-06,Kerala,Kollam,691507,215,-0.0315429893282827
2025-01-06,Bihar,Patna,800004,237,-0.03639617095165926
2025-01-06,Jharkhand,Lohardaga,835301,190,-0.0013546992202679853
2025-01-06,Telangana,Nizamabad,503302,227,-0.032326436735039654
2025-01-06,Assam,Dhubri,783339,255,-0.05564210492371935
2025-01-06,Rajasthan,Bundi,323614,194,-0.01281222718337538
2025-01-06,Odisha,JAJPUR,755009,236,-0.04752195049478225
2025-01-06,Tamil Nadu,Cuddalore,608601,272,-0.061275921223076235
2025-01-06,Tamil Nadu,Tiruvannamalai,606901,209,-0.029077379829460348
2025-01-06,Tamil Nadu,Ariyalur,621710,208,-0.018126095159237354
2025-01-06,Jharkhand,Dhanbad,828106,212,-0.015322879390096023
2025-01-06,Punjab,Moga,142011,241,-0.04752195049478225
2025-01-06,Odisha,Mayurbhanj,757107,204,-0.016672934095826042
2025-01-06,West Bengal,Barddhaman,713403,209,-0.0315429893282827
2025-01-06,Kerala,Ernakulam,682305,189,-0.009451208093467778
2025-01-06,Karnataka,Vijayanagara,583125,211,-0.0239683250860927
2025-01-06,Maharashtra,Buldhana,443112,232,-0.034409899671365096
2025-01-06,Tamil Nadu,Tiruchirappalli,621105,222,-0.029365531493186214
2025-01-06,Rajasthan,Jaipur,303006,181,-0.0003970860628539352
2025-01-06,Andhra Pradesh,Ananthapuramu,515408,146,-0.008804407897448852
2025-01-06,Karnataka,Bengaluru,562125,270,-0.0633349997097401
2025-01-06,Tamil Nadu,Vellore,635801,273,-0.06488296970532204
2025-01-06,Telangana,Nalgonda,508205,226,-0.030526617248691212
2025-01-06,Telangana,Nalgonda,508254,238,-0.04600918344440841
2025-01-06,Manipur,Ukhrul,795145,217,-0.024946649967442114
2025-01-06,Uttar Pradesh,Azamgarh,276203,226,-0.03292371993139642
2025-01-06,Andhra Pradesh,Kurnool,518593,202,-0.019241413033982968
2025-01-06,Maharashtra,Sangli,416409,198,-0.009930379647657861
2025-01-06,Bihar,Jehanabad,804418,219,-0.02788958022047694
2025-01-06,Uttar Pradesh,Rae Bareli,229103,218,-0.025742725697237123
2025-01-06,Bihar,Darbhanga,846007,240,-0.04802688890805484
2025-01-06,Uttar Pradesh,Gautam Buddha Nagar,203202,190,-0.01118995570847714
2025-01-06,Punjab,Ludhiana,141101,251,-0.054622271883039475
2025-01-06,Tamil Nadu,Coimbatore,641048,184,-5.652202437422815e-06
2025-01-06,West Bengal,Bankura,722160,201,-0.016491704970347132
2025-01-06,Karnataka,Bangalore,560090,193,-0.0018283909337710735
2025-01-06,Arunachal Pradesh,Papum Pare,791110,193,-0.007060207309698252
2025-01-06,Tamil Nadu,Pudukkottai,622507,203,-0.014739968539731585
2025-01-06,Telangana,Khammam,507114,154,-0.0005494070671110407
2025-01-06,Uttar Pradesh,Mau,275105,198,-0.015222719607651758
2025-01-06,Tamil Nadu,Coimbatore,641037,199,-0.006275685915925866
2025-01-06,Karnataka,Belgaum,591114,206,-0.024069712127775866
2025-01-06,Kerala,Palakkad,678543,256,-0.054622271883039475
2025-01-06,Rajasthan,Bundi,323616,206,-0.027110888946465406
2025-01-06,Telangana,Medak,502345,187,-0.003726365976160051
2025-01-06,Odisha,Sambalpur,768224,216,-0.023479658862471164
2025-01-06,Rajasthan,Jodhpur,345021,206,-0.028093469137654314
2025-01-06,Kerala,Alappuzha,690517,222,-0.03035116467010257
2025-01-06,Gujarat,Navsari,396060,211,-0.022320611210223218
2025-01-06,Maharashtra,Ratnagiri,415711,208,-0.010029796763041943
2025-01-06,Odisha,JAJPUR,755008,214,-0.036002160332899935
2025-01-06,Telangana,Mahabubnagar,509203,268,-0.05870989719362596
2025-01-06,Dadra and Nagar Haveli,Dadra and Nagar Haveli,396235,213,-0.022991323151906218
2025-01-06,Andhra Pradesh,East Godavari,533290,150,-0.015536246234036155
2025-01-06,West Bengal,North 24 Parganas,743222,195,-0.012331106470042097
2025-01-06,Odisha,Gajapati,761200,246,-0.050556711853084746
2025-01-06,Karnataka,Bagalkot,587115,187,-0.007537760598092191
2025-01-06,Uttarakhand,Tehri Garhwal,249180,207,-0.016672934095826042
2025-01-06,Karnataka,Vijayapura,586205,199,-0.017301505684769514
2025-01-06,Maharashtra,Kolhapur,416223,187,-0.009451208093467778
2025-01-06,Odisha,Koraput,764055,235,-0.041489262056430554
2025-01-06,Uttar Pradesh,Gorakhpur,273213,238,-0.03639617095165926
2025-01-06,Maharashtra,Pune,412212,191,-0.00897236063054363
2025-01-06,Odisha,Koraput,764001,278,-0.06539965832117312
2025-01-06,Kerala,Kollam,691001,214,-0.019197212529954988
2025-01-06,Uttar Pradesh,Jaunpur,222145,220,-0.026518352342631446
2025-01-06,Bihar,Vaishali,844128,215,-0.020068237154765023
2025-01-06,Bihar,Rohtas,821306,244,-0.04038487654911649
2025-01-06,Maharashtra,Mumbai City,400033,202,-0.011850311166303085
2025-01-06,Rajasthan,Pali,306502,277,-0.06488296970532204
2025-01-06,West Bengal,Purba Medinipur,721429,193,-0.011850311166303085
2025-01-06,Meghalaya,East Khasi Hills,793110,183,-0.0018283909337710735
2025-01-06,Telangana,K.v. Rangareddy,500090,271,-0.06488296970532204
2025-01-06,Rajasthan,Nagaur,341551,228,-0.0394892257480256
2025-01-06,Rajasthan,Sawai Madhopur,322211,221,-0.04349471848466868
2025-01-06,Gujarat,Kheda,387570,240,-0.045002376594092786
2025-01-06,Bihar,Arwal,824127,223,-0.034409899671365096
2025-01-06,Bihar,Saran,841313,204,-0.02455877770844639
2025-01-06,Tamil Nadu,Perambalur,621103,187,-0.007060207309698252
2025-01-06,Madhya Pradesh,Shahdol,484117,177,-0.0014503395339084957
2025-01-06,Kerala,Kannur,670005,186,-0.00897236063054363
2025-01-06,Tamil Nadu,Vellore,632103,238,-0.05258674116746165
2025-01-06,Himachal Pradesh,Shimla,171211,199,-0.00525196868281308
2025-01-06,Kerala,Alappuzha,688006,189,-0.007060207309698252
2025-01-06,Andhra Pradesh,Nellore,524129,166,-0.005941205076663625
2025-01-06,Andhra Pradesh,Srikakulam,532456,216,-0.02329670494102809
2025-01-06,Uttar Pradesh,Jaunpur,222109,280,-0.06798835167754491
2025-01-06,Telangana,Nalgonda,508105,223,-0.025742725697237123
2025-01-06,Tamil Nadu,Vellore,632506,224,-0.03500888555468851
2025-01-06,Odisha,Kalahandi,766019,256,-0.058197733247767336
2025-01-06,West Bengal,Birbhum,731125,276,-0.06281970754118893
2025-01-06,Rajasthan,Sirohi,307027,211,-0.021528296863857266
2025-01-06,Maharashtra,Ratnagiri,415703,187,-0.004201662869894318
2025-01-06,Odisha,Nayagarh,752090,209,-0.018126095159237354
2025-01-06,Rajasthan,Jaisalmer,345022,206,-0.020372381753946955
2025-01-06,Uttar Pradesh,Azamgarh,276208,249,-0.050556711853084746
2025-01-06,Punjab,SAS Nagar (Mohali),160055,212,-0.022015642375917466
2025-01-06,Assam,Tinsukia,786125,213,-0.030555744497527737
2025-01-06,Uttar Pradesh,Bahraich,271870,263,-0.05615253918135177
2025-01-06,Tamil Nadu,Villupuram,605802,163,-0.0030871940385059915
2025-01-06,Karnataka,Mandya,571425,233,-0.04752195049478225
2025-01-06,Karnataka,Yadgir,585323,193,-0.012631976345094609
2025-01-06,Odisha,Kendrapara,754239,192,-0.012162356408677244
2025-01-06,Karnataka,Kalaburagi,585322,189,-0.01488399275108132
2025-01-06,Kerala,Alappuzha,688526,242,-0.041886216018565126
2025-01-06,Andhra Pradesh,Alluri Sitharama Raju,531151,203,-0.021214492517963368
2025-01-06,Tamil Nadu,Tiruchirappalli,621215,206,-0.017641380371539284
2025-01-06,Telangana,Medak,502269,241,-0.04802688890805484
2025-01-06,Jharkhand,Lohardaga,835214,197,-0.020269930800487224
2025-01-06,West Bengal,Murshidabad,742103,209,-0.019096509143753382
2025-01-06,Odisha,Ganjam,761110,215,-0.03302636367178269
2025-01-06,Odisha,JAJPUR,755007,191,-0.00801563710183506
2025-01-06,Assam,Kamrup Metro,782402,232,-0.03679039292216735
2025-01-06,Gujarat,Amreli,365620,202,-0.02514971287165413
2025-01-06,Arunachal Pradesh,Changlang,792103,180,-0.007680330529362678
2025-01-06,Uttar Pradesh,Etah,207120,198,-0.01407692690851503
2025-01-06,Karnataka,Gadag,582113,179,-0.007680330529362678
2025-01-06,Tamil Nadu,Vellore,631002,251,-0.05615253918135177
2025-01-06,Kerala,Kozhikode,673007,201,-0.009930379647657861
2025-01-06,Maharashtra,Ratnagiri,415641,202,-0.006204949959672801
2025-01-06,Karnataka,Bellary,583117,268,-0.061275921223076235
2025-01-06,Maharashtra,Satara,415514,250,-0.05005006237513476
2025-01-06,Kerala,Malappuram,673314,182,-0.0046772814518151185
2025-01-06,Tamil Nadu,Vellore,635811,204,-0.011850311166303085
2025-01-06,Rajasthan,Jodhpur,342028,252,-0.05309510750830582
2025-01-06,Rajasthan,Ganganagar,335025,181,-0.0013546992202679853
2025-01-06,Uttar Pradesh,Sant Kabir Nagar,272152,181,-0.0018171775278262858
2025-01-06,West Bengal,Bankura,722132,245,-0.05157103976535138
2025-01-06,Gujarat,Vadodara,391761,208,-0.021041280971580534
2025-01-06,Madhya Pradesh,Sidhi,486884,176,-0.0054647316305423965
2025-01-06,Uttar Pradesh,Mirzapur,231303,239,-0.04802688890805484
2025-01-06,Rajasthan,Bhilwara,311023,182,-0.004201662869894318
2025-01-06,Telangana,Mahabubnagar,509410,202,-0.022705694847794167
2025-01-06,Gujarat,Vadodara,391155,194,-0.0027767363830935032
2025-01-06,Tamil Nadu,Tiruchirappalli,620101,221,-0.028483237445078857
2025-01-06,Karnataka,Mandya,571416,240,-0.04752195049478225
2025-01-06,Andhra Pradesh,Anantapur,515004,217,-0.024946649967442114
2025-01-06,Andhra Pradesh,Kurnool,518598,193,-0.0173733554313954
2025-01-06,Tamil Nadu,Namakkal,638182,200,-0.006275685915925866
2025-01-06,Odisha,Baleswar,756044,266,-0.05615253918135177
2025-01-06,Maharashtra,Raigarh,402108,183,-0.004201662869894318
2025-01-06,Karnataka,Koppal,583226,223,-0.031020052961223232
2025-01-06,Tamil Nadu,Kancheepuram,603304,227,-0.04249131183846566
2025-01-06,Maharashtra,Jalna,431112,194,-0.013293673526545091
2025-01-06,Maharashtra,Satara,415528,182,-0.0046772814518151185
2025-01-06,Andhra Pradesh,Srikakulam,532425,235,-0.04449948383235369
2025-01-06,Uttar Pradesh,Amethi,229801,150,-0.00045132013559934236
2025-01-06,Tamil Nadu,Tiruvannamalai,606611,231,-0.03998872749068072
2025-01-06,Karnataka,Mandya,571438,247,-0.04954375557335
2025-01-06,Telangana,Nalgonda,508112,191,-0.01062419776924206
2025-01-06,Himachal Pradesh,Sirmaur,173104,187,-0.0008813278916995904
2025-01-06,Odisha,Ganjam,761151,233,-0.04449948383235369
2025-01-06,Madhya Pradesh,Jabalpur,482008,267,-0.06281970754118893
2025-01-06,Karnataka,Bellary,583135,247,-0.05513201590211625
2025-01-06,Uttarakhand,Pauri Garhwal,246174,186,-0.00040827673137111553
2025-01-06,Karnataka,Kalaburagi,585236,201,-0.013594950806059991
2025-01-06,Andhra Pradesh,Krishna,521110,192,-0.012631976345094609
2025-01-06,Karnataka,Chamrajanagar,571442,235,-0.04249131183846566
2025-01-06,Maharashtra,Solapur,413220,205,-0.016672934095826042
2025-01-06,Bihar,Bhojpur,802204,210,-0.020068237154765023
2025-01-06,Maharashtra,Solapur,413007,197,-0.00897236063054363
2025-01-06,Madhya Pradesh,Bhind,477332,173,-0.007372561195195915
2025-01-06,Karnataka,Uttara Kannada,581355,185,-0.006415591497591522
2025-01-06,Tamil Nadu,Tiruvannamalai,606905,216,-0.0394892257480256
2025-01-06,Karnataka,Raichur,584133,278,-0.06539965832117312
2025-01-06,Maharashtra,Raigarh,402117,191,-0.010409875512463751
2025-01-06,Tamil Nadu,Tiruvallur,600067,281,-0.06954577644811977
2025-01-06,Gujarat,Vadodara,390008,232,-0.034905963648665606
2025-01-06,Bihar,Bhagalpur,813113,208,-0.03006262282349914
2025-01-06,Madhya Pradesh,Ujjain,456776,209,-0.03203711293693923
2025-01-06,Karnataka,Dharwad,581105,244,-0.05564210492371935
2025-01-06,Uttar Pradesh,Faizabad,224209,207,-0.021833059430210078
2025-01-06,Odisha,Jagatsinghapur,754104,198,-0.014257543984108167
2025-01-06,Karnataka,Belgaum,591213,205,-0.01281222718337538
2025-01-06,West Bengal,Hooghly,712502,227,-0.032428996659465525
2025-01-06,Telangana,Nalgonda,508374,236,-0.03739132423718583
2025-01-06,Maharashtra,Sangli,415407,230,-0.035796052250521404
2025-01-06,Karnataka,Bagalkot,587113,289,-0.06954577644811977
2025-01-06,Bihar,Aurangabad,824113,222,-0.034409899671365096
2025-01-06,Karnataka,Bijapur,586202,212,-0.021528296863857266
2025-01-06,Karnataka,Mysuru,571114,206,-0.019886147673503607
2025-01-06,Odisha,Koraput,764040,207,-0.021833059430210078
2025-01-06,Karnataka,Belgaum,591302,228,-0.03292371993139642
2025-01-06,West Bengal,Cooch Behar,736146,242,-0.047017353600383505
2025-01-06,Jharkhand,Palamu,822120,250,-0.054622271883039475
2025-01-06,Kerala,Thiruvananthapuram,695562,241,-0.04288880331142775
2025-01-06,Karnataka,Mandya,571424,187,-0.004974911861684528
2025-01-06,Bihar,Siwan,841413,267,-0.06539965832117312
2025-01-06,Gujarat,Mahisagar,389265,190,-0.00818571317538519
2025-01-06,Rajasthan,Karauli,322252,218,-0.03500888555468851
2025-01-06,Tamil Nadu,Madurai,625537,211,-0.03006262282349914
2025-01-06,West Bengal,Purba Medinipur,721652,210,-0.017156993424314648
2025-01-06,Karnataka,Belgaum,591220,249,-0.05615253918135177
2025-01-06,Karnataka,Kolar,563120,207,-0.018126095159237354
2025-01-06,West Bengal,Puruliya,723148,208,-0.021041280971580534
2025-01-06,Karnataka,Mysuru,570026,218,-0.026416621734720702
2025-01-06,Andhra Pradesh,West Godavari,534437,180,-0.00815830352660929
2025-01-06,Tamil Nadu,Thoothukkudi,628905,196,-0.007060207309698252
2025-01-06,Rajasthan,Nagaur,341533,195,-0.007060207309698252
2025-01-06,Gujarat,Amreli,365410,253,-0.053603817919242625
2025-01-06,Uttar Pradesh,Jaunpur,222141,241,-0.04802688890805484
2025-01-06,West Bengal,Purba Medinipur,721601,238,-0.04449948383235369
2025-01-06,Tamil Nadu,Viluppuram,606401,213,-0.022991323151906218
2025-01-06,Tamil Nadu,Tiruvannamalai,606705,190,-0.0008813278916995904
2025-01-06,Karnataka,Belgaum,591102,281,-0.07058581723592461
2025-01-06,Uttar Pradesh,Pratapgarh,230139,206,-0.021041280971580534
2025-01-06,Andhra Pradesh,Nellore,524401,143,-0.004830535264297775
2025-01-06,Maharashtra,Mumbai Suburban,400079,188,-0.010409875512463751
2025-01-06,Karnataka,Bidar,585417,253,-0.05309510750830582
2025-01-06,Assam,Cachar,788815,225,-0.031020052961223232
2025-01-06,Uttar Pradesh,Jaunpur,222132,236,-0.04752195049478225
2025-01-06,Gujarat,Bhavnagar,364313,211,-0.020068237154765023
2025-01-06,Himachal Pradesh,Una,174301,220,-0.029960394922588507
2025-01-06,Andhra Pradesh,Chittoor,517129,243,-0.050556711853084746
2025-01-06,Gujarat,Jamnagar,360520,207,-0.028093469137654314
2025-01-06,Kerala,Palakkad,678683,183,-0.0046772814518151185
2025-01-06,Uttar Pradesh,Ghazipur,233307,228,-0.0404885673037334
2025-01-06,Bihar,Patna,800026,212,-0.017741879561446683
2025-01-06,Bihar,Nawada,805111,227,-0.03292371993139642
2025-01-06,Kerala,Kollam,691506,194,-0.0032513905530361376
2025-01-06,Rajasthan,Dausa,303004,220,-0.027398261826605763
2025-01-06,Kerala,Thiruvananthapuram,695305,216,-0.01628949757214815
2025-01-06,Andhra Pradesh,Visakhapatnam,530024,233,-0.03838782504841298
2025-01-06,Gujarat,Rajkot,360450,204,-0.024660247607564467
2025-01-06,Kerala,Idukki,685551,227,-0.032326436735039654
2025-01-06,West Bengal,Purba Medinipur,721651,190,-0.00897236063054363
2025-01-06,Karnataka,Davangere,577512,246,-0.04038487654911649
2025-01-06,Karnataka,Bengaluru,560048,239,-0.04954375557335
2025-01-06,Tamil Nadu,Kancheepuram,631551,187,-0.00801563710183506
2025-01-06,Jharkhand,Garhwa,822133,204,-0.027110888946465406
2025-01-06,Uttar Pradesh,Mau,221602,201,-0.016672934095826042
2025-01-06,Uttar Pradesh,Ghaziabad,201017,185,-0.0018283909337710735
2025-01-06,Uttar Pradesh,Pratapgarh,230401,235,-0.045002376594092786
2025-01-06,Jharkhand,Dumka,814120,211,-0.03253157097598991
2025-01-06,Uttar Pradesh,Bara Banki,225203,218,-0.026232923599006974
2025-01-06,Bihar,Siwan,841286,281,-0.07058581723592461
2025-01-06,Rajasthan,Bhilwara,311602,269,-0.061275921223076235
2025-01-06,Kerala,Kollam,690523,287,-0.0716272663310843
2025-01-06,Odisha,Baleswar,756029,281,-0.06850714206327568
2025-01-06,Andhra Pradesh,Cuddapah,516216,185,-0.010553025385265924
2025-01-06,Andhra Pradesh,Krishna,521108,231,-0.042992845438772354
2025-01-06,Odisha,Dhenkanal,759001,219,-0.021142257265038045
2025-01-06,Uttar Pradesh,Bulandshahr,203002,197,-0.01407692690851503
2025-01-06,Uttar Pradesh,Gonda,271124,216,-0.023479658862471164
2025-01-06,Uttar Pradesh,Siddharthnagar,272195,229,-0.03799274665665364
2025-01-06,Jharkhand,Deoghar,814143,198,-0.01618920216448605
2025-01-06,Gujarat,Valsad,396155,255,-0.060248469812024474
2025-01-06,Tamil Nadu,Karur,639105,200,-0.01618920216448605
2025-01-06,Karnataka,Bengaluru,560024,199,-0.006752708228275672
2025-01-06,Assam,Tinsukia,786152,188,-0.010073432699972407
2025-01-06,Arunachal Pradesh,Papum Pare,791111,204,-0.00811478552393241
2025-01-06,Uttar Pradesh,Pratapgarh,230306,196,-0.01407692690851503
2025-01-06,Tamil Nadu,Dharmapuri,636804,195,-0.013293673526545091
2025-01-06,Maharashtra,Buldhana,444312,212,-0.019096509143753382
2025-01-06,Rajasthan,Dungarpur,314032,218,-0.03649930197650009
2025-01-06,Odisha,Baleswar,756042,279,-0.06954577644811977
2025-01-06,Andhra Pradesh,West Godavari,534461,218,-0.026232923599006974
2025-01-06,Tamil Nadu,Kanniyakumari,629177,229,-0.033316079239934404
2025-01-06,Uttar Pradesh,Ghazipur,233311,201,-0.018429417750944643
2025-01-06,Gujarat,Ahmedabad,380052,186,-0.00040827673137111553
2025-01-06,Tamil Nadu,Cuddalore,608701,262,-0.05615253918135177
2025-01-06,Gujarat,Bhavnagar,364070,228,-0.03799274665665364
2025-01-06,Assam,Cachar,788101,255,-0.05207871866399583
2025-01-06,West Bengal,Hooghly,712512,239,-0.04600918344440841
2025-01-06,Tamil Nadu,Pudukkottai,622204,199,-0.019783766013512727
2025-01-06,Odisha,Kendujhar,758047,225,-0.03550535493477014
2025-01-06,Uttar Pradesh,Sant Kabir Nagar,272270,270,-0.05870989719362596
2025-01-06,Rajasthan,Churu,331503,188,-0.007060207309698252
2025-01-06,Andhra Pradesh,Prakasam,523227,162,-0.0038681663052032578
2025-01-06,Jammu and Kashmir,Rajouri,185135,203,-0.02514971287165413
2025-01-06,West Bengal,Cooch Behar,736158,202,-0.023580977330270092
2025-01-06,Delhi,East Delhi,110053,213,-0.025926299587342272
2025-01-06,Telangana,Warangal,506367,181,-0.0030735623912991894
2025-01-06,Tamil Nadu,Kancheepuram,603210,223,-0.026518352342631446
2025-01-06,Odisha,Sundergarh,770020,179,-0.0014503395339084957
2025-01-06,Kerala,Kasaragod,671324,235,-0.04249131183846566
2025-01-06,Gujarat,Anand,388160,188,-0.005153221939645958
2025-01-06,Maharashtra,Ratnagiri,415616,190,-0.0018283909337710735
2025-01-06,Kerala,Ernakulam,682007,218,-0.026416621734720702
2025-01-06,Odisha,Puri,752106,265,-0.06230476389435158
2025-01-06,Andhra Pradesh,Sri Sathya Sai,515201,206,-0.01940024246111849
2025-01-06,Punjab,SAS Nagar (Mohali),140201,203,-0.023682310015955554
2025-01-06,Bihar,Siwan,841234,269,-0.06281970754118893
2025-01-06,Karnataka,Yadgir,585220,185,-0.010073432699972407
2025-01-06,Gujarat,Vadodara,391775,192,-0.011369841052065066
2025-01-06,Karnataka,Tumakuru,572201,245,-0.04802688890805484
2025-01-06,Karnataka,Haveri,581203,196,-0.014357568324735115
2025-01-06,Maharashtra,Pune,412103,220,-0.042992845438772354
2025-01-06,Andhra Pradesh,West Godavari,534208,154,-0.0010225537466030943
2025-01-06,Andhra Pradesh,Krishna,521109,182,-0.004023593913074164
2025-01-06,Rajasthan,Dungarpur,314037,214,-0.03302636367178269
2025-01-06,Andhra Pradesh,West Godavari,534236,176,-0.00679614234864101
2025-01-06,Odisha,Puri,752107,245,-0.05207871866399583
2025-01-06,Telangana,Mahabubnagar,509320,201,-0.0169756416401996
2025-01-06,Andhra Pradesh,Guntur,522007,272,-0.05973526524106354
2025-01-06,Uttar Pradesh,Gorakhpur,273406,239,-0.03639617095165926
2025-01-06,Gujarat,Rajkot,360330,195,-0.019297930047729395
2025-01-06,Odisha,Baleswar,756126,281,-0.06539965832117312
2025-01-06,Maharashtra,Solapur,413212,184,-0.0056294845512575575
2025-01-06,Gujarat,Ahmedabad,363610,197,-0.007537760598092191
2025-01-06,Rajasthan,Udaipur,313905,253,-0.054112872633144016
2025-01-06,Uttar Pradesh,Basti,272150,200,-0.015705797408857247
2025-01-06,Uttar Pradesh,Sant Kabir Nagar,272176,246,-0.05005006237513476
2025-01-06,Daman and Diu,Daman,396210,266,-0.061275921223076235
2025-01-06,Andhra Pradesh,Nellore,524131,170,-0.004512751319473374
2025-01-06,Odisha,Dhenkanal,759024,182,-0.004974911861684528
2025-01-06,Karnataka,Chitradurga,577541,220,-0.029960394922588507
2025-01-06,Andhra Pradesh,Prakasam,523245,205,-0.019897650386093813
2025-01-06,Odisha,Cuttack,753008,201,-0.00811478552393241
2025-01-06,Tamil Nadu,Krishnagiri,635103,198,-0.01618920216448605
2025-01-06,Kerala,Kozhikode,673582,273,-0.0633349997097401
2025-01-06,Jammu and Kashmir,Kathua,184202,205,-0.01940024246111849
2025-01-06,Gujarat,Bharuch,391810,244,-0.04802688890805484
2025-01-06,Kerala,Thrissur,680001,204,-0.022189088466077478
2025-01-06,Odisha,Mayurbhanj,757086,183,-0.0032513905530361376
2025-01-06,Karnataka,Bengaluru,560103,195,-0.007060207309698252
2025-01-06,Maharashtra,Mumbai Suburban,400089,196,-0.019783766013512727
2025-01-06,Karnataka,Uttara Kannada,581349,237,-0.04752195049478225
2025-01-06,Assam,Kamrup,781354,186,-0.0027655077932038363
2025-01-06,Rajasthan,Dausa,303504,237,-0.045002376594092786
2025-01-06,Madhya Pradesh,Ujjain,456331,212,-0.022676881211971978
2025-01-06,Karnataka,Davangere,577556,193,-0.0023024032490500668
2025-01-06,Tamil Nadu,Coimbatore,641014,195,-0.0013546992202679853
2025-01-06,Tamil Nadu,Krishnagiri,635101,182,-0.0003970860628539352
2025-01-06,Odisha,Kendrapara,754134,216,-0.021142257265038045
2025-01-06,Tamil Nadu,Salem,637105,197,-0.007537760598092191
2025-01-06,Punjab,Amritsar,143002,245,-0.05513201590211625
2025-01-06,Tamil Nadu,Vellore,635754,288,-0.0716272663310843
2025-01-06,Uttarakhand,Dehradun,248123,230,-0.038491235559436565
2025-01-06,Punjab,Amritsar,143202,232,-0.034905963648665606
2025-01-06,Uttar Pradesh,Basti,272161,193,-0.013293673526545091
2025-01-06,Bihar,Madhubani,847452,218,-0.024946649967442114
2025-01-06,West Bengal,Bankura,722139,199,-0.019582208784796884
2025-01-06,Himachal Pradesh,Kullu,172026,228,-0.03799274665665364
2025-01-06,Kerala,Palakkad,679304,184,-0.005153221939645958
2025-01-06,Karnataka,Bagalkot,587118,253,-0.05258674116746165
2025-01-06,Bihar,Patna,800111,248,-0.05207871866399583
2025-01-06,Tamil Nadu,Pudukkottai,622515,202,-0.011850311166303085
2025-01-06,Karnataka,Bellary,583113,216,-0.03352149125081805
2025-01-06,Himachal Pradesh,Kullu,175105,182,-0.0032513905530361376
2025-01-06,Odisha,Baleswar,756023,231,-0.0404885673037334
2025-01-06,Rajasthan,Kota,325201,195,-0.012502221343447362
2025-01-06,Rajasthan,Sikar,332315,210,-0.019582208784796884
2025-01-06,Tamil Nadu,Tiruvannamalai,606903,279,-0.06902628357425167
2025-01-06,Rajasthan,Karauli,322218,280,-0.06954577644811977
2025-01-06,Andhra Pradesh,Vizianagaram,535126,232,-0.04802688890805484
2025-01-06,Kerala,Kozhikode,673541,208,-0.021041280971580534
2025-01-06,Bihar,Nalanda,803115,252,-0.05258674116746165
2025-01-06,Karnataka,Chitradurga,577533,262,-0.05666331890867449
2025-01-06,Rajasthan,Sikar,332026,208,-0.020068237154765023
2025-01-06,Odisha,Sundergarh,770044,221,-0.0404885673037334
2025-01-06,Punjab,Hoshiarpur,144204,255,-0.05564210492371935
2025-01-06,Tamil Nadu,Kancheepuram,603406,227,-0.03799274665665364
2025-01-06,Uttar Pradesh,Basti,272302,255,-0.054112872633144016
2025-01-06,Jammu and Kashmir,Jammu,181123,212,-0.010029796763041943
2025-01-06,Andhra Pradesh,Adilabad,504106,199,-0.006582977018044001
2025-01-06,Kerala,Kasaragod,671315,258,-0.05309510750830582
2025-01-06,Tamil Nadu,Pudukkottai,614619,215,-0.02445732204646711
2025-01-06,Tamil Nadu,Virudhunagar,626112,188,-0.0027767363830935032
2025-01-06,Maharashtra,Solapur,413214,240,-0.045002376594092786
2025-01-06,Manipur,Imphal East,795008,220,-0.03500888555468851
2025-01-06,Gujarat,Sabarkantha,383462,244,-0.050556711853084746
2025-01-06,Kerala,Ernakulam,683546,193,-0.0023024032490500668
2025-01-06,Maharashtra,Satara,415010,191,-0.010409875512463751
2025-01-06,Karnataka,Chitradurga,577520,256,-0.060248469812024474
2025-01-06,Karnataka,Hassan,573130,183,-0.01070993223059391
2025-01-06,Tamil Nadu,Ramanathapuram,623705,286,-0.07058581723592461
2025-01-06,Karnataka,Bagalkot,587112,210,-0.02329670494102809
2025-01-06,Punjab,Ludhiana,142035,272,-0.0633349997097401
2025-01-06,Delhi,South Delhi,110024,219,-0.026416621734720702
2025-01-06,Haryana,Yamuna Nagar,135106,230,-0.030453447407214673
2025-01-06,Arunachal Pradesh,Papum Pare,791113,188,-0.0033218300527928513
2025-01-06,Andaman and Nicobar Islands,South Andaman,744103,233,-0.04550560972132289
2025-01-06,Karnataka,Kolar,563139,197,-0.017741879561446683
2025-01-06,Kerala,Kannur,670561,264,-0.06281970754118893
2025-01-06,Uttar Pradesh,Unnao,229503,247,-0.054112872633144016
2025-01-06,Rajasthan,Sirohi,307024,274,-0.06591669663975952
2025-01-06,Andhra Pradesh,Anantapur,515701,241,-0.04038487654911649
2025-01-06,Kerala,Alappuzha,690502,246,-0.0485321690713465
2025-01-06,Karnataka,Ballari,583116,207,-0.022320611210223218
2025-01-06,Telangana,Warangal,506105,203,-0.020213337257697805
2025-01-06,Karnataka,Bidar,585418,251,-0.05309510750830582
2025-01-06,Tamil Nadu,Tiruvannamalai,606604,265,-0.06281970754118893
2025-01-06,Odisha,Baleswar,756030,228,-0.0394892257480256
2025-01-06,Tamil Nadu,Tiruchirappalli,621006,216,-0.02543630907301697
2025-01-06,Karnataka,Ramanagar,562119,264,-0.06539965832117312
2025-01-06,West Bengal,Haora,711303,231,-0.034803056183511205
2025-01-06,Telangana,Medak,502290,210,-0.026027961388995213
2025-01-06,Kerala,Ernakulam,686662,186,-0.007537760598092191
2025-01-06,Odisha,Sambalpur,768227,279,-0.06954577644811977
2025-01-06,Andhra Pradesh,Ananthapur,515867,171,-0.015861454730868307
2025-01-06,Jharkhand,Dumka,814148,227,-0.02750013018677111
2025-01-06,Karnataka,Koppal,583235,261,-0.05615253918135177
2025-01-06,Bihar,Saran,841213,178,-0.00040827673137111553
2025-01-06,Odisha,Puri,752110,246,-0.0485321690713465
2025-01-06,Andhra Pradesh,Cuddapah,516355,158,-0.0005494070671110407
2025-01-06,Telangana,Jogulamba Gadwal,509128,186,-0.0056294845512575575
2025-01-06,Maharashtra,Mumbai Suburban,400059,249,-0.05258674116746165
2025-01-06,Tamil Nadu,Vellore,635803,192,-0.009930379647657861
2025-01-06,Gujarat,Botad,364720,191,-0.011060463811095711
2025-01-06,Odisha,Jharsuguda,768213,261,-0.05870989719362596
2025-01-06,Andhra Pradesh,Guntur,522649,211,-0.023796812480662122
2025-01-06,Rajasthan,Pali,306307,203,-0.019096509143753382
2025-01-06,Tamil Nadu,Thoothukkudi,628952,183,-0.0046772814518151185
2025-01-06,Punjab,Ludhiana,141120,199,-0.007537760598092191
2025-01-06,Odisha,JAJPUR,755026,189,-0.012150977545764441
2025-01-06,Rajasthan,Dungarpur,314404,214,-0.03451275196538672
2025-01-06,Tamil Nadu,Salem,636104,225,-0.041990117454162146
2025-01-06,Gujarat,Vadodara,390014,210,-0.017156993424314648
2025-01-06,Maharashtra,Solapur,413210,201,-0.00897236063054363
2025-01-06,Odisha,Sundergarh,769042,186,-0.0046772814518151185
2025-01-06,Andhra Pradesh,Chittoor,517591,171,-0.006725354158054975
2025-01-06,Uttar Pradesh,Muzaffarnagar,251327,208,-0.029077379829460348
2025-01-06,West Bengal,Purba Medinipur,721152,245,-0.05106370423912854
2025-01-06,West Bengal,Kolkata,700105,223,-0.031338132481649184
2025-01-06,Kerala,Thrissur,680684,278,-0.06954577644811977
2025-01-06,West Bengal,Nadia,741157,215,-0.021041280971580534
2025-01-06,Maharashtra,Palghar,401102,211,-0.02280849297271681
2025-01-06,Karnataka,Bijapur,586208,183,-0.004201662869894318
2025-01-06,West Bengal,Purba Medinipur,721645,201,-0.01618920216448605
2025-01-06,Himachal Pradesh,Mandi,175124,201,-0.00897236063054363
2025-01-06,Andhra Pradesh,Parvathipuram Manyam,535523,228,-0.04399693120589665
2025-01-06,Maharashtra,Satara,415105,248,-0.0485321690713465
2025-01-06,Punjab,Sangrur,148023,249,-0.05207871866399583
2025-01-06,Tripura,North Tripura,799262,238,-0.041782329161273224
2025-01-06,Tripura,West Tripura,799207,224,-0.027009075200344124
2025-01-06,West Bengal,Murshidabad,731222,212,-0.029077379829460348
2025-01-06,Tamil Nadu,Tirunelveli,627857,190,-0.0013546992202679853
2025-01-06,Tamil Nadu,Ramanathapuram,623503,214,-0.020068237154765023
2025-01-06,Uttar Pradesh,Farrukhabad,209602,204,-0.021214492517963368
2025-01-06,Tamil Nadu,Thanjavur,612503,211,-0.02445732204646711
2025-01-06,Uttar Pradesh,Banda,210120,235,-0.04249131183846566
2025-01-06,Karnataka,Belagavi,591237,178,-0.007358846287875975
2025-01-06,Bihar,Nalanda,803109,276,-0.06539965832117312
2025-01-06,Maharashtra,Mumbai Suburban,400084,187,-0.00783660169968492
2025-01-06,Tamil Nadu,Tiruvallur,602021,202,-0.016672934095826042
2025-01-06,Telangana,Medak,502246,187,-0.007060207309698252
2025-01-06,Punjab,Sri Muktsar Sahib,152114,243,-0.05106370423912854
2025-01-06,Tripura,North Tripura,799253,211,-0.021528296863857266
2025-01-06,Andhra Pradesh,East Godavari,507121,176,-0.008328413942162438
2025-01-06,Uttar Pradesh,Basti,272171,199,-0.017741879561446683
2025-01-06,Odisha,Kendujhar,758076,237,-0.04078123810638412
2025-01-06,Maharashtra,Pune,411020,244,-0.04954375557335
2025-01-06,Chhattisgarh,Balod,491665,192,-0.0008813278916995904
2025-01-06,West Bengal,Hooghly,712203,183,-0.0046772814518151185
2025-01-06,Jammu and Kashmir,Doda,182143,256,-0.054622271883039475
2025-01-06,Uttar Pradesh,Pratapgarh,229408,208,-0.03302636367178269
2025-01-06,Uttarakhand,Haridwar,247665,261,-0.05870989719362596
2025-01-06,Uttar Pradesh,Jaunpur,222002,271,-0.0633349997097401
2025-01-06,Gujarat,Anand,388370,284,-0.06954577644811977
2025-01-06,Rajasthan,Bhilwara,311302,259,-0.05309510750830582
2025-01-06,Tamil Nadu,Madurai,625019,249,-0.0485321690713465
2025-01-06,West Bengal,Barddhaman,713148,226,-0.029858181365170933
2025-01-06,Haryana,Ambala,134007,196,-0.003726365976160051
2025-01-06,Bihar,Buxar,802134,261,-0.060248469812024474
2025-01-06,Andhra Pradesh,Sri Potti Sriramulu Nellore,524004,215,-0.026232923599006974
2025-01-06,Kerala,Idukki,685588,218,-0.028381231146130337
2025-01-06,Uttarakhand,Nainital,263140,226,-0.032428996659465525
2025-01-06,Uttar Pradesh,Lucknow,226025,213,-0.019582208784796884
2025-01-06,Rajasthan,Sawai Madhopur,322205,191,-0.015322879390096134
2025-01-06,Madhya Pradesh,Hoshangabad,461115,286,-0.06954577644811977
2025-01-06,Gujarat,Kachchh,370040,243,-0.04752195049478225
2025-01-06,Kerala,Ernakulam,682001,239,-0.041782329161273224
2025-01-06,Tamil Nadu,Tiruppur,642203,297,-0.0716272663310843
2025-01-06,Uttar Pradesh,Saharanpur,247769,239,-0.0485321690713465
2025-01-06,Kerala,Kannur,670674,187,-0.00897236063054363
2025-01-06,Gujarat,Gandhinagar,382640,204,-0.02455877770844639
2025-01-06,Tamil Nadu,Cuddalore,608502,247,-0.05207871866399583
2025-01-06,Karnataka,Shivamogga,577201,278,-0.06281970754118893
2025-01-06,Jammu and Kashmir,Doda,182222,205,-0.017641380371539284
2025-01-06,Gujarat,Panchmahals,389310,195,-0.015041857960538918
2025-01-06,Kerala,Kozhikode,673616,189,-0.011369841052065066
2025-01-06,Andhra Pradesh,Kurnool,518196,179,-0.012955862142446373
2025-01-06,Karnataka,Kolar,563162,272,-0.05870989719362596
2025-01-06,Rajasthan,Dungarpur,314406,250,-0.05207871866399583
2025-01-06,Bihar,Muzaffarpur,843127,250,-0.05666331890867449
2025-01-06,Telangana,K.v. Rangareddy,500030,232,-0.04249131183846566
2025-01-06,Odisha,Jajapur,755011,214,-0.0315429893282827
2025-01-06,Maharashtra,Mumbai City,400010,189,-0.010580527916026261
2025-01-06,Rajasthan,Jodhpur,342305,266,-0.06539965832117312
2025-01-06,Odisha,Mayurbhanj,757021,259,-0.06076202172766598
2025-01-06,Bihar,Siwan,841408,212,-0.021528296863857266
2025-01-06,Odisha,Puri,752105,216,-0.023479658862471164
2025-01-06,Rajasthan,Pali,306304,254,-0.05973526524106354
2025-01-06,Kerala,Thrissur,680585,192,-0.010889695907383867
2025-01-06,Uttar Pradesh,Ballia,277121,243,-0.04802688890805484
2025-01-06,Rajasthan,Jhunjhunun,333036,239,-0.03838782504841298
2025-01-06,Gujarat,Chhotaudepur,391152,234,-0.045002376594092786
2025-01-06,Tamil Nadu,Vellore,635901,199,-0.009930379647657861
2025-01-06,Gujarat,Junagadh,362020,239,-0.04954375557335
2025-01-06,Uttar Pradesh,Kheri,262905,203,-0.018914665894359528
2025-01-06,Rajasthan,Jhunjhunun,333012,190,-0.00040827673137111553
2025-01-06,West Bengal,South 24 Parganas,743395,238,-0.04802688890805484
2025-01-06,Uttar Pradesh,Jalaun,285122,199,-0.0169756416401996
2025-01-06,Gujarat,Bhavnagar,364320,264,-0.05870989719362596
2025-01-06,Uttar Pradesh,Mathura,281201,250,-0.054112872633144016
2025-01-06,Rajasthan,Nagaur,341305,261,-0.05615253918135177
2025-01-06,Karnataka,Chitradurga,577546,242,-0.050556711853084746
2025-01-06,Goa,North Goa,403505,200,-0.019582208784796884
2025-01-06,Tamil Nadu,Vellore,635651,271,-0.06488296970532204
2025-01-06,Rajasthan,Sawai Madhopur,322027,242,-0.0485321690713465
2025-01-06,Gujarat,Surat,394235,193,-0.011369841052065066
2025-01-06,Odisha,Mayurbhanj,757054,213,-0.025742725697237123
2025-01-06,West Bengal,Nadia,741238,218,-0.0239683250860927
2025-01-06,Rajasthan,Bikaner,334602,248,-0.05106370423912854
2025-01-06,Jammu and Kashmir,Jammu,181111,201,-0.00849383703968376
2025-01-06,Bihar,Patna,801502,190,-0.010580527916026261
2025-01-06,Bihar,Katihar,854303,220,-0.028381231146130337
2025-01-06,Tamil Nadu,Vellore,632509,258,-0.059222407779854214
2025-01-06,Manipur,Imphal West,795009,187,-0.006484043522445915
2025-01-06,West Bengal,Barddhaman,712146,198,-0.014739968539731585
2025-01-06,Telangana,Mahabubnagar,509153,186,-0.005530684839221367
2025-01-06,Punjab,Hoshiarpur,144222,216,-0.02445732204646711
2025-01-06,Kerala,Kozhikode,673603,199,-0.014257543984108167
2025-01-06,Gujarat,Arvalli,383245,155,-0.0067366461500012464
2025-01-06,Karnataka,Raichur,584170,182,-0.004986175826876438
2025-01-06,Gujarat,Mahesana,384212,214,-0.038491235559436565
2025-01-06,Maharashtra,Osmanabad,413526,219,-0.02543630907301697
2025-01-06,Maharashtra,Satara,415011,226,-0.03381140290288487
2025-01-06,Bihar,Patna,801112,232,-0.03998872749068072
2025-01-06,West Bengal,Paschim Medinipur,721156,232,-0.03292371993139642
2025-01-06,Andhra Pradesh,Chittoor,517421,213,-0.02280849297271681
2025-01-06,Andhra Pradesh,Ananthapuramu,515581,136,-0.002986353244173623
2025-01-06,Andhra Pradesh,Guntur,522301,186,-0.011032942666203138
2025-01-06,Telangana,Karimnagar,505425,223,-0.025742725697237123
2025-01-06,Andhra Pradesh,Srikakulam,532410,203,-0.02024121447453442
2025-01-06,Kerala,Malappuram,679333,204,-0.026620097226263684
2025-01-06,Bihar,Madhubani,847305,211,-0.018611138009296146
2025-01-06,Telangana,Yadadri.,508252,243,-0.05258674116746165
2025-01-06,Kerala,Kannur,670511,182,-0.00038035388743218324
2025-01-06,Telangana,Karimnagar,505174,202,-0.019582208784796884
2025-01-06,Kerala,Idukki,685552,205,-0.019096509143753382
2025-01-06,Telangana,Medak,502110,209,-0.022189088466077478
2025-01-06,Kerala,Idukki,685553,237,-0.04349471848466868
2025-01-06,Punjab,Rupnagar,140123,229,-0.03292371993139642
2025-01-06,Telangana,K.v. Rangareddy,501503,252,-0.05870989719362596
2025-01-06,Bihar,Saran,841442,235,-0.037288068053605405
2025-01-06,Kerala,Thiruvananthapuram,695104,222,-0.031338132481649184
2025-01-06,Bihar,Nalanda,803120,216,-0.02543630907301697
2025-01-06,Tamil Nadu,Ramanathapuram,623608,232,-0.04550560972132289
2025-01-06,Odisha,Baleswar,756001,211,-0.020068237154765023
2025-01-06,Gujarat,Panchmahals,389390,214,-0.03203711293693923
2025-01-06,Uttar Pradesh,Bara Banki,225303,193,-0.012631976345094609
2025-01-06,West Bengal,Hooghly,712707,193,-0.01407692690851503
2025-01-06,Haryana,Rohtak,124022,194,-0.0027767363830935032
2025-01-06,Kerala,Palakkad,679503,199,-0.014257543984108167
2025-01-06,Uttar Pradesh,Ambedkar Nagar,224210,180,-0.001650923354264755
2025-01-06,Telangana,Khammam,507161,191,-0.016889149764844347
2025-01-06,Rajasthan,Bhilwara,311011,228,-0.0394892257480256
2025-01-06,Maharashtra,Raigarh,402103,232,-0.037786080019162616
2025-01-06,Tamil Nadu,Pudukkottai,614622,191,-0.00849383703968376
2025-01-06,Tamil Nadu,Salem,636601,199,-0.01618920216448605
2025-01-06,Uttar Pradesh,Bara Banki,225208,181,-0.007358846287875975
2025-01-06,Karnataka,Tumkur,572214,200,-0.007060207309698252
2025-01-06,Uttar Pradesh,Saharanpur,247453,242,-0.04752195049478225
2025-01-06,West Bengal,Jalpaiguri,735122,185,-0.004499091975209146
2025-01-06,Haryana,Gurgaon,122504,223,-0.03500888555468851
2025-01-06,Himachal Pradesh,Mandi,176120,224,-0.02887321482862837
2025-01-06,Bihar,Madhubani,847231,292,-0.06954577644811977
2025-01-06,Uttar Pradesh,Kanpur Nagar,208006,218,-0.021629341499610266
2025-01-06,Andhra Pradesh,Prakasam,523281,230,-0.030526617248691212
2025-01-06,Odisha,Bargarh,768045,222,-0.021629341499610266
2025-01-06,Rajasthan,Udaipur,313204,231,-0.04802688890805484
2025-01-06,Rajasthan,Baran,325219,283,-0.06902628357425167
2025-01-06,Maharashtra,Sangli,415308,205,-0.011850311166303085
2025-01-06,Telangana,Nizamabad,503246,184,-0.010553025385265924
2025-01-06,Odisha,Jajapur,755018,287,-0.06954577644811977
2025-01-06,Tamil Nadu,Nagapattinam,609108,213,-0.025926299587342272
2025-01-06,Uttar Pradesh,Budaun,243637,213,-0.021833059430210078
2025-01-06,Rajasthan,Baran,325222,207,-0.0225033177308529
2025-01-06,Andhra Pradesh,Vizianagaram,535522,252,-0.05258674116746165
2025-01-06,West Bengal,Purba Medinipur,721154,222,-0.03500888555468851
2025-01-06,Kerala,Malappuram,679332,281,-0.07058581723592461
2025-01-06,Punjab,Faridkot,151209,274,-0.0633349997097401
2025-01-06,Gujarat,Vadodara,391210,231,-0.034409899671365096
2025-01-06,Puducherry,Puducherry,605110,245,-0.053603817919242625
2025-01-06,Andhra Pradesh,Cuddapah,516127,196,-0.01407692690851503
2025-01-06,Bihar,Araria,854102,256,-0.054112872633144016
2025-01-06,Andhra Pradesh,Srikakulam,532263,202,-0.024660247607564467
2025-01-06,Jharkhand,Dhanbad,828306,223,-0.031338132481649184
2025-01-06,Karnataka,Tumakuru,572130,182,-0.00038035388743218324
2025-01-06,Kerala,Malappuram,679579,209,-0.0315429893282827
2025-01-06,Kerala,Kozhikode,673010,233,-0.034409899671365096
2025-01-06,Andhra Pradesh,Alluri Sitharama Raju,531040,225,-0.04449948383235369
2025-01-06,Rajasthan,Jhunjhunun,333025,204,-0.018126095159237354
2025-01-06,Andhra Pradesh,West Godavari,534206,171,-0.007372561195195915
2025-01-06,Uttar Pradesh,Kheri,262725,183,-0.00783660169968492
2025-01-06,Uttar Pradesh,Jaunpur,222137,247,-0.050556711853084746
2025-01-06,Rajasthan,Kota,326530,238,-0.04399693120589665
2025-01-06,West Bengal,Purba Medinipur,721446,229,-0.04600918344440841
2025-01-06,Andhra Pradesh,Ananthapur,515751,141,-0.0033058461093428138
2025-01-06,Delhi,Shahdara,110095,242,-0.0485321690713465
2025-01-06,Kerala,Palakkad,678503,204,-0.015222719607651758
2025-01-06,Kerala,Thrissur,680014,192,-0.011369841052065066
2025-01-06,Andhra Pradesh,Ananthapuramu,515741,180,-0.008328413942162438
2025-01-06,Bihar,Purnia,854317,257,-0.05258674116746165
2025-01-06,Gujarat,Sabarkantha,383307,193,-0.0008813278916995904
2025-01-06,Rajasthan,Sikar,332028,262,-0.06076202172766598
2025-01-06,Odisha,Jagatsinghapur,754132,197,-0.014257543984108167
2025-01-06,Maharashtra,Jalgaon,425307,213,-0.027991517526702037
2025-01-06,Odisha,Sonapur,767017,231,-0.03739132423718583
2025-01-06,Tamil Nadu,Pudukkottai,614618,252,-0.058197733247767336
2025-01-06,Andhra Pradesh,Hyderabad,500040,188,-0.0011685578995624946
2025-01-06,Gujarat,Vadodara,391530,264,-0.05768591570782566
2025-01-06,Andhra Pradesh,Kurnool,518101,174,-0.0007041002940595398
2025-01-06,Punjab,Hoshiarpur,146111,201,-0.006582977018044001
2025-01-06,Tamil Nadu,Erode,638504,237,-0.04288880331142775
2025-01-06,Uttar Pradesh,Pratapgarh,230136,195,-0.015536246234036155
2025-01-06,Odisha,Jharsuguda,768217,232,-0.03292371993139642
2025-01-06,Gujarat,Surat,394327,208,-0.02055459447614638
2025-01-06,Andhra Pradesh,Chittoor,517592,194,-0.01407692690851503
2025-01-06,West Bengal,Paschim Medinipur,721155,225,-0.04249131183846566
2025-01-06,Kerala,Ernakulam,682306,209,-0.010029796763041943
2025-01-06,Odisha,Nabarangapur,764049,214,-0.026416621734720702
2025-01-06,Gujarat,Kachchh,370430,201,-0.024660247607564467
2025-01-06,Bihar,Samastipur,848115,219,-0.03302636367178269
2025-01-06,Andhra Pradesh,Chittoor,517123,195,-0.012631976345094609
2025-01-06,Bihar,Nawada,805129,210,-0.02956983467600438
2025-01-06,Haryana,Gurgaon,122006,196,-0.00849383703968376
2025-01-06,Karnataka,Raichur,584135,193,-0.013293673526545091
2025-01-06,Arunachal Pradesh,Lower Subansiri,791120,237,-0.04449948383235369
2025-01-06,Odisha,Baleswar,756040,232,-0.04449948383235369
2025-01-06,Jammu and Kashmir,Jammu,181204,229,-0.0394892257480256
2025-01-06,Haryana,Ambala,133102,204,-0.007159221657597747
2025-01-06,Assam,Tinsukia,786157,195,-0.006582977018044001
2025-01-06,Gujarat,Surat,394310,239,-0.04954375557335
2025-01-06,Kerala,Kollam,691533,209,-0.017156993424314648
2025-01-06,Telangana,Wanaparthy,509103,211,-0.028483237445078857
2025-01-06,Kerala,Thiruvananthapuram,695601,200,-0.01618920216448605
2025-01-06,Gujarat,Vadodara,391430,223,-0.041489262056430554
2025-01-06,Andhra Pradesh,Y. S. R,516003,175,-0.0007041002940595398
2025-01-06,Kerala,Kozhikode,673015,242,-0.04903779121595886
2025-01-06,Odisha,Puri,752109,253,-0.05309510750830582
2025-01-06,Kerala,Ernakulam,683544,230,-0.034409899671365096
2025-01-06,Tamil Nadu,Cuddalore,608102,196,-0.014739968539731585
2025-01-06,Mizoram,Mamit,796441,188,-0.012631976345094609
2025-01-06,Rajasthan,Dholpur,328029,245,-0.050556711853084746
2025-01-06,Tamil Nadu,Tiruvannamalai,606804,230,-0.04249131183846566
2025-01-06,Assam,Darrang,784514,202,-0.023682310015955554
2025-01-06,Uttar Pradesh,Muzaffarnagar,251310,241,-0.04349471848466868
2025-01-06,Madhya Pradesh,Gwalior,475005,191,-0.00801563710183506
2025-01-06,Andhra Pradesh,Anantapur,515411,219,-0.022116755400221066
2025-01-06,Kerala,Kollam,690519,217,-0.029960394922588507
2025-01-06,Gujarat,Sabarkantha,383251,197,-0.007537760598092191
2025-01-06,Tripura,North Tripura,799256,200,-0.015041857960538918
2025-01-06,Maharashtra,Jalgaon,425420,195,-0.004201662869894318
2025-01-06,Tamil Nadu,Dharmapuri,635302,192,-0.012021310304883404
2025-01-06,Karnataka,Belgaum,591309,246,-0.0485321690713465
2025-01-06,West Bengal,Jalpaiguri,735202,226,-0.030453447407214673
2025-01-06,Maharashtra,Aurangabad,431151,278,-0.06539965832117312
2025-01-06,Assam,Kokrajhar,783372,145,-0.00832599790267663
2025-01-06,Tripura,Gomati,799105,173,-0.00679614234864101
2025-01-06,West Bengal,Bankura,722145,152,-0.0010225537466030943
2025-01-06,Karnataka,Vijayapura,586217,204,-0.019241413033982968
2025-01-06,Uttar Pradesh,Basti,272123,185,-0.004499091975209146
2025-01-06,Kerala,Kannur,670593,202,-0.015705797408857247
2025-01-06,Bihar,Rohtas,802220,184,-0.003726365976160051
2025-01-06,Gujarat,Anand,388110,203,-0.02455877770844639
2025-01-06,Tamil Nadu,Chennai,600107,197,-0.00525196868281308
2025-01-07,Tamil Nadu,Krishnagiri,635304,252,-0.03506204167602289
2025-01-07,Maharashtra,Raigarh,402108,223,-0.0198939645060614
2025-01-07,Rajasthan,Jhunjhunun,333515,250,-0.029622596654106825
2025-01-07,Andhra Pradesh,Krishna,521165,248,-0.029783723247940652
2025-01-07,Karnataka,Bengaluru,562107,272,-0.04449948383235369
2025-01-07,Andhra Pradesh,Prakasam,523253,259,-0.043712697675722056
2025-01-07,West Bengal,Puruliya,723154,246,-0.029622596654106825
2025-01-07,Madhya Pradesh,Seoni,480880,256,-0.0404885673037334
2025-01-07,Karnataka,Udupi,576214,240,-0.027654632221009612
2025-01-07,Punjab,Pathankot,145022,210,-0.0014054165760772896
2025-01-07,Jharkhand,Giridih,815311,229,-0.014309196350280606
2025-01-07,Andhra Pradesh,Cuddapah,516504,223,-0.010461249055635502
2025-01-07,Karnataka,Raichur,584203,247,-0.029783723247940652
2025-01-07,Madhya Pradesh,Ujjain,456003,221,-0.016925516703168886
2025-01-07,Kerala,Kannur,670604,229,-0.014791655865013187
2025-01-07,Odisha,Sundergarh,770043,219,-0.0015036373946792914
2025-01-07,Bihar,Aurangabad,824115,207,-0.0018791426158603075
2025-01-07,Gujarat,Chhotaudepur,391140,200,-0.00352800792559671
2025-01-07,Gujarat,Patan,384230,208,-0.004826926685973398
2025-01-07,Kerala,Palakkad,678631,218,-0.0018791426158603075
2025-01-07,Andhra Pradesh,Cuddapah,516267,243,-0.027163472735975858
2025-01-07,Odisha,Jajapur,755024,200,-0.003400732351496516
2025-01-07,Odisha,Dhenkanal,759023,291,-0.05768591570782566
2025-01-07,Uttar Pradesh,Pratapgarh,230404,237,-0.0315429893282827
2025-01-07,Tamil Nadu,Tiruvallur,602026,247,-0.031102069104786634
2025-01-07,Kerala,Ernakulam,683101,233,-0.017309294394696417
2025-01-07,Kerala,Alappuzha,688561,235,-0.019634247005163474
2025-01-07,Uttar Pradesh,Ghaziabad,201017,229,-0.0076880145544790945
2025-01-07,Uttar Pradesh,Bulandshahr,203002,200,-0.00352800792559671
2025-01-07,Jharkhand,Dumka,814167,227,-0.02129540631665494
2025-01-07,West Bengal,Bankura,722139,248,-0.03209005370745399
2025-01-07,Bihar,Samastipur,848121,214,-0.006157131170630659
2025-01-07,Karnataka,Koppal,583268,200,-0.0029259771731110495
2025-01-07,Karnataka,Tumakuru,572106,207,-0.00730939505927497
2025-01-07,Odisha,Balangir,767067,232,-0.024383416022998206
2025-01-07,Odisha,Baleswar,756043,227,-0.019349947667711365
2025-01-07,Andhra Pradesh,Vizianagaram,535216,251,-0.036996780093146775
2025-01-07,Karnataka,Raichur,584202,251,-0.03258454757762563
2025-01-07,Karnataka,Bidar,585443,206,-0.0014054165760772896
2025-01-07,Tamil Nadu,Tiruvannamalai,606903,245,-0.03159589429191134
2025-01-07,Jammu and Kashmir,Udhampur,182142,209,-0.009222223681592645
2025-01-07,Karnataka,Chikkaballapur,562104,248,-0.037212850428702926
2025-01-07,Andhra Pradesh,East Godavari,533448,207,-0.01698342680450815
2025-01-07,Odisha,Ganjam,761020,236,-0.027991517526702037
2025-01-07,Karnataka,Haveri,581126,233,-0.026833119273741324
2025-01-07,West Bengal,Purba Medinipur,721458,278,-0.05005006237513476
2025-01-07,Uttar Pradesh,Prayagraj,221503,203,-0.011678031512264098
2025-01-07,Andhra Pradesh,Krishna,521180,276,-0.05513201590211625
2025-01-07,Rajasthan,Nagaur,341519,266,-0.049257398758070337
2025-01-07,Andhra Pradesh,Cuddapah,516162,212,-0.016499484869101577
2025-01-07,Odisha,Jagatsinghapur,754113,212,-0.013545062704672484
2025-01-07,Assam,Hojai,782445,220,-0.009023630003562433
2025-01-07,Tamil Nadu,Villupuram,606402,198,-0.003400732351496516
2025-01-07,Himachal Pradesh,Kullu,175125,228,-0.013927027082472065
2025-01-07,Jammu and Kashmir,Rajouri,185233,271,-0.048751628080253795
2025-01-07,Uttar Pradesh,Rae Bareli,229405,256,-0.038491235559436565
2025-01-07,Tripura,Dhalai,799264,211,-0.005680511681280032
2025-01-07,Rajasthan,Sikar,332026,243,-0.03258454757762563
2025-01-07,Gujarat,Ahmedabad,382425,259,-0.041489262056430554
2025-01-07,Maharashtra,Raigarh,402120,231,-0.025202154543671362
2025-01-07,Himachal Pradesh,Sirmaur,173101,210,-0.000932010944445838
2025-01-07,Assam,Tinsukia,786125,216,-0.016015870251443798
2025-01-07,Madhya Pradesh,Mandsaur,458339,246,-0.03920671773559303
2025-01-07,Punjab,Hoshiarpur,146113,226,-0.013927027082472065
2025-01-07,Telangana,Nizamabad,503311,232,-0.017693277948914954
2025-01-07,West Bengal,Birbhum,731125,204,-0.007787117001738286
2025-01-07,Rajasthan,Bharatpur,321026,235,-0.030276656158482962
2025-01-07,Andaman and Nicobar Islands,South Andaman,744103,219,-0.010560740667220792
2025-01-07,Arunachal Pradesh,Papum Pare,791113,239,-0.025590371917272425
2025-01-07,Uttarakhand,Pauri Garhwal,246123,219,-0.009502512166380206
2025-01-07,Andhra Pradesh,Kurnool,518221,292,-0.05768591570782566
2025-01-07,Rajasthan,Dungarpur,314038,263,-0.04449948383235369
2025-01-07,Andhra Pradesh,Kurnool,518218,279,-0.05005006237513476
2025-01-07,Odisha,Puri,752016,221,-0.009502512166380206
2025-01-07,Andhra Pradesh,East Godavari,533247,218,-0.016015870251443798
2025-01-07,Odisha,Nayagarh,752085,228,-0.022270111829219896
2025-01-07,Haryana,Jhajjar,124142,254,-0.037494594910569834
2025-01-07,Punjab,Rupnagar,140115,225,-0.02129540631665494
2025-01-07,Bihar,Jamui,811316,279,-0.05513201590211625
2025-01-07,Odisha,Khorda,754005,196,-0.0005290847169785451
2025-01-07,Bihar,Munger,813212,234,-0.01779378442154067
2025-01-07,Uttarakhand,Chamoli,246424,239,-0.027654632221009723
2025-01-07,Rajasthan,Pali,306703,260,-0.047236367612175534
2025-01-07,Maharashtra,Raigarh,402117,252,-0.03451275196538672
2025-01-07,West Bengal,South 24 Parganas,700061,234,-0.018178027861684876
2025-01-07,Bihar,Vaishali,844119,213,-0.004728239580018112
2025-01-07,Odisha,Ganjam,761123,285,-0.05564210492371935
2025-01-07,West Bengal,Paschim Medinipur,721504,232,-0.02340585277897711
2025-01-07,Karnataka,Mandya,571433,259,-0.04673196387389622
2025-01-07,Mizoram,Lawngtlai,796770,256,-0.038491235559436565
2025-01-07,West Bengal,South 24 Parganas,700152,224,-0.010941104220953068
2025-01-07,Odisha,Bargarh,768035,244,-0.03253157097598991
2025-01-07,Gujarat,Sabarkantha,383010,250,-0.033079376128790305
2025-01-07,Tamil Nadu,Villupuram,606202,250,-0.03500888555468851
2025-01-07,Gujarat,Bharuch,392155,241,-0.0315429893282827
2025-01-07,Rajasthan,Jodhpur,342013,267,-0.04550560972132289
2025-01-07,Bihar,Lakhisarai,811112,224,-0.019349947667711365
2025-01-07,Maharashtra,Pune,412110,210,-0.0014054165760772896
2025-01-07,Maharashtra,Solapur,413410,248,-0.03159589429191134
2025-01-07,West Bengal,Puruliya,723148,259,-0.037547931159934045
2025-01-07,Punjab,Ludhiana,141112,248,-0.031102069104786634
2025-01-07,Andhra Pradesh,Ananthapuramu,515761,202,-0.00590703928608427
2025-01-07,West Bengal,Purba Medinipur,721646,271,-0.05005006237513476
2025-01-07,Karnataka,Dakshina Kannada,574219,223,-0.022429611452189246
2025-01-07,Maharashtra,Jalgaon,425307,287,-0.05513201590211625
2025-01-07,Rajasthan,Bhilwara,311022,223,-0.01722882866586628
2025-01-07,Gujarat,Anand,388305,217,-0.007588926012183972
2025-01-07,Rajasthan,Dausa,321613,253,-0.033079376128790305
2025-01-07,West Bengal,Barddhaman,713335,272,-0.05106370423912854
2025-01-07,Gujarat,Gandhinagar,382422,259,-0.04673196387389622
2025-01-07,Maharashtra,Ahmadnagar,413738,221,-0.015958038459473745
2025-01-07,West Bengal,Jalpaiguri,735305,215,-0.007111338117679389
2025-01-07,Telangana,Mahabubnagar,509135,210,-0.011520910491605418
2025-01-07,Andhra Pradesh,East Godavari,533431,241,-0.03225172630455486
2025-01-07,Karnataka,Shivamogga,577205,247,-0.036002160332899935
2025-01-07,Telangana,Nizamabad,503225,213,-0.005680511681280032
2025-01-07,Telangana,Nizamabad,503003,269,-0.0485321690713465
2025-01-07,Punjab,Rupnagar,140102,222,-0.012863774814025453
2025-01-07,Gujarat,Kheda,387650,267,-0.04572417963832054
2025-01-07,Andhra Pradesh,Prakasam,523112,220,-0.015474790053146337
2025-01-07,Assam,Karbi Anglong,782482,237,-0.030276656158482962
2025-01-07,Tamil Nadu,Villupuram,604202,244,-0.034728092584768055
2025-01-07,Bihar,Patna,804454,214,-0.005680511681280032
2025-01-07,Andhra Pradesh,Chittoor,517370,255,-0.0394892257480256
2025-01-07,Uttarakhand,Almora,263625,228,-0.014309196350280606
2025-01-07,Andhra Pradesh,Nellore,524314,257,-0.037547931159934045
2025-01-07,Maharashtra,Satara,415505,217,-0.008066837145459416
2025-01-07,West Bengal,Uttar Dinajpur,733130,222,-0.016925516703168886
2025-01-07,Odisha,Bhadrak,756162,224,-0.009342852708476124
2025-01-07,Gujarat,Gandhinagar,382640,234,-0.02471265381026444
2025-01-07,Tamil Nadu,Tiruchirappalli,621208,216,-0.003302245353423383
2025-01-07,Karnataka,Dharwad,580025,211,-0.004252586532186076
2025-01-07,Telangana,Warangal,506331,221,-0.012382619236066428
2025-01-07,Gujarat,Ahmedabad,380006,244,-0.03209005370745399
2025-01-07,Odisha,Sundergarh,770032,223,-0.012382619236066428
2025-01-07,Odisha,Mayurbhanj,757016,217,-0.0052042145570873055
2025-01-07,Bihar,Saran,841422,237,-0.026182150139400617
2025-01-07,Bihar,Nalanda,801307,243,-0.02216897728763123
2025-01-07,Assam,South Salmara Mankachar,783135,264,-0.0404885673037334
2025-01-07,West Bengal,South 24 Parganas,743351,259,-0.04673196387389622
2025-01-07,West Bengal,Purba Medinipur,721442,199,-0.0038758088514272426
2025-01-07,Odisha,Mayurbhanj,757086,220,-0.009502512166380206
2025-01-07,Gujarat,Valsad,396055,229,-0.026342515425136104
2025-01-07,West Bengal,Nadia,741202,212,-0.013121043831207824
2025-01-07,Punjab,Ferozepur,152001,254,-0.0394892257480256
2025-01-07,West Bengal,Purba Medinipur,721448,235,-0.02291756698770897
2025-01-07,Uttar Pradesh,Kannauj,209726,234,-0.023580977330270092
2025-01-07,Gujarat,Rajkot,360330,223,-0.010461249055635502
2025-01-07,Telangana,Mahabubnagar,509320,209,-0.003302245353423383
2025-01-07,Andhra Pradesh,East Godavari,533464,283,-0.05207871866399583
2025-01-07,Uttar Pradesh,Amethi,227406,211,-0.016499484869101577
2025-01-07,Madhya Pradesh,Ratlam,457340,283,-0.054112872633144016
2025-01-07,Karnataka,Bidar,585414,235,-0.029783723247940652
2025-01-07,Odisha,Sundergarh,770031,260,-0.04054212051263373
2025-01-07,Telangana,Nalgonda,508221,245,-0.029783723247940652
2025-01-07,Punjab,Rupnagar,140103,254,-0.037547931159934045
2025-01-07,Bihar,Madhubani,847410,253,-0.03456587213418072
2025-01-07,Punjab,Malerkotla,148022,224,-0.013345256045417808
2025-01-07,West Bengal,Paschim Medinipur,721451,224,-0.012863774814025453
2025-01-07,Tamil Nadu,Chennai,600034,262,-0.04572417963832054
2025-01-07,Haryana,Fatehabad,125113,204,-0.0029259771731111606
2025-01-07,West Bengal,Nadia,741302,240,-0.027654632221009612
2025-01-07,Punjab,Rupnagar,140124,264,-0.043210677197969005
2025-01-07,West Bengal,Barddhaman,713142,246,-0.03159589429191134
2025-01-07,Uttarakhand,Champawat,262528,263,-0.04622790129285925
2025-01-07,Andhra Pradesh,West Godavari,534202,239,-0.029783723247940652
2025-01-07,Assam,Cachar,788030,238,-0.032746329597205914
2025-01-07,Andhra Pradesh,East Godavari,533446,254,-0.043712697675722056
2025-01-07,Odisha,Sundergarh,769002,219,-0.008066837145459416
2025-01-07,Telangana,Karimnagar,505174,236,-0.018663105860588725
2025-01-07,Andhra Pradesh,Prakasam,523320,224,-0.016441613935692545
2025-01-07,Punjab,Patiala,140602,209,-0.008644294453237333
2025-01-07,Karnataka,Belgaum,591129,221,-0.015958038459473745
2025-01-07,Andhra Pradesh,East Godavari,533440,241,-0.02913010612160405
2025-01-07,Andhra Pradesh,East Godavari,533295,277,-0.048751628080253795
2025-01-07,Bihar,Nalanda,803120,236,-0.017309294394696417
2025-01-07,Andhra Pradesh,East Godavari,533286,234,-0.027324055170513617
2025-01-07,Punjab,Moga,142058,230,-0.01585778955850392
2025-01-07,Odisha,Khorda,751001,231,-0.02291756698770897
2025-01-07,Karnataka,Mandya,571419,223,-0.019349947667711365
2025-01-07,Gujarat,Surat,394185,204,-0.005878167022740355
2025-01-07,Gujarat,Navsari,396310,238,-0.028093469137654314
2025-01-07,Kerala,Kannur,670011,250,-0.02608046670368036
2025-01-07,Odisha,Baleswar,756040,268,-0.04622790129285925
2025-01-07,West Bengal,Bankura,722202,210,-0.011520910491605418
2025-01-07,Haryana,Gurgaon,122414,287,-0.05768591570782566
2025-01-07,Haryana,Panchkula,133301,258,-0.036002160332899935
2025-01-07,Bihar,Nawada,805129,251,-0.03159589429191134
2025-01-07,Uttar Pradesh,Jaunpur,222113,218,-0.018379190969049275
2025-01-07,Karnataka,Davangere,577224,240,-0.029783723247940652
2025-01-07,Uttar Pradesh,Gautam Buddha Nagar,203202,214,-0.0198939645060614
2025-01-07,Rajasthan,Jhunjhunun,333025,265,-0.04471775818654067
2025-01-07,Karnataka,Belgaum,591114,237,-0.027163472735975858
2025-01-07,Telangana,K.v. Rangareddy,509321,221,-0.003400732351496516
2025-01-07,Gujarat,Vadodara,391210,272,-0.048751628080253795
2025-01-07,Odisha,Jagatsinghapur,754132,241,-0.028637948688757797
2025-01-07,Maharashtra,Sangli,416314,231,-0.023246137179389614
2025-01-07,Bihar,Bhojpur,802156,241,-0.02608046670368036
2025-01-07,Haryana,Hisar,125038,244,-0.027654632221009723
2025-01-07,West Bengal,Murshidabad,741156,230,-0.021782594204840966
2025-01-07,Uttar Pradesh,Ghaziabad,201201,212,-0.00832599790267663
2025-01-07,Uttarakhand,Nainital,263159,222,-0.016441613935692545
2025-01-07,Andhra Pradesh,Krishna,520011,272,-0.05005006237513476
2025-01-07,West Bengal,Nadia,741507,237,-0.018278602358623997
2025-01-07,Gujarat,Narmada,391120,251,-0.03820910957058388
2025-01-07,Rajasthan,Udaipur,313205,239,-0.031102069104786634
2025-01-07,Assam,Cachar,788817,256,-0.038491235559436565
2025-01-07,Punjab,Sri Muktsar Sahib,151212,221,-0.0005570135030182888
2025-01-07,West Bengal,Barddhaman,713103,257,-0.045220798679691754
2025-01-07,Karnataka,Chamrajanagar,571111,224,-0.02340585277897711
2025-01-07,Odisha,Cuttack,754006,217,-0.020967724147165967
2025-01-07,Andhra Pradesh,Vizianagaram,535578,221,-0.009981718443949239
2025-01-07,Odisha,Khorda,752100,242,-0.031049199923826154
2025-01-07,Karnataka,Belgaum,591309,227,-0.013827063150650742
2025-01-07,Telangana,Nalgonda,508101,208,-0.0026694025172321334
2025-01-07,Odisha,Ganjam,761028,271,-0.04673196387389622
2025-01-07,Telangana,Nizamabad,503235,265,-0.04572417963832054
2025-01-07,Tamil Nadu,Tiruvannamalai,606804,277,-0.04752195049478225
2025-01-07,Odisha,Bargarh,768034,264,-0.04622790129285925
2025-01-07,Uttar Pradesh,Pratapgarh,230137,219,-0.01843721873330806
2025-01-07,Telangana,Warangal,506349,202,-0.005401736212878427
2025-01-07,West Bengal,Paschim Medinipur,721124,254,-0.03456587213418072
2025-01-07,Telangana,Mahabubnagar,509128,233,-0.026518352342631446
2025-01-07,Uttar Pradesh,Ballia,277501,230,-0.025852243400114716
2025-01-07,West Bengal,Jalpaiguri,736202,245,-0.03572098714442529
2025-01-07,West Bengal,Bankura,722148,256,-0.04120598844425605
2025-01-07,Andhra Pradesh,Guntur,522018,214,-0.005680511681280032
2025-01-07,Andhra Pradesh,Vizianagaram,535204,234,-0.02471265381026444
2025-01-07,West Bengal,Barddhaman,713203,251,-0.03506204167602289
2025-01-07,Andhra Pradesh,Kurnool,518112,209,-0.003777255195851814
2025-01-07,Karnataka,Bagalkot,587111,265,-0.04752195049478225
2025-01-07,Gujarat,Valsad,396170,232,-0.01585778955850392
2025-01-07,West Bengal,South 24 Parganas,743395,264,-0.045002376594092786
2025-01-07,Uttarakhand,Uttarkashi,249196,217,-0.0052042145570873055
2025-01-07,Odisha,Jagatsinghapur,754102,214,-0.006157131170630659
2025-01-07,Bihar,Patna,801502,274,-0.04903779121595886
2025-01-07,Bihar,Katihar,854303,217,-0.007588926012183972
2025-01-07,Andhra Pradesh,Guntur,522411,220,-0.02291756698770897
2025-01-07,Punjab,Ludhiana,141121,262,-0.04054212051263373
2025-01-07,Bihar,Rohtas,802220,240,-0.02022115765029675
2025-01-07,Tamil Nadu,Thiruvarur,609501,239,-0.02022115765029675
2025-01-07,Karnataka,Tumakuru,572102,275,-0.048751628080253795
2025-01-07,Maharashtra,Ahmadnagar,413719,224,-0.010461249055635502
2025-01-07,Uttar Pradesh,Azamgarh,276129,280,-0.054112872633144016
2025-01-07,Madhya Pradesh,Sehore,466448,243,-0.03572098714442529
2025-01-07,Kerala,Ernakulam,683520,226,-0.009601869239686978
2025-01-07,Uttar Pradesh,Kanpur Nagar,208025,279,-0.048751628080253795
2025-01-07,Telangana,Siddipet,502103,228,-0.015757554723355827
2025-01-07,Maharashtra,Ratnagiri,415616,285,-0.05513201590211625
2025-01-07,Maharashtra,Nashik,422104,259,-0.0404885673037334
2025-01-07,Andhra Pradesh,Guntur,522202,218,-0.007111338117679389
2025-01-07,Gujarat,Sabarkantha,383230,261,-0.04054212051263373
2025-01-07,West Bengal,Murshidabad,742103,223,-0.005779332418318517
2025-01-07,Andhra Pradesh,East Godavari,533430,242,-0.028798857397945854
2025-01-07,Bihar,Saran,841213,214,-0.006157131170630659
2025-01-07,Punjab,Ludhiana,141119,227,-0.013927027082472065
2025-01-07,Himachal Pradesh,Kullu,175123,198,-0.003400732351496516
2025-01-07,Gujarat,Narmada,393130,252,-0.036996780093146775
2025-01-07,Odisha,Jharsuguda,768213,216,-0.010560740667220792
2025-01-07,Telangana,Nalgonda,508247,240,-0.03572098714442529
2025-01-07,Maharashtra,Yavatmal,445308,237,-0.03225172630455486
2025-01-07,Uttar Pradesh,Firozabad,283135,221,-0.02340585277897711
2025-01-07,Telangana,Khammam,507167,205,-0.006860907586567877
2025-01-07,Haryana,Panipat,132108,290,-0.05768591570782566
2025-01-07,Andhra Pradesh,Kurnool,518599,244,-0.029783723247940652
2025-01-07,Karnataka,Gadag,582117,202,-0.008701534258066745
2025-01-07,Odisha,Khorda,751012,227,-0.019349947667711365
2025-01-07,Rajasthan,Rajsamand,313327,284,-0.05513201590211625
2025-01-07,West Bengal,Bankura,722153,225,-0.01408833660826836
2025-01-07,Rajasthan,Jalor,343024,210,-0.006860907586567877
2025-01-07,Andhra Pradesh,Srikakulam,532443,218,-0.01402700504209975
2025-01-07,Gujarat,Mahesana,382830,230,-0.025202154543671362
2025-01-07,Gujarat,Valsad,396185,211,-0.010180581035411196
2025-01-07,Karnataka,Davangere,577215,214,-0.006157131170630659
2025-01-07,Telangana,Mahabubnagar,509120,207,-0.0012475829953269013
2025-01-07,Punjab,Ludhiana,142027,232,-0.025362302974245687
2025-01-07,Telangana,Mahabubnagar,509105,238,-0.028483237445078857
2025-01-07,Odisha,Dhenkanal,759001,235,-0.01682513205630698
2025-01-07,Rajasthan,Jalor,343049,260,-0.0404885673037334
2025-01-07,Odisha,Jajapur,754205,220,-0.007907501429098351
2025-01-07,Chandigarh,Chandigarh,160018,158,-0.0002167253748137643
2025-01-07,Karnataka,Davangere,577219,279,-0.053603817919242625
2025-01-07,Tamil Nadu,Vellore,632101,255,-0.043210677197969005
2025-01-07,Bihar,Begusarai,851135,230,-0.014891755156853148
2025-01-07,Karnataka,Mysuru,571602,227,-0.01408833660826836
2025-01-07,Rajasthan,Jalor,343021,245,-0.029783723247940652
2025-01-07,Gujarat,Banaskantha,385010,207,-0.008265162273698001
2025-01-07,Tamil Nadu,Tiruvallur,601202,211,-0.009222223681592645
2025-01-07,Punjab,Ludhiana,142021,227,-0.02291756698770897
2025-01-07,Tamil Nadu,Tirunelveli,627856,244,-0.03209005370745399
2025-01-07,Bihar,Madhubani,847452,223,-0.005779332418318517
2025-01-07,Karnataka,Chitradurga,577540,231,-0.025852243400114716
2025-01-07,Telangana,Medak,502108,255,-0.043712697675722056
2025-01-07,Uttar Pradesh,Sultanpur,227806,194,-0.0005570135030182888
2025-01-07,Madhya Pradesh,Sidhi,486890,194,-0.0005570135030182888
2025-01-07,Andhra Pradesh,Visakhapatnam,531025,222,-0.018379190969049275
2025-01-07,Punjab,Amritsar,143002,242,-0.03209005370745399
2025-01-07,Karnataka,Davangere,577514,226,-0.02129540631665494
2025-01-07,Andhra Pradesh,Visakhapatnam,531115,241,-0.0362179384857233
2025-01-07,Odisha,Kendrapara,754134,245,-0.03572098714442529
2025-01-07,Bihar,Bhojpur,802166,262,-0.04572417963832054
2025-01-07,Andhra Pradesh,Prakasam,523333,250,-0.035224371919885256
2025-01-07,Andhra Pradesh,Srikakulam,532458,225,-0.016925516703168886
2025-01-07,West Bengal,Cooch Behar,736170,221,-0.012382619236066428
2025-01-07,Gujarat,Ahmedabad,382265,251,-0.03451275196538672
2025-01-07,Andhra Pradesh,Visakhapatnam,531033,213,-0.015958038459473745
2025-01-07,Maharashtra,Mumbai City,400018,199,-0.003777255195851814
2025-01-07,Andhra Pradesh,Ananthapuramu,515871,233,-0.019168539059579492
2025-01-07,Bihar,Bhagalpur,813223,229,-0.021782594204840966
2025-01-07,West Bengal,North 24 Parganas,700124,267,-0.04651309799386971
2025-01-07,West Bengal,Haora,711315,237,-0.025852243400114716
2025-01-07,Odisha,Kendrapara,754208,236,-0.02158047610835878
2025-01-07,Gujarat,Surat,394335,215,-0.018379190969049275
2025-01-07,Punjab,Pathankot,145026,223,-0.01886440511821219
2025-01-07,West Bengal,Barddhaman,713303,267,-0.04399693120589665
2025-01-07,West Bengal,Nadia,741127,211,-0.006256018791051199
2025-01-07,Odisha,JAJPUR,755004,202,-0.005878167022740355
2025-01-07,Assam,Lakhimpur,784160,268,-0.04802688890805484
2025-01-07,Tamil Nadu,Dharmapuri,636806,268,-0.04673196387389622
2025-01-07,Karnataka,Bellary,583121,271,-0.048751628080253795
2025-01-07,Rajasthan,Jalor,307515,241,-0.03060857792002225
2025-01-07,Uttar Pradesh,Prayagraj,212306,198,-0.002341863417860135
2025-01-07,Uttar Pradesh,Mirzapur,231314,231,-0.02455877770844639
2025-01-07,Gujarat,Sabarkantha,383245,219,-0.014509273565451175
2025-01-07,Assam,Marigaon,782410,216,-0.006157131170630659
2025-01-07,Odisha,Kendrapara,754219,281,-0.05207871866399583
2025-01-07,West Bengal,Purba Medinipur,721603,234,-0.026518352342631446
2025-01-07,Rajasthan,Sawai Madhopur,322034,242,-0.029291123736260527
2025-01-07,Rajasthan,Tonk,304803,199,-0.005430588948250992
2025-01-07,West Bengal,Howrah,711227,232,-0.023580977330270092
2025-01-07,West Bengal,Purba Medinipur,721452,209,-0.01698342680450815
2025-01-07,Karnataka,Ramanagar,562108,227,-0.013827063150650742
2025-01-07,Odisha,Mayurbhanj,757106,244,-0.03352149125081805
2025-01-07,West Bengal,Jalpaiguri,736204,291,-0.05768591570782566
2025-01-07,Andhra Pradesh,Visakhapatnam,531031,226,-0.02340585277897711
2025-01-07,Odisha,Ganjam,761132,210,-0.003302245353423383
2025-01-07,Assam,Dhubri,783349,255,-0.038491235559436565
2025-01-07,Telangana,Vikarabad,501501,206,-0.000932010944445838
2025-01-07,Rajasthan,Nagaur,341319,283,-0.053603817919242625
2025-01-07,Maharashtra,Solapur,413308,232,-0.026342515425136104
2025-01-07,Maharashtra,Pune,411005,229,-0.011520910491605418
2025-01-07,Telangana,Sangareddy,502220,217,-0.01402700504209975
2025-01-07,Karnataka,Bengaluru,560103,229,-0.014409227939215619
2025-01-07,Haryana,Ambala,133101,204,-0.000932010944445838
2025-01-07,Uttar Pradesh,Lucknow,226102,225,-0.025537902114949662
2025-01-07,Gujarat,Devbhumi Dwarka,361325,218,-0.014329088200322526
2025-01-07,Maharashtra,Solapur,413212,225,-0.014309196350280606
2025-01-07,Rajasthan,Alwar,301708,204,-0.006733027792390822
2025-01-07,Odisha,Ganjam,761027,214,-0.01698342680450815
2025-01-07,Maharashtra,Pune,413116,248,-0.03401695393975024
2025-01-07,Odisha,JAJPUR,755011,219,-0.016441613935692545
2025-01-07,Manipur,Churachandpur,795006,201,-0.0003013053551491618
2025-01-07,Odisha,Kendrapara,754210,211,-0.0014054165760772896
2025-01-07,Punjab,Fatehgarh Sahib,140602,226,-0.026342515425136104
2025-01-07,Karnataka,Kolar,563136,221,-0.009502512166380206
2025-01-07,Karnataka,Belgaum,591117,275,-0.04673196387389622
2025-01-07,Manipur,Churachandpur,795139,211,-0.01698342680450815
2025-01-07,Odisha,Puri,752108,272,-0.04903779121595886
2025-01-07,Kerala,Idukki,685552,220,-0.009502512166380206
2025-01-07,Assam,Lakhimpur,787032,277,-0.05157103976535138
2025-01-07,Rajasthan,Ganganagar,335803,246,-0.03572098714442529
2025-01-07,Telangana,Karimnagar,505454,210,-0.004728239580018112
2025-01-07,Andhra Pradesh,Prakasam,523109,208,-0.003777255195851814
2025-01-07,Tamil Nadu,Ramanathapuram,623608,223,-0.019349947667711365
2025-01-07,Odisha,Baleswar,756001,223,-0.012863774814025453
2025-01-07,Andhra Pradesh,East Godavari,533407,215,-0.006157131170630659
2025-01-07,West Bengal,Nadia,741150,213,-0.004728239580018112
2025-01-07,Rajasthan,Jhunjhunun,333514,231,-0.013927027082472065
2025-01-07,West Bengal,Paschim Medinipur,721222,227,-0.019349947667711365
2025-01-07,Bihar,Patna,803306,228,-0.02129540631665494
2025-01-07,Odisha,Ganjam,761019,205,-0.0004589255042554141
2025-01-07,Madhya Pradesh,Neemuch,458336,227,-0.02129540631665494
2025-01-07,Bihar,Saran,841443,218,-0.009502512166380206
2025-01-07,Andhra Pradesh,Visakhapatnam,531026,200,-8.418169515334029e-05
2025-01-07,Maharashtra,Sangli,416407,228,-0.011520910491605418
2025-01-07,Andhra Pradesh,Krishna,520008,247,-0.03401695393975024
2025-01-07,Punjab,Gurdaspur,143533,224,-0.012382619236066428
2025-01-07,Karnataka,Bengaluru,560054,250,-0.03258454757762563
2025-01-07,Uttar Pradesh,Ghazipur,232336,231,-0.02055459447614638
2025-01-07,Karnataka,Koppal,583282,229,-0.019349947667711365
2025-01-07,Tamil Nadu,Nagapattinam,609110,220,-0.0029259771731110495
2025-01-07,Tamil Nadu,Vellore,635651,223,-0.002451543098942799
2025-01-07,Haryana,Fatehabad,125047,201,-0.005779332418318517
2025-01-07,Tamil Nadu,Villupuram,606205,233,-0.027324055170513617
2025-01-07,Andhra Pradesh,Vizianagaram,535579,286,-0.05768591570782566
2025-01-07,Karnataka,Vijayapura,586113,224,-0.011670304073571058
2025-01-07,Rajasthan,Rajsamand,313330,268,-0.048751628080253795
2025-01-07,Maharashtra,Mumbai City,400011,225,-0.013345256045417808
2025-01-07,Rajasthan,Ganganagar,335037,207,-0.0004589255042554141
2025-01-07,Andhra Pradesh,Krishna,521225,215,-0.010138498869465384
2025-01-07,Himachal Pradesh,Shimla,171001,228,-0.026342515425136104
2025-01-07,Gujarat,Kachchh,370410,241,-0.032746329597205914
2025-01-07,Odisha,Khorda,752061,283,-0.05513201590211625
2025-01-07,Kerala,Alappuzha,690503,254,-0.03456587213418072
2025-01-07,Andhra Pradesh,Visakhapatnam,530007,239,-0.01876374842788131
2025-01-07,Tamil Nadu,Tiruppur,642154,253,-0.043712697675722056
2025-01-07,West Bengal,Bankura,722201,210,-0.010180581035411196
2025-01-07,Gujarat,Ahmedabad,380052,235,-0.016341297184737646
2025-01-07,Andhra Pradesh,Chittoor,517582,248,-0.035558547032978116
2025-01-07,Odisha,Kendujhar,758047,206,-0.0028275567874559426
2025-01-07,Tripura,Dhalai,799286,251,-0.03506204167602289
2025-01-07,West Bengal,Hooghly,712512,291,-0.05768591570782566
2025-01-07,Arunachal Pradesh,Longding,792131,244,-0.03159589429191134
2025-01-07,Telangana,Warangal,506006,204,-0.006733027792390822
2025-01-07,Odisha,Debagarh,768119,226,-0.019835818839813224
2025-01-07,Jharkhand,Pakaur,816107,212,-0.003302245353423383
2025-01-07,Andhra Pradesh,Nellore,524343,247,-0.03209005370745399
2025-01-07,Odisha,Jajapur,755003,255,-0.0394892257480256
2025-01-07,Gujarat,Anand,388160,283,-0.05564210492371935
2025-01-07,Haryana,Rewari,123301,219,-0.017741879561446683
2025-01-07,Telangana,Nizamabad,503217,205,-0.0028275567874559426
2025-01-07,Bihar,Rohtas,821311,228,-0.015274441915703374
2025-01-07,Odisha,Boudh,762017,210,-0.0018791426158603075
2025-01-07,Uttar Pradesh,Bahraich,271881,263,-0.04449948383235369
2025-01-07,Punjab,Rupnagar,140125,241,-0.029291123736260527
2025-01-07,Tamil Nadu,Cuddalore,608801,223,-0.016341297184737757
2025-01-07,Bihar,Aurangabad,824302,227,-0.025537902114949662
2025-01-07,Assam,Goalpara,783330,242,-0.031049199923826154
2025-01-07,Telangana,Medak,502291,225,-0.022757959412962325
2025-01-07,Maharashtra,Sangli,415309,221,-0.009502512166380206
2025-01-07,Haryana,Bhiwani,127026,230,-0.02291756698770897
2025-01-07,Odisha,Sambalpur,768003,222,-0.016925516703168886
2025-01-07,Andhra Pradesh,Vizianagaram,535580,218,-0.010560740667220792
2025-01-07,Andhra Pradesh,Prakasam,523113,235,-0.016341297184737646
2025-01-07,Karnataka,Dakshina Kannada,574211,274,-0.05106370423912854
2025-01-07,Gujarat,Kachchh,370645,248,-0.03572098714442529
2025-01-07,Bihar,Siwan,841507,221,-0.009981718443949239
2025-01-07,Kerala,Thrissur,680684,224,-0.012382619236066428
2025-01-07,Kerala,Kollam,690521,228,-0.012382619236066428
2025-01-07,West Bengal,Barddhaman,713147,278,-0.053603817919242625
2025-01-07,Andhra Pradesh,Ananthapuramu,515004,214,-0.011620550804077201
2025-01-07,Karnataka,Bagalkot,587121,248,-0.029783723247940652
2025-01-07,Karnataka,Koppal,583226,228,-0.02291756698770897
2025-01-07,Tamil Nadu,Tiruvannamalai,604402,205,-0.006733027792390822
2025-01-07,Maharashtra,Jalna,431112,225,-0.016925516703168886
2025-01-07,Punjab,Hoshiarpur,144105,263,-0.043548489535646384
2025-01-07,Odisha,Ganjam,761209,268,-0.042992845438772354
2025-01-07,Gujarat,Mahesana,384305,236,-0.03175745754054138
2025-01-07,Odisha,Ganjam,761151,196,-0.0029259771731110495
2025-01-07,Uttarakhand,Chamoli,246443,218,-0.01402700504209975
2025-01-07,Assam,Sonitpur,784110,244,-0.03302636367178269
2025-01-07,Andhra Pradesh,East Godavari,533406,261,-0.04349471848466868
2025-01-07,Karnataka,Bijapur,586205,216,-0.007588926012183972
2025-01-07,Gujarat,Junagadh,362235,227,-0.022270111829219896
2025-01-07,Gujarat,Anand,388360,256,-0.0404885673037334
2025-01-07,Odisha,Ganjam,761005,237,-0.018278602358623997
2025-01-07,Kerala,Thiruvananthapuram,695601,242,-0.023633305323171205
2025-01-07,Telangana,Wanaparthy,509103,232,-0.025202154543671362
2025-01-07,Karnataka,Dakshina Kannada,575006,217,-0.0018791426158603075
2025-01-07,Rajasthan,Ajmer,305811,243,-0.03401695393975024
2025-01-07,Karnataka,Belagavi,591307,206,-0.002195141979251969
2025-01-07,Haryana,Mahendragarh,123028,248,-0.03159589429191134
2025-01-07,Punjab,Hoshiarpur,146105,232,-0.016341297184737646
2025-01-07,Andhra Pradesh,Kurnool,518553,230,-0.016724761494313234
2025-01-07,Andhra Pradesh,East Godavari,533255,275,-0.04903779121595886
2025-01-07,Mizoram,Aizawl,796009,247,-0.03451275196538672
2025-01-07,Rajasthan,Tonk,304503,217,-0.007907501429098351
2025-01-07,West Bengal,Hooghly,712303,279,-0.048751628080253795
2025-01-07,Rajasthan,Dungarpur,314021,215,-0.008864078532527353
2025-01-07,Andhra Pradesh,West Godavari,534342,227,-0.022270111829219896
2025-01-07,Tamil Nadu,Salem,636304,230,-0.01585778955850392
2025-01-07,Rajasthan,Karauli,321610,217,-0.017952293514852835
2025-01-07,Uttar Pradesh,Rae Bareli,229201,219,-0.004094110920905392
2025-01-07,Bihar,Muzaffarpur,843124,221,-0.009023630003562433
2025-01-07,Meghalaya,South West Garo Hills,794105,216,-0.006157131170630659
2025-01-07,Gujarat,Surat,394170,202,-0.004826926685973287
2025-01-07,Uttar Pradesh,Ballia,277205,226,-0.021629341499610266
2025-01-07,West Bengal,Barddhaman,713401,225,-0.02080854794164233
2025-01-07,Gujarat,Mahesana,382865,264,-0.04622790129285925
2025-01-07,Telangana,K.v. Rangareddy,500043,213,-0.0052042145570873055
2025-01-07,Karnataka,Kolar,563139,213,-0.016499484869101577
2025-01-07,Maharashtra,Satara,415010,226,-0.019349947667711365
2025-01-07,Andhra Pradesh,Nellore,524408,214,-0.005680511681280032
2025-01-07,Punjab,Kapurthala,144621,218,-0.009023630003562433
2025-01-07,Assam,Dibrugarh,786010,226,-0.023580977330270092
2025-01-07,Gujarat,Rajkot,360405,208,-0.004826926685973398
2025-01-07,Gujarat,Porbandar,360545,275,-0.048751628080253795
2025-01-07,Andhra Pradesh,West Godavari,534451,221,-0.016925516703168886
2025-01-07,Andhra Pradesh,Krishna,521215,243,-0.031102069104786634
2025-01-07,Andhra Pradesh,Krishna,521227,263,-0.04572417963832054
2025-01-07,Delhi,New Delhi,110021,258,-0.041489262056430554
2025-01-07,Tamil Nadu,Pudukkottai,614621,225,-0.003400732351496516
2025-01-07,Andhra Pradesh,Visakhapatnam,531081,260,-0.042992845438772354
2025-01-07,Punjab,Ferozepur,142043,208,-0.0004589255042554141
2025-01-07,Telangana,Khammam,507303,227,-0.0198939645060614
2025-01-07,Maharashtra,Solapur,413227,262,-0.043548489535646384
2025-01-07,Kerala,Alappuzha,690502,226,-0.0119017890912827
2025-01-07,Jammu and Kashmir,Srinagar,190009,214,-0.0014054165760772896
2025-01-07,Jharkhand,Lohardaga,835214,237,-0.018278602358623997
2025-01-07,Karnataka,Dharwad,581207,197,-0.0002108559040598923
2025-01-07,Andhra Pradesh,Prakasam,523331,275,-0.05207871866399583
2025-01-07,Jharkhand,Pakur,816105,204,-0.001721202210935302
2025-01-07,Karnataka,Dakshina Kannada,574142,208,-0.008265162273698001
2025-01-07,Karnataka,Gadag,582112,266,-0.047017353600383505
2025-01-07,Odisha,Kandhamal,762102,227,-0.014309196350280606
2025-01-07,West Bengal,North 24 Parganas,743297,210,-0.008772520803027373
2025-01-07,Punjab,Ludhiana,141414,250,-0.02608046670368036
2025-01-07,Karnataka,Mandya,571415,240,-0.03225172630455486
2025-01-07,Telangana,Nizamabad,503301,224,-0.0119017890912827
2025-01-07,Maharashtra,Amravati,444710,237,-0.018278602358623997
2025-01-07,Odisha,Ganjam,761054,272,-0.048751628080253795
2025-01-07,Haryana,Karnal,132022,235,-0.018278602358623997
2025-01-07,Odisha,Puri,752019,199,-0.00352800792559671
2025-01-07,Punjab,Rupnagar,140116,235,-0.018663105860588725
2025-01-07,Odisha,Jagatsinghapur,754110,207,-0.0018791426158603075
2025-01-07,Assam,Kamrup,781354,272,-0.04752195049478225
2025-01-07,Rajasthan,Sawai Madhopur,322028,216,-0.01843721873330806
2025-01-07,Madhya Pradesh,Bhopal,462047,234,-0.025202154543671362
2025-01-07,West Bengal,Jalpaiguri,735223,212,-0.0076880145544792056
2025-01-07,Andhra Pradesh,Chittoor,517416,254,-0.042207654648727666
2025-01-07,Jharkhand,Bokaro,827001,231,-0.011520910491605418
2025-01-07,Jharkhand,Deoghar,814143,228,-0.022757959412962325
2025-01-07,Haryana,Gurgaon,122502,260,-0.04622790129285925
2025-01-07,Telangana,Karimnagar,505416,212,-0.004252586532186076
2025-01-07,Maharashtra,Mumbai Suburban,400053,274,-0.048751628080253795
2025-01-07,Rajasthan,Alwar,301403,259,-0.04673196387389622
2025-01-07,Telangana,Medak,502113,212,-0.010180581035411196
2025-01-07,Maharashtra,Ratnagiri,415613,221,-0.009023630003562433
2025-01-07,Gujarat,Gandhinagar,382330,216,-0.007111338117679389
2025-01-07,Gujarat,Junagadh,362030,224,-0.02291756698770897
2025-01-07,West Bengal,Purba Medinipur,721641,218,-0.016925516703168886
2025-01-07,Telangana,Adilabad,504251,226,-0.0198939645060614
2025-01-07,Telangana,Hyderabad,500094,215,-0.007111338117679389
2025-01-07,Karnataka,Davangere,577516,259,-0.04270899626552216
2025-01-07,Uttar Pradesh,Jaunpur,222127,278,-0.05513201590211625
2025-01-07,Kerala,Thiruvananthapuram,695311,215,-0.007111338117679389
2025-01-07,Kerala,Thiruvananthapuram,695607,217,-0.013063446332551187
2025-01-07,Gujarat,Navsari,396540,212,-0.013121043831207824
2025-01-07,Odisha,Baleswar,756023,228,-0.01876374842788131
2025-01-07,Karnataka,Bidar,585421,276,-0.053603817919242625
2025-01-07,Gujarat,Gandhinagar,382321,283,-0.054622271883039475
2025-01-07,Andhra Pradesh,Krishna,521101,231,-0.022757959412962325
2025-01-07,Gujarat,Ahmedabad,382465,217,-0.013063446332551187
2025-01-07,Gujarat,Amreli,364530,225,-0.014309196350280606
2025-01-07,Telangana,Warangal,506112,231,-0.02291756698770897
2025-01-07,Uttar Pradesh,Pratapgarh,230138,249,-0.03649930197650009
2025-01-07,Jharkhand,Dumka,814141,224,-0.019349947667711365
2025-01-07,Rajasthan,Jodhpur,342604,247,-0.035224371919885256
2025-01-07,Gujarat,Bhavnagar,364313,270,-0.048751628080253795
2025-01-07,Maharashtra,Pune,412406,275,-0.048751628080253795
2025-01-07,Gujarat,Surat,394190,219,-0.01746769627919742
2025-01-07,Himachal Pradesh,Una,174315,234,-0.018278602358623997
2025-01-07,Maharashtra,Mumbai Suburban,400075,225,-0.024383416022998206
2025-01-07,Maharashtra,Mumbai Suburban,400079,277,-0.05005006237513476
2025-01-07,Uttar Pradesh,Jhansi,284302,202,-0.00590703928608427
2025-01-07,Karnataka,Davangere,577552,223,-0.025852243400114716
2025-01-07,Andhra Pradesh,Vizianagaram,535546,252,-0.035558547032978116
2025-01-07,Karnataka,Hassan,573102,214,-0.018379190969049275
2025-01-07,Jammu and Kashmir,Baramula,193103,252,-0.03456587213418072
2025-01-07,Karnataka,Belgaum,591102,249,-0.033079376128790305
2025-01-07,Punjab,Amritsar,143201,224,-0.008644294453237333
2025-01-07,Odisha,Puri,752015,255,-0.035558547032978116
2025-01-07,Telangana,Medak,502221,216,-0.006157131170630659
2025-01-07,West Bengal,Purba Medinipur,721626,268,-0.04903779121595886
2025-01-07,Odisha,Ganjam,761004,215,-0.0066340732433206595
2025-01-07,Bihar,Buxar,802131,224,-0.0076880145544790945
2025-01-07,Rajasthan,Karauli,322215,261,-0.043548489535646384
2025-01-07,Rajasthan,Nagaur,341027,198,-0.0021044474091808096
2025-01-07,West Bengal,Paschim Medinipur,721157,267,-0.04622790129285925
2025-01-07,Rajasthan,Sikar,332002,234,-0.029291123736260527
2025-01-07,Jammu and Kashmir,Pulwama,191103,201,-0.002451543098942799
2025-01-07,Maharashtra,Satara,415503,231,-0.017693277948914954
2025-01-07,Assam,Lakhimpur,787055,234,-0.027602012841988488
2025-01-07,Gujarat,Surat,394248,205,-0.006256018791051088
2025-01-07,Telangana,Nizamabad,503125,223,-0.0005570135030182888
2025-01-07,West Bengal,Bankura,722102,208,-0.003777255195851814
2025-01-07,Delhi,South Delhi,110016,228,-0.022757959412962325
2025-01-07,Uttar Pradesh,Sant Kabir Nagar,272173,291,-0.05768591570782566
2025-01-07,Assam,Cachar,788002,237,-0.026182150139400617
2025-01-07,Uttar Pradesh,Chandauli,221008,223,-0.021629341499610266
2025-01-07,Punjab,SAS Nagar (Mohali),140201,260,-0.03799274665665364
2025-01-07,Karnataka,Mandya,571605,232,-0.025202154543671362
2025-01-07,Gujarat,Vadodara,391775,243,-0.03060857792002225
2025-01-07,Odisha,Khorda,752027,276,-0.04550560972132289
2025-01-07,Uttar Pradesh,Ballia,277214,204,-0.005302968455980883
2025-01-07,Odisha,Angul,759119,241,-0.028798857397945854
2025-01-07,Karnataka,Dakshina Kannada,574231,264,-0.04622790129285925
2025-01-07,Karnataka,Kalaburagi,585217,219,-0.017741879561446683
2025-01-07,Andhra Pradesh,Cuddapah,516107,225,-0.019349947667711365
2025-01-07,Karnataka,Chitradurga,577535,239,-0.018278602358623997
2025-01-07,Uttar Pradesh,Deoria,274508,226,-0.0198939645060614
2025-01-07,Kerala,Kollam,691589,221,-0.00816599275239105
2025-01-07,Tamil Nadu,Vellore,631002,208,-0.003777255195851814
2025-01-07,Rajasthan,Sikar,332030,218,-0.009023630003562433
2025-01-07,West Bengal,Murshidabad,742306,259,-0.04098874541599462
2025-01-07,Maharashtra,Kolhapur,416207,259,-0.04673196387389622
2025-01-07,Gujarat,Bharuch,393030,249,-0.040705663398047265
2025-01-07,Odisha,Ganjam,761001,207,-0.009222223681592645
2025-01-07,Karnataka,Belagavi,591117,211,-0.005045524355790865
2025-01-07,Jammu and Kashmir,Anantnag,192125,220,-0.017952293514852835
2025-01-07,West Bengal,Nadia,741163,211,-0.000932010944445838
2025-01-07,Telangana,Nalgonda,508355,256,-0.04120598844425605
2025-01-07,West Bengal,South 24 Parganas,743348,220,-0.009981718443949239
2025-01-07,Karnataka,Kalaburagi,585318,222,-0.01722882866586628
2025-01-07,Gujarat,Surat,394520,202,-0.0043512068903787116
2025-01-07,Karnataka,Shivamogga,577427,216,-0.004094110920905392
2025-01-07,Odisha,Ganjam,761126,207,-0.008265162273698001
2025-01-07,Andhra Pradesh,Visakhapatnam,530018,214,-0.0066340732433206595
2025-01-07,Assam,Darrang,784190,215,-0.0055217140760353
2025-01-07,Odisha,Kendujhar,758025,289,-0.05768591570782566
2025-01-07,Andhra Pradesh,Nellore,524228,206,-0.0014054165760772896
2025-01-07,Telangana,Medak,502278,201,-0.003053166663424478
2025-01-07,Odisha,Kalahandi,766031,223,-0.016925516703168886
2025-01-07,Andaman and Nicobar Islands,South Andaman,744101,251,-0.03799274665665364
2025-01-07,West Bengal,Hooghly,712135,209,-0.003302245353423383
2025-01-07,Karnataka,Bagalkot,587112,217,-0.015958038459473745
2025-01-07,Maharashtra,Ratnagiri,415703,212,-0.0052042145570873055
2025-01-07,Tamil Nadu,Ramanathapuram,623705,219,-0.0029259771731110495
2025-01-07,West Bengal,Birbhum,731121,246,-0.03920671773559303
2025-01-07,Karnataka,Kalaburagi,585213,209,-0.004954460861168686
2025-01-07,West Bengal,North 24 Parganas,743133,226,-0.0076880145544790945
2025-01-07,Uttar Pradesh,Rae Bareli,229211,224,-0.014811561178162513
2025-01-07,Andhra Pradesh,East Godavari,533102,214,-0.01402700504209975
2025-01-07,Bihar,Bhojpur,802112,210,-0.004252586532186076
2025-01-07,Uttarakhand,Rudraprayag,246439,224,-0.011520910491605418
2025-01-07,Madhya Pradesh,Rewa,486006,242,-0.03203711293693923
2025-01-07,Telangana,Hyderabad,500056,223,-0.02340585277897711
2025-01-07,Haryana,Gurgaon,122018,250,-0.03506204167602289
2025-01-07,West Bengal,Cooch Behar,736172,216,-0.01950880111158293
2025-01-07,Maharashtra,Nashik,423202,215,-0.0066340732433206595
2025-01-07,Telangana,Nalgonda,508205,268,-0.04903779121595886
2025-01-07,Andhra Pradesh,East Godavari,533445,259,-0.043548489535646384
2025-01-07,Odisha,Sundergarh,769043,224,-0.010941104220953068
2025-01-07,Bihar,Madhubani,847215,207,-0.0004589255042554141
2025-01-07,Telangana,Sangareddy,502319,237,-0.029783723247940652
2025-01-07,Bihar,Bhojpur,802154,260,-0.037547931159934045
2025-01-07,Andhra Pradesh,Prakasam,523169,242,-0.03011542051171301
2025-01-07,Assam,Bongaigaon,783390,200,-0.0029259771731110495
2025-01-07,Uttarakhand,Chamoli,246473,240,-0.01876374842788131
2025-01-07,West Bengal,Barddhaman,713519,280,-0.053603817919242625
2025-01-07,Haryana,Sirsa,125054,232,-0.025202154543671362
2025-01-07,Karnataka,Kolar,563129,246,-0.033574539587465146
2025-01-07,Andhra Pradesh,Krishna,521366,248,-0.03506204167602289
2025-01-07,Bihar,Darbhanga,847407,211,-0.003302245353423383
2025-01-07,Punjab,SAS Nagar (Mohali),140413,212,-0.0052042145570873055
2025-01-07,Andhra Pradesh,East Godavari,533342,260,-0.04054212051263373
2025-01-07,Andhra Pradesh,Prakasam,523270,215,-0.009601869239686978
2025-01-07,Andhra Pradesh,Vizianagaram,535557,226,-0.02129540631665494
2025-01-07,Gujarat,Jamnagar,361130,221,-0.02145469025506208
2025-01-07,Tamil Nadu,Villupuram,605402,214,-0.005680511681280032
2025-01-07,Odisha,Baleswar,756021,221,-0.016441613935692545
2025-01-07,Gujarat,Narmada,393155,245,-0.03302636367178269
2025-01-07,Rajasthan,Jhalawar,326501,242,-0.027324055170513617
2025-01-07,Uttar Pradesh,Balrampur,271203,205,-0.0012475829953269013
2025-01-07,Telangana,Khammam,507203,249,-0.035558547032978116
2025-01-07,Andhra Pradesh,Srikakulam,532322,223,-0.009502512166380206
2025-01-07,Delhi,South West Delhi,110067,255,-0.03854464403080704
2025-01-07,Uttarakhand,Dehradun,248198,256,-0.043210677197969005
2025-01-07,Gujarat,Bharuch,393120,210,-0.004252586532186076
2025-01-07,Madhya Pradesh,Singrauli,486885,205,-0.005430588948250992
2025-01-07,Maharashtra,Mumbai City,400005,214,-0.011620550804077201
2025-01-07,Andhra Pradesh,Visakhapatnam,531032,244,-0.03401695393975024
2025-01-07,Gujarat,Surat,394327,279,-0.04752195049478225
2025-01-07,West Bengal,Paschim Medinipur,721155,254,-0.03870774491108686
2025-01-07,West Bengal,Darjeeling,734426,230,-0.014791655865013187
2025-01-07,Punjab,Shaheed Bhagat Singh Nagar,144526,228,-0.02032201885693441
2025-01-07,Odisha,Gajapati,761214,208,-0.0014054165760772896
2025-01-07,West Bengal,Barddhaman,713336,227,-0.005302968455980883
2025-01-07,Uttar Pradesh,Pratapgarh,230405,240,-0.02913010612160405
2025-01-07,Tripura,Sepahijala,799103,286,-0.05513201590211625
2025-01-07,Assam,Tinsukia,786157,275,-0.04550560972132289
2025-01-07,Haryana,Gurgaon,122006,226,-0.011421284159565004
2025-01-07,West Bengal,Hooghly,712402,255,-0.04572417963832054
2025-01-07,Tamil Nadu,Cuddalore,607805,227,-0.013827063150650742
2025-01-07,Karnataka,Dakshina Kannada,575014,219,-0.018379190969049275
2025-01-07,Bihar,Vaishali,844128,253,-0.033079376128790305
2025-01-07,Maharashtra,Mumbai Suburban,400054,200,-0.00590703928608427
2025-01-07,Telangana,Adilabad,504293,271,-0.05005006237513476
2025-01-07,Rajasthan,Nagaur,341318,268,-0.0404885673037334
2025-01-07,Odisha,Baleswar,756026,266,-0.04622790129285925
2025-01-07,Odisha,Mayurbhanj,757023,206,-0.0038758088514273537
2025-01-07,Maharashtra,Satara,415003,225,-0.019349947667711365
2025-01-07,West Bengal,Cooch Behar,735303,259,-0.043210677197969005
2025-01-07,Odisha,Jagatsinghapur,754135,252,-0.035558547032978116
2025-01-07,Karnataka,Bengaluru,560087,234,-0.02814612413027373
2025-01-07,West Bengal,North 24 Parganas,743232,238,-0.03006262282349914
2025-01-07,Odisha,Koraput,764001,267,-0.047017353600383505
2025-01-07,Andhra Pradesh,Nellore,524344,215,-0.016015870251443798
2025-01-07,Andhra Pradesh,West Godavari,534134,232,-0.015757554723355827
2025-01-07,Gujarat,Patan,384110,221,-0.02080854794164233
2025-01-07,Andhra Pradesh,Kurnool,518390,244,-0.03258454757762563
2025-01-07,Andhra Pradesh,East Godavari,533289,207,-0.0014054165760772896
2025-01-07,Gujarat,Gir Somnath,362725,217,-0.01312469496264912
2025-01-07,Jharkhand,Ramgarh,829101,249,-0.02608046670368036
2025-01-07,Andhra Pradesh,Chittoor,517297,257,-0.0404885673037334
2025-01-07,Maharashtra,Mumbai Suburban,400063,257,-0.04622790129285925
2025-01-07,Manipur,Chandel,795102,219,-0.014329088200322526
2025-01-07,Andhra Pradesh,Vizianagaram,535524,231,-0.023246137179389614
2025-01-07,West Bengal,Haora,711316,218,-0.010560740667220792
2025-01-07,Tamil Nadu,The Nilgiris,643102,216,-0.0066340732433206595
2025-01-07,Bihar,Saran,841217,225,-0.01056074066722068
2025-01-07,Maharashtra,Pune,412305,218,-0.007588926012183972
2025-01-07,Assam,Hojai,782439,236,-0.025852243400114716
2025-01-07,Telangana,Bhadradri Kothagudem,507137,212,-0.010660246240332127
2025-01-07,Odisha,Kendrapara,755061,222,-0.016925516703168886
2025-01-07,Rajasthan,Jhunjhunun,333012,241,-0.02913010612160405
2025-01-07,West Bengal,Jalpaiguri,736208,223,-0.013345256045417808
2025-01-07,Tamil Nadu,Perambalur,621109,227,-0.012382619236066428
2025-01-07,Assam,Kamrup,781127,223,-0.016925516703168886
2025-01-07,West Bengal,Hooghly,712248,217,-0.0018791426158603075
2025-01-07,West Bengal,Paschim Medinipur,721517,268,-0.04449948383235369
2025-01-07,Maharashtra,Pune,412108,232,-0.015757554723355827
2025-01-07,Uttar Pradesh,Faizabad,224202,217,-0.004094110920905392
2025-01-07,Karnataka,Bengaluru,560027,240,-0.0362179384857233
2025-01-07,Karnataka,Bagalkot,587314,242,-0.035224371919885256
2025-01-07,Karnataka,Tumakuru,572104,224,-0.02032201885693441
2025-01-07,Uttar Pradesh,Sultanpur,222301,250,-0.03820910957058388
2025-01-07,Bihar,Lakhisarai,811309,283,-0.054112872633144016
2025-01-07,West Bengal,Cooch Behar,736158,225,-0.02291756698770897
2025-01-07,Tamil Nadu,Ariyalur,612904,208,-0.004826926685973398
2025-01-07,Tamil Nadu,Kancheepuram,603210,217,-0.0005570135030182888
2025-01-07,Uttarakhand,Pithoragarh,262545,205,-0.0004589255042554141
2025-01-07,Rajasthan,Ajmer,305205,212,-0.015374608956270741
2025-01-07,Maharashtra,Ahmadnagar,414602,232,-0.017693277948914954
2025-01-07,Uttarakhand,Chamoli,246427,230,-0.014791655865013187
2025-01-07,Andhra Pradesh,Prakasam,523155,244,-0.0362179384857233
2025-01-07,West Bengal,Paschim Medinipur,721443,214,-0.006157131170630659
2025-01-07,Gujarat,Sabarkantha,383450,248,-0.03820910957058388
2025-01-07,Rajasthan,Jodhpur,342011,222,-0.016441613935692545
2025-01-07,Andhra Pradesh,Prakasam,523328,227,-0.02129540631665494
2025-01-07,Tamil Nadu,Tiruvannamalai,606905,216,-0.007111338117679389
2025-01-07,Bihar,Muzaffarpur,843106,286,-0.05768591570782566
2025-01-07,Andhra Pradesh,Prakasam,523326,296,-0.05768591570782566
2025-01-07,West Bengal,Jalpaiguri,735134,269,-0.04673196387389622
2025-01-07,Uttar Pradesh,Amethi,229802,201,-0.005430588948250992
2025-01-07,Odisha,Jagatsinghapur,754104,240,-0.023633305323171205
2025-01-07,Uttar Pradesh,Ambedkar Nagar,224137,250,-0.03649930197650009
2025-01-07,Odisha,Puri,752114,223,-0.010941104220953068
2025-01-07,Uttarakhand,Uttarkashi,249152,266,-0.049257398758070337
2025-01-07,Odisha,Mayurbhanj,757022,210,-0.0014054165760772896
2025-01-07,Assam,Majuli,785104,213,-0.003302245353423383
2025-01-07,Karnataka,Bengaluru,560001,229,-0.021782594204840966
2025-01-07,Rajasthan,Churu,331305,254,-0.04572417963832054
2025-01-07,Bihar,Bhojpur,802160,258,-0.04120598844425605
2025-01-07,Tamil Nadu,Tiruchirappalli,621006,223,-0.002451543098942799
2025-01-07,Odisha,Baleswar,756030,212,-0.004252586532186076
2025-01-07,Odisha,JAJPUR,755007,228,-0.015274441915703374
2025-01-07,Tamil Nadu,Tiruvannamalai,632315,238,-0.029783723247940652
2025-01-07,Karnataka,Chamrajanagar,571117,251,-0.03572098714442529
2025-01-07,Jammu and Kashmir,Kathua,184205,247,-0.03401695393975024
2025-01-07,Tripura,Khowai,799201,202,-0.00590703928608427
2025-01-07,Gujarat,Bhavnagar,364250,227,-0.02471265381026444
2025-01-07,Odisha,Ganjam,760006,205,-0.0076880145544790945
2025-01-07,Haryana,Sonipat,131022,246,-0.037212850428702926
2025-01-07,West Bengal,Hooghly,712311,241,-0.01876374842788131
2025-01-07,Karnataka,Dakshina Kannada,574143,244,-0.031102069104786634
2025-01-07,Maharashtra,Mumbai Suburban,400093,257,-0.04054212051263373
2025-01-07,Andhra Pradesh,Chittoor,517644,270,-0.05005006237513476
2025-01-07,Andhra Pradesh,Guntur,522017,229,-0.014309196350280606
2025-01-07,Madhya Pradesh,Rewa,486003,237,-0.027324055170513617
2025-01-07,Maharashtra,Pune,412102,205,-0.0004589255042554141
2025-01-07,Karnataka,Dharwad,580011,277,-0.05157103976535138
2025-01-07,Karnataka,Kolar,563126,237,-0.01876374842788131
2025-01-07,Karnataka,Bangalore Rural,562111,238,-0.02158047610835878
2025-01-07,Telangana,Hyderabad,500058,222,-0.02194198594904684
2025-01-07,Rajasthan,Ajmer,305207,209,-0.014566988091874844
2025-01-07,Tamil Nadu,Madurai,625008,238,-0.032746329597205914
2025-01-07,Bihar,Buxar,802112,247,-0.037212850428702926
2025-01-07,Maharashtra,Satara,415538,240,-0.028637948688757797
2025-01-07,Andhra Pradesh,Vizianagaram,535526,245,-0.03159589429191134
2025-01-07,Andhra Pradesh,East Godavari,533436,241,-0.03011542051171301
2025-01-07,Karnataka,Mysore,571134,196,-0.002341863417860135
2025-01-07,West Bengal,Hooghly,712501,233,-0.027009075200344124
2025-01-07,Uttar Pradesh,Sant Kabir Nagar,272002,244,-0.03253157097598991
2025-01-07,Uttar Pradesh,Pratapgarh,230002,223,-0.021142257265038045
2025-01-07,West Bengal,Hooghly,712412,226,-0.021782594204840966
2025-01-07,Uttarakhand,Chamoli,246435,215,-0.013063446332551187
2025-01-07,West Bengal,Birbhum,731233,256,-0.036002160332899935
2025-01-07,West Bengal,Hooghly,712617,220,-0.01843721873330806
2025-01-07,Jammu and Kashmir,Jammu,180017,222,-0.012863774814025453
2025-01-07,Telangana,Karimnagar,505212,240,-0.02913010612160405
2025-01-07,Madhya Pradesh,Jabalpur,482056,220,-0.016441613935692545
2025-01-07,Gujarat,Rajkot,360060,221,-0.02291756698770897
2025-01-07,Assam,Dhubri,783371,209,-0.01698342680450815
2025-01-07,Karnataka,Raichur,584170,240,-0.03006262282349914
2025-01-07,Andhra Pradesh,Cuddapah,516130,233,-0.026342515425136104
2025-01-07,Uttarakhand,Haridwar,249403,274,-0.04673196387389622
2025-01-07,Telangana,Warangal,506368,240,-0.01876374842788131
2025-01-07,Bihar,Gaya,823004,222,-0.009502512166380206
2025-01-07,Madhya Pradesh,Katni,483504,222,-0.02340585277897711
2025-01-07,Uttar Pradesh,Sultanpur,227408,284,-0.05207871866399583
2025-01-07,Odisha,Ganjam,761122,195,-0.0005570135030182888
2025-01-07,Assam,Udalguri,784509,249,-0.03870774491108686
2025-01-07,Odisha,Jagatsinghapur,754138,224,-0.016925516703168886
2025-01-07,West Bengal,Barddhaman,713124,216,-0.0198939645060614
2025-01-07,Tamil Nadu,Tiruppur,642204,263,-0.047236367612175534
2025-01-07,Gujarat,Mahesana,384310,233,-0.02340585277897711
2025-01-07,Telangana,Warangal,506169,249,-0.03572098714442529
2025-01-07,Andhra Pradesh,Cuddapah,516175,265,-0.04673196387389622
2025-01-07,Bihar,Jehanabad,804427,238,-0.018278602358623997
2025-01-07,Karnataka,Bagalkot,587120,228,-0.013827063150650742
2025-01-07,Maharashtra,Sangli,415406,223,-0.010941104220953068
2025-01-07,Tamil Nadu,Theni,625602,255,-0.040205676750426855
2025-01-07,Odisha,Koraput,764020,238,-0.025362302974245687
2025-01-07,Rajasthan,Churu,331402,281,-0.054112872633144016
2025-01-07,Uttar Pradesh,Ghazipur,232327,257,-0.0404885673037334
2025-01-07,Madhya Pradesh,Chhindwara,480449,242,-0.02913010612160405
2025-01-07,Bihar,Samastipur,848216,224,-0.018379190969049275
2025-01-07,Meghalaya,Ri Bhoi,793102,239,-0.031049199923826154
2025-01-07,Telangana,Khammam,507182,229,-0.02291756698770897
2025-01-07,Delhi,South West Delhi,110072,213,-0.003302245353423383
2025-01-07,Karnataka,Bellary,583222,240,-0.027654632221009612
2025-01-07,Karnataka,Dakshina Kannada,575017,267,-0.04752195049478225
2025-01-07,Rajasthan,Bikaner,331801,242,-0.03352149125081805
2025-01-07,Karnataka,Bengaluru,560082,218,-0.019994779798118256
2025-01-07,Tamil Nadu,Pudukkottai,622304,280,-0.048751628080253795
2025-01-07,Andhra Pradesh,Kurnool,518350,254,-0.040205676750426855
2025-01-07,Manipur,Tamenglong,795147,232,-0.01722882866586628
2025-01-07,West Bengal,Purba Medinipur,721432,269,-0.04673196387389622
2025-01-07,Bihar,Kaimur (Bhabua),821104,273,-0.04622790129285925
2025-01-07,Odisha,Khorda,751010,250,-0.03920671773559303
2025-01-07,Odisha,Bhadrak,756163,223,-0.0198939645060614
2025-01-07,Maharashtra,Pune,413133,210,-0.004954460861168686
2025-01-07,Telangana,Nalgonda,508210,267,-0.0404885673037334
2025-01-07,Uttar Pradesh,Kheri,262702,213,-0.004094110920905392
2025-01-07,Odisha,Mayurbhanj,757084,216,-0.010560740667220792
2025-01-07,Uttar Pradesh,Ballia,277502,232,-0.023246137179389614
2025-01-07,Rajasthan,Sikar,332029,216,-0.011921613762252092
2025-01-07,Gujarat,Surendra Nagar,382780,229,-0.027009075200344124
2025-01-07,Odisha,Mayurbhanj,757092,237,-0.019735025851407295
2025-01-07,Karnataka,Kalaburagi,585325,219,-0.011670304073571058
2025-01-07,Telangana,Nalgonda,508253,227,-0.02291756698770897
2025-01-07,West Bengal,Barddhaman,713363,242,-0.0362179384857233
2025-01-07,Tamil Nadu,Madurai,625537,227,-0.011520910491605418
2025-01-07,Jharkhand,Ramgarh,825316,233,-0.018178027861684876
2025-01-07,West Bengal,Barddhaman,713409,224,-0.01886440511821219
2025-01-07,Kerala,Kannur,670306,222,-0.009502512166380206
2025-01-07,Uttar Pradesh,Amethi,227807,222,-0.020169076902271987
2025-01-07,West Bengal,Paschim Medinipur,721435,230,-0.014791655865013187
2025-01-07,Rajasthan,Kota,326518,225,-0.014811561178162513
2025-01-07,Gujarat,Navsari,396360,198,-0.0024235386255934133
2025-01-07,Uttar Pradesh,Gonda,271319,216,-0.013063446332551187
2025-01-07,Gujarat,Gandhinagar,382006,213,-0.0014054165760772896
2025-01-07,Tamil Nadu,Thanjavur,614201,223,-0.009502512166380206
2025-01-07,West Bengal,North 24 Parganas,743502,224,-0.01886440511821219
2025-01-07,Tamil Nadu,Krishnagiri,635122,215,-0.004252586532186076
2025-01-07,Tamil Nadu,Tiruvannamalai,606802,211,-0.003302245353423383
2025-01-07,Karnataka,Tumakuru,572130,227,-0.02291756698770897
2025-01-07,Gujarat,Mahesana,382730,240,-0.027991517526702037
2025-01-07,Telangana,Mahabubnagar,509104,235,-0.025852243400114716
2025-01-07,Uttarakhand,Tehri Garhwal,249137,210,-0.008265162273698001
2025-01-07,Andhra Pradesh,Guntur,522438,212,-0.015374608956270741
2025-01-07,Karnataka,Haveri,581193,201,-0.0043512068903787116
2025-01-07,Tamil Nadu,Tiruvannamalai,606703,240,-0.02913010612160405
2025-01-07,Punjab,Faridkot,151205,255,-0.035558547032978116
2025-01-07,Andhra Pradesh,Krishna,521190,214,-0.013063446332551187
2025-01-07,Rajasthan,Jhunjhunun,333308,210,-0.000932010944445838
2025-01-07,Tamil Nadu,Tiruvannamalai,606704,215,-0.0066340732433206595
2025-01-07,West Bengal,Murshidabad,742181,203,-0.002451543098942799
2025-01-07,Maharashtra,Kolhapur,416504,245,-0.03209005370745399
2025-01-07,Karnataka,Gulbarga,585105,216,-0.004252586532186076
2025-01-07,Uttar Pradesh,Lucknow,226029,297,-0.05768591570782566
2025-01-07,Haryana,Rewari,122502,204,-0.006860907586567877
2025-01-07,Andhra Pradesh,Cuddapah,516289,232,-0.019168539059579492
2025-01-07,Rajasthan,Dausa,303323,245,-0.03060857792002225
2025-01-07,Maharashtra,Kolhapur,416204,233,-0.025202154543671362
2025-01-07,Odisha,Puri,752014,253,-0.03854464403080704
2025-01-07,Madhya Pradesh,Gwalior,475005,253,-0.043712697675722056
2025-01-07,Gujarat,Anand,388150,220,-0.01402700504209975
2025-01-07,Delhi,South West Delhi,110038,228,-0.02260449918999341
2025-01-07,Assam,Darrang,784514,227,-0.0194080540067032
2025-01-07,Karnataka,Davangere,577534,257,-0.043210677197969005
2025-01-07,Kerala,Kollam,690519,217,-0.010560740667220792
2025-01-07,Bihar,Aurangabad,824114,214,-0.006157131170630659
2025-01-07,West Bengal,Paschim Medinipur,721515,208,-0.012158710214505875
2025-01-07,Andhra Pradesh,East Godavari,533220,241,-0.03011542051171301
2025-01-07,Andhra Pradesh,East Godavari,533216,254,-0.03870774491108686
2025-01-07,Andhra Pradesh,West Godavari,534426,253,-0.042207654648727666
2025-01-07,Bihar,Jehanabad,804407,253,-0.034070038180320616
2025-01-07,Telangana,Nizamabad,503114,237,-0.02158047610835878
2025-01-07,Andhra Pradesh,Kurnool,518396,221,-0.009023630003562433
2025-01-07,Telangana,Nizamabad,503207,247,-0.03159589429191134
2025-01-07,Bihar,Siwan,841244,254,-0.03456587213418072
2025-01-07,Telangana,Mahabubnagar,509409,206,-0.00912291987596936
2025-01-07,Telangana,Adilabad,504102,233,-0.02471265381026444
2025-01-07,Karnataka,Vijayapura,586213,227,-0.021782594204840966
2025-01-07,Karnataka,Davangere,577221,219,-0.01402700504209975
2025-01-07,Karnataka,Chitradurga,577557,247,-0.031102069104786634
2025-01-07,Gujarat,Gir Somnath,362550,233,-0.029291123736260527
2025-01-07,Karnataka,Mandya,571418,218,-0.007588926012183972
2025-01-07,Karnataka,Chikkaballapur,561213,260,-0.047236367612175534
2025-01-07,Jammu and Kashmir,Doda,182147,200,-0.006733027792390822
2025-01-07,Rajasthan,Bikaner,334808,255,-0.0404885673037334
2025-01-07,Andhra Pradesh,Chittoor,517643,200,-0.0043512068903787116
2025-01-07,Jammu and Kashmir,Rajouri,185135,258,-0.037547931159934045
2025-01-07,Odisha,Baleswar,756134,211,-0.003302245353423383
2025-01-07,Jammu and Kashmir,Samba,184120,203,-0.005779332418318517
2025-01-07,Uttar Pradesh,Lucknow,226006,288,-0.05768591570782566
2025-01-07,Telangana,Medak,502290,245,-0.03159589429191134
2025-01-07,Odisha,Mayurbhanj,757042,243,-0.031102069104786634
2025-01-07,Rajasthan,Nagaur,341501,216,-0.01843721873330806
2025-01-07,Haryana,Faridabad,121007,220,-0.015474790053146337
2025-01-07,Andhra Pradesh,Chittoor,517415,268,-0.04903779121595886
2025-01-07,Rajasthan,Bharatpur,321202,267,-0.04622790129285925
2025-01-07,Punjab,Ferozepur,152024,196,-0.0032909041544101347
2025-01-07,West Bengal,Purba Medinipur,721423,206,-0.009601869239686978
2025-01-07,Rajasthan,Jaipur,303704,222,-0.012863774814025453
2025-01-07,Andhra Pradesh,Visakhapatnam,531114,234,-0.028093469137654314
2025-01-07,Tamil Nadu,Krishnagiri,635306,223,-0.013345256045417808
2025-01-07,Gujarat,Surendra Nagar,382760,223,-0.02340585277897711
2025-01-07,Bihar,Saran,841313,243,-0.03060857792002225
2025-01-07,Tamil Nadu,Dharmapuri,636805,238,-0.028798857397945854
2025-01-07,West Bengal,Bankura,722154,247,-0.029783723247940652
2025-01-07,West Bengal,Barddhaman,713378,199,-0.005430588948250992
2025-01-07,Maharashtra,Ratnagiri,415628,220,-0.0005570135030182888
2025-01-07,Assam,Goalpara,783132,236,-0.029077379829460348
2025-01-07,Karnataka,Belgaum,591226,248,-0.03401695393975024
2025-01-07,Rajasthan,Pali,306114,244,-0.028798857397945854
2025-01-07,Gujarat,Ahmedabad,382145,236,-0.025691986578640136
2025-01-07,Maharashtra,Sangli,416409,218,-0.0066340732433206595
2025-01-07,Odisha,Angul,759118,238,-0.032746329597205914
2025-01-07,Goa,South Goa,403707,248,-0.029622596654106825
2025-01-07,West Bengal,Barddhaman,712410,208,-0.0028275567874559426
2025-01-07,Tamil Nadu,Thanjavur,614613,282,-0.05564210492371935
2025-01-07,Gujarat,Junagadh,362120,228,-0.022757959412962325
2025-01-07,Andhra Pradesh,Annamayya,517325,247,-0.025100608610140185
2025-01-07,Karnataka,Ballari,583120,210,-0.006404304646046577
2025-01-07,Andhra Pradesh,East Godavari,533262,233,-0.026833119273741324
2025-01-07,Karnataka,Kolar,563137,230,-0.025852243400114716
2025-01-07,Haryana,Bhiwani,127045,207,-0.0026694025172321334
2025-01-07,Odisha,Angul,759143,214,-0.006157131170630659
2025-01-07,Telangana,Vikarabad,501141,224,-0.009601869239686978
2025-01-07,Karnataka,Kodagu,571234,234,-0.027991517526702037
2025-01-07,Andhra Pradesh,Ananthapur,515871,222,-0.020169076902271987
2025-01-07,Punjab,Pathankot,145101,204,-0.0004589255042554141
2025-01-07,Karnataka,Kolar,563138,236,-0.027163472735975858
2025-01-07,West Bengal,Hooghly,712124,230,-0.013927027082472065
2025-01-07,Andhra Pradesh,West Godavari,534350,292,-0.05513201590211625
2025-01-07,Maharashtra,Solapur,413301,206,-0.009222223681592645
2025-01-07,Karnataka,Bagalkot,587117,243,-0.035224371919885256
2025-01-07,Punjab,Hoshiarpur,144214,244,-0.02608046670368036
2025-01-07,Gujarat,Surendra Nagar,363115,280,-0.054622271883039475
2025-01-07,Madhya Pradesh,Indore,452014,229,-0.014409227939215619
2025-01-07,West Bengal,Barddhaman,713426,270,-0.04954375557335
2025-01-07,Karnataka,Bellary,583116,218,-0.007588926012183972
2025-01-07,Manipur,Senapati,795107,265,-0.04752195049478225
2025-01-07,Gujarat,Surat,394310,221,-0.009981718443949239
2025-01-07,Andhra Pradesh,Vizianagaram,535534,280,-0.05207871866399583
2025-01-07,Karnataka,Mandya,571429,262,-0.047236367612175534
2025-01-07,Gujarat,Anand,388460,271,-0.048751628080253795
2025-01-07,Tamil Nadu,Karur,639118,271,-0.050556711853084746
2025-01-07,Gujarat,Kachchh,370130,236,-0.026182150139400617
2025-01-07,Andhra Pradesh,West Godavari,534320,249,-0.03572098714442529
2025-01-07,Uttar Pradesh,Ballia,277216,202,-0.003053166663424478
2025-01-07,Uttarakhand,Almora,263622,245,-0.027654632221009723
2025-01-07,Andhra Pradesh,Vizianagaram,535218,233,-0.016724761494313234
2025-01-07,Mizoram,Aizawl,796017,266,-0.04399693120589665
2025-01-07,Gujarat,Surat,394430,263,-0.04550560972132289
2025-01-07,Uttar Pradesh,Mau,275306,225,-0.02291756698770897
2025-01-07,Uttarakhand,Tehri Garhwal,249175,230,-0.02471265381026444
2025-01-07,Gujarat,Arvalli,383250,210,-0.0006195753617056488
2025-01-07,Andhra Pradesh,Prakasam,523281,290,-0.05768591570782566
2025-01-07,Tamil Nadu,Perambalur,621708,214,-0.003302245353423383
2025-01-07,Jharkhand,Bokaro,825315,219,-0.008066837145459416
2025-01-07,Gujarat,Jamnagar,361009,223,-0.01722882866586628
2025-01-07,West Bengal,Birbhum,731215,237,-0.026672645450334764
2025-01-07,Andhra Pradesh,Kurnool,518467,208,-0.009222223681592645
2025-01-07,Karnataka,Chamrajanagar,571442,229,-0.027815323340188103
2025-01-07,Andhra Pradesh,Guntur,522421,267,-0.049257398758070337
2025-01-07,Rajasthan,Nagaur,341030,288,-0.05768591570782566
2025-01-07,Telangana,Medak,502273,223,-0.002451543098942799
2025-01-07,West Bengal,Nadia,741249,244,-0.029783723247940652
2025-01-07,Bihar,Buxar,802116,234,-0.016724761494313234
2025-01-07,West Bengal,Bankura,722162,233,-0.028483237445078857
2025-01-07,West Bengal,Barddhaman,713339,274,-0.05309510750830582
2025-01-07,Maharashtra,Palghar,401102,217,-0.01886440511821219
2025-01-07,Tamil Nadu,Ramanathapuram,623711,226,-0.013827063150650742
2025-01-07,Gujarat,Patan,384255,249,-0.03705008026813961
2025-01-07,Assam,Barpeta,781321,270,-0.04752195049478225
2025-01-07,Himachal Pradesh,Mandi,175124,226,-0.003400732351496516
2025-01-07,Odisha,Baleswar,756044,231,-0.025362302974245687
2025-01-07,Bihar,Saran,841204,249,-0.035558547032978116
2025-01-07,Andhra Pradesh,Srikakulam,532243,227,-0.015274441915703374
2025-01-07,Himachal Pradesh,Shimla,171011,221,-0.002451543098942799
2025-01-07,Andhra Pradesh,Prakasam,523303,227,-0.022270111829219896
2025-01-07,Bihar,Saran,841202,268,-0.048751628080253795
2025-01-07,Gujarat,Kachchh,370435,210,-0.005680511681280032
2025-01-07,Assam,Dhubri,783128,210,-0.003618886770736518
2025-01-07,Mizoram,Kolasib,796081,220,-0.009502512166380206
2025-01-07,Andhra Pradesh,Guntur,522402,246,-0.029622596654106825
2025-01-07,Odisha,Dhenkanal,759146,197,-0.0015036373946792914
2025-01-07,Andhra Pradesh,Nellore,524407,230,-0.021782594204840966
2025-01-07,Maharashtra,Aurangabad,431006,287,-0.05768591570782566
2025-01-07,Gujarat,Ahmedabad,382140,218,-0.01402700504209975
2025-01-07,West Bengal,Hooghly,712203,208,-0.01698342680450815
2025-01-07,Puducherry,Puducherry,605010,212,-0.0023531892806518684
2025-01-07,Karnataka,Davangere,577218,200,-0.002451543098942799
2025-01-07,Kerala,Malappuram,679323,237,-0.031102069104786634
2025-01-07,Andhra Pradesh,Nellore,524218,223,-0.0119017890912827
2025-01-07,Andhra Pradesh,Guntur,522529,238,-0.029783723247940652
2025-01-07,West Bengal,Nadia,741248,222,-0.01585778955850392
2025-01-07,Maharashtra,Kolhapur,416119,265,-0.04471775818654067
2025-01-07,Telangana,Bhadradri Kothagudem,507117,255,-0.042207654648727666
2025-01-07,West Bengal,Paschim Medinipur,721135,231,-0.015274441915703374
2025-01-07,Telangana,Sangareddy,502001,228,-0.013927027082472065
2025-01-07,Telangana,Warangal,506122,279,-0.04752195049478225
2025-01-07,Punjab,Shaheed Bhagat Singh Nagar,144525,241,-0.02814612413027373
2025-01-07,Karnataka,Davangere,583125,236,-0.027163472735975858
2025-01-07,Puducherry,Puducherry,605009,237,-0.028483237445078857
2025-01-07,Haryana,Hisar,125037,265,-0.04752195049478225
2025-01-07,Odisha,Jajapur,755017,260,-0.042992845438772354
2025-01-07,Maharashtra,Ratnagiri,415724,202,-0.002451543098942799
2025-01-07,Rajasthan,Sikar,332722,216,-0.004252586532186076
2025-01-07,Andhra Pradesh,Prakasam,523302,219,-0.01402700504209975
2025-01-07,Rajasthan,Jhunjhunun,333304,238,-0.02022115765029675
2025-01-07,Rajasthan,Nagaur,341533,258,-0.04054212051263373
2025-01-07,West Bengal,North 24 Parganas,700136,278,-0.053603817919242625
2025-01-07,Rajasthan,Alwar,301713,287,-0.05564210492371935
2025-01-07,Odisha,Kendrapara,754250,254,-0.04270899626552216
2025-01-07,Andhra Pradesh,Visakhapatnam,531011,256,-0.0404885673037334
2025-01-07,Jharkhand,Garhwa,822133,241,-0.031102069104786634
2025-01-07,Assam,Cachar,788009,209,-0.011197677920659177
2025-01-07,Karnataka,Davangere,577589,249,-0.03159589429191134
2025-01-07,Maharashtra,Sangli,416408,235,-0.01682513205630698
2025-01-07,Odisha,JAJPUR,755017,224,-0.009342852708476124
2025-01-07,Kerala,Kasaragod,671532,214,-0.003302245353423383
2025-01-07,Telangana,K.v. Rangareddy,500083,281,-0.05615253918135177
2025-01-07,Rajasthan,Jhunjhunun,333305,237,-0.02158047610835878
2025-01-07,Karnataka,Shivamogga,577204,291,-0.05768591570782566
2025-01-07,Kerala,Malappuram,676311,249,-0.02608046670368036
2025-01-07,Karnataka,Mysuru,570023,222,-0.009502512166380206
2025-01-07,Odisha,Cuttack,754005,270,-0.04622790129285925
2025-01-07,Andhra Pradesh,Guntur,522603,209,-0.011620550804077201
2025-01-07,Odisha,Sonapur,767017,217,-0.007111338117679389
2025-01-07,Gujarat,Amreli,365410,241,-0.02216897728763123
2025-01-07,Punjab,Ludhiana,141117,219,-0.008066837145459416
2025-01-07,West Bengal,Barddhaman,713301,221,-0.009981718443949239
2025-01-07,Assam,Karbi Anglong,782481,231,-0.02022115765029675
2025-01-07,Haryana,Hisar,125006,239,-0.029960394922588396
2025-01-07,Maharashtra,Pune,412404,266,-0.043210677197969005
2025-01-07,Uttar Pradesh,Amroha,244102,246,-0.03451275196538672
2025-01-07,Telangana,Medak,502314,235,-0.018663105860588725
2025-01-07,West Bengal,Barddhaman,713323,212,-0.009043374359056777
2025-01-07,Maharashtra,Solapur,413217,246,-0.03352149125081805
2025-01-07,West Bengal,Purba Medinipur,721657,272,-0.04622790129285925
2025-01-07,Rajasthan,Ajmer,305627,204,-0.012001482851944134
2025-01-07,Karnataka,Bengaluru,560051,252,-0.035558547032978116
2025-01-07,Andhra Pradesh,Cuddapah,516126,212,-0.0023531892806518684
2025-01-07,Assam,Kamrup,781137,221,-0.02340585277897711
2025-01-07,Telangana,Nalgonda,508238,230,-0.015274441915703374
2025-01-07,Karnataka,Yadgir,585355,228,-0.02291756698770897
2025-01-07,Odisha,Mayurbhanj,757039,237,-0.018278602358623997
2025-01-07,Punjab,Moga,142057,257,-0.037547931159934045
2025-01-07,West Bengal,Barddhaman,713205,222,-0.0005570135030182888
2025-01-07,Karnataka,Chikkaballapur,563128,248,-0.03506204167602289
2025-01-07,Gujarat,Kachchh,370040,271,-0.04550560972132289
2025-01-07,Jammu and Kashmir,Kathua,184151,202,-0.0076880145544790945
2025-01-07,Tamil Nadu,Tiruvannamalai,632316,220,-0.012382619236066428
2025-01-07,Odisha,Mayurbhanj,757019,223,-0.011421284159565004
2025-01-07,Karnataka,Davangere,583137,208,-0.009222223681592645
2025-01-07,Bihar,East Champaran,845434,221,-0.012863774814025453
2025-01-07,Uttarakhand,Pithoragarh,262554,225,-0.010461249055635502
2025-01-07,Kerala,Kannur,670102,217,-0.006157131170630659
2025-01-07,Tamil Nadu,Tiruvannamalai,606907,222,-0.024872693923249423
2025-01-07,West Bengal,Jalpaiguri,735225,262,-0.042207654648727666
2025-01-07,Karnataka,Dakshina Kannada,574228,237,-0.025362302974245687
2025-01-07,Andhra Pradesh,West Godavari,534316,243,-0.0315429893282827
2025-01-07,Rajasthan,Kota,324003,236,-0.025852243400114716
2025-01-07,Madhya Pradesh,Mandsaur,458778,293,-0.05768591570782566
2025-01-07,Karnataka,Kolar,563113,220,-0.012382619236066428
2025-01-07,Telangana,Nalgonda,508278,272,-0.05258674116746165
2025-01-07,Uttar Pradesh,Bijnor,246723,201,-0.0003013053551491618
2025-01-07,Manipur,Senapati,795118,231,-0.02897529016699585
2025-01-07,Andhra Pradesh,Chittoor,517002,221,-0.003400732351496516
2025-01-07,Bihar,Jehanabad,804405,249,-0.035558547032978116
2025-01-07,Maharashtra,Pune,411032,218,-0.009502512166380206
2025-01-07,Punjab,SAS Nagar (Mohali),140110,262,-0.04054212051263373
2025-01-07,Rajasthan,Nagaur,341520,224,-0.013345256045417808
2025-01-07,Odisha,Khorda,751017,201,-0.005779332418318517
2025-01-07,Telangana,Nalgonda,508114,225,-0.019349947667711365
2025-01-07,Gujarat,Anand,388480,219,-0.016925516703168886
2025-01-07,Odisha,Baleswar,756024,236,-0.019634247005163474
2025-01-07,Andhra Pradesh,West Godavari,534199,269,-0.04622790129285925
2025-01-07,West Bengal,Howrah,711109,203,-0.002451543098942799
2025-01-07,Karnataka,Koppal,583230,220,-0.016925516703168886
2025-01-07,Andhra Pradesh,Prakasam,523108,276,-0.053603817919242625
2025-01-07,West Bengal,North 24 Parganas,743222,272,-0.04449948383235369
2025-01-07,Arunachal Pradesh,Papum Pare,791110,272,-0.050556711853084746
2025-01-07,Karnataka,Bangalore Rural,561204,276,-0.048751628080253795
2025-01-07,Rajasthan,Jaipur,303807,205,-0.006354920288240584
2025-01-07,Bihar,Bhojpur,802163,297,-0.05768591570782566
2025-01-07,West Bengal,Jalpaiguri,735219,194,-0.0009095091740629613
2025-01-07,Odisha,Boudh,762026,210,-0.0014054165760772896
2025-01-07,Arunachal Pradesh,Lower Dibang Valley,792110,253,-0.041042334870523445
2025-01-07,West Bengal,Murshidabad,742137,230,-0.019349947667711365
2025-01-07,Kerala,Kozhikode,673303,244,-0.02022115765029675
2025-01-07,Tamil Nadu,Cuddalore,608102,225,-0.010461249055635502
2025-01-07,Bihar,Muzaffarpur,843102,265,-0.04673196387389622
2025-01-07,Rajasthan,Churu,331502,244,-0.03401695393975024
2025-01-07,Telangana,Nizamabad,503213,207,-0.0018791426158603075
2025-01-07,Punjab,Jalandhar,144101,234,-0.018278602358623997
2025-01-07,Maharashtra,Mumbai,400057,222,-0.002451543098942799
2025-01-07,Bihar,Bhojpur,802311,263,-0.049257398758070337
2025-01-07,Bihar,Sheohar,843316,227,-0.011520910491605418
2025-01-07,Telangana,Khammam,507165,279,-0.04903779121595886
2025-01-07,Karnataka,Dakshina Kannada,574210,261,-0.03998872749068072
2025-01-07,Gujarat,Kachchh,370490,220,-0.015474790053146337
2025-01-07,West Bengal,Hooghly,712147,215,-0.005680511681280032
2025-01-07,Andhra Pradesh,Cuddapah,516217,214,-0.01402700504209975
2025-01-07,Odisha,Sundergarh,769012,290,-0.05564210492371935
2025-01-07,Karnataka,Belgaum,591222,244,-0.027654632221009723
2025-01-07,Telangana,Karimnagar,505325,199,-0.00014670123965931925
2025-01-07,Punjab,Ludhiana,141416,224,-0.01886440511821219
2025-01-07,Odisha,Mayurbhanj,757077,282,-0.05564210492371935
2025-01-07,Chhattisgarh,Bilaspur,495555,223,-0.005302968455980883
2025-01-07,Rajasthan,Jaipur,303348,223,-0.02129540631665494
2025-01-07,Odisha,Ganjam,761103,214,-0.011140236089979383
2025-01-07,Gujarat,Sabarkantha,383275,257,-0.0404885673037334
2025-01-07,Tamil Nadu,Ramanathapuram,623703,229,-0.02291756698770897
2025-01-07,Andhra Pradesh,Chittoor,517520,289,-0.05513201590211625
2025-01-07,Uttar Pradesh,Sultanpur,227814,221,-0.020481087402440368
2025-01-07,Rajasthan,Churu,331031,220,-0.02340585277897711
2025-01-07,Karnataka,Dharwad,580112,273,-0.04752195049478225
2025-01-07,Kerala,Kannur,670593,233,-0.016724761494313234
2025-01-07,Karnataka,Gadag,582114,199,-0.003777255195851814
2025-01-07,Rajasthan,Hanumangarh,335065,223,-0.010941104220953068
2025-01-07,West Bengal,Murshidabad,742159,271,-0.04449948383235369
2025-01-07,Rajasthan,Jhunjhunun,333303,276,-0.04903779121595886
2025-01-07,Punjab,Gurdaspur,143525,229,-0.022270111829219896
2025-01-07,Uttar Pradesh,Balrampur,271215,268,-0.04903779121595886
2025-01-07,Andhra Pradesh,Krishna,521230,262,-0.04572417963832054
2025-01-07,Maharashtra,Pune,410515,204,-0.006733027792390822
2025-01-07,Maharashtra,Satara,415527,222,-0.009502512166380206
2025-01-07,Maharashtra,Thane,400614,261,-0.042207654648727666
2025-01-07,Odisha,Khorda,752060,214,-0.013121043831207824
2025-01-07,Odisha,Sundergarh,769042,211,-0.0023531892806518684
2025-01-07,Tamil Nadu,Salem,636104,217,-8.418169515322926e-05
2025-01-07,Telangana,Nizamabad,503308,212,-0.012101190602498924
2025-01-07,Karnataka,Chamrajanagar,571444,242,-0.024122075537060583
2025-01-07,Telangana,Nalgonda,508218,229,-0.02291756698770897
2025-01-07,Odisha,Gajapati,761201,227,-0.025362302974245687
2025-01-07,Rajasthan,Sirohi,307028,263,-0.0404885673037334
2025-01-07,Uttar Pradesh,Gonda,271310,208,-0.0026694025172321334
2025-01-07,Karnataka,Chitradurga,577538,279,-0.05513201590211625
2025-01-07,Tamil Nadu,Krishnagiri,635119,269,-0.047017353600383505
2025-01-07,Karnataka,Gulbarga,585311,226,-0.012863774814025453
2025-01-07,Gujarat,Porbandar,362620,240,-0.02255556763067368
2025-01-07,West Bengal,Jalpaiguri,735217,230,-0.01585778955850392
2025-01-07,Rajasthan,Karauli,322213,274,-0.048751628080253795
2025-01-07,Meghalaya,East Jaintia Hills,793200,212,-0.0055217140760353
2025-01-07,Karnataka,Chikkamagaluru,577548,197,-0.003400732351496516
2025-01-07,Andhra Pradesh,East Godavari,533212,281,-0.05564210492371935
2025-01-07,Rajasthan,Alwar,301709,272,-0.048751628080253795
2025-01-07,Maharashtra,Mumbai City,400012,222,-0.015474790053146337
2025-01-07,Bihar,Siwan,841509,216,-0.0052042145570873055
2025-01-07,Karnataka,Chitradurga,577520,246,-0.029622596654106825
2025-01-07,Maharashtra,Pune,411040,245,-0.02216897728763123
2025-01-07,Rajasthan,Jaisalmer,345022,203,-0.001721202210935302
2025-01-07,West Bengal,Bankura,722157,239,-0.027324055170513617
2025-01-07,Odisha,Ganjam,761115,234,-0.025202154543671362
2025-01-07,Rajasthan,Ajmer,305203,222,-0.009342852708476124
2025-01-07,West Bengal,Murshidabad,742225,223,-0.005779332418318517
2025-01-07,Odisha,Sundergarh,770074,231,-0.027815323340188103
2025-01-07,West Bengal,Birbhum,731103,280,-0.04903779121595886
2025-01-07,Karnataka,Dakshina Kannada,574202,276,-0.05106370423912854
2025-01-07,Andhra Pradesh,Prakasam,523241,222,-0.023894469049515754
2025-01-07,Andhra Pradesh,Vizianagaram,535101,241,-0.02022115765029675
2025-01-07,Telangana,Vikarabad,509338,214,-0.005680511681280032
2025-01-07,Andhra Pradesh,Prakasam,523305,242,-0.0362179384857233
2025-01-07,Andhra Pradesh,Prakasam,523330,201,-0.005302968455980883
2025-01-07,Assam,Marigaon,782104,254,-0.03820910957058388
2025-01-07,Maharashtra,Hingoli,431509,243,-0.027163472735975858
2025-01-07,West Bengal,Hooghly,712601,221,-0.009502512166380206
2025-01-07,West Bengal,Purba Medinipur,721644,244,-0.03225172630455486
2025-01-07,Tamil Nadu,Cuddalore,607102,215,-0.003302245353423383
2025-01-07,Gujarat,Sabarkantha,383210,293,-0.05768591570782566
2025-01-07,West Bengal,Hooghly,712704,263,-0.04399693120589665
2025-01-07,Karnataka,Hassan,573115,236,-0.024383416022998206
2025-01-07,Kerala,Kasaragod,671313,224,-0.02291756698770897
2025-01-07,Andhra Pradesh,Kurnool,518385,222,-0.02291756698770897
2025-01-07,Rajasthan,Jaipur,303601,221,-0.008066837145459416
2025-01-07,Punjab,Shaheed Bhagat Singh Nagar,144515,251,-0.04170665211808677
2025-01-07,Rajasthan,Sawai Madhopur,322703,240,-0.029291123736260527
2025-01-07,Andhra Pradesh,West Godavari,534462,212,-0.016499484869101577
2025-01-07,Andhra Pradesh,Krishna,521120,211,-0.010180581035411196
2025-01-07,Rajasthan,Baran,325223,268,-0.04752195049478225
2025-01-07,West Bengal,Kolkata,700104,231,-0.015374608956270741
2025-01-07,Jammu and Kashmir,Jammu,181204,227,-0.015274441915703374
2025-01-07,Odisha,Ganjam,761101,267,-0.04622790129285925
2025-01-07,Karnataka,Raichur,584135,232,-0.027324055170513617
2025-01-07,Andhra Pradesh,Prakasam,523111,203,-0.005401736212878427
2025-01-07,Andhra Pradesh,Srikakulam,532290,215,-0.007111338117679389
2025-01-07,West Bengal,South 24 Parganas,743507,216,-0.012162356408677244
2025-01-07,Karnataka,Dakshina Kannada,575007,252,-0.03159589429191134
2025-01-07,West Bengal,Bankura,722160,234,-0.025362302974245687
2025-01-07,Odisha,Angul,759123,226,-0.014309196350280606
2025-01-07,Rajasthan,Bikaner,334201,239,-0.02255556763067368
2025-01-07,Andhra Pradesh,East Godavari,533211,200,-0.0029259771731110495
2025-01-07,West Bengal,Paschim Medinipur,721102,272,-0.05207871866399583
2025-01-07,Kerala,Kannur,670693,269,-0.04673196387389622
2025-01-07,West Bengal,Murshidabad,742404,206,-0.009601869239686978
2025-01-07,Bihar,Bhojpur,802204,216,-0.004252586532186076
2025-01-07,Rajasthan,Karauli,322203,268,-0.04622790129285925
2025-01-07,Rajasthan,Barmer,344027,268,-0.04449948383235369
2025-01-07,Gujarat,Gandhinagar,382028,243,-0.03011542051171301
2025-01-07,Punjab,Fatehgarh Sahib,141411,213,-0.0014054165760772896
2025-01-07,West Bengal,Birbhum,731301,207,-0.008743531093988732
2025-01-07,Odisha,Cuttack,753002,235,-0.01779378442154067
2025-01-07,Telangana,Nalgonda,508374,209,-0.0028275567874559426
2025-01-07,Karnataka,Kalaburagi,585312,210,-0.004954460861168686
2025-01-07,Telangana,Hyderabad,500080,264,-0.049257398758070337
2025-01-07,Maharashtra,Solapur,413008,233,-0.018663105860588725
2025-01-07,Karnataka,Davangere,577525,211,-0.004252586532186076
2025-01-07,Telangana,Karimnagar,505302,250,-0.03500888555468851
2025-01-07,Haryana,Panipat,132122,244,-0.027654632221009723
2025-01-07,Andhra Pradesh,Krishna,521139,231,-0.026518352342631446
2025-01-07,West Bengal,Purba Medinipur,721645,258,-0.03870774491108686
2025-01-07,Rajasthan,Banswara,327026,213,-0.003618886770736518
2025-01-07,Bihar,Madhubani,847424,229,-0.013827063150650742
2025-01-07,Tamil Nadu,Cuddalore,607401,229,-0.014791655865013187
2025-01-07,Rajasthan,Dungarpur,314023,235,-0.023580977330270092
2025-01-07,Meghalaya,South West Garo Hills,794115,226,-0.02455877770844639
2025-01-07,Telangana,Vikarabad,501101,212,-0.0052042145570873055
2025-01-07,Assam,Karimganj,788712,205,-0.009601869239686978
2025-01-07,Odisha,Kendrapara,755016,241,-0.027324055170513617
2025-01-07,Uttar Pradesh,Amethi,227408,228,-0.023092573092201363
2025-01-07,Andhra Pradesh,Vizianagaram,535217,248,-0.03572098714442529
2025-01-07,Odisha,Khorda,751021,249,-0.038046119004804924
2025-01-07,Andhra Pradesh,Chittoor,517422,237,-0.01876374842788131
2025-01-07,West Bengal,Howrah,711307,265,-0.049257398758070337
2025-01-07,Tamil Nadu,Tiruvannamalai,606751,239,-0.02255556763067368
2025-01-09,Punjab,Amritsar,143001,238,-0.016840024084533556
2025-01-09,Maharashtra,Thane,400612,214,-0.014665660300636207
2025-01-09,Madhya Pradesh,Barwani,451666,226,-0.009757179660508708
2025-01-09,Madhya Pradesh,Vidisha,464228,220,-0.009757179660508708
2025-01-09,Maharashtra,Nashik,423203,247,-0.03338652596817093
2025-01-09,Bihar,Gaya,824232,213,-0.0030798234067490604
2025-01-09,Delhi,West Delhi,110059,220,-0.00985657247096794
2025-01-09,Haryana,Kaithal,136027,194,-0.0014627826310052994
2025-01-09,Madhya Pradesh,Shivpuri,473551,209,-0.0016571716742511677
2025-01-09,Delhi,North East Delhi,110094,261,-0.03963572430802986
2025-01-09,Uttar Pradesh,Meerut,250002,215,-0.01965133350274484
2025-01-09,Uttar Pradesh,Shahjahanpur,242001,202,-0.0022559067769245544
2025-02-09,Maharashtra,Nandurbar,425414,210,-0.0066395277311760426
2025-02-09,Rajasthan,Jodhpur,342001,185,-0.006151299168689173
2025-02-09,Delhi,North East Delhi,110094,262,-0.031890693161547246
2025-02-09,Haryana,Faridabad,121004,194,-0.011327162552785541
2025-02-09,Delhi,West Delhi,110041,253,-0.035358240055320844
2025-02-09,Maharashtra,Solapur,413304,202,-0.009975854789601168
2025-02-09,Uttar Pradesh,Moradabad,244001,281,-0.049393827121708034
2025-02-09,Uttarakhand,Dehradun,248001,204,-0.013732622597733557
2025-02-09,Uttar Pradesh,Mirzapur,231001,190,-0.006151299168689173
2025-02-09,Uttar Pradesh,Rampur,244901,209,-0.019539036564875545
2025-02-09,Madhya Pradesh,Jhabua,457661,187,-0.0008392799530108075
2025-02-09,Maharashtra,Nashik,423203,247,-0.027947839746211067
2025-03-09,Rajasthan,Pali,306401,218,-0.0177304113648713
2025-03-09,Delhi,North East Delhi,110094,234,-0.025048174296160797
2025-03-09,Rajasthan,Bikaner,334001,223,-0.027991517526702037
2025-03-09,Maharashtra,Akola,444001,201,-0.007159221657597747
2025-03-09,Uttar Pradesh,Moradabad,244001,229,-0.02897529016699585
2025-03-09,Uttar Pradesh,Rampur,244901,183,-0.005717022280425477
2025-03-09,Uttar Pradesh,Unnao,209801,176,-0.005717022280425477
2025-03-09,Delhi,West Delhi,110041,206,-0.004775961406883633
2025-03-09,Delhi,West Delhi,110059,213,-0.01822666236852921
2025-03-09,Uttar Pradesh,Hapur,245101,178,-0.005938365941995372
2025-03-09,Uttar Pradesh,Pilibhit,262122,168,-0.004985745155374199
2025-03-09,Rajasthan,Barmer,344001,196,-0.011938622240294627
2025-03-09,Rajasthan,Jodhpur,342001,195,-0.011850311166302974
2025-03-09,Madhya Pradesh,Jhabua,457661,200,-0.015705797408857247
2025-03-09,Uttar Pradesh,Mirzapur,231001,163,-0.0014417055275988133
2025-03-09,Uttar Pradesh,Pilibhit,262001,195,-0.0129006578383839
2025-03-09,Uttar Pradesh,Shahjahanpur,242001,207,-0.01434615431431674
2025-03-09,Haryana,Panipat,132103,227,-0.020655502473532428
2025-03-09,Rajasthan,Banswara,327001,165,-0.0004951653837699244
2025-04-09,Delhi,North East Delhi,110094,253,-0.035686858817982614
2025-04-09,Delhi,West Delhi,110041,244,-0.038673477758499386
2025-04-09,Haryana,Mewat,122105,199,-0.010205539530406593
2025-04-09,Madhya Pradesh,Guna,473001,203,-0.01151288923296323
2025-04-09,Maharashtra,Nashik,422003,204,-0.01549939277185619
2025-04-09,Uttar Pradesh,Hapur,245101,171,-0.00020682349088296803
2025-04-09,Uttar Pradesh,Pilibhit,262001,170,-0.0016265283764992366
2025-04-09,Madhya Pradesh,Dewas,455001,213,-0.013918978642510349
2025-04-09,Maharashtra,Nashik,423203,249,-0.03817486559484162
2025-04-09,Punjab,Amritsar,143001,217,-0.012474348350848485
2025-04-09,Delhi,West Delhi,110059,241,-0.03271233953448316
2025-04-09,Uttar Pradesh,Shahjahanpur,242001,185,-0.005902974000334349
2025-04-09,Madhya Pradesh,Jabalpur,482001,191,-0.0018712302779468892
2025-04-09,Maharashtra,Thane,421302,209,-0.008158009393446353
2025-04-09,Uttar Pradesh,Moradabad,244001,267,-0.04922264125176623
2025-04-09,Rajasthan,Jodhpur,342001,206,-0.012607198776119377
2025-04-09,Uttar Pradesh,Saharanpur,247001,244,-0.036183787060708794
2025-04-09,Uttarakhand,Dehradun,248001,282,-0.055318372851041464
2025-05-09,Punjab,Amritsar,143001,199,-0.005016938389068026
2025-05-09,Haryana,Kaithal,136027,198,-0.007393794465149317
2025-05-09,Uttar Pradesh,Saharanpur,247001,225,-0.021648052301697862
2025-05-09,Haryana,Faridabad,121004,220,-0.02516851513835694
2025-06-09,Uttar Pradesh,Pilibhit,262001,163,-0.010469681584834967
2025-06-09,Delhi,South Delhi,110044,178,-0.016733268519994016
2025-06-09,Delhi,West Delhi,110059,243,-0.049933046256091185
2025-06-09,Uttar Pradesh,Moradabad,244001,242,-0.056046650630712014
2025-06-09,Bihar,Katihar,854317,163,-0.007916502591152175
2025-06-09,Bihar,Kishanganj,855108,155,-0.00525196868281308
2025-06-09,Rajasthan,Churu,331001,200,-0.024518313161819738
2025-06-09,Delhi,North East Delhi,110053,233,-0.0438808612985494
2025-06-09,Maharashtra,Aurangabad,431001,224,-0.041886216018565126
2025-06-09,Rajasthan,Barmer,344032,171,-0.002835898523634972
2025-06-09,Rajasthan,Bikaner,334803,175,-0.002382261654754525
2025-06-09,Uttar Pradesh,Aligarh,202001,160,-0.0026390968375037405
2025-06-09,Uttar Pradesh,Hapur,245101,166,-0.0148001398988713
2025-06-09,Delhi,South Delhi,110062,198,-0.02738663902183691
2025-06-09,Jharkhand,Chatra,825408,163,-0.0013155331923287994
2025-06-09,Delhi,North Delhi,110084,169,-0.00749824856112058
2025-06-09,Delhi,West Delhi,110041,189,-0.02266533400115811
2025-07-09,Uttar Pradesh,Saharanpur,247001,185,-0.007960210201988227
2025-08-09,Bihar,Purnia,854315,212,-0.007724629235108305
2025-08-09,Dadra and Nagar Haveli,Dadra and Nagar Haveli,396230,186,-0.0024878862881952957
2025-08-09,Delhi,West Delhi,110059,253,-0.035493602327453466
2025-08-09,Maharashtra,Akola,444001,201,-0.004863393029942875
2025-08-09,Maharashtra,Nashik,422003,186,-0.004387648570063685
2025-08-09,Maharashtra,Yavatmal,445204,206,-0.005410108565634175
2025-08-09,Uttar Pradesh,Moradabad,244001,239,-0.019772265124323507
2025-08-09,Madhya Pradesh,Guna,473001,247,-0.034005225163199926
2025-08-09,Madhya Pradesh,Vidisha,464228,227,-0.015894827811281265
2025-08-09,Rajasthan,Baran,325217,213,-0.004387648570063685
2025-08-09,Madhya Pradesh,Dewas,455001,241,-0.03005095735968577
2025-08-09,Maharashtra,Jalna,431203,257,-0.023670746707236012
2025-08-09,Maharashtra,Yavatmal,445304,201,-0.000593258468027158
2025-08-09,Madhya Pradesh,Bhopal,462001,198,-0.0029623449599883722
2025-08-09,Bihar,Sheikhpura,811105,210,-0.006292559228078587
2025-08-09,Delhi,North East Delhi,110053,193,-0.003437124752646681
2025-08-09,Delhi,South Delhi,110062,264,-0.03301465075555843
2025-08-09,Madhya Pradesh,Jabalpur,482001,276,-0.03301465075555843
2025-08-09,Madhya Pradesh,Jhabua,457661,234,-0.01734640790254771
2025-08-09,Bihar,Katihar,854317,250,-0.03202541585959384
2025-08-09,Delhi,West Delhi,110041,252,-0.02318228175297754
2025-08-09,Haryana,Faridabad,121004,214,-0.01734640790254771
2025-08-09,Haryana,Rohtak,124001,201,-0.00963858314649324
2025-08-09,Maharashtra,Jalgaon,425001,213,-0.011557723893492633
2025-08-09,Maharashtra,Parbhani,431514,195,-0.008202632214394545
2025-09-09,Dadra and Nagar Haveli,Dadra and Nagar Haveli,396230,271,-0.05448651354694034
2025-09-09,Delhi,South Delhi,110062,242,-0.03576671564903289
2025-09-09,Maharashtra,Raigarh,410206,171,-0.00047305416364507025
2025-09-09,Maharashtra,Thane,421301,214,-0.017763085844602733
2025-09-09,Rajasthan,Jaipur,302012,204,-0.022503089439977808
2025-09-09,Rajasthan,Udaipur,313001,202,-0.004422307689418092
2025-09-09,Madhya Pradesh,Alirajpur,457990,185,-0.0010279112881850239
2025-09-09,Madhya Pradesh,Barwani,451666,233,-0.02811498189543926
2025-09-09,Madhya Pradesh,Shivpuri,473551,188,-0.0038457067405964773
2025-09-09,Maharashtra,Nanded,431715,182,-0.01136961628623645
2025-09-09,Madhya Pradesh,Bhopal,462001,189,-0.003873545640026177
2025-09-09,Maharashtra,Beed,431515,177,-0.004898075607117747
2025-09-09,Maharashtra,Buldhana,443201,194,-0.0001548508572560836
2025-09-09,Maharashtra,Nashik,422003,233,-0.027889350224220344
2025-09-09,Bihar,Katihar,854317,228,-0.030084193881088406
2025-09-09,Chhattisgarh,Korba,495445,201,-0.010558455916357401
2025-09-09,Delhi,North West Delhi,110042,196,-0.0062537479103956795
2025-09-09,Delhi,West Delhi,110059,249,-0.03579581975094237
2025-09-09,Uttar Pradesh,Aligarh,202001,231,-0.032326205333999325
2025-09-09,Uttar Pradesh,Rampur,244901,198,-0.018610910950750736
2025-09-09,Haryana,Palwal,121102,219,-0.027889350224220344
2025-09-09,Assam,Nagaon,782124,207,-0.02201541423944864
2025-09-09,Maharashtra,Yavatmal,445204,189,-0.0047967838142178865
2025-09-09,Punjab,Amritsar,143001,189,-0.0047967838142178865
2025-09-09,Uttar Pradesh,Meerut,250002,191,-0.003873545640026177
2025-09-09,Madhya Pradesh,Sidhi,486661,207,-0.015444190858588835
2025-09-09,Madhya Pradesh,Vidisha,464228,223,-0.030844250701825282
2025-09-09,Maharashtra,Jalna,431203,254,-0.03875365942868303
2025-09-09,Bihar,Purnia,854315,233,-0.032161264811567336
2025-09-09,Bihar,Sheikhpura,811105,206,-0.018610910950750736
2025-09-09,Madhya Pradesh,Guna,473001,266,-0.05448651354694034
2025-09-09,Madhya Pradesh,Jhabua,457661,250,-0.03579581975094237
2025-09-09,Maharashtra,Latur,413512,209,-0.023479430262469903
2025-09-09,Maharashtra,Parbhani,431514,183,-0.01136961628623645
2025-09-09,Delhi,North East Delhi,110053,180,-0.0089721366237977
2025-09-09,Haryana,Kaithal,136027,197,-0.018610910950750736
2025-09-09,Uttar Pradesh,Firozabad,283203,229,-0.023479430262469903
2025-09-09,Uttar Pradesh,Pilibhit,262001,196,-0.011592736552098803
2025-09-09,Chhattisgarh,Durg,491001,187,-0.0005972196727688228
2025-09-09,Delhi,West Delhi,110041,224,-0.030350933894466747
2025-09-09,Madhya Pradesh,Burhanpur,450331,192,-0.0043210844059802245
2025-09-09,Maharashtra,Nandurbar,425412,225,-0.02517113847503616
2025-09-09,Rajasthan,Baran,325217,186,-0.004422307689418092
2025-09-09,Rajasthan,Ganganagar,335804,200,-0.004422307689418092
2025-09-09,Uttar Pradesh,Moradabad,244001,274,-0.05448651354694034
2025-10-09,Bihar,Sheikhpura,811105,175,-0.004215316435315919
2025-10-09,Delhi,West Delhi,110059,285,-0.05063189951188718
2025-10-09,Madhya Pradesh,Jhabua,457661,255,-0.043569197312693264
2025-10-09,Maharashtra,Jalna,431204,163,-0.0019402804717041366
2025-10-09,Maharashtra,Latur,413512,231,-0.033594969039893896
2025-10-09,Maharashtra,Nanded,431712,221,-0.02180269460120754
2025-10-09,Maharashtra,Parbhani,431401,218,-0.025222350363398705
2025-10-09,Rajasthan,Udaipur,313001,196,-0.008763267633279614
2025-10-09,Uttar Pradesh,Mirzapur,231001,170,-0.003043988316338009
2025-10-09,Rajasthan,Ajmer,305001,218,-0.02180269460120754
2025-10-09,Dadra and Nagar Haveli,Dadra and Nagar Haveli,396230,237,-0.03309979176360611
2025-10-09,Delhi,West Delhi,110041,223,-0.026430706921485414
2025-10-09,Madhya Pradesh,Barwani,451666,229,-0.03234063674543741
2025-10-09,Madhya Pradesh,Bhopal,462001,225,-0.028887347745304104
2025-10-09,Madhya Pradesh,Guna,473001,250,-0.046587879784554254
2025-10-09,Madhya Pradesh,Katni,483501,190,-0.020082198996791756
2025-10-09,Maharashtra,Hingoli,431513,192,-0.02082862115709705
2025-10-09,Maharashtra,Nanded,431714,187,-0.008284885464032832
2025-10-09,Maharashtra,Nashik,422003,199,-0.017429725354805914
2025-10-09,Uttar Pradesh,Saharanpur,247001,269,-0.03657307865624082
2025-10-09,Uttar Pradesh,Shahjahanpur,242001,176,-0.007329091578777702
2025-10-09,Maharashtra,Yavatmal,445204,213,-0.022517326884817335
2025-10-09,Punjab,Amritsar,143001,188,-0.0032650256553214962
2025-10-09,Delhi,North East Delhi,110053,225,-0.027183723286591244
2025-10-09,Haryana,Kaithal,136027,201,-0.020342078495719562
2025-10-09,Haryana,Mewat,122508,223,-0.03112242956254374
2025-10-09,Maharashtra,Parbhani,431514,174,-0.004945257640663225
2025-10-09,Maharashtra,Sangli,416410,185,-0.007806826852145732
2025-10-09,Uttar Pradesh,Meerut,250002,190,-0.014753826857170749
2025-10-09,Bihar,Purnia,854315,240,-0.045580290387769784
2025-10-09,Delhi,South Delhi,110062,251,-0.04006285441320312
2025-10-09,Madhya Pradesh,Burhanpur,450331,235,-0.03531364402789361
2025-10-09,Madhya Pradesh,Sidhi,486661,227,-0.029872333419067698
2025-10-09,Madhya Pradesh,Vidisha,464228,220,-0.03112242956254374
2025-10-09,Maharashtra,Nandurbar,425412,171,-0.004690944258178065
2025-10-09,Maharashtra,Raigarh,410206,202,-0.012601999361971816
2025-10-09,Maharashtra,Thane,400612,211,-0.018140019266783436
2025-10-09,Maharashtra,Thane,421301,219,-0.023493686986070905
2025-10-09,Rajasthan,Baran,325216,195,-0.008763267633279614
2025-10-09,Bihar,Katihar,855113,188,-0.005643165858270627
2025-10-09,Chhattisgarh,Korba,495445,204,-0.015719674491685764
2025-10-09,Delhi,North West Delhi,110042,226,-0.030467611026720465
2025-10-09,Haryana,Palwal,121102,174,-0.0018419983881542423
2025-10-09,Jharkhand,West Singhbhum,833214,241,-0.043067273892484326
2025-10-09,Maharashtra,Nanded,431715,185,-0.009721003519953753
2025-10-09,Maharashtra,Yavatmal,445202,180,-0.011383633890249434
2025-11-09,Delhi,South West Delhi,110043,169,-0.01349346570777088
2025-11-09,Delhi,West Delhi,110041,255,-0.03998872749068072
2025-11-09,Haryana,Mewat,122508,155,-0.011411996337736152
2025-11-09,Haryana,Yamuna Nagar,135001,159,-0.002024965073365137
2025-11-09,Madhya Pradesh,Chhindwara,480001,144,-0.0006044522775081607
2025-11-09,Madhya Pradesh,Guna,473001,204,-0.030555744497527737
2025-11-09,Maharashtra,Amravati,444701,154,-0.00519500806921358
2025-11-09,Maharashtra,Beed,431517,160,-0.010931822681012004
2025-11-09,Maharashtra,Buldhana,443001,155,-0.0047896261305301335
2025-11-09,Maharashtra,Jalna,431213,154,-0.003043988316338009
2025-11-09,Maharashtra,Solapur,413002,153,-0.0038385587359403006
2025-11-09,Uttar Pradesh,Etawah,206001,144,-0.0001172505383301159
2025-11-09,Uttar Pradesh,Kheri,261505,161,-0.004846553931811548
2025-11-09,Uttar Pradesh,Mirzapur,231001,146,-0.00574198135461923
2025-11-09,Uttar Pradesh,Varanasi,221001,186,-0.01832724369028438
2025-11-09,Uttarakhand,Dehradun,248001,269,-0.05106370423912854
2025-11-09,Uttarakhand,Nainital,263139,173,-0.009241973578874352
2025-11-09,Rajasthan,Baran,325215,146,-0.0013682974711476392
2025-11-09,Rajasthan,Bikaner,334803,187,-0.01501177939560816
2025-11-09,Rajasthan,Jodhpur,342306,177,-0.012121020837798535
2025-11-09,Rajasthan,Sikar,332001,175,-0.014529170998678675
2025-11-09,Rajasthan,Udaipur,313027,152,-0.0043139315634453945
2025-11-09,Rajasthan,Udaipur,313031,159,-0.008284885464032832
2025-11-09,Jharkhand,Lohardaga,835302,158,-0.002024965073365137
2025-11-09,Jharkhand,West Singhbhum,833214,188,-0.01501177939560816
2025-11-09,Madhya Pradesh,Indore,452001,175,-0.006374590172976924
2025-11-09,Madhya Pradesh,Jabalpur,482001,261,-0.05258674116746165
2025-11-09,Chhattisgarh,Balod,491227,155,-0.0061486422371711535
2025-11-09,Chhattisgarh,Durg,491001,173,-0.009170939918437648
2025-11-09,Delhi,North East Delhi,110053,177,-0.019783766013512727
2025-11-09,Delhi,South Delhi,110062,214,-0.024660247607564467
2025-11-09,Haryana,Ambala,134003,160,-0.002024965073365137
2025-11-09,Haryana,Jind,126116,161,-0.004945257640663225
2025-11-09,Haryana,Kaithal,136027,172,-0.018812422680736796
2025-11-09,Madhya Pradesh,Vidisha,464228,173,-0.004469457811042021
2025-11-09,Maharashtra,Mumbai,400043,168,-0.0058271255705738545
2025-11-09,Maharashtra,Nandurbar,425412,227,-0.03203711293693923
2025-11-09,Maharashtra,Thane,400612,249,-0.036002160332899935
2025-11-09,Maharashtra,Yavatmal,445001,173,-0.017357869950750948
2025-11-09,Maharashtra,Yavatmal,445304,182,-0.021243247728365278
2025-11-09,Punjab,Patiala,147001,171,-0.008213947859396664
2025-11-09,Rajasthan,Ajmer,305001,224,-0.03006262282349914
2025-11-09,Rajasthan,Barmer,344033,175,-0.007707721639417464
2025-11-09,Rajasthan,Bhilwara,311001,174,-0.009241973578874352
2025-11-09,Rajasthan,Hanumangarh,335523,167,-0.008763267633279614
2025-11-09,Rajasthan,Jalor,343029,176,-0.009621629731036752
2025-11-09,Rajasthan,Udaipur,313001,199,-0.026620097226263684
2025-11-09,Uttar Pradesh,Amroha,244221,152,-0.01189249498331435
2025-11-09,Uttar Pradesh,Bahraich,271865,166,-0.008763267633279614
2025-11-09,Uttar Pradesh,Etah,207001,175,-0.01784239285427236
2025-11-09,Uttar Pradesh,Kanpur Nagar,208001,183,-0.021243247728365278
2025-11-09,Delhi,North East Delhi,110093,170,-0.010200357675803184
2025-11-09,Delhi,South Delhi,110044,199,-0.017429725354805914
2025-11-09,Haryana,Faridabad,121004,243,-0.037494594910569834
2025-11-09,Uttar Pradesh,Agra,282001,146,-0.0009930661261652318
2025-11-09,Uttar Pradesh,Ghaziabad,201001,170,-0.009241973578874352
2025-11-09,Uttar Pradesh,Meerut,250002,197,-0.027110888946465406
2025-11-09,Uttarakhand,Udham Singh Nagar,244713,157,-0.002024965073365137
2025-11-09,Rajasthan,Baran,325220,151,-0.010043563565089064
2025-11-09,Rajasthan,Barmer,344706,174,-0.007707721639417464
2025-11-09,Rajasthan,Bharatpur,321001,204,-0.023193837240766624
2025-11-09,Rajasthan,Bikaner,331803,152,-0.011003033085865255
2025-11-09,Rajasthan,Ganganagar,335001,184,-0.011540724534098601
2025-11-09,Madhya Pradesh,Burhanpur,450331,198,-0.022217882613581486
2025-11-09,Madhya Pradesh,Hoshangabad,461111,159,-0.003923472833779473
2025-11-09,Madhya Pradesh,Morena,476001,167,-0.0011478575267761526
2025-11-09,Madhya Pradesh,Shivpuri,473551,190,-0.011640367627048676
2025-11-09,Maharashtra,Beed,431124,179,-0.009621629731036752
2025-11-09,Maharashtra,Beed,431127,172,-0.008763267633279614
2025-11-09,Maharashtra,Beed,431515,153,-0.004719039319021401
2025-11-09,Maharashtra,Jalna,431204,181,-0.01590626661788508
2025-11-09,Maharashtra,Nanded,431605,143,-0.0047896261305301335
2025-11-09,Maharashtra,Nashik,423104,151,-0.003895409556175067
2025-11-09,Maharashtra,Osmanabad,413501,159,-0.0035188233664649182
2025-11-09,Maharashtra,Parbhani,431401,196,-0.021730400314823317
2025-11-09,Maharashtra,Solapur,413305,165,-0.00342031979916102
2025-11-09,Maharashtra,Thane,421301,227,-0.03500888555468851
2025-11-09,Maharashtra,Yavatmal,445203,159,-0.002024965073365137
2025-11-09,Maharashtra,Yavatmal,445204,198,-0.017429725354805914
2025-11-09,Punjab,Amritsar,143001,237,-0.04449948383235369
2025-11-09,Rajasthan,Baran,325217,157,-0.006624848049518017
2025-11-09,Rajasthan,Churu,331023,158,-0.008284885464032832
2025-11-09,Rajasthan,Jaipur,302012,214,-0.03006262282349914
2025-11-09,Bihar,Katihar,855113,188,-0.016389807054131955
2025-11-09,Bihar,Purnia,854315,184,-0.014457606701645198
2025-11-09,Haryana,Rohtak,124001,172,-0.003043988316338009
2025-11-09,Uttar Pradesh,Bulandshahr,203001,191,-0.022217882613581486
2025-11-09,Uttar Pradesh,Hapur,245101,169,-0.01189249498331435
2025-11-09,Uttar Pradesh,Kaushambi,212217,170,-0.004846553931811548
2025-11-09,Uttar Pradesh,Mirzapur,231211,152,-0.0005765215962678649
2025-11-09,Madhya Pradesh,Bhopal,462001,187,-0.01784239285427236
2025-11-09,Madhya Pradesh,Jhabua,457661,230,-0.03302636367178269
2025-11-09,Madhya Pradesh,Katni,483501,189,-0.021243247728365278
2025-11-09,Maharashtra,Amravati,444601,206,-0.023682310015955554
2025-11-09,Maharashtra,Latur,413512,193,-0.018884424082060258
2025-11-09,Maharashtra,Nashik,422003,181,-0.013564933231446696
2025-11-09,Maharashtra,Nashik,423101,183,-0.02082862115709705
2025-11-09,Maharashtra,Raigarh,410206,158,-0.009564315458109651
2025-11-09,Bihar,Katihar,854317,195,-0.024171113396968424
2025-11-09,Chhattisgarh,Bemetara,491335,154,-0.005054489051534161
2025-11-09,Uttar Pradesh,Rampur,244924,160,-0.011411996337736152
2025-11-09,Maharashtra,Washim,444503,166,-0.010931822681012004
2025-11-09,Rajasthan,Churu,331001,192,-0.018812422680736796
2025-11-09,Rajasthan,Jaisalmer,345001,147,-0.0004218565939140273
2025-11-09,Rajasthan,Sawai Madhopur,322001,154,-0.0024711040593341504
2025-11-09,Rajasthan,Sirohi,307026,148,-0.00908539149417309
2025-11-09,Uttar Pradesh,Bareilly,243201,149,-0.0033635074304038115
2025-11-09,Uttar Pradesh,Ghaziabad,201102,193,-0.027110888946465406
2025-11-09,Uttar Pradesh,Lalitpur,284403,169,-0.015977976320710074
2025-11-09,Haryana,Palwal,121102,194,-0.015977976320710074
2025-11-09,Madhya Pradesh,Barwani,451666,239,-0.03899006184711151
2025-11-09,Madhya Pradesh,Ratlam,457001,201,-0.016945481562035458
2025-11-09,Maharashtra,Buldhana,443301,196,-0.022217882613581486
2025-11-09,Maharashtra,Hingoli,431705,204,-0.027110888946465406
2025-11-09,Maharashtra,Jalgaon,425001,227,-0.03302636367178269
2025-11-09,Maharashtra,Jalna,431114,167,-0.01590626661788508
2025-11-09,Maharashtra,Nanded,431715,183,-0.01308330341974584
2025-11-09,Maharashtra,Nandurbar,425414,190,-0.020269930800487224
2025-12-09,Jharkhand,West Singhbhum,833201,192,-0.03461538656670071
2025-12-09,Jharkhand,West Singhbhum,833214,189,-0.02959869316195618
2025-12-09,Madhya Pradesh,Hoshangabad,461111,155,-0.006471697335793114
2025-12-09,Madhya Pradesh,Shivpuri,473551,198,-0.03203711293693923
2025-12-09,Maharashtra,Amravati,444701,171,-0.01960933497950723
2025-12-09,Maharashtra,Beed,431515,187,-0.019508573768822313
2025-12-09,Maharashtra,Dhule,424304,173,-0.021344024439655107
2025-12-09,Maharashtra,Dhule,424306,156,-0.0032778998611473487
2025-12-09,Chhattisgarh,Bemetara,491335,180,-0.023682310015955554
2025-12-09,Chhattisgarh,Durg,491001,192,-0.03451275196538672
2025-12-09,Delhi,North East Delhi,110053,197,-0.034119519123383735
2025-12-09,Delhi,South Delhi,110044,171,-0.013181334771993791
2025-12-09,Haryana,Kaithal,136027,153,-0.006831236376407479
2025-12-09,Haryana,Rohtak,124001,193,-0.03550535493477014
2025-12-09,Jharkhand,Chatra,825408,176,-0.022530554268654357
2025-12-09,Rajasthan,Ganganagar,335001,192,-0.024973978800613694
2025-12-09,Rajasthan,Hanumangarh,335524,177,-0.01999455230148861
2025-12-09,Rajasthan,Nagaur,341505,171,-0.0009312574490027981
2025-12-09,Uttar Pradesh,Banda,210001,154,-0.013602473713405505
2025-12-09,Uttar Pradesh,Hapur,245101,190,-0.020480859751837555
2025-12-09,Uttar Pradesh,Hardoi,241406,163,-0.00603381633070621
2025-12-09,Uttar Pradesh,Mirzapur,231001,188,-0.024973978800613694
2025-12-09,Uttar Pradesh,Varanasi,221001,160,-0.016599597396595445
2025-12-09,Maharashtra,Gondiya,441601,192,-0.026934678634208842
2025-12-09,Maharashtra,Gondiya,441614,157,-0.011139471597704564
2025-12-09,Maharashtra,Hingoli,431512,145,-0.006633313605319158
2025-12-09,Maharashtra,Hingoli,431542,162,-0.016599597396595445
2025-12-09,Maharashtra,Jalgaon,425002,160,-0.014084454907479116
2025-12-09,Maharashtra,Mumbai,400043,169,-0.022217882613581486
2025-12-09,Maharashtra,Thane,400612,228,-0.046038693510793816
2025-12-09,Maharashtra,Wardha,442301,149,-0.005877408199040479
2025-12-09,Maharashtra,Yavatmal,445001,193,-0.024973978800613694
2025-12-09,Maharashtra,Yavatmal,445303,142,-0.0012442446571663268
2025-12-09,Punjab,Amritsar,143001,197,-0.035534448677538855
2025-12-09,Maharashtra,Nashik,422009,174,-0.023018578123811806
2025-12-09,Maharashtra,Parbhani,431401,174,-0.022042860492082816
2025-12-09,Maharashtra,Raigarh,410206,147,-0.00593495988728765
2025-12-09,Maharashtra,Thane,400604,159,-0.006831236376407479
2025-12-09,Maharashtra,Washim,444506,150,-0.007844063775557242
2025-12-09,Maharashtra,Yavatmal,445202,175,-0.022806676319251706
2025-12-09,Maharashtra,Yavatmal,445204,231,-0.05309510750830582
2025-12-09,Maharashtra,Yavatmal,445206,168,-0.015523015041960964
2025-12-09,Rajasthan,Churu,331001,187,-0.020480859751837555
2025-12-09,Rajasthan,Dausa,303303,190,-0.020480859751837555
2025-12-09,Rajasthan,Ganganagar,335804,146,-0.0023524342542415866
2025-12-09,Rajasthan,Jaipur,302012,197,-0.03652843511477366
2025-12-09,Chhattisgarh,Bastar,494224,161,-0.009270026361587136
2025-12-09,Chhattisgarh,Raigarh,496001,157,-0.008692282016990682
2025-12-09,Delhi,West Delhi,110059,243,-0.05564210492371935
2025-12-09,Haryana,Faridabad,121004,217,-0.0450318467552695
2025-12-09,Jharkhand,Lohardaga,835302,184,-0.03006262282349914
2025-12-09,Uttar Pradesh,Etah,207001,188,-0.02585201404891324
2025-12-09,Uttar Pradesh,Fatehpur,212601,175,-0.023018578123811806
2025-12-09,Uttar Pradesh,Ghaziabad,201001,160,-0.008264400878602474
2025-12-09,Uttar Pradesh,Kanpur Nagar,208001,201,-0.034119519123383735
2025-12-09,Uttar Pradesh,Lalitpur,284403,152,-0.011197453209340402
2025-12-09,Uttar Pradesh,Unnao,209801,198,-0.02644400609517028
2025-12-09,Rajasthan,Sirohi,307026,187,-0.02242938318465082
2025-12-09,Uttar Pradesh,Amroha,244221,166,-0.016115915067080655
2025-12-09,Madhya Pradesh,Bhopal,462001,188,-0.03302636367178269
2025-12-09,Madhya Pradesh,Burhanpur,450331,206,-0.041990117454162146
2025-12-09,Madhya Pradesh,Jabalpur,482001,254,-0.054112872633144016
2025-12-09,Madhya Pradesh,Morena,476001,175,-0.022806676319251706
2025-12-09,Madhya Pradesh,Ratlam,457001,203,-0.03802193898822892
2025-12-09,Maharashtra,Akola,444101,152,-0.009601106404621085
2025-12-09,Maharashtra,Amravati,444601,182,-0.024484632395577965
2025-12-09,Maharashtra,Beed,431123,162,-0.011619785794382387
2025-12-09,Maharashtra,Beed,431127,183,-0.020480859751837555
2025-12-09,Maharashtra,Beed,431517,168,-0.006987856298538264
2025-12-09,Bihar,Katihar,854317,179,-0.02419975790235429
2025-12-09,West Bengal,Uttar Dinajpur,733210,140,-0.002666057396168209
2025-12-09,Uttar Pradesh,Agra,282001,143,-0.00403101570815112
2025-12-09,Uttar Pradesh,Ghaziabad,201102,192,-0.03213940091904477
2025-12-09,Uttar Pradesh,Kheri,262701,163,-0.00603381633070621
2025-12-09,Uttar Pradesh,Kushinagar,274304,141,-0.0004581725184447105
2025-12-09,Uttar Pradesh,Mainpuri,205001,154,-0.0031794300975763745
2025-12-09,Uttar Pradesh,Mirzapur,231211,174,-0.007844063775557242
2025-12-09,Bihar,Purnia,854315,192,-0.02959869316195618
2025-12-09,Delhi,North West Delhi,110042,236,-0.05513201590211625
2025-12-09,Delhi,South Delhi,110062,246,-0.060248469812024474
2025-12-09,Haryana,Karnal,132001,180,-0.02858525805843637
2025-12-09,Jharkhand,Garhwa,822114,149,-0.005778573701088474
2025-12-09,Madhya Pradesh,Barwani,451666,221,-0.04651309799386971
2025-12-09,Madhya Pradesh,Chhindwara,480001,208,-0.0404885673037334
2025-12-09,Madhya Pradesh,Jhabua,457661,238,-0.0450318467552695
2025-12-09,Maharashtra,Jalna,431204,203,-0.029885695728415596
2025-12-09,Maharashtra,Jalna,431501,157,-0.014666830046601187
2025-12-09,Maharashtra,Latur,413512,196,-0.029885695728415596
2025-12-09,Maharashtra,Nanded,431605,167,-0.003080974150198146
2025-12-09,Maharashtra,Nandurbar,425414,201,-0.03799274665665364
2025-12-09,Maharashtra,Nashik,422003,202,-0.037494594910569834
2025-12-09,Maharashtra,Osmanabad,413606,142,-0.0014046625706570781
2025-12-09,Rajasthan,Ajmer,305001,218,-0.037597647005722545
2025-12-09,Rajasthan,Baran,325221,192,-0.024973978800613694
2025-12-09,Rajasthan,Bharatpur,321001,175,-0.02231879578546525
2025-12-09,Rajasthan,Bikaner,334803,171,-0.014666830046601298
2025-12-09,Rajasthan,Jaisalmer,345001,191,-0.021941757835898912
2025-12-09,Uttar Pradesh,Meerut,250002,229,-0.03809586849903601
2025-12-09,Madhya Pradesh,Alirajpur,457990,154,-0.006831236376407479
2025-12-09,Madhya Pradesh,Dewas,455001,228,-0.04954375557335
2025-12-09,Madhya Pradesh,Sidhi,486661,166,-0.008931706380498783
2025-12-09,Madhya Pradesh,Singrauli,486886,163,-0.018153166350152405
2025-12-09,Madhya Pradesh,Vidisha,464228,200,-0.03702593294917256
2025-12-09,Maharashtra,Ahmadnagar,414102,171,-0.001878388100117756
2025-12-09,Maharashtra,Buldhana,444303,166,-0.01708360708968748
2025-12-09,Maharashtra,Hingoli,431701,151,-0.00832214758996197
2025-12-09,Maharashtra,Jalgaon,425001,232,-0.0450318467552695
2025-12-09,Maharashtra,Latur,413517,165,-0.014557433341662818
2025-12-09,Maharashtra,Mumbai Suburban,400067,178,-0.004727481995079885
2025-12-09,Maharashtra,Parbhani,431506,150,-0.002230540102656331
2025-12-09,Delhi,North East Delhi,110093,164,-0.01450850544387361
2025-12-09,Delhi,South West Delhi,110043,154,-0.003973619564069608
2025-12-09,Delhi,West Delhi,110041,229,-0.050556711853084746
2025-12-09,Gujarat,Panchmahals,389001,158,-0.008312900312159699
2025-12-09,Gujarat,Surat,394210,172,-0.02106846228184389
2025-12-09,Rajasthan,Bhilwara,311001,182,-0.018052609453012458
2025-12-09,Rajasthan,Pratapgarh,312605,179,-0.012739286360656465
2025-12-09,Rajasthan,Sikar,332001,167,-0.01999455230148861
2025-12-09,Bihar,Kishanganj,855108,146,-0.0029029500681834186
2025-12-09,Bihar,Purnia,854204,159,-0.0045382135647092925
2025-12-09,Bihar,Purnia,854304,150,-0.010608858277786237
2025-12-09,Gujarat,Banaskantha,385535,161,-0.009339475751186765
2025-12-09,Gujarat,Panchmahals,389210,151,-0.006471697335793114
2025-12-09,Gujarat,Surat,395010,159,-0.008264400878602474
2025-12-09,Haryana,Palwal,121102,177,-0.022806676319251706
2025-12-09,Haryana,Panipat,132103,241,-0.059222407779854214
2025-12-09,Madhya Pradesh,Betul,460330,152,-0.0020934817468092337
2025-12-09,Madhya Pradesh,Guna,473001,259,-0.06746991217957321
2025-12-09,Uttarakhand,Nainital,263139,156,-0.014084454907479116
2025-12-09,Madhya Pradesh,Indore,452001,155,-0.0026380443528761788
2025-12-09,Maharashtra,Amravati,444906,163,-0.019123616991458925
2025-12-09,Maharashtra,Buldhana,443001,188,-0.020967496342485625
2025-12-09,Maharashtra,Buldhana,443101,160,-0.006987856298538264
2025-12-09,Maharashtra,Hingoli,431513,185,-0.025953665426174832
2025-12-09,Maharashtra,Jalgaon,424101,176,-0.019954829248497896
2025-12-09,Maharashtra,Jalgaon,425107,141,-0.0005562604115422198
2025-12-09,Maharashtra,Jalgaon,425401,167,-0.014557433341662818
2025-12-09,Maharashtra,Nashik,423104,167,-0.01756794436792164
2025-12-09,Maharashtra,Osmanabad,413501,174,-0.022530554268654357
2025-12-09,Maharashtra,Pune,411006,179,-0.0019486897880207632
2025-12-09,Maharashtra,Thane,421301,191,-0.030584642060425882
2025-12-09,Maharashtra,Yavatmal,445203,168,-0.008931706380498783
2025-12-09,Rajasthan,Baran,325216,165,-0.016599597396595445
2025-12-09,Rajasthan,Churu,331023,156,-0.004031015708151231
2025-12-09,Rajasthan,Hanumangarh,335523,185,-0.024973978800613694
2025-01-11,Uttar Pradesh,Aligarh,202001,260,-0.026735065460534613
2025-01-11,Delhi,North West Delhi,110086,213,-0.002887924387213081
2025-01-11,Chhattisgarh,Bemetara,491335,223,-4.6283072095198996e-05
2025-01-11,Gujarat,Dahod,389151,259,-0.032442309677199854
2025-01-11,Haryana,Hisar,125001,248,-0.019411737393763007
2025-01-11,Uttar Pradesh,Saharanpur,247001,264,-0.02771713675343257
2025-01-11,Haryana,Faridabad,121004,230,-0.013888377507286886
2025-01-11,Haryana,Yamuna Nagar,135001,236,-0.015436056514306129
2025-01-11,Madhya Pradesh,Barwani,451666,253,-0.02233215290159718
2025-01-11,Maharashtra,Parbhani,431514,247,-0.02261763327299371
2025-01-11,Uttar Pradesh,Meerut,250002,235,-0.014953161154372951
2025-01-11,Chhattisgarh,Rajnandgaon,491441,229,-0.006206501671270348
2025-01-11,Gujarat,Surat,395006,235,-0.011570656780268473
2025-02-11,Delhi,North West Delhi,110086,252,-0.04204828927063331
2025-02-11,Uttarakhand,Dehradun,248001,270,-0.05128847298587813
2025-02-11,Maharashtra,Ahmadnagar,414001,203,-0.010897343971819407
2025-02-11,Uttar Pradesh,Meerut,250001,217,-0.016297203850516695
2025-02-11,Delhi,North East Delhi,110094,205,-0.0020245444419489944
2025-02-11,Haryana,Karnal,132001,215,-0.011293516817889482
2025-02-11,Madhya Pradesh,Bhopal,462001,218,-0.021786980619201035
2025-02-11,Punjab,Amritsar,143001,209,-0.008192221647232323
2025-02-11,Uttar Pradesh,Ghaziabad,201001,216,-0.016312943101849386
2025-02-11,Chhattisgarh,Mahasamund,493558,207,-0.016297203850516695
2025-02-11,Maharashtra,Wardha,442001,218,-0.014663281968674169
2025-02-11,Manipur,Imphal West,795113,237,-0.03357899781017215
2025-02-11,Uttarakhand,Udham Singh Nagar,244713,236,-0.033245723838119745
2025-02-11,Chhattisgarh,Dhamtari,493773,224,-0.01960576231309974
2025-02-11,Chhattisgarh,Jashpur,496336,203,-0.010897343971819407
2025-02-11,Haryana,Mewat,122508,245,-0.038011322366112266
2025-02-11,Madhya Pradesh,Dewas,455001,215,-0.011293516817889482
2025-02-11,Madhya Pradesh,Jabalpur,482001,231,-0.03110651227111305
2025-02-11,Madhya Pradesh,Jhabua,457661,239,-0.027118711887591407
2025-02-11,Madhya Pradesh,Katni,483501,209,-0.013301347507671868
2025-02-11,Madhya Pradesh,Ujjain,456006,207,-0.010587058442872554
2025-02-11,Chhattisgarh,Dhamtari,493663,218,-0.016723115160438007
2025-02-11,Haryana,Palwal,121102,195,-0.001993313610126002
2025-02-11,Uttar Pradesh,Bulandshahr,203001,194,-0.0048530316517375605
2025-02-11,Manipur,Thoubal,795138,209,-0.018234389530994655
2025-03-11,Delhi,West Delhi,110059,218,-0.020309550259514975
2025-03-11,Haryana,Mewat,122508,237,-0.036183787060708794
2025-03-11,Haryana,Rohtak,124001,196,-0.003012242802748144
2025-03-11,Uttar Pradesh,Bulandshahr,203001,198,-0.008500348349191555
2025-03-11,Maharashtra,Beed,431122,220,-0.023233617862597478
2025-03-11,Uttar Pradesh,Hardoi,241001,207,-0.013782005670321507
2025-03-11,Uttar Pradesh,Jhansi,284204,218,-0.015229292886670964
2025-03-11,Uttar Pradesh,Mirzapur,231001,200,-0.012496612903068027
2025-03-11,Uttar Pradesh,Unnao,209801,195,-0.010183420032096713
2025-03-11,Madhya Pradesh,Jhabua,457661,230,-0.037380697736102086
2025-03-11,Madhya Pradesh,Katni,483501,198,-0.003247719960076112
2025-03-11,Chhattisgarh,Kawardha,491559,195,-0.014041268393202966
2025-03-11,Chhattisgarh,Raigarh,496450,213,-0.017397328899892872
2025-03-11,Delhi,North East Delhi,110094,254,-0.04792214045917176
2025-03-11,Delhi,South Delhi,110044,230,-0.027642036438056183
2025-03-11,Maharashtra,Thane,400612,194,-0.003962191292368411
2025-03-11,Maharashtra,Thane,421302,229,-0.02578105199618419
2025-03-11,Uttar Pradesh,Pilibhit,262201,191,-0.002298737619677027
2025-03-11,Uttarakhand,Udham Singh Nagar,244713,196,-0.012585004322347104
2025-03-11,Chhattisgarh,Dhamtari,493773,256,-0.04842734972711571
2025-03-11,Chhattisgarh,Mahasamund,493551,204,-0.013300229040052458
2025-03-11,Delhi,South Delhi,110062,207,-0.010647945228144495
2025-03-11,Haryana,Hisar,125001,255,-0.04740650162000848
2025-03-11,Uttar Pradesh,Kanpur Nagar,208001,191,-0.000914009382477321
2025-03-11,Madhya Pradesh,Barwani,451551,212,-0.019850198466960345
2025-03-11,Maharashtra,Nandurbar,425414,215,-0.016045906785786546
2025-03-11,Rajasthan,Jaipur,302012,192,-0.003487056367027397
2025-03-11,Rajasthan,Sirohi,307026,190,-0.005149541399339652
2025-03-11,Chhattisgarh,Bemetara,491993,215,-0.024237951610153963
2025-03-11,Chhattisgarh,Dhamtari,493663,199,-0.003284182790279311
2025-03-11,Chhattisgarh,Jashpur,496336,231,-0.03310458545618733
2025-03-11,Chhattisgarh,Kabeerdham,491995,207,-0.012104037292895997
2025-03-11,Chhattisgarh,Raigarh,496107,196,-0.0011161978113545246
2025-03-11,Uttar Pradesh,Ghaziabad,201001,248,-0.04791136189572198
2025-03-11,Uttar Pradesh,Sambhal,244302,217,-0.015229292886670964
2025-03-11,Chhattisgarh,Mahasamund,493558,186,-0.004452657127924531
2025-03-11,Chhattisgarh,Rajnandgaon,491445,219,-0.02219381067078907
2025-03-11,Chhattisgarh,Surguja,497001,228,-0.026169579896921147
2025-03-11,Delhi,North West Delhi,110086,257,-0.05501538939474315
2025-03-11,Haryana,Karnal,132001,248,-0.04791136189572198
2025-03-11,Haryana,Palwal,121102,194,-0.009616044012071279
2025-03-11,Haryana,Yamuna Nagar,135001,230,-0.02973935472839273
2025-03-11,Uttar Pradesh,Gautam Buddha Nagar,201301,188,-0.007224486541815067
2025-03-11,Punjab,Amritsar,143001,214,-0.02024592391660751
2025-03-11,Madhya Pradesh,Ujjain,456006,199,-0.003247719960076112
2025-03-11,Uttar Pradesh,Meerut,250001,205,-0.020336408216432567
2025-04-11,Delhi,North West Delhi,110086,255,-0.04521570624501603
2025-04-11,Maharashtra,Nandurbar,425414,223,-0.011488807739709728
2025-04-11,Maharashtra,Parbhani,431401,221,-0.012450234249120062
2025-04-11,Manipur,Imphal West,795113,193,-0.013597823239894447
2025-04-11,Maharashtra,Thane,400612,237,-0.03720781282425856
2025-04-11,Manipur,Imphal West,795001,198,-0.013597823239894447
2025-05-11,Maharashtra,Chandrapur,442401,208,-0.013287700406402703
2025-05-11,Maharashtra,Thane,421306,207,-0.009445267216635855
2025-05-11,Assam,Barpeta,781319,157,-0.004195766043612714
2025-05-11,Maharashtra,Parbhani,431514,199,-0.00562357574368455
2025-05-11,Maharashtra,Solapur,413002,184,-0.001348826283734894
2025-05-11,Uttar Pradesh,Firozabad,283203,177,-0.009924434749949862
2025-05-11,Uttar Pradesh,Pilibhit,262001,156,-0.003720473138240976
2025-05-11,Uttar Pradesh,Saharanpur,247001,257,-0.03827824622154696
2025-05-11,Madhya Pradesh,Burhanpur,450331,229,-0.02935942350913512
2025-05-11,Maharashtra,Nashik,422003,218,-0.01666693261926777
2025-05-11,Maharashtra,Jalgaon,425001,201,-0.010403926591158297
2025-05-11,Manipur,Imphal West,795001,179,-0.008009708271321303
2025-05-11,Uttar Pradesh,Aligarh,202001,213,-0.022985268655799862
2025-05-11,Uttar Pradesh,Meerut,250002,247,-0.028375131421646493
2025-05-11,Uttarakhand,Udham Singh Nagar,262308,196,-0.014733983283282348
2025-05-11,Bihar,Kishanganj,855117,193,-0.001822514022344901
2025-05-11,Delhi,North West Delhi,110086,202,-0.007054286496490092
2025-05-11,Maharashtra,Pune,411017,174,-0.010403926591158297
2025-05-11,Maharashtra,Thane,421503,228,-0.023473600268589467
2025-05-11,Manipur,Bishnupur,795133,167,-0.00562357574368455
2025-05-11,Manipur,Thoubal,795138,230,-0.027883484621587518
2025-06-11,Bihar,Araria,854333,191,-0.0005211876303440333
2025-06-11,Chhattisgarh,Bastar,494001,200,-0.0024910608884598506
2025-06-11,Chhattisgarh,Bilaspur,495551,246,-0.035160954276309275
2025-06-11,Delhi,North East Delhi,110094,267,-0.045659854505359365
2025-06-11,Delhi,South Delhi,110044,250,-0.042143633446008466
2025-06-11,Haryana,Kaithal,136027,191,-0.0028900298987298845
2025-06-11,Madhya Pradesh,Barwani,451666,262,-0.04868704128751766
2025-06-11,Maharashtra,Thane,400612,220,-0.016788472495304796
2025-06-11,Uttar Pradesh,Bulandshahr,203001,189,-0.0005964244883428504
2025-06-11,Uttar Pradesh,Meerut,250001,227,-0.019033150062266913
2025-06-11,Uttar Pradesh,Mirzapur,231001,224,-0.018547821781198515
2025-06-11,Uttar Pradesh,Sambhal,244302,223,-0.02578963578157678
2025-06-11,Uttar Pradesh,Shamli,247774,200,-0.011307164157648653
2025-06-11,Haryana,Mewat,122508,222,-0.02146472307997649
2025-06-11,Haryana,Yamuna Nagar,135001,222,-0.02578963578157678
2025-06-11,Rajasthan,Banswara,327001,217,-0.016304662418703764
2025-06-11,Rajasthan,Jodhpur,342001,220,-0.015921423334206763
2025-06-11,Chhattisgarh,Mahasamund,493558,206,-0.022367299648798245
2025-06-11,Uttar Pradesh,Agra,282001,210,-0.018547821781198515
2025-06-11,Uttar Pradesh,Hapur,245101,222,-0.018547821781198515
2025-06-11,Uttar Pradesh,Sitapur,261001,190,-0.0020169209731748516
2025-06-11,Uttar Pradesh,Unnao,209801,215,-0.01612609976896129
2025-06-11,Chhattisgarh,Baloda Bazar,493118,213,-0.010121090672185917
2025-06-11,Chhattisgarh,Bemetara,491335,272,-0.05020524926381864
2025-06-11,Chhattisgarh,Dhamtari,493773,264,-0.03565752657882093
2025-06-11,Chhattisgarh,Kawardha,491995,266,-0.047676613283836766
2025-06-11,Chhattisgarh,Kondagaon,494226,237,-0.034168817025300946
2025-06-11,Chhattisgarh,Surguja,497001,268,-0.045659854505359365
2025-06-11,Delhi,West Delhi,110059,236,-0.03367325162263457
2025-06-11,Haryana,Rohtak,124001,201,-0.0052668993685035526
2025-06-11,Rajasthan,Bikaner,334001,193,-0.0038398129012523485
2025-06-11,Uttar Pradesh,Banda,210001,188,-0.002115227603379344
2025-06-11,Uttar Pradesh,Ghaziabad,201102,208,-0.007651823241122568
2025-06-11,Uttar Pradesh,Kanpur Nagar,208001,230,-0.02516506568742838
2025-06-11,Uttarakhand,Udham Singh Nagar,244713,235,-0.026770426878942044
2025-06-11,Chhattisgarh,Bilaspur,495001,215,-0.026770426878942044
2025-06-11,Chhattisgarh,Jashpur,496336,195,-0.013159392785171864
2025-06-11,Chhattisgarh,Mungeli,495115,227,-0.024810170966333644
2025-06-11,Haryana,Sirsa,125055,193,-0.0014677630105999206
2025-06-11,Jharkhand,Garhwa,822114,223,-0.01834245176756666
2025-06-11,Uttar Pradesh,Rampur,244901,269,-0.03714926092263304
2025-06-11,Madhya Pradesh,Jhabua,457661,199,-0.008129776944201694
2025-06-11,Madhya Pradesh,Morena,476001,194,-0.0063946581308252926
2025-06-11,Bihar,Araria,854311,209,-0.009565579847483296
2025-06-11,Bihar,West Champaran,845438,211,-0.013408666017883486
2025-06-11,Chhattisgarh,Durg,491111,201,-0.0034403036516011953
2025-06-11,Chhattisgarh,Mahasamund,493445,187,-0.002115227603379344
2025-06-11,Chhattisgarh,Raigarh,496116,246,-0.03268312612870472
2025-06-11,Chhattisgarh,Raipur,492001,203,-0.013026979545745276
2025-06-11,Manipur,Thoubal,795138,226,-0.02873599510608471
2025-06-11,Uttar Pradesh,Fatehpur,212601,190,-0.004965284906705891
2025-06-11,Uttar Pradesh,Gautam Buddha Nagar,201301,208,-0.02090553869344214
2025-07-11,Manipur,Imphal West,795113,210,-0.00865323779843552
2025-07-11,Gujarat,Rajkot,360003,184,-0.0037933208510653182
2025-07-11,Manipur,Thoubal,795103,209,-0.0018610350873216053
2025-07-11,Punjab,Patiala,147001,193,-0.0023350694966616237
2025-07-11,Madhya Pradesh,Burhanpur,450331,214,-0.024398807044029747
2025-07-11,Maharashtra,Parbhani,431401,214,-0.01957859709402021
2025-07-11,Uttar Pradesh,Saharanpur,247001,202,-0.013361540574209463
2025-07-11,Maharashtra,Raigarh,410206,200,-0.0009139279019485524
2025-07-11,Manipur,Imphal West,795001,216,-0.024888095361158658
2025-07-11,Manipur,Imphal West,795003,196,-0.0057673058085224715
2025-07-11,Punjab,Bathinda,151001,207,-0.0018610350873216053
2025-07-11,Chhattisgarh,Mungeli,495334,194,-7.225233451346735e-05
2025-07-11,Delhi,North West Delhi,110086,237,-0.033807719647321544
2025-07-11,Gujarat,Dahod,389151,199,-0.01191804059992918
2025-07-11,Haryana,Hisar,125001,208,-0.0023350694966616237
2025-07-11,Maharashtra,Nandurbar,425412,200,-0.0048149163392505745
2025-07-11,Manipur,Imphal East,795010,187,-0.004360095942542497
2025-07-11,Assam,Nagaon,782124,188,-0.0018951648506458918
2025-07-11,Delhi,North East Delhi,110094,191,-0.010406309953327919
2025-07-11,Gujarat,Surat,394210,281,-0.04977944312031146
2025-07-11,Uttar Pradesh,Aligarh,202001,221,-0.024888095361158658
2025-07-11,Maharashtra,Beed,431122,207,-0.009518708790173136
2025-08-11,Chhattisgarh,Durg,490023,181,-0.005043223992580392
2025-08-11,Delhi,North West Delhi,110086,168,-0.003657431975110592
2025-08-11,Gujarat,Surat,395006,152,-0.008961032842605854
2025-08-11,Maharashtra,Ahmadnagar,414001,178,-0.020543081245234074
2025-08-11,Maharashtra,Amravati,444906,225,-0.04933384774254468
2025-08-11,Maharashtra,Buldhana,443404,139,-0.0007153996910768123
2025-08-11,Maharashtra,Chandrapur,441224,190,-0.0247865934929532
2025-08-11,Maharashtra,Gondiya,441601,169,-0.018553096168848482
2025-08-11,Maharashtra,Hingoli,431542,159,-0.008337420467336099
2025-08-11,Maharashtra,Latur,413517,178,-0.022932926800361297
2025-08-11,Maharashtra,Nanded,431715,175,-0.014382072448302363
2025-08-11,Maharashtra,Nanded,431801,171,-0.011639609376153048
2025-08-11,Maharashtra,Pune,412207,183,-0.0065716874864919506
2025-08-11,Maharashtra,Sangli,415409,148,-0.0017071771738460528
2025-08-11,Maharashtra,Solapur,413003,247,-0.060142006565508055
2025-08-11,Maharashtra,Thane,400605,178,-0.014046128197199304
2025-08-11,Maharashtra,Washim,444505,168,-0.009241217888755648
2025-08-11,Maharashtra,Yavatmal,445207,156,-0.008849910433490482
2025-08-11,Maharashtra,Yavatmal,445301,155,-0.007381555541228324
2025-08-11,Manipur,Imphal East,795008,153,-0.003993229705385626
2025-08-11,Manipur,Imphal East,795010,211,-0.02984651917466663
2025-08-11,Punjab,Amritsar,143001,194,-0.02689566079600847
2025-08-11,Maharashtra,Gondiya,441801,157,-0.004898833375828526
2025-08-11,Maharashtra,Mumbai,400078,183,-0.020341310953964964
2025-08-11,Maharashtra,Nanded,431604,178,-0.015011017545039751
2025-08-11,Maharashtra,Nanded,431712,209,-0.03679039292216735
2025-08-11,Maharashtra,Nashik,422403,172,-0.02049639534168901
2025-08-11,Maharashtra,Nashik,423104,157,-0.0028880285225920677
2025-08-11,Maharashtra,Nashik,423106,144,-0.0012275960897606408
2025-08-11,Maharashtra,Parbhani,431511,161,-0.009241217888755648
2025-08-11,Maharashtra,Pune,411041,200,-0.02102975994833789
2025-08-11,Maharashtra,Raigarh,402107,149,-0.0006738795544147802
2025-08-11,Maharashtra,Thane,400601,164,-0.011159281771647378
2025-08-11,Maharashtra,Yavatmal,445302,158,-0.014682240013103254
2025-08-11,Manipur,Bishnupur,795126,155,-0.0049445065381691355
2025-08-11,Manipur,Bishnupur,795133,172,-0.02005673171091249
2025-08-11,Assam,Barpeta,781309,161,-0.011838937299541885
2025-08-11,Gujarat,Surat,395010,151,-0.0021928509354780523
2025-08-11,Uttar Pradesh,Meerut,250002,154,-0.004468707216561785
2025-08-11,Chhattisgarh,Mungeli,495334,196,-0.02718294843997926
2025-08-11,Maharashtra,Aurangabad,431133,145,-0.0007153996910768123
2025-08-11,Maharashtra,Dhule,425405,218,-0.03677861974012642
2025-08-11,Maharashtra,Gondiya,441911,184,-0.024297373827372182
2025-08-11,Maharashtra,Jalgaon,425002,171,-0.01197441907098673
2025-08-11,Maharashtra,Jalna,431204,215,-0.039677909237557096
2025-08-11,Maharashtra,Nagpur,440026,193,-0.0247436440423332
2025-08-11,Maharashtra,Nanded,431721,212,-0.040677506287423504
2025-08-11,Maharashtra,Nashik,422402,161,-0.009294579719225537
2025-08-11,Maharashtra,Pune,411033,175,-0.007946282061959686
2025-08-11,Maharashtra,Solapur,413304,162,-0.0049445065381691355
2025-08-11,Maharashtra,Wardha,442101,204,-0.03360590954328824
2025-08-11,Uttarakhand,Udham Singh Nagar,262308,163,-0.01569436181196293
2025-08-11,Maharashtra,Ahmadnagar,413705,158,-0.003043239243838425
2025-08-11,Maharashtra,Amravati,444702,196,-0.02920449741709208
2025-08-11,Maharashtra,Bhandara,441910,155,-0.005507612919942284
2025-08-11,Maharashtra,Buldhana,443101,163,-0.007661115071640245
2025-08-11,Maharashtra,Chandrapur,441222,167,-0.010766913868984207
2025-08-11,Maharashtra,Chandrapur,442907,166,-0.012924043958987386
2025-08-11,Maharashtra,Gadchiroli,441207,143,-0.004046195867326685
2025-08-11,Maharashtra,Gondiya,441614,162,-0.008238240807555308
2025-08-11,Maharashtra,Hingoli,431513,151,-0.0028880285225920677
2025-08-11,Maharashtra,Jalgaon,424101,226,-0.04933384774254468
2025-08-11,Maharashtra,Jalgaon,425201,160,-0.011739266345482169
2025-08-11,Maharashtra,Kolhapur,416115,211,-0.03718482635779552
2025-08-11,Maharashtra,Nanded,431707,177,-0.01694471764684391
2025-08-11,Maharashtra,Nanded,431804,162,-0.007661115071640245
2025-08-11,Maharashtra,Nandurbar,425409,154,-0.004423064945606292
2025-08-11,Maharashtra,Sangli,415311,162,-0.008238240807555308
2025-08-11,Maharashtra,Thane,401107,214,-0.03132644659566952
2025-08-11,Maharashtra,Thane,421401,154,-0.005043223992580392
2025-08-11,Maharashtra,Thane,421503,271,-0.05492054001503588
2025-08-11,Maharashtra,Wardha,442302,146,-0.0026493750018654616
2025-08-11,Manipur,Imphal West,795113,182,-0.023468098798396175
2025-08-11,Manipur,Imphal West,795146,186,-0.01569436181196293
2025-08-11,Uttar Pradesh,Saharanpur,247001,174,-0.011159281771647378
2025-08-11,Madhya Pradesh,Burhanpur,450331,169,-0.007806072694340305
2025-08-11,Madhya Pradesh,Ratlam,457001,162,-0.0013434933985942976
2025-08-11,Maharashtra,Akola,444101,152,-0.003096133781889443
2025-08-11,Maharashtra,Amravati,444601,208,-0.037774290895190465
2025-08-11,Maharashtra,Chandrapur,441221,161,-0.002115040590787376
2025-08-11,Maharashtra,Gadchiroli,442707,145,-0.003096133781889443
2025-08-11,Maharashtra,Jalgaon,424105,154,-0.008126699893995948
2025-08-11,Maharashtra,Latur,413531,202,-0.03167053767421757
2025-08-11,Maharashtra,Nagpur,441203,165,-0.015647990712690185
2025-08-11,Maharashtra,Nanded,431602,144,-0.004046195867326685
2025-08-11,Maharashtra,Nashik,422202,171,-0.008139075063572032
2025-08-11,Maharashtra,Parbhani,431402,184,-0.01840990981798951
2025-08-11,Maharashtra,Parbhani,431514,249,-0.04730066832591617
2025-08-11,Maharashtra,Parbhani,431521,165,-0.015547785314205531
2025-08-11,Maharashtra,Pune,411017,197,-0.023468098798396175
2025-08-11,Maharashtra,Sindhudurg,416510,162,-0.007526455779514385
2025-08-11,Maharashtra,Yavatmal,445303,158,-0.013264273146144756
2025-08-11,Manipur,Imphal East,795114,160,-0.0073283379310524754
2025-08-11,Manipur,Imphal West,795001,214,-0.0391786177191531
2025-08-11,Manipur,Thoubal,795130,178,-0.01328227655013059
2025-08-11,Telangana,Hyderabad,500064,151,-0.0008701296491672172
2025-09-11,Uttar Pradesh,Rampur,244901,183,-0.008465591173973497
2025-09-11,Uttar Pradesh,Saharanpur,247001,248,-0.03328684171448315
2025-09-11,Uttar Pradesh,Shahjahanpur,242001,210,-0.0026233287372962044
2025-09-11,Madhya Pradesh,Burhanpur,450331,246,-0.03117318391315005
2025-09-11,Haryana,Faridabad,121004,193,-0.018582487952861437
2025-09-11,Madhya Pradesh,Ratlam,457001,211,-0.006428736772867927
2025-09-11,Uttar Pradesh,Aligarh,202001,227,-0.022474512180087558
2025-09-11,Chhattisgarh,Bilaspur,495001,205,-0.021012533829841362
2025-09-11,Uttar Pradesh,Firozabad,283203,224,-0.022474512180087558
2025-09-11,Uttar Pradesh,Meerut,250002,213,-0.022962498105104756
2025-09-11,Uttarakhand,Dehradun,248001,184,-0.0006251511809396426
2025-10-11,Chhattisgarh,Kawardha,491995,213,-0.020258422127320763
2025-10-11,Delhi,North West Delhi,110086,256,-0.0429809729493561
2025-10-11,Haryana,Sirsa,125055,200,-0.015411622157948779
2025-10-11,Uttar Pradesh,Kanpur Nagar,208001,190,-0.004289023098775768
2025-10-11,Madhya Pradesh,Bhopal,462001,187,-0.0010384856891654248
2025-10-11,Madhya Pradesh,Dewas,455001,219,-0.023670746707236012
2025-10-11,Maharashtra,Amravati,444701,197,-0.009730617424759891
2025-10-11,Chhattisgarh,Bemetara,491335,201,-0.007696414099595983
2025-10-11,Chhattisgarh,Bilaspur,495001,199,-0.012038321169703048
2025-10-11,Chhattisgarh,Raipur,492001,207,-0.008174397982448234
2025-10-11,Delhi,North East Delhi,110094,223,-0.020258422127320763
2025-10-11,Haryana,Panipat,132103,234,-0.03044177568591455
2025-10-11,Uttar Pradesh,Aligarh,202001,275,-0.03153130016234318
2025-10-11,Uttar Pradesh,Varanasi,221001,185,-0.0010384856891654248
2025-10-11,Maharashtra,Thane,400612,209,-0.01773041136487119
2025-10-11,Manipur,Imphal West,795001,200,-0.019772265124323507
2025-10-11,Uttarakhand,Dehradun,248001,223,-0.024159542262025213
2025-10-11,Haryana,Faridabad,121004,206,-0.017830923048380076
2025-10-11,Chhattisgarh,Dhamtari,493773,207,-0.017830923048380076
2025-10-11,Madhya Pradesh,Burhanpur,450331,263,-0.041978261019408825
2025-10-11,Uttar Pradesh,Shahjahanpur,242001,215,-0.012038321169703048
2025-10-11,Chhattisgarh,Bilaspur,495551,179,-0.0010384856891654248
2025-10-11,Chhattisgarh,Mungeli,495115,188,-9.249080238915575e-05
2025-10-11,Delhi,South Delhi,110044,214,-0.023670746707236012
2025-11-11,Chhattisgarh,Rajnandgaon,491441,215,-0.027425683267905177
2025-11-11,Haryana,Rohtak,124001,191,-0.025551970228797627
2025-11-11,Uttar Pradesh,Deoria,274001,172,-0.014766911821799455
2025-11-11,Uttar Pradesh,Gautam Buddha Nagar,201301,166,-0.007548351256722707
2025-11-11,Uttar Pradesh,Ghaziabad,201102,189,-0.023623629093603604
2025-11-11,Uttar Pradesh,Pilibhit,262122,172,-0.011511396555710207
2025-11-11,Uttar Pradesh,Sitapur,261001,170,-0.01268171975961152
2025-11-11,Uttar Pradesh,Varanasi,221001,179,-0.009732944971675539
2025-11-11,Rajasthan,Jaipur,302012,180,-0.01681554704928101
2025-11-11,Rajasthan,Jodhpur,342001,167,-0.010551239596616746
2025-11-11,Rajasthan,Nagaur,341001,184,-0.0182689978765862
2025-11-11,Manipur,Bishnupur,795133,193,-0.014184454958744985
2025-11-11,Delhi,North East Delhi,110094,272,-0.06083823372015984
2025-11-11,Delhi,North West Delhi,110042,175,-0.012472853652378268
2025-11-11,Delhi,West Delhi,110059,211,-0.03442414016201212
2025-11-11,Haryana,Yamuna Nagar,135001,173,-0.007818736029868267
2025-11-11,Uttar Pradesh,Firozabad,283203,272,-0.05063189951188718
2025-11-11,Uttar Pradesh,Ghaziabad,201001,253,-0.047596833546635686
2025-11-11,Uttar Pradesh,Shamli,247774,220,-0.03461538656670071
2025-11-11,Uttar Pradesh,Sonbhadra,231216,180,-0.010816952220835119
2025-11-11,Madhya Pradesh,Gwalior,474001,158,-7.482099969813305e-05
2025-11-11,Madhya Pradesh,Indore,452001,196,-0.028989425066925034
2025-11-11,Maharashtra,Aurangabad,431103,180,-0.017755796203948515
2025-11-11,Maharashtra,Buldhana,443101,156,-0.008100283847695677
2025-11-11,Maharashtra,Dhule,425405,172,-0.013435612647122452
2025-11-11,Maharashtra,Jalna,431213,208,-0.03442414016201212
2025-11-11,Maharashtra,Latur,413517,198,-0.026503472989959254
2025-11-11,Maharashtra,Nanded,431601,166,-0.01007164811915473
2025-11-11,Maharashtra,Nandurbar,425409,156,-0.002076812974875275
2025-11-11,Maharashtra,Nashik,422101,187,-0.022029642054685827
2025-11-11,Maharashtra,Parbhani,431402,184,-0.017755796203948515
2025-11-11,Maharashtra,Thane,400604,207,-0.03293793154659519
2025-11-11,Maharashtra,Wardha,442301,180,-0.016758618019467764
2025-11-11,Rajasthan,Bikaner,334001,225,-0.039592557115460836
2025-11-11,Chhattisgarh,Baloda Bazar,493118,195,-0.022530554268654357
2025-11-11,Chhattisgarh,Bemetara,491335,257,-0.05776181894349852
2025-11-11,Chhattisgarh,Dhamtari,493773,255,-0.049112826416717104
2025-11-11,Chhattisgarh,Mungeli,495115,169,-0.0035306602462519265
2025-11-11,Chhattisgarh,Raipur,492001,200,-0.02997454896242424
2025-11-11,Delhi,South Delhi,110062,202,-0.028034429800786076
2025-11-11,Haryana,Faridabad,121004,228,-0.041092286734199734
2025-11-11,Madhya Pradesh,Jabalpur,482001,199,-0.029481820384344437
2025-11-11,Maharashtra,Ahmadnagar,422605,167,-0.007579464760849475
2025-11-11,Maharashtra,Akola,444101,183,-0.02307776404308004
2025-11-11,Maharashtra,Amravati,444708,210,-0.033432999273419584
2025-11-11,Maharashtra,Beed,431131,157,-0.00018558063039897377
2025-11-11,Maharashtra,Thane,401107,174,-0.011991962476871953
2025-11-11,Manipur,Imphal West,795001,214,-0.035913368486264474
2025-11-11,Uttar Pradesh,Amroha,244221,183,-0.020697981442238444
2025-11-11,Uttar Pradesh,Balrampur,271604,206,-0.022042860492082816
2025-11-11,Uttar Pradesh,Hapur,245101,210,-0.024484632395577965
2025-11-11,Uttar Pradesh,Meerut,250001,156,-0.002394587214125332
2025-11-11,Uttar Pradesh,Mirzapur,231001,182,-0.020095381708897686
2025-11-11,Punjab,Patiala,147001,164,-0.004687829204624849
2025-11-11,Punjab,Bathinda,151001,158,-0.0024513211567976922
2025-11-11,Rajasthan,Alwar,301001,169,-0.007070790805257632
2025-11-11,Maharashtra,Buldhana,444303,177,-0.01424291624670393
2025-11-11,Maharashtra,Chandrapur,441224,165,-0.008408370465241455
2025-11-11,Maharashtra,Jalna,431204,170,-0.009365625789712895
2025-11-11,Maharashtra,Nagpur,441106,174,-0.010324177322688644
2025-11-11,Maharashtra,Parbhani,431401,251,-0.05520766279617406
2025-11-11,Maharashtra,Raigarh,410206,204,-0.02868706273938537
2025-11-11,Maharashtra,Yavatmal,445001,157,-0.0013403362739483615
2025-11-11,Manipur,Imphal East,795010,168,-0.011777468978358963
2025-11-11,Manipur,Imphal West,795113,158,-0.0024513211567976922
2025-11-11,Haryana,Sirsa,125055,199,-0.027703679856793784
2025-11-11,Uttar Pradesh,Etah,207001,179,-0.009378611909319767
2025-11-11,Uttar Pradesh,Hardoi,241001,170,-0.009800400947208576
2025-11-11,Uttar Pradesh,Jhansi,284204,195,-0.017668433252651883
2025-11-11,Uttar Pradesh,Shahjahanpur,242001,216,-0.027425683267905177
2025-11-11,Bihar,Kishanganj,855101,174,-0.012316518266824894
2025-11-11,Chhattisgarh,Janjgir-champa,495668,161,-0.004592276231779491
2025-11-11,Chhattisgarh,Mahasamund,493558,162,-0.00021349569274775604
2025-11-11,Chhattisgarh,Raigarh,496113,156,-0.0022176851099959816
2025-11-11,Chhattisgarh,Surguja,497001,162,-0.00021349569274775604
2025-11-11,Delhi,North West Delhi,110086,252,-0.05725029623745814
2025-11-11,Rajasthan,Banswara,327001,169,-0.009592381016977014
2025-11-11,Haryana,Faridabad,121001,167,-0.007548351256722707
2025-11-11,Haryana,Karnal,132001,221,-0.035913368486264474
2025-11-11,Haryana,Palwal,121102,165,-0.00516377683133562
2025-11-11,Chhattisgarh,Bilaspur,495551,172,-0.008296802702068451
2025-11-11,Chhattisgarh,Janjgir-champa,495554,151,-0.0013403362739483615
2025-11-11,Chhattisgarh,Kawardha,491995,224,-0.041092286734199734
2025-11-11,Chhattisgarh,Kondagaon,494226,199,-0.030164634353265662
2025-11-11,Delhi,South Delhi,110044,208,-0.03442414016201212
2025-11-11,Madhya Pradesh,Barwani,451666,162,-0.0011596544308644097
2025-11-11,Madhya Pradesh,Dewas,455001,245,-0.052662132585625354
2025-11-11,Madhya Pradesh,Shivpuri,473551,158,-0.004313709031636748
2025-11-11,Maharashtra,Akola,444108,169,-0.004196257534444192
2025-11-11,Maharashtra,Amravati,444601,242,-0.049112826416717104
2025-11-11,Maharashtra,Latur,413521,181,-0.017626683191332093
2025-11-11,Maharashtra,Nanded,431708,171,-0.009844739420494575
2025-11-11,Maharashtra,Nanded,431712,190,-0.023595007422417935
2025-11-11,Maharashtra,Nanded,431721,192,-0.02457282679858186
2025-11-11,Maharashtra,Solapur,413002,217,-0.036907868014485534
2025-11-11,Manipur,Thoubal,795148,163,-0.0041296049736034846
2025-11-11,Punjab,Amritsar,143001,174,-0.011511396555710207
2025-11-11,Uttar Pradesh,Kanpur Nagar,208001,210,-0.03293793154659519
2025-11-11,Uttar Pradesh,Kushinagar,274304,178,-0.018754137445383567
2025-11-11,Uttar Pradesh,Rampur,244901,265,-0.05725029623745814
2025-11-11,Uttar Pradesh,Sambhal,244302,174,-0.016216200190461327
2025-11-11,Uttarakhand,Dehradun,248001,229,-0.04106297271293624
2025-11-11,Uttarakhand,Udham Singh Nagar,244713,199,-0.029179253413370132
2025-12-11,Maharashtra,Thane,401107,220,-0.03062892460683131
2025-12-11,Maharashtra,Wardha,442001,216,-0.0315429893282827
2025-12-11,Maharashtra,Wardha,442301,203,-0.023805026988791944
2025-12-11,Manipur,Ukhrul,795142,180,-0.020342078495719562
2025-12-11,Punjab,Patiala,147001,182,-0.021315493117967987
2025-12-11,Uttar Pradesh,Firozabad,283203,258,-0.0394892257480256
2025-12-11,Uttar Pradesh,Kanpur Nagar,208001,178,-0.011088813347276627
2025-12-11,Uttar Pradesh,Mirzapur,231001,157,-0.004469457811042021
2025-12-11,Uttar Pradesh,Shamli,247776,173,-0.014472780918047934
2025-12-11,Madhya Pradesh,Dewas,455001,159,-0.0023154868258640215
2025-12-11,Chhattisgarh,Bilaspur,495001,210,-0.03401695393975024
2025-12-11,Delhi,North East Delhi,110053,160,-0.0039384228561964996
2025-12-11,Delhi,North East Delhi,110094,185,-0.025222350363398705
2025-12-11,Delhi,North West Delhi,110086,243,-0.04399693120589665
2025-12-11,Delhi,South Delhi,110062,171,-0.007480077967823573
2025-12-11,Gujarat,Surat,395006,173,-0.014472780918047934
2025-12-11,Haryana,Faridabad,121004,200,-0.031049199923826154
2025-12-11,Maharashtra,Amravati,444906,160,-0.00015225868989210412
2025-12-11,Maharashtra,Solapur,413003,167,-0.0026182279891595606
2025-12-11,Maharashtra,Thane,421306,157,-0.0002503036545069559
2025-12-11,Maharashtra,Thane,421503,186,-0.021243247728365278
2025-12-11,Manipur,Imphal West,795113,203,-0.020285228718384785
2025-12-11,Manipur,Imphal West,795132,175,-0.01014430992665094
2025-12-11,Manipur,Thoubal,795103,160,-0.005842116107711792
2025-12-11,Punjab,Amritsar,143001,218,-0.03451275196538672
2025-12-11,Haryana,Panipat,132103,190,-0.016389807054131955
2025-12-11,Madhya Pradesh,Bhopal,462001,191,-0.021243247728365278
2025-12-11,Madhya Pradesh,Jabalpur,482001,168,-0.005571957819049844
2025-12-11,Uttar Pradesh,Balrampur,271201,158,-0.010623950582732355
2025-12-11,Uttar Pradesh,Ghaziabad,201001,169,-0.012601999361971816
2025-12-11,Uttar Pradesh,Ghaziabad,201102,186,-0.013011884233664506
2025-12-11,Uttar Pradesh,Pilibhit,262122,182,-0.014955351149310792
2025-12-11,Uttar Pradesh,Sitapur,261001,147,-0.00346330400681516
2025-12-11,Maharashtra,Solapur,413304,209,-0.024732835970398104
2025-12-11,Maharashtra,Thane,400604,207,-0.023682310015955554
2025-12-11,Manipur,Churachandpur,795128,143,-0.00014645770524790436
2025-12-11,Manipur,Imphal East,795010,192,-0.015921471665568787
2025-12-11,Punjab,Bathinda,151001,214,-0.020771732902965856
2025-12-11,Chhattisgarh,Bilaspur,495551,157,-0.0018414656614097469
2025-12-11,Chhattisgarh,Mungeli,495334,180,-0.011689751971351026
2025-12-11,Chhattisgarh,Rajnandgaon,491441,182,-0.014955351149310792
2025-12-11,Delhi,West Delhi,110059,159,-0.001566039938435404
2025-12-11,Gujarat,Surat,395010,224,-0.03500888555468851
2025-12-11,Haryana,Hisar,125001,174,-0.016945481562035458
2025-12-11,Telangana,Nalgonda,508207,177,-0.00038113154766350466
2025-12-11,Uttar Pradesh,Hapur,245101,180,-0.013508619404725697
2025-12-11,Uttar Pradesh,Rampur,244901,208,-0.03062892460683131
2025-12-11,Uttar Pradesh,Shamli,247774,165,-0.01014430992665094
2025-12-11,Maharashtra,Buldhana,443101,159,-0.0016700968840024366
2025-12-11,Maharashtra,Chandrapur,442401,216,-0.03006262282349914
2025-12-11,Maharashtra,Raigarh,410206,189,-0.025712196067206317
2025-12-11,Chhattisgarh,Raipur,492001,182,-0.010729353829808108
2025-12-11,Uttar Pradesh,Bijnor,246701,154,-0.008707333532169348
2025-12-11,Maharashtra,Ahmadnagar,414001,208,-0.03062892460683131
2025-12-11,Maharashtra,Ahmadnagar,422605,179,-0.009770254393859812
2025-12-11,Maharashtra,Amravati,444702,152,-0.0011965122338642997
2025-12-11,Maharashtra,Chandrapur,442906,163,-0.0017124016031999645
2025-12-11,Maharashtra,Gondiya,441801,164,-0.006048503837490893
2025-12-11,Maharashtra,Nanded,431714,181,-0.012170438606178169
2025-12-11,Maharashtra,Parbhani,431514,206,-0.03352149125081805
2025-12-11,Maharashtra,Thane,400709,181,-0.014955351149310792
2025-12-11,Haryana,Sirsa,125055,178,-0.020342078495719562
2025-12-11,Jammu and Kashmir,Punch,185121,166,-0.01014430992665094
2025-12-11,Madhya Pradesh,Burhanpur,450331,215,-0.029077379829460348
2025-12-11,Uttar Pradesh,Siddharthnagar,272153,151,-0.0029885065076223905
2025-12-11,Uttarakhand,Nainital,263139,152,-0.002514030141270829
2025-12-11,Madhya Pradesh,Ratlam,457001,174,-0.01399053707677167
2025-12-11,Maharashtra,Jalna,431213,174,-0.009393369142652874
2025-12-11,Maharashtra,Nandurbar,425412,178,-0.01253062848079134
2025-12-11,Maharashtra,Nashik,423501,156,-0.0006251365733055403
2025-12-11,Maharashtra,Pune,411033,176,-0.019855864911111576
2025-12-11,Maharashtra,Solapur,413002,200,-0.028093469137654314
2025-12-11,Maharashtra,Yavatmal,445001,177,-0.011689751971351026
2025-12-11,Manipur,Bishnupur,795133,205,-0.01785763910779825
2025-12-11,Manipur,Imphal West,795001,264,-0.04752195049478225
2025-12-11,Manipur,Imphal West,795134,177,-0.01399053707677167
2025-12-11,Rajasthan,Bikaner,334001,215,-0.03401695393975024
2025-12-11,Tamil Nadu,Krishnagiri,635109,189,-0.01206482119864516
2025-12-11,Telangana,Hyderabad,500053,181,-0.00918600162071137
2025-12-11,Chhattisgarh,Dhamtari,493773,194,-0.02956983467600438
2025-12-11,Uttar Pradesh,Unnao,209801,145,-0.0006193316624663048
2025-12-11,Uttarakhand,Dehradun,248001,213,-0.03062892460683131
2025-12-11,Uttarakhand,Udham Singh Nagar,244713,183,-0.014955351149310792
2025-01-12,Chhattisgarh,Dhamtari,493773,200,-0.0019674137152402293
2025-01-12,Chhattisgarh,Kawardha,491559,205,-0.003966732718214572
2025-01-12,Maharashtra,Jalgaon,425001,207,-0.0030167780874170713
2025-01-12,Rajasthan,Sirohi,307026,239,-0.02138612441191612
2025-01-12,Maharashtra,Washim,444505,198,-0.0029576006891577356
2025-01-12,Madhya Pradesh,Indore,452001,228,-0.0124722140692205
2025-01-12,Madhya Pradesh,Katni,483501,197,-0.0011207208385711764
2025-01-12,Uttar Pradesh,Ghaziabad,201001,212,-0.010650105892381134
2025-01-12,Chhattisgarh,Bastar,494001,241,-0.022848861831091027
2025-01-12,Delhi,North West Delhi,110086,260,-0.03938567521000991
2025-01-12,Haryana,Karnal,132001,199,-0.0038657655108571554
2025-01-12,Delhi,South Delhi,110044,217,-0.011510757837433494
2025-01-12,Haryana,Hisar,125001,228,-0.012895846353505713
2025-01-12,Madhya Pradesh,Morena,476001,203,-0.0030167780874170713
2025-01-12,Maharashtra,Thane,421302,247,-0.020311740359981068
2025-01-12,Uttar Pradesh,Kasganj,207242,206,-0.0030167780874170713
2025-01-12,Uttar Pradesh,Unnao,209801,227,-0.012895846353505713
2025-01-12,Rajasthan,Udaipur,313001,206,-0.003966732718214572
2025-01-12,Uttar Pradesh,Mirzapur,231001,231,-0.016431390922767797
2025-01-12,Chhattisgarh,Bilaspur,495001,242,-0.027644248878572975
2025-01-12,Chhattisgarh,Mahasamund,493445,235,-0.020798262488045505
2025-01-12,Jharkhand,Garhwa,822114,230,-0.01449907818212448
2025-01-12,Punjab,Amritsar,143001,198,-0.0011207208385711764
2025-01-12,Madhya Pradesh,Bhopal,462001,202,-0.003964331586968184
2025-01-12,Madhya Pradesh,Dewas,455001,253,-0.026764041229120128
2025-01-12,Madhya Pradesh,Indore,452010,223,-0.008257471968897256
2025-02-12,Maharashtra,Wardha,442001,184,-0.003647612448153481
2025-02-12,Maharashtra,Yavatmal,445205,191,-0.0009608813579712328
2025-02-12,Punjab,Patiala,147001,214,-0.020982495160959735
2025-02-12,Uttar Pradesh,Meerut,250002,289,-0.06048695264963655
2025-02-12,Uttar Pradesh,Saharanpur,247554,181,-0.0011785540973474617
2025-02-12,Uttar Pradesh,Unnao,209801,231,-0.02929555587463617
2025-02-12,Assam,Nagaon,782124,199,-0.015053967497176357
2025-02-12,Bihar,Kishanganj,855101,220,-0.011550217964615528
2025-02-12,Chhattisgarh,Bastar,494001,257,-0.042212165443737404
2025-02-12,Chhattisgarh,Bilaspur,495001,245,-0.042212165443737404
2025-02-12,Gujarat,Banaskantha,385310,208,-0.01941242596103976
2025-02-12,Madhya Pradesh,Indore,452010,228,-0.028711736503895358
2025-02-12,Madhya Pradesh,Vidisha,464228,182,-0.00023236980201502
2025-02-12,Maharashtra,Nashik,422003,257,-0.043215194100994725
2025-02-12,Maharashtra,Raigarh,410206,202,-0.01360703578818534
2025-02-12,Chhattisgarh,Raipur,492001,206,-0.003904800770949679
2025-02-12,Delhi,South Delhi,110062,216,-0.024387818275348527
2025-02-12,Gujarat,Banaskantha,385001,219,-0.023308954565257722
2025-02-12,Gujarat,Surat,395004,216,-0.016503258595306103
2025-02-12,Haryana,Palwal,121102,200,-0.009850930378125788
2025-02-12,Madhya Pradesh,Barwani,451666,207,-0.021845284215871952
2025-02-12,Maharashtra,Dhule,424304,200,-0.0024804762315390194
2025-02-12,Maharashtra,Nashik,422101,186,-0.0001130171143137737
2025-02-12,Rajasthan,Bikaner,334001,219,-0.02732847533020899
2025-02-12,Uttar Pradesh,Etah,207001,187,-0.00023236980201502
2025-02-12,Uttar Pradesh,Kushinagar,274304,222,-0.016019641425260467
2025-02-12,Uttar Pradesh,Sitapur,261201,192,-0.004034946072604351
2025-02-12,Madhya Pradesh,Bhopal,462001,252,-0.043215194100994725
2025-02-12,Chhattisgarh,Mahasamund,493445,228,-0.031267967228422844
2025-02-12,Delhi,North East Delhi,110053,249,-0.04222286171102008
2025-02-12,Delhi,West Delhi,110059,225,-0.028219862038470378
2025-02-12,Gujarat,Panchmahals,389210,200,-0.0024804762315390194
2025-02-12,Gujarat,Vadodara,390019,191,-0.0043802184320743676
2025-02-12,Haryana,Hisar,125001,224,-0.024296824020272667
2025-02-12,Haryana,Sirsa,125055,211,-0.02233284426980653
2025-02-12,Madhya Pradesh,Indore,452001,205,-0.021459074672614986
2025-02-12,Maharashtra,Akola,444001,196,-0.007239489194640125
2025-02-12,Rajasthan,Nagaur,341001,223,-0.028711736503895358
2025-02-12,Rajasthan,Udaipur,313001,183,-0.004122856040298828
2025-02-12,Uttar Pradesh,Siddharthnagar,272153,191,-0.008326675837764808
2025-02-12,Uttarakhand,Dehradun,248001,209,-0.010241685869425754
2025-02-12,Chhattisgarh,Durg,490023,196,-0.010242261301895872
2025-02-12,Madhya Pradesh,Katni,483501,198,-0.0035496239572815336
2025-02-12,Maharashtra,Hingoli,431513,227,-0.028219862038470378
2025-02-12,Maharashtra,Sangli,416416,210,-0.012511727628910174
2025-02-12,Maharashtra,Solapur,413006,191,-0.0035496239572815336
2025-02-12,Maharashtra,Thane,421306,271,-0.05079214858146375
2025-02-12,Maharashtra,Washim,444505,198,-0.015053967497176357
2025-02-12,Rajasthan,Alwar,301001,193,-0.0035496239572815336
2025-02-12,Uttar Pradesh,Hathras,204101,198,-0.0026103576375162696
2025-02-12,Madhya Pradesh,Morena,476001,213,-0.015053388158208225
2025-02-12,Maharashtra,Jalna,431213,205,-0.013124799726908831
2025-02-12,Delhi,North West Delhi,110042,197,-0.006285108954335761
2025-02-12,Gujarat,Junagadh,362001,184,-0.005561790781700271
2025-02-12,Haryana,Faridabad,121001,187,-0.0011785540973474617
2025-02-12,Haryana,Mewat,122508,219,-0.021855686386210493
2025-02-12,Chhattisgarh,Dhamtari,493778,193,-0.008326675837764808
2025-02-12,Chhattisgarh,Kondagaon,494226,260,-0.043225904851970864
2025-02-12,Maharashtra,Solapur,413002,196,-0.0021260196100300055
2025-02-12,Maharashtra,Thane,400604,202,-0.0096310975037881
2025-02-12,Maharashtra,Thane,401107,229,-0.03225617647184509
2025-02-12,Uttar Pradesh,Mirzapur,231001,226,-0.023420673846716755
2025-02-12,Uttar Pradesh,Saharanpur,247001,272,-0.05180679529591592
2025-02-12,Uttar Pradesh,Shamli,247774,239,-0.03275078277643728
2025-02-12,Uttar Pradesh,Unnao,209821,188,-0.003084899199786495
2025-03-12,Madhya Pradesh,Burhanpur,450331,285,-0.06101705537323354
2025-03-12,Madhya Pradesh,Indore,452001,221,-0.028818981170995572
2025-03-12,Haryana,Sirsa,125055,221,-0.01988097128167232
2025-03-12,Nagaland,Dimapur,797112,193,-0.012266725443440651
2025-03-12,Delhi,North East Delhi,110053,216,-0.014936596842038075
2025-03-12,Uttar Pradesh,Aligarh,202001,278,-0.05231999350236172
2025-03-12,Uttar Pradesh,Shahjahanpur,242001,264,-0.05080831769750094
2025-03-12,Haryana,Faridabad,121004,202,-0.008210411693111097
2025-03-12,Uttar Pradesh,Hapur,245101,184,-0.004515470322301263
2025-03-12,Uttar Pradesh,Pilibhit,262001,236,-0.038229493707474416
2025-03-12,Uttar Pradesh,Budaun,243601,216,-0.028327034169837617
2025-03-12,Madhya Pradesh,Indore,452010,204,-0.01025697997284758
2025-03-12,Madhya Pradesh,Katni,483501,207,-0.0223483992806367
2025-03-12,Maharashtra,Washim,444505,227,-0.032766562589329085
2025-03-12,Rajasthan,Bikaner,334001,209,-0.024403417629154323
2025-03-12,Haryana,Panipat,132103,223,-0.013489903125568858
2025-03-12,Haryana,Yamuna Nagar,135001,196,-0.0076333086816596785
2025-03-12,Chhattisgarh,Bilaspur,495001,186,-0.001074135752483829
2025-03-12,Delhi,North West Delhi,110042,224,-0.021726796519354608
2025-03-12,Gujarat,Surat,394210,192,-0.007254718515571579
2025-03-12,Uttar Pradesh,Balrampur,271604,217,-0.022947945978896045
2025-03-12,Uttar Pradesh,Pilibhit,262122,211,-0.020025035715226847
2025-03-12,Uttar Pradesh,Rampur,244901,224,-0.021239646370350584
2025-03-12,Uttar Pradesh,Saharanpur,247001,216,-0.014936596842038075
2025-03-12,Uttar Pradesh,Meerut,250002,261,-0.05079749745836981
2025-03-12,Madhya Pradesh,Sehore,466116,189,-0.000465509007914644
2025-03-12,Maharashtra,Jalna,431203,212,-0.013008324061041576
2025-03-12,Chhattisgarh,Kondagaon,494226,238,-0.032271945611942354
2025-03-12,Chhattisgarh,Mungeli,495334,204,-0.018457055819455892
2025-03-12,Chhattisgarh,Raigarh,496001,195,-0.000600954185116076
2025-03-12,Delhi,West Delhi,110059,232,-0.032766562589329085
2025-04-12,Maharashtra,Sangli,416416,213,-0.0008050435307445092
2025-04-12,Maharashtra,Washim,444505,238,-0.025818573778312426
2025-04-12,Uttar Pradesh,Hardoi,241001,225,-0.0184038937659331
2025-04-12,Uttar Pradesh,Kushinagar,274304,228,-0.02180741427423316
2025-04-12,Chhattisgarh,Baloda Bazar,493228,197,-0.0019007539107849247
2025-04-12,Chhattisgarh,Bastar,494001,224,-0.019503884726343235
2025-04-12,Chhattisgarh,Bilaspur,495001,257,-0.038702697071135495
2025-04-12,Haryana,Faridabad,121001,203,-0.002849197345988319
2025-04-12,Haryana,Mewat,122508,231,-0.0234009097107174
2025-04-12,Rajasthan,Nagaur,341001,211,-0.01215384415516374
2025-04-12,Rajasthan,Sirohi,307026,207,-0.01225357328637866
2025-04-12,Madhya Pradesh,Indore,452001,268,-0.039671714719169304
2025-04-12,Maharashtra,Ahmadnagar,414001,201,-0.004269777264928831
2025-04-12,Uttar Pradesh,Kheri,262804,218,-0.009970967640302586
2025-04-12,Uttar Pradesh,Pilibhit,262122,229,-0.01937468391437036
2025-04-12,Uttar Pradesh,Saharanpur,247001,242,-0.03125852620936331
2025-04-12,Uttarakhand,Udham Singh Nagar,262308,190,-3.246410618440443e-06
2025-04-12,Madhya Pradesh,Barwani,451666,215,-0.003649771308054328
2025-04-12,Madhya Pradesh,Burhanpur,450331,246,-0.02827314029094463
2025-04-12,Madhya Pradesh,Morena,476001,207,-0.007578211516322431
2025-04-12,Maharashtra,Nashik,422003,235,-0.022912627262730467
2025-04-12,Maharashtra,Solapur,413002,215,-0.01707893388311732
2025-04-12,Chhattisgarh,Dhamtari,493773,259,-0.040200618654171905
2025-04-12,Chhattisgarh,Dhamtari,493778,209,-0.013116171182790404
2025-04-12,Chhattisgarh,Mungeli,495334,212,-0.01215384415516374
2025-04-12,Chhattisgarh,Raipur,492001,231,-0.016594927350783495
2025-04-12,Uttar Pradesh,Budaun,243601,208,-0.010712793027368384
2025-04-12,Uttar Pradesh,Hapur,245101,206,-0.010712793027368384
2025-04-12,Uttar Pradesh,Meerut,250002,288,-0.04770642571010231
2025-04-12,Maharashtra,Thane,400612,254,-0.035715959754733295
2025-04-12,Punjab,Amritsar,143001,215,-0.005702240268603331
2025-04-12,Rajasthan,Alwar,301001,205,-0.009274663919488835
2025-04-12,Madhya Pradesh,Indore,452002,194,-0.0011801740182817433
2025-04-12,Maharashtra,Hingoli,431513,222,-0.009373989019152873
2025-04-12,Uttar Pradesh,Pilibhit,262001,258,-0.03172351344113611
2025-04-12,Chhattisgarh,Kondagaon,494226,278,-0.04468321168522871
2025-04-12,Delhi,North East Delhi,110094,281,-0.04770642571010231
2025-04-12,Delhi,West Delhi,110059,221,-0.015627896149021048
2025-04-12,Chhattisgarh,Raigarh,496001,222,-0.011292412713231115
2025-04-12,Gujarat,Surat,394210,244,-0.02827314029094463
2025-04-12,Haryana,Palwal,121102,229,-0.021320209598807538
2025-04-12,Maharashtra,Solapur,413304,246,-0.023271007678702715
2025-04-12,Maharashtra,Hingoli,431705,231,-0.02034678859866257
2025-04-12,Uttar Pradesh,Siddharthnagar,272153,215,-0.013697755002782697
2025-04-12,Uttar Pradesh,Unnao,209801,209,-0.015527693569984291
2025-05-12,Uttar Pradesh,Firozabad,283203,182,-0.015882405474390127
2025-05-12,Madhya Pradesh,Dewas,455001,206,-0.030736024495294667
2025-05-12,Maharashtra,Chandrapur,442401,198,-0.02974987088879133
2025-05-12,Maharashtra,Hingoli,431512,178,-0.013613204633966425
2025-05-12,Punjab,Bathinda,151001,187,-0.02679940406028858
2025-05-12,Uttar Pradesh,Saharanpur,247001,192,-0.02561532319287585
2025-05-12,Uttar Pradesh,Varanasi,221001,180,-0.022402150468380344
2025-05-12,Uttarakhand,Haridwar,247656,173,-0.00777649186016649
2025-05-12,Assam,Nagaon,782124,202,-0.033708649014439485
2025-05-12,Chhattisgarh,Balod,491227,171,-0.011208147889265607
2025-05-12,Chhattisgarh,Durg,491001,227,-0.04770642571010231
2025-05-12,Delhi,North West Delhi,110085,162,-0.010728112106964893
2025-05-12,Gujarat,Panchmahals,389001,194,-0.030248896284177706
2025-05-12,Chhattisgarh,Kondagaon,494226,208,-0.03519026667639158
2025-05-12,Chhattisgarh,Rajnandgaon,491441,197,-0.02679940406028858
2025-05-12,Gujarat,Surat,394210,233,-0.04821148897901406
2025-05-12,Haryana,Faridabad,121001,155,-0.00689949574967097
2025-05-12,Rajasthan,Bikaner,334001,169,-0.006280303854650726
2025-05-12,Madhya Pradesh,Jabalpur,482001,195,-0.02925729427340762
2025-05-12,Uttar Pradesh,Kheri,262804,165,-0.009289951936581886
2025-05-12,Chhattisgarh,Dhamtari,493773,191,-0.02463609409313894
2025-05-12,Chhattisgarh,Dhamtari,493778,158,-0.00881121354046599
2025-05-12,Chhattisgarh,Raipur,492001,237,-0.04972873071848083
2025-05-12,Delhi,North East Delhi,110053,170,-0.003900011899123812
2025-05-12,Gujarat,Banaskantha,385001,160,-0.013669526732157045
2025-05-12,Maharashtra,Jalna,431203,201,-0.03222389120069269
2025-05-12,Maharashtra,Solapur,413304,171,-0.018989798918533585
2025-05-12,Maharashtra,Yavatmal,445204,179,-0.015122573878524892
2025-05-12,Nagaland,Dimapur,797112,172,-0.018504499958335696
2025-05-12,Uttar Pradesh,Bahraich,271865,177,-0.01554311664779906
2025-05-12,Uttar Pradesh,Pilibhit,262122,190,-0.02365818916330109
2025-05-12,Uttarakhand,Udham Singh Nagar,263148,183,-0.017478258743874986
2025-05-12,Chhattisgarh,Bastar,494001,187,-0.022884033771281453
2025-05-12,Chhattisgarh,Bemetara,491335,210,-0.04017133997314326
2025-05-12,Chhattisgarh,Bilaspur,495001,176,-0.015399208222998118
2025-05-12,Chhattisgarh,Kawardha,491559,172,-0.004439266149065091
2025-05-12,Chhattisgarh,Mungeli,495334,167,-0.009147303725595246
2025-05-12,Gujarat,Patan,384265,163,-0.012169194360377222
2025-05-12,Madhya Pradesh,Burhanpur,450331,225,-0.04317620074661077
2025-05-12,Madhya Pradesh,Indore,452010,188,-0.024839069831445904
2025-05-12,Maharashtra,Thane,400612,216,-0.04368442602847955
2025-05-12,Maharashtra,Thane,421301,216,-0.04017753868407559
2025-05-12,Maharashtra,Washim,444505,151,-0.0010542703248133112
2025-05-12,Maharashtra,Yavatmal,445304,189,-0.02078060157089867
2025-05-12,Uttar Pradesh,Pilibhit,262001,175,-0.010585174060447344
2025-05-12,Uttar Pradesh,Shahjahanpur,242001,170,-0.008668661810664169
2025-05-12,Uttarakhand,Udham Singh Nagar,263153,166,-0.0024202602030375386
2025-05-12,Chhattisgarh,Baloda Bazar,493118,161,-0.0034679035185708473
2025-05-12,Chhattisgarh,Kabeerdham,491995,164,-0.0021075203654712382
2025-05-12,Chhattisgarh,Kawardha,491995,207,-0.030736024495294667
2025-05-12,Delhi,North East Delhi,110094,254,-0.06425958949420452
2025-05-12,Haryana,Panipat,132103,185,-0.01754089528257141
2025-05-12,Uttar Pradesh,Balrampur,271604,177,-0.021421225033950164
2025-05-12,Uttar Pradesh,Meerut,250002,171,-0.008668661810664169
2025-05-12,Uttarakhand,Udham Singh Nagar,262405,160,-0.010248401000457208
2025-05-12,Punjab,Patiala,147001,194,-0.025818573778312315
2025-05-12,Maharashtra,Nashik,423203,215,-0.03718482635779552
2025-06-12,Maharashtra,Ahmadnagar,414001,196,-0.0009714430702681964
2025-06-12,Chhattisgarh,Bastar,494001,208,-0.004292205855609077
2025-06-12,Delhi,North East Delhi,110053,211,-0.0061210183100837146
2025-06-12,Uttar Pradesh,Pilibhit,262001,204,-0.011687928101376643
2025-06-12,Madhya Pradesh,Dewas,455001,213,-0.02421951306339254
2025-06-12,Punjab,Patiala,147001,213,-0.023730676946903118
2025-06-12,Assam,Nagaon,782124,222,-0.013308774816777835
2025-06-12,Delhi,West Delhi,110059,199,-0.0075527397767939375
2025-06-12,Uttar Pradesh,Firozabad,283203,189,-0.0018432489883557501
2025-06-12,Madhya Pradesh,Burhanpur,450331,197,-0.01547086703104339
2025-06-12,Maharashtra,Thane,400604,201,-0.011965070487323315
2025-06-12,Uttar Pradesh,Rampur,244901,192,-0.002791614556800326
2025-06-12,Chhattisgarh,Durg,491001,188,-0.0018432489883557501
2025-06-12,Maharashtra,Wardha,442001,209,-0.01389051603995295
2025-06-12,Maharashtra,Thane,400612,234,-0.02349497624809649
2025-07-12,Uttar Pradesh,Rampur,244901,204,-0.01831576612145247
2025-07-12,Uttar Pradesh,Shahjahanpur,242001,196,-0.004863393029942875
2025-07-12,Madhya Pradesh,Jabalpur,482001,238,-0.022694147175645663
2025-07-12,Chhattisgarh,Mungeli,495334,212,-0.0064377666894527286
2025-07-12,Madhya Pradesh,Dewas,455001,242,-0.022694147175645663
2025-07-12,Chhattisgarh,Durg,491001,224,-0.022206342751787456
2025-07-12,Chhattisgarh,Raipur,492001,199,-0.013482065532486764
2025-07-12,Uttar Pradesh,Saharanpur,247001,198,-0.0024878862881952957
2025-07-12,Uttar Pradesh,Aligarh,202001,244,-0.029558177102214755
2025-07-12,Madhya Pradesh,Indore,452001,190,-0.010597504287908843
2025-07-12,Chhattisgarh,Dhamtari,493773,196,-0.0016101991547025074
2025-07-12,Maharashtra,Thane,421302,218,-0.015894827811281265
2025-08-12,Chhattisgarh,Bilaspur,495001,190,-0.00822355607355485
2025-08-12,Chhattisgarh,Kondagaon,494226,197,-0.005910222168505008
2025-08-12,Chhattisgarh,Raipur,492001,253,-0.036355043975091816
2025-08-12,Gujarat,Surat,394210,207,-0.014317674645899059
2025-08-12,Haryana,Panipat,132103,213,-0.021852800673314854
2025-08-12,Madhya Pradesh,Jabalpur,482001,256,-0.036355043975091816
2025-08-12,Uttar Pradesh,Moradabad,244001,281,-0.056122389329054
2025-08-12,Punjab,Patiala,147001,224,-0.02745950103972028
2025-08-12,Uttar Pradesh,Shahjahanpur,242001,200,-0.024518313161819738
2025-08-12,Chhattisgarh,Bilaspur,495551,171,-0.00021401304916679464
2025-08-12,Delhi,West Delhi,110059,183,-0.005360298571484123
2025-08-12,Gujarat,Banaskantha,385535,186,-0.012872235918200525
2025-08-12,Uttar Pradesh,Saharanpur,247001,191,-0.005360298571484123
2025-08-12,Maharashtra,Jalna,431203,194,-0.00977026919256574
2025-08-12,Maharashtra,Nanded,431712,169,-0.002107613110184814
2025-08-12,Maharashtra,Thane,400612,207,-0.014478715748884152
2025-08-12,Chhattisgarh,Dhamtari,493773,189,-0.007745538942259822
2025-08-12,Chhattisgarh,Mungeli,495334,234,-0.023540567502130183
2025-08-12,Chhattisgarh,Surguja,497001,179,-0.004481831235369271
2025-08-12,Madhya Pradesh,Burhanpur,450331,190,-0.01383553571191043
2025-08-12,Maharashtra,Nashik,423203,219,-0.02158904088656377
2025-08-12,Assam,Nagaon,782124,228,-0.025864212909555206
