date,state,district,pincode,total,anomaly_score
2025-10-26,Delhi,North East Delhi,110094,31,-0.008696704404592581
2025-10-26,Uttar Pradesh,Balrampur,271604,20,-0.007382868169902523
2025-10-26,West Bengal,Uttar Dinajpur,733202,30,-0.006372893659678858
2025-10-27,Bihar,East Champaran,845303,9,-0.006228283730559503
2025-10-27,Delhi,West Delhi,110059,26,-0.042710009176712416
2025-10-27,Uttar Pradesh,Agra,282001,19,-0.02664849205136144
2025-10-27,Uttar Pradesh,Bahraich,271851,33,-0.05196666531862937
2025-10-27,Uttar Pradesh,Bahraich,271865,64,-0.11996700520538883
2025-10-27,Uttar Pradesh,Kheri,261502,30,-0.024886922037285597
2025-10-27,Uttar Pradesh,Kheri,262723,38,-0.020237826734028186
2025-10-27,Uttar Pradesh,Pratapgarh,230204,13,-0.011694959766021307
2025-10-27,West Bengal,Uttar Dinajpur,733210,38,-0.02671044405218781
2025-10-27,Madhya Pradesh,Shivpuri,473995,18,-0.016870188863318147
2025-10-27,Meghalaya,West Khasi Hills,793119,25,-0.05108181866898409
2025-10-27,Uttar Pradesh,Bahraich,271830,25,-0.034840950035703644
2025-10-27,Gujarat,Gir Somnath,362265,9,-0.002073753716396287
2025-10-27,Assam,Karbi Anglong,782441,15,-0.016870188863318147
2025-10-27,Madhya Pradesh,Morena,476444,9,-0.002073753716396287
2025-10-27,Madhya Pradesh,Shivpuri,473585,24,-0.008559369910033365
2025-10-27,Madhya Pradesh,Shivpuri,473990,28,-0.008559369910033365
2025-10-27,Meghalaya,East Jaintia Hills,793200,23,-0.03315965608557825
2025-10-27,Meghalaya,East Khasi Hills,793121,29,-0.038114051685464
2025-10-27,Uttar Pradesh,Budaun,243638,17,-0.017654552994328943
2025-10-27,Uttar Pradesh,Hardoi,241124,14,-0.0427874399506899
2025-10-27,Meghalaya,East Garo Hills,794111,18,-0.03233210836163736
2025-10-27,Meghalaya,West Garo Hills,794104,36,-0.015663583837134953
2025-10-27,Punjab,Kapurthala,144601,16,-0.004382996137120676
2025-10-27,Punjab,Ludhiana,141003,11,-0.0009701173941132346
2025-10-27,Assam,Kamrup,781380,14,-0.019244471732941526
2025-10-27,Assam,Kamrup,781381,12,-0.005301339135033389
2025-10-27,Bihar,Araria,854311,35,-0.010964149674347334
2025-10-27,Bihar,Madhubani,847409,7,-0.0007560623598447114
2025-10-27,Bihar,West Champaran,845452,16,-0.0167124302641255
2025-10-27,Uttar Pradesh,Siddharthnagar,272192,21,-0.02856185862018157
2025-10-27,Madhya Pradesh,Indore,452001,13,-0.008464728961181889
2025-10-27,Madhya Pradesh,Jhabua,457661,20,-0.03735226082936283
2025-10-27,Meghalaya,East Khasi Hills,793009,14,-0.008199463633546178
2025-10-27,Meghalaya,East Khasi Hills,793015,25,-0.03885384933593128
2025-10-27,Meghalaya,East Khasi Hills,793108,9,-0.00178560477370715
2025-10-27,Bihar,Saran,841216,21,-0.0002240559863043723
2025-10-27,Bihar,West Champaran,845306,12,-0.012583650944963942
2025-10-27,Gujarat,Gir Somnath,362720,15,-0.004382996137120676
2025-10-27,Uttar Pradesh,Bahraich,271855,99,-0.11619012731880829
2025-10-27,Uttar Pradesh,Ghaziabad,201001,22,-0.036285060436225924
2025-10-28,Meghalaya,East Khasi Hills,793110,18,-0.015587003815234146
2025-10-28,Meghalaya,South West Khasi Hills,793114,16,-0.013388355842509636
2025-10-28,Uttar Pradesh,Aligarh,202001,27,-0.010352749968992048
2025-10-28,Uttar Pradesh,Hardoi,241001,22,-0.015016245299614872
2025-10-28,Meghalaya,East Khasi Hills,793121,78,-0.045327804908885216
2025-10-28,Uttar Pradesh,Moradabad,244001,36,-0.015591986757588328
2025-10-28,Madhya Pradesh,Jhabua,457993,16,-0.01706447510629272
2025-10-28,Manipur,Churachandpur,795128,18,-0.015350362153543351
2025-10-28,Meghalaya,East Khasi Hills,793005,18,-7.719624812019266e-05
2025-10-28,Uttar Pradesh,Bahraich,271865,31,-0.052484819609487365
2025-10-28,Assam,Karbi Anglong,782441,12,-0.01726649928751467
2025-10-28,Delhi,West Delhi,110059,28,-0.0043355320934787
2025-10-28,Haryana,Panipat,132103,28,-0.03394653194350128
2025-10-28,Meghalaya,West Khasi Hills,793119,81,-0.03960771660701057
2025-10-28,Rajasthan,Bharatpur,321001,20,-0.010801733644737244
2025-10-28,Rajasthan,Sirohi,307026,17,-0.02422620063284331
2025-10-28,Uttar Pradesh,Bahraich,271855,50,-0.09326923049540814
2025-10-28,Madhya Pradesh,Morena,476224,32,-0.05618015611747207
2025-10-28,West Bengal,Uttar Dinajpur,733202,36,-0.018989279955927252
2025-10-28,West Bengal,Uttar Dinajpur,733207,32,-0.004004085025701931
2025-10-28,Madhya Pradesh,Jhabua,457661,37,-0.06755093208322205
2025-10-28,Uttar Pradesh,Agra,282001,24,-0.023341208024279747
2025-10-28,Uttar Pradesh,Etawah,206001,15,-0.004730255776146497
2025-10-28,Uttar Pradesh,Meerut,250002,28,-0.018261901208875497
2025-10-29,Uttar Pradesh,Balrampur,271208,23,-0.018039070427507853
2025-10-29,West Bengal,South 24 Parganas,743337,30,-0.001412592609413732
2025-10-29,Uttar Pradesh,Sitapur,261205,14,-0.0007525961901623246
2025-10-29,Uttar Pradesh,Meerut,250002,47,-0.03257796017855619
2025-10-29,West Bengal,Uttar Dinajpur,733207,35,-0.005286430270782683
2025-10-29,Uttar Pradesh,Bahraich,271855,46,-0.06706273399189744
2025-10-29,Uttar Pradesh,Muzaffarnagar,251001,40,-0.007421193673830873
2025-10-29,Uttar Pradesh,Rampur,244901,38,-3.901315092136315e-05
2025-10-29,Uttar Pradesh,Saharanpur,247001,38,-0.024561973031591244
2025-10-29,Delhi,West Delhi,110059,28,-0.0009521280078672589
2025-10-29,West Bengal,Uttar Dinajpur,733215,33,-0.0008224616916289174
2025-10-30,Madhya Pradesh,Barwani,451770,41,-0.014127182883293843
2025-10-30,Madhya Pradesh,Damoh,470775,45,-0.05563989550922577
2025-10-30,Madhya Pradesh,Dewas,455001,128,-0.04669702106047258
2025-10-30,Madhya Pradesh,Hoshangabad,461775,35,-0.0005569299549458284
2025-10-30,Madhya Pradesh,Indore,452010,55,-0.026244215193159004
2025-10-30,Madhya Pradesh,Jhabua,457777,51,-0.07121931219672151
2025-10-30,Madhya Pradesh,Katni,483501,92,-0.050143991733448856
2025-10-30,Madhya Pradesh,Katni,483880,20,-0.012506101151017468
2025-10-30,Madhya Pradesh,Khargone,451441,74,-0.09757173841994782
2025-10-30,Madhya Pradesh,Panna,488220,77,-0.05521648064595697
2025-10-30,Madhya Pradesh,Panna,488442,43,-0.019307889541852696
2025-10-30,Madhya Pradesh,Sagar,470002,41,-0.06313752473862233
2025-10-30,Maharashtra,Aurangabad,431001,108,-0.05609119852325095
2025-10-30,Maharashtra,Jalna,431203,44,-0.022264486940398842
2025-10-30,Maharashtra,Thane,400612,65,-0.04571516708783119
2025-10-30,Maharashtra,Thane,401107,53,-0.03403596977159218
2025-10-30,Maharashtra,Thane,421302,80,-0.07071163329807706
2025-10-30,Rajasthan,Alwar,301026,28,-0.011934505320705613
2025-10-30,Rajasthan,Bharatpur,321001,56,-0.036768692400745984
2025-10-30,Rajasthan,Bikaner,334001,54,-0.07427260943484193
2025-10-30,Gujarat,Surat,394210,26,-0.0017204453189264557
2025-10-30,Telangana,Hyderabad,500013,36,-0.03649846348347663
2025-10-30,Uttar Pradesh,Aligarh,202001,127,-0.09809759664738826
2025-10-30,Uttar Pradesh,Amethi,227809,19,-0.00048050715818215295
2025-10-30,Uttar Pradesh,Bareilly,243123,30,-0.042664464946866376
2025-10-30,Uttar Pradesh,Basti,272130,32,-0.0014496346722374653
2025-10-30,Uttar Pradesh,Basti,272163,37,-0.030694830999976275
2025-10-30,Uttar Pradesh,Bijnor,246701,58,-0.035002009076508744
2025-10-30,Uttar Pradesh,Bijnor,246725,46,-0.020253985721505274
2025-10-30,Uttar Pradesh,Bijnor,246731,42,-0.014018774161110303
2025-10-30,Uttar Pradesh,Bulandshahr,203001,64,-0.04033865513989754
2025-10-30,Uttar Pradesh,Etah,207001,47,-0.022624834769876645
2025-10-30,Uttar Pradesh,Gautam Buddha Nagar,201306,41,-0.004903250984516161
2025-10-30,Uttar Pradesh,Gautam Buddha Nagar,203207,53,-0.038592338241447255
2025-10-30,Uttar Pradesh,Hardoi,241001,77,-0.05820468206367224
2025-10-30,Uttar Pradesh,Jaunpur,222001,58,-0.03087805989047454
2025-10-30,Uttar Pradesh,Jhansi,284204,51,-0.03355344010480876
2025-10-30,Uttar Pradesh,Lucknow,226005,25,-0.0017204453189264557
2025-10-30,Uttar Pradesh,Muzaffarnagar,251001,98,-0.11457693316909479
2025-10-30,Uttar Pradesh,Pilibhit,262122,56,-0.06969730538581043
2025-10-30,Uttar Pradesh,Pratapgarh,230204,37,-0.008984890247713206
2025-10-30,Uttar Pradesh,Saharanpur,247001,154,-0.06875943509180216
2025-10-30,Uttar Pradesh,Sitapur,261135,53,-0.03086184532933023
2025-10-30,Uttar Pradesh,Sultanpur,227808,23,-0.0147417114777193
2025-10-30,Uttar Pradesh,Varanasi,221001,59,-0.04260686261973834
2025-10-30,West Bengal,Howrah,711315,51,-0.02767793313330358
2025-10-30,West Bengal,Murshidabad,742224,75,-0.018373451100517024
2025-10-30,West Bengal,Uttar Dinajpur,733208,82,-0.053111559438548395
2025-10-30,Assam,Kamrup Metro,781025,18,-0.0015111627794611726
2025-10-30,Assam,Nagaon,782122,44,-0.041430819362566984
2025-10-30,Madhya Pradesh,Alirajpur,457990,61,-0.04033865513989754
2025-10-30,Madhya Pradesh,Dhar,454446,54,-0.026244215193159004
2025-10-30,Madhya Pradesh,Indore,452002,35,-0.03746783722301006
2025-10-30,Madhya Pradesh,Katni,483440,29,-0.01615700261047659
2025-10-30,Bihar,Madhubani,847408,48,-0.027984417650399607
2025-10-30,Bihar,Muzaffarpur,843113,20,-0.006933973767847212
2025-10-30,Bihar,Purnia,854301,20,-0.005327537231885615
2025-10-30,Chhattisgarh,Bastar,494001,56,-0.03580026408504555
2025-10-30,Delhi,East Delhi,110092,43,-0.041430819362566984
2025-10-30,Delhi,North West Delhi,110086,53,-0.02767793313330358
2025-10-30,Delhi,South Delhi,110044,51,-0.015018013149046827
2025-10-30,Delhi,West Delhi,110059,77,-0.08196030107391461
2025-10-30,Gujarat,Surat,395010,44,-0.020253985721505274
2025-10-30,Jammu and Kashmir,Anantnag,192101,25,-0.001050644784042265
2025-10-30,Jammu and Kashmir,Bandipore,193502,27,-0.005751808514727674
2025-10-30,Jharkhand,Jamtara,815352,69,-0.04228912219742609
2025-10-30,Madhya Pradesh,Panna,488333,51,-0.027984417650399607
2025-10-30,Madhya Pradesh,Panna,488441,48,-0.05862981928075128
2025-10-30,Madhya Pradesh,Ratlam,457001,59,-0.019732199259540617
2025-10-30,Madhya Pradesh,Sagar,470221,18,-0.00018997601230297256
2025-10-30,Punjab,Ludhiana,141007,32,-0.030709686790403645
2025-10-30,Rajasthan,Alwar,301001,76,-0.052616127853967076
2025-10-30,Rajasthan,Churu,331001,40,-0.011785032240066218
2025-10-30,Rajasthan,Jalor,343041,61,-0.03087805989047454
2025-10-30,Uttar Pradesh,Agra,282001,73,-0.07529313271407745
2025-10-30,Uttar Pradesh,Amroha,244221,44,-0.0208417458471436
2025-10-30,Uttar Pradesh,Baghpat,250611,50,-0.025134730710629438
2025-10-30,Uttar Pradesh,Bahraich,271801,39,-0.02365687879691203
2025-10-30,Uttar Pradesh,Bahraich,271865,81,-0.09547185978687844
2025-10-30,Uttar Pradesh,Bareilly,243001,52,-0.06364007736507937
2025-10-30,Uttar Pradesh,Bareilly,243503,43,-0.06554915547618168
2025-10-30,Uttar Pradesh,Bijnor,246762,54,-0.02767793313330358
2025-10-30,Uttar Pradesh,Budaun,243638,26,-0.0065470763309294355
2025-10-30,Uttar Pradesh,Chitrakoot,210205,61,-0.040655536809488635
2025-10-30,Uttar Pradesh,Chitrakoot,210209,65,-0.04669702106047258
2025-10-30,Uttar Pradesh,Firozabad,283203,66,-0.04571516708783119
2025-10-30,Uttar Pradesh,Hapur,245101,80,-0.05621120023879511
2025-10-30,Uttar Pradesh,Hathras,204101,46,-0.026550078251483922
2025-10-30,Uttar Pradesh,Kanpur Nagar,208011,31,-0.013075266083153458
2025-10-30,Uttar Pradesh,Kasganj,207243,22,-0.012877240987415828
2025-10-30,Uttar Pradesh,Kheri,262804,42,-0.019894854864450084
2025-10-30,Uttar Pradesh,Lucknow,226003,100,-0.06623277953725015
2025-10-30,Uttar Pradesh,Meerut,250001,68,-0.046034415931093586
2025-10-30,Uttar Pradesh,Muzaffarnagar,251002,56,-0.09128911312247612
2025-10-30,Uttar Pradesh,Muzaffarnagar,251309,55,-0.03568359210017702
2025-10-30,Uttar Pradesh,Rampur,244921,43,-0.020368140192432715
2025-10-30,Uttar Pradesh,Saharanpur,247341,48,-0.029901404591912262
2025-10-30,Uttar Pradesh,Sambhal,202421,33,-0.017971941281979098
2025-10-30,Uttar Pradesh,Shahjahanpur,242001,86,-0.05820468206367224
2025-10-30,Uttar Pradesh,Shamli,247774,43,-0.020253985721505274
2025-10-30,Uttar Pradesh,Unnao,209801,60,-0.04260686261973834
2025-10-30,West Bengal,Howrah,711401,38,-0.005625296015243864
2025-10-30,West Bengal,Malda,732124,40,-0.011785032240066218
2025-10-30,West Bengal,Murshidabad,742213,55,-0.02767793313330358
2025-10-30,West Bengal,North 24 Parganas,743423,31,-0.010417519447210255
2025-10-30,West Bengal,South 24 Parganas,743312,58,-0.037907982695556286
2025-10-30,West Bengal,South 24 Parganas,743368,52,-0.006206289840932633
2025-10-30,West Bengal,South 24 Parganas,743376,59,-0.019732199259540617
2025-10-30,West Bengal,South 24 Parganas,743399,47,-0.02013516152316619
2025-10-30,West Bengal,South 24 Parganas,743502,64,-0.04228912219742609
2025-10-30,West Bengal,Uttar Dinajpur,733201,66,-0.04131322883910293
2025-10-30,Jammu and Kashmir,Doda,182203,99,-0.05908295809113884
2025-10-30,Karnataka,Bengaluru,560068,20,-0.017203234385023913
2025-10-30,Madhya Pradesh,Alirajpur,457888,39,-0.008480808223914948
2025-10-30,Madhya Pradesh,Ashok Nagar,473335,20,-0.005327537231885615
2025-10-30,Madhya Pradesh,Barwani,451551,36,-0.0028501088956490728
2025-10-30,Madhya Pradesh,Chhatarpur,471515,47,-0.022624834769876645
2025-10-30,Madhya Pradesh,Chhindwara,480441,44,-0.023064066366505154
2025-10-30,Madhya Pradesh,Dewas,455336,70,-0.009929609060284394
2025-10-30,Madhya Pradesh,Morena,476001,53,-0.015018013149046827
2025-10-30,Madhya Pradesh,Panna,488001,62,-0.08041651475580192
2025-10-30,Madhya Pradesh,Satna,485773,50,-0.027984417650399607
2025-10-30,Madhya Pradesh,Singrauli,486886,111,-0.04669702106047258
2025-10-30,Maharashtra,Nashik,423203,90,-0.07529313271407745
2025-10-30,Punjab,Ludhiana,141003,48,-0.06163190537119134
2025-10-30,Rajasthan,Alwar,301405,28,-0.006229865266980883
2025-10-30,Rajasthan,Bikaner,331803,35,-0.03876677620681823
2025-10-30,Rajasthan,Jaisalmer,345001,38,-0.0021309890781463503
2025-10-30,Uttar Pradesh,Amroha,244241,36,-0.006660106236985208
2025-10-30,Uttar Pradesh,Chitrakoot,210207,41,-0.01612007803490456
2025-10-30,Uttar Pradesh,Fatehpur,212601,64,-0.04407382651909186
2025-10-30,Uttar Pradesh,Gautam Buddha Nagar,201301,71,-0.0722357010410315
2025-10-30,Uttar Pradesh,Ghaziabad,201102,79,-0.05621120023879511
2025-10-30,Uttar Pradesh,Gonda,271001,40,-0.0016700385837731258
2025-10-30,Uttar Pradesh,Hardoi,241301,36,-0.007124434085250764
2025-10-30,Uttar Pradesh,Kanpur Nagar,208021,44,-0.045658945875357126
2025-10-30,Uttar Pradesh,Kasganj,207242,28,-0.04012496943259858
2025-10-30,Uttar Pradesh,Lucknow,226010,47,-0.02464214889412497
2025-10-30,Uttar Pradesh,Lucknow,226021,43,-0.05852626874273559
2025-10-30,Uttar Pradesh,Mainpuri,205001,53,-0.038592338241447255
2025-10-30,Uttar Pradesh,Meerut,250002,147,-0.06977249304461286
2025-10-30,Uttar Pradesh,Meerut,250404,34,-0.020808640520981858
2025-10-30,Uttar Pradesh,Moradabad,244001,166,-0.08557467843049105
2025-10-30,Uttar Pradesh,Shamli,247775,67,-0.04866471935779837
2025-10-30,Uttar Pradesh,Sultanpur,228001,36,-0.05250148766262541
2025-10-30,Uttar Pradesh,Unnao,241504,40,-0.007140106736126306
2025-10-30,West Bengal,Malda,732201,59,-0.03985186260470752
2025-10-30,West Bengal,Murshidabad,742201,72,-0.042777564307079685
2025-10-30,West Bengal,Murshidabad,742202,103,-0.02781988038538008
2025-10-30,West Bengal,South 24 Parganas,743355,77,-0.04669702106047258
2025-10-30,West Bengal,Uttar Dinajpur,733202,156,-0.06977249304461286
2025-10-30,West Bengal,Uttar Dinajpur,733210,114,-0.06774774705421105
2025-10-30,West Bengal,Uttar Dinajpur,733215,77,-0.04718844650330256
2025-10-30,Assam,Darrang,784115,28,-0.029593881261907207
2025-10-30,Assam,Darrang,784125,29,-0.012740555889008354
2025-10-30,Assam,Sonitpur,784027,45,-0.020253985721505274
2025-10-30,Bihar,Muzaffarpur,842002,18,-0.007256374245563801
2025-10-30,Bihar,Sitamarhi,843302,37,-0.006675768287546124
2025-10-30,Chhattisgarh,Bilaspur,495001,48,-0.013141251347312588
2025-10-30,Delhi,North East Delhi,110053,47,-0.02013516152316619
2025-10-30,Assam,Marigaon,782127,33,-0.04674260637471417
2025-10-30,Bihar,Araria,854311,69,-0.04866471935779837
2025-10-30,Bihar,Araria,854333,35,-0.0010062331233714472
2025-10-30,Chhattisgarh,Bilaspur,495551,45,-0.00027071571436665387
2025-10-30,Chhattisgarh,Kondagaon,494226,51,-0.03355344010480876
2025-10-30,Delhi,North East Delhi,110094,112,-0.06522450818859493
2025-10-30,Delhi,South West Delhi,110045,33,-0.010362968202038969
2025-10-30,Haryana,Faridabad,121004,86,-0.04669702106047258
2025-10-30,Haryana,Panipat,132103,83,-0.053653345498112404
2025-10-30,Madhya Pradesh,Barwani,451666,84,-0.05970333792921301
2025-10-30,Madhya Pradesh,Chhatarpur,471525,49,-0.02464214889412497
2025-10-30,Madhya Pradesh,Chhindwara,480559,19,-0.008230386139785106
2025-10-30,Madhya Pradesh,Guna,473001,70,-0.03779585661283613
2025-10-30,Madhya Pradesh,Gwalior,475110,35,-0.05697176216466615
2025-10-30,Madhya Pradesh,Indore,452016,54,-0.015018013149046827
2025-10-30,Madhya Pradesh,Jabalpur,483225,38,-0.011785032240066218
2025-10-30,Madhya Pradesh,Jabalpur,483334,51,-0.0321078083969597
2025-10-30,Madhya Pradesh,Jhabua,457661,159,-0.0723111434852568
2025-10-30,Madhya Pradesh,Jhabua,457993,47,-0.07365719157537953
2025-10-30,Madhya Pradesh,Raisen,464881,39,-0.05852626874273559
2025-10-30,Madhya Pradesh,Sagar,470001,70,-0.07682650924055134
2025-10-30,Madhya Pradesh,Sehore,466001,36,-0.015570514128529722
2025-10-30,Maharashtra,Dhule,424001,42,-0.05414947908741419
2025-10-30,Maharashtra,Nandurbar,425414,51,-0.0321078083969597
2025-10-30,Maharashtra,Palghar,401209,38,-0.04076993503233595
2025-10-30,Maharashtra,Parbhani,431509,36,-0.03222389695247152
2025-10-30,Maharashtra,Pune,412105,36,-0.007124434085250764
2025-10-30,Meghalaya,East Garo Hills,794111,20,-0.014858036096340621
2025-10-30,Meghalaya,West Garo Hills,794104,40,-0.0016700385837731258
2025-10-30,Punjab,Patiala,147001,41,-0.05563989550922577
2025-10-30,Rajasthan,Jodhpur,342001,75,-0.04669702106047258
2025-10-30,Uttar Pradesh,Saharanpur,247554,44,-0.025595468133456256
2025-10-30,Uttar Pradesh,Shamli,247776,60,-0.07733832678049302
2025-10-30,Uttarakhand,Dehradun,248001,83,-0.050143991733448856
2025-10-30,West Bengal,Cooch Behar,736135,45,-0.020253985721505274
2025-10-30,West Bengal,North 24 Parganas,743425,55,-0.026244215193159004
2025-10-30,West Bengal,South 24 Parganas,743347,43,-0.03892435954623841
2025-10-30,West Bengal,South 24 Parganas,743349,63,-0.05962916083645908
2025-10-30,West Bengal,Uttar Dinajpur,733134,37,-0.001074526079270166
2025-10-30,West Bengal,Uttar Dinajpur,733207,148,-0.06977249304461286
2025-10-30,Bihar,Katihar,855113,39,-0.011317552161367206
2025-10-30,Bihar,Kishanganj,855107,39,-0.00748168949746808
2025-10-30,Haryana,Ambala,134003,32,-0.0008554434571871328
2025-10-30,Jammu and Kashmir,Kulgam,192231,49,-0.006206289840932633
2025-10-30,Jharkhand,Sahebganj,816108,45,-0.010811761974904521
2025-10-30,Karnataka,Vijayapura,586101,19,-0.0011855430573830539
2025-10-30,Madhya Pradesh,Burhanpur,450331,75,-0.0732534661658697
2025-10-30,Madhya Pradesh,Dewas,455227,37,-0.005625296015243864
2025-10-30,Madhya Pradesh,Dhar,454001,52,-0.026244215193159004
2025-10-30,Madhya Pradesh,Indore,452001,59,-0.02863536309340864
2025-10-30,Madhya Pradesh,Jabalpur,482001,83,-0.01086300621742431
2025-10-30,Madhya Pradesh,Jabalpur,482003,42,-0.0180049124888908
2025-10-30,Madhya Pradesh,Jhabua,457779,66,-0.04800031856141662
2025-10-30,Madhya Pradesh,Katni,483775,35,-0.04658330786868281
2025-10-30,Madhya Pradesh,Morena,476221,28,-0.031415483749609674
2025-10-30,Madhya Pradesh,Sagar,470004,22,-0.018340389747603103
2025-10-30,Madhya Pradesh,Sidhi,486661,93,-0.039253045412519616
2025-10-30,Madhya Pradesh,Ujjain,456006,62,-0.014606886912408745
2025-10-30,Madhya Pradesh,Umaria,484660,49,-0.031145682796632768
2025-10-30,Madhya Pradesh,Vidisha,464221,50,-0.031145682796632768
2025-10-30,Maharashtra,Parbhani,431401,44,-0.00027071571436665387
2025-10-30,Maharashtra,Thane,421301,52,-0.026244215193159004
2025-10-30,Punjab,Ludhiana,141008,34,-0.04969633803025342
2025-10-30,Rajasthan,Barmer,344704,40,-0.00351571327596345
2025-10-30,Rajasthan,Nagaur,341001,40,-0.017061857635396138
2025-10-30,Rajasthan,Udaipur,313001,36,-0.002861032375440775
2025-10-30,Telangana,Hyderabad,500008,59,-0.02863536309340864
2025-10-30,Uttar Pradesh,Balrampur,271604,42,-0.01461240779786177
2025-10-30,Uttar Pradesh,Banda,210001,46,-0.0208417458471436
2025-10-30,Uttar Pradesh,Bareilly,243201,66,-0.040825777143699504
2025-10-30,Uttar Pradesh,Bareilly,243301,36,-0.007124434085250764
2025-10-30,Uttar Pradesh,Bareilly,243505,37,-0.008984890247713206
2025-10-30,Uttar Pradesh,Basti,272155,27,-0.02908605104552564
2025-10-30,Uttar Pradesh,Budaun,243601,55,-0.03086184532933023
2025-10-30,Uttar Pradesh,Bulandshahr,203131,44,-0.0208417458471436
2025-10-30,Uttar Pradesh,Kanpur Nagar,208001,86,-0.10549709208807034
2025-10-30,Uttar Pradesh,Lucknow,226002,41,-0.013658118673482988
2025-10-30,Uttar Pradesh,Meerut,250401,44,-0.022264486940398842
2025-10-30,Uttar Pradesh,Mirzapur,231001,48,-0.023214586614828336
2025-10-30,Uttar Pradesh,Rae Bareli,229001,68,-0.04800031856141662
2025-10-30,Uttar Pradesh,Rampur,244901,112,-0.06875943509180216
2025-10-30,Uttar Pradesh,Siddharthnagar,272153,46,-0.053054764743372895
2025-10-30,Uttar Pradesh,Sitapur,261001,45,-0.08093076206622829
2025-10-30,Uttarakhand,Nainital,263139,67,-0.06969730538581043
2025-10-30,West Bengal,Malda,732207,45,-0.00027071571436665387
2025-10-30,West Bengal,South 24 Parganas,743329,115,-0.06321205397505358
2025-10-30,West Bengal,South 24 Parganas,743338,63,-0.03585753344313691
2025-10-31,Madhya Pradesh,Burhanpur,450331,43,-0.026395585413502398
2025-10-31,Madhya Pradesh,Dewas,455001,56,-0.01916131754843786
2025-10-31,Madhya Pradesh,Indore,452015,31,-0.02290275725445612
2025-10-31,Madhya Pradesh,Jhabua,457779,41,-0.00753642515839259
2025-10-31,Madhya Pradesh,Sehore,466001,30,-0.010178858885621422
2025-10-31,Maharashtra,Aurangabad,431001,38,-0.006652341349420943
2025-10-31,Maharashtra,Thane,400612,34,-0.001520990681883716
2025-10-31,Maharashtra,Thane,421302,52,-0.034418658472831765
2025-10-31,Uttar Pradesh,Allahabad,212402,25,-0.03374453908267694
2025-10-31,Uttar Pradesh,Bahraich,271855,25,-0.034753152373730445
2025-10-31,Uttar Pradesh,Bahraich,271865,37,-0.04829427350616744
2025-10-31,Bihar,Madhubani,847108,33,-0.045499885102713744
2025-10-31,Haryana,Faridabad,121004,45,-0.01868727630229483
2025-10-31,Uttar Pradesh,Firozabad,283204,38,-0.018796414908208048
2025-10-31,Uttar Pradesh,Gautam Buddha Nagar,201301,47,-0.06403864604419363
2025-10-31,Uttar Pradesh,Ghaziabad,201001,44,-0.02544118420957442
2025-10-31,Uttar Pradesh,Ghaziabad,201102,54,-0.03552710041493212
2025-10-31,Uttar Pradesh,Hardoi,241402,27,-0.014639400057774532
2025-10-31,Uttar Pradesh,Meerut,250001,56,-0.0645418085632935
2025-10-31,Uttar Pradesh,Meerut,250401,35,-0.002904475472576107
2025-10-31,Uttar Pradesh,Moradabad,244001,87,-0.05350448050166212
2025-10-31,Uttar Pradesh,Saharanpur,247001,86,-0.06260566785072685
2025-10-31,Uttar Pradesh,Varanasi,221001,27,-0.0012273400598813433
2025-10-31,Karnataka,Bengaluru,560064,21,-0.013569420847837965
2025-10-31,Karnataka,Bengaluru,560068,31,-0.04359791557919279
2025-10-31,Madhya Pradesh,Dhar,454446,37,-0.049100988455314076
2025-10-31,Madhya Pradesh,Morena,476224,41,-0.017271788720400916
2025-10-31,Madhya Pradesh,Ratlam,457001,45,-0.026395585413502398
2025-10-31,Madhya Pradesh,Satna,485001,31,-0.01064556827934482
2025-10-31,Madhya Pradesh,Shahdol,484669,16,-0.0008138215354253076
2025-10-31,Bihar,Araria,854333,31,-0.026285051657800707
2025-10-31,Bihar,Saharsa,852124,25,-0.0008352696988022101
2025-10-31,Rajasthan,Bikaner,334001,27,-0.00896805986859095
2025-10-31,Uttar Pradesh,Bahraich,271801,22,-0.0098087534605944
2025-10-31,Uttar Pradesh,Balrampur,271604,36,-0.011434005341416142
2025-10-31,Uttar Pradesh,Muzaffarnagar,251001,43,-0.021064031232633562
2025-10-31,Uttar Pradesh,Rampur,244901,71,-0.049548276617222275
2025-10-31,Uttar Pradesh,Rampur,244927,28,-0.0012273400598813433
2025-10-31,Uttar Pradesh,Shahjahanpur,242001,40,-0.04369937124117207
2025-10-31,Uttar Pradesh,Shahjahanpur,242127,26,-0.007891142845916299
2025-10-31,West Bengal,North 24 Parganas,743423,20,-0.012632363921202705
2025-10-31,West Bengal,Uttar Dinajpur,733202,50,-0.06605334033110222
2025-10-31,Delhi,North East Delhi,110094,61,-0.06908562358955805
2025-10-31,Jammu and Kashmir,Bandipore,193502,22,-0.0098087534605944
2025-10-31,Madhya Pradesh,Alirajpur,457990,53,-0.0350435622107812
2025-10-31,Madhya Pradesh,Dhar,454001,28,-0.043097350730715744
2025-10-31,Madhya Pradesh,Katni,483501,50,-0.009364385640308281
2025-10-31,Madhya Pradesh,Morena,476221,33,-0.005587125690378558
2025-10-31,Madhya Pradesh,Sagar,470002,26,-0.022652776229632243
2025-10-31,Maharashtra,Nashik,423203,52,-0.08391644972954704
2025-10-31,Maharashtra,Parbhani,431509,23,-0.017801903963229337
2025-10-31,Rajasthan,Alwar,301001,44,-0.06554915547618168
2025-10-31,Bihar,Muzaffarpur,843119,20,-0.00095722718075264
2025-10-31,Bihar,Sitamarhi,843324,33,-0.045499885102713744
2025-10-31,Uttar Pradesh,Bareilly,243503,32,-0.014607102677364203
2025-10-31,Uttar Pradesh,Bijnor,246701,40,-0.0061435481615733645
2025-10-31,Uttar Pradesh,Bulandshahr,203001,36,-0.010704036299880593
2025-10-31,Uttar Pradesh,Hardoi,241001,58,-0.04135514907110116
2025-10-31,Uttar Pradesh,Kheri,261502,17,-0.0034421608381189905
2025-10-31,Uttar Pradesh,Pilibhit,262122,33,-0.029635119827602474
2025-10-31,Uttar Pradesh,Shamli,247776,36,-0.010704036299880593
2025-10-31,West Bengal,Malda,732201,43,-0.017271788720400916
2025-10-31,West Bengal,Uttar Dinajpur,733207,59,-0.03975094678276658
2025-10-31,Chhattisgarh,Raipur,492001,38,-0.018796414908208048
2025-10-31,Delhi,East Delhi,110092,27,-0.005525728351060577
2025-10-31,Haryana,Gurgaon,122001,33,-0.012983857666460596
2025-10-31,Jammu and Kashmir,Doda,182203,49,-0.033453408008147
2025-10-31,Jharkhand,Jamtara,815352,36,-0.03203775835124678
2025-10-31,Madhya Pradesh,Barwani,451666,52,-0.033594908981775196
2025-10-31,Madhya Pradesh,Guna,473001,35,-0.008838933824747097
2025-10-31,Madhya Pradesh,Jhabua,457661,86,-0.06472088392049546
2025-10-31,Madhya Pradesh,Panna,488220,40,-0.014460527489987718
2025-10-31,Maharashtra,Thane,421306,29,-0.015076809174021988
2025-10-31,Punjab,Amritsar,143001,52,-0.029015154848192615
2025-10-31,Uttar Pradesh,Agra,282001,51,-0.06052602442807253
2025-10-31,Uttar Pradesh,Bareilly,243301,28,-0.031415483749609674
2025-10-31,Uttar Pradesh,Bulandshahr,203205,20,-0.010592164668855153
2025-10-31,Uttar Pradesh,Chandauli,232101,17,-0.0025447077639879634
2025-10-31,Uttar Pradesh,Hapur,245101,55,-0.06554915547618168
2025-10-31,Uttar Pradesh,Hardoi,241124,27,-0.003995926130883176
2025-10-31,Uttar Pradesh,Kanpur Nagar,208001,41,-0.0618667447227681
2025-10-31,Uttar Pradesh,Lucknow,226003,38,-0.011638482100102765
2025-10-31,West Bengal,South 24 Parganas,743329,62,-0.04316494209841837
2025-10-31,Bihar,Araria,854311,45,-0.01351273188545421
2025-10-31,Bihar,Supaul,852131,26,-0.003995926130883176
2025-10-31,Bihar,West Champaran,845438,36,-0.033483247729991006
2025-10-31,Bihar,West Champaran,845449,25,-0.014639400057774532
2025-10-31,Haryana,Sonipat,131001,25,-0.005529091199867331
2025-10-31,Madhya Pradesh,Bhopal,462001,38,-0.037303220469818044
2025-10-31,Madhya Pradesh,Indore,452001,36,-0.054046557181391286
2025-10-31,Madhya Pradesh,Indore,452016,41,-0.022954260651022795
2025-10-31,Madhya Pradesh,Khargone,451441,50,-0.004653781303827875
2025-10-31,Madhya Pradesh,Sagar,470117,29,-0.033285321866449835
2025-10-31,Uttar Pradesh,Aligarh,202001,52,-0.034676839766761836
2025-10-31,Uttar Pradesh,Amroha,244221,38,-0.018796414908208048
2025-10-31,Uttar Pradesh,Budaun,243601,41,-0.009809203937586664
2025-10-31,Uttar Pradesh,Firozabad,283203,43,-0.02544118420957442
2025-10-31,Uttar Pradesh,Hardoi,241406,23,-0.011676484157336131
2025-10-31,Uttar Pradesh,Mau,275101,37,-0.02785172861399632
2025-10-31,Uttar Pradesh,Meerut,250002,109,-0.07434825632889974
2025-10-31,Uttar Pradesh,Pilibhit,262001,39,-0.04894117256753605
2025-10-31,Uttar Pradesh,Saharanpur,247554,33,-0.0022550279762653114
2025-10-31,West Bengal,Murshidabad,742202,35,-0.002904475472576107
2025-10-31,West Bengal,Uttar Dinajpur,733210,51,-0.034418658472831765
2025-10-31,Maharashtra,Thane,401107,32,-0.024805972841827728
2025-10-31,Assam,Udalguri,784523,26,-0.0059926535599063024
2025-10-31,Delhi,North West Delhi,110042,31,-0.026285051657800707
2025-10-31,Delhi,South Delhi,110062,46,-0.02782961091073366
2025-10-31,Delhi,West Delhi,110059,59,-0.0500757475091087
2025-11-01,Meghalaya,West Khasi Hills,793119,29,-0.007305475839629261
2025-11-01,Uttar Pradesh,Aligarh,202001,30,-0.01862917645759765
2025-11-01,Uttar Pradesh,Rampur,244901,24,-0.006361325706541354
2025-11-01,Meghalaya,West Jaintia Hills,793150,51,-0.04549227612568274
2025-11-01,Uttar Pradesh,Rampur,244927,16,-0.004698507456827539
2025-11-01,Punjab,Amritsar,143001,51,-0.08884460888791679
2025-11-01,Uttar Pradesh,Baghpat,250611,14,-0.0037867895576664257
2025-11-02,Delhi,North West Delhi,110086,65,-0.05442322733508553
2025-11-02,Haryana,Faridabad,121001,45,-0.003173584399447371
2025-11-02,Haryana,Gurgaon,122001,53,-0.046522283280172716
2025-11-02,Jharkhand,Garhwa,822128,43,-0.024470792032368904
2025-11-02,Jharkhand,Gumla,835207,29,-0.012613348495476573
2025-11-02,Jharkhand,Ranchi,834001,42,-0.04072472467279642
2025-11-02,Jharkhand,Ranchi,835204,41,-0.01414111692832909
2025-11-02,Jharkhand,Sahebganj,816101,34,-0.02324530475728015
2025-11-02,Karnataka,Bengaluru,560068,21,-0.03574041735105049
2025-11-02,Karnataka,Bengaluru,560078,17,-0.025005282738578605
2025-11-02,Punjab,Ludhiana,141003,32,-0.001296260767372548
2025-11-02,Rajasthan,Alwar,301001,29,-0.010743085748220693
2025-11-02,Rajasthan,Banswara,327801,36,-0.03490177373260228
2025-11-02,Madhya Pradesh,Bhind,477001,35,-0.03271320515362286
2025-11-02,Madhya Pradesh,Khargone,451441,31,-0.013133776692155763
2025-11-02,Madhya Pradesh,Mandsaur,458775,52,-0.006198455531972624
2025-11-02,Madhya Pradesh,Panna,488220,54,-0.052439965596511096
2025-11-02,Madhya Pradesh,Shivpuri,473551,34,-0.02419673254591581
2025-11-02,Maharashtra,Palghar,401209,40,-0.01414111692832909
2025-11-02,Uttar Pradesh,Bareilly,243122,33,-0.019925427866549383
2025-11-02,Uttar Pradesh,Bareilly,243301,38,-0.027058752797196495
2025-11-02,Uttar Pradesh,Etah,207001,29,-0.039636441958474156
2025-11-02,Uttar Pradesh,Etawah,206001,40,-0.03975094678276658
2025-11-02,Uttar Pradesh,Gautam Buddha Nagar,201301,63,-0.0845402518538988
2025-11-02,Uttar Pradesh,Hardoi,241124,31,-0.013133776692155763
2025-11-02,Uttar Pradesh,Kanpur Nagar,208001,67,-0.08661050571229889
2025-11-02,Uttar Pradesh,Kheri,262802,38,-0.027058752797196495
2025-11-02,Uttar Pradesh,Mathura,281001,31,-0.01838587780874612
2025-11-02,Uttar Pradesh,Meerut,250004,46,-0.04561342859157902
2025-11-02,Uttar Pradesh,Mirzapur,231001,48,-0.049548276617222275
2025-11-02,Uttar Pradesh,Pilibhit,262122,65,-0.06512003235646047
2025-11-02,Uttar Pradesh,Saharanpur,247001,128,-0.09809759664738826
2025-11-02,Uttar Pradesh,Saharanpur,247554,48,-0.04905525508563824
2025-11-02,Uttar Pradesh,Unnao,209861,31,-0.007247679419339348
2025-11-02,Uttar Pradesh,Varanasi,221001,33,-0.02324530475728015
2025-11-02,Uttarakhand,Dehradun,248001,54,-0.046522283280172716
2025-11-02,West Bengal,Kolkata,700004,7,-0.003832957665745318
2025-11-02,West Bengal,South 24 Parganas,743337,62,-0.0425024678340058
2025-11-02,West Bengal,South 24 Parganas,743338,83,-0.046522283280172716
2025-11-02,West Bengal,South 24 Parganas,743349,67,-0.05442322733508553
2025-11-02,West Bengal,South 24 Parganas,743375,49,-0.023043577213445632
2025-11-02,West Bengal,Uttar Dinajpur,733215,41,-0.03997697140244216
2025-11-02,Bihar,Bhagalpur,853205,42,-0.03997697140244216
2025-11-02,Uttar Pradesh,Hardoi,241001,64,-0.06643617681083747
2025-11-02,Uttar Pradesh,Kheri,262804,41,-0.03139307334789421
2025-11-02,Uttar Pradesh,Lucknow,227305,28,-0.0006381112073838846
2025-11-02,Uttar Pradesh,Meerut,250001,67,-0.06896352160962438
2025-11-02,Uttar Pradesh,Muzaffarnagar,251203,53,-0.054496881894653626
2025-11-02,Uttar Pradesh,Saharanpur,247341,30,-0.007515136931192101
2025-11-02,Uttar Pradesh,Sambhal,202410,27,-0.047837400347407244
2025-11-02,Uttar Pradesh,Shahjahanpur,242001,69,-0.06947001735961722
2025-11-02,Uttar Pradesh,Shamli,247774,40,-0.023043577213445632
2025-11-02,Uttar Pradesh,Sitapur,261001,34,-0.02886923399365926
2025-11-02,Uttar Pradesh,Unnao,209801,93,-0.06856231258790935
2025-11-02,West Bengal,Hooghly,712149,35,-0.002679288947262548
2025-11-02,West Bengal,Murshidabad,742202,96,-0.046522283280172716
2025-11-02,West Bengal,Paschim Medinipur,721127,46,-0.020671313981431738
2025-11-02,West Bengal,South 24 Parganas,743329,111,-0.07008201329741293
2025-11-02,West Bengal,Uttar Dinajpur,733201,36,-0.03538521597214883
2025-11-02,West Bengal,Uttar Dinajpur,733210,41,-0.03997697140244216
2025-11-02,Rajasthan,Udaipur,313001,30,-0.00037580031356476695
2025-11-02,Telangana,K.v. Rangareddy,500049,27,-0.01671739451085341
2025-11-02,Telangana,K.v. Rangareddy,500052,29,-0.002754971860064237
2025-11-02,Uttar Pradesh,Agra,282001,67,-0.06896352160962438
2025-11-02,Uttar Pradesh,Agra,282002,29,-0.002754971860064237
2025-11-02,Uttar Pradesh,Agra,282006,28,-0.002617676753615461
2025-11-02,Uttar Pradesh,Amroha,244231,29,-0.002754971860064237
2025-11-02,Uttar Pradesh,Baghpat,250611,36,-0.007234167440975825
2025-11-02,Uttar Pradesh,Bahraich,271903,24,-0.003953112260286162
2025-11-02,Uttar Pradesh,Banda,210001,28,-0.0006381112073838846
2025-11-02,Uttar Pradesh,Bareilly,243201,48,-0.04576850992015613
2025-11-02,Uttar Pradesh,Budaun,243639,35,-0.03271320515362286
2025-11-02,Uttar Pradesh,Bulandshahr,203131,40,-0.03829274838828656
2025-11-02,Uttar Pradesh,Gautam Buddha Nagar,203207,37,-0.03829274838828656
2025-11-02,Uttar Pradesh,Ghaziabad,201204,26,-0.01577608071320713
2025-11-02,Madhya Pradesh,Alirajpur,457990,94,-0.08236869692806681
2025-11-02,Madhya Pradesh,Bhind,477557,48,-0.04185406533332048
2025-11-02,Madhya Pradesh,Dhar,454331,34,-0.02743310045231029
2025-11-02,Madhya Pradesh,Indore,452016,39,-0.009834139990433588
2025-11-02,Madhya Pradesh,Jhabua,457777,36,-0.026103454820196825
2025-11-02,Madhya Pradesh,Morena,476001,70,-0.06291222708589628
2025-11-02,Madhya Pradesh,Morena,476111,36,-0.029828277080656163
2025-11-02,Madhya Pradesh,Panna,488333,30,-0.03265380650972827
2025-11-02,Madhya Pradesh,Singrauli,486886,52,-0.006198455531972624
2025-11-02,Manipur,Bishnupur,795133,37,-0.012845191845017645
2025-11-02,Chhattisgarh,Bijapur,494444,30,-0.007247679419339348
2025-11-02,Chhattisgarh,Raipur,492001,38,-0.036837506783241714
2025-11-02,Delhi,North East Delhi,110093,32,-0.016421411324116453
2025-11-02,Delhi,North West Delhi,110042,42,-0.011701939484943136
2025-11-02,Gujarat,Surat,394210,48,-0.047086501292708416
2025-11-02,Jammu and Kashmir,Doda,182203,88,-0.06856231258790935
2025-11-02,Jharkhand,Garhwa,822114,39,-0.03464300715995494
2025-11-02,Jharkhand,Garhwa,822121,31,-0.01838587780874612
2025-11-02,Jharkhand,Jamtara,815352,45,-0.044143342840521904
2025-11-02,Jharkhand,Lohardaga,835302,37,-0.03538521597214883
2025-11-02,Jharkhand,West Singhbhum,833102,34,-0.02934859331830686
2025-11-02,Karnataka,Bengaluru,560087,22,-0.0031922301591504887
2025-11-02,Bihar,Araria,854311,35,-0.029106523602424383
2025-11-02,Bihar,Jamui,811308,37,-0.026103454820196825
2025-11-02,Bihar,Lakhisarai,811311,39,-0.02419673254591581
2025-11-02,Punjab,Amritsar,143001,87,-0.07008201329741293
2025-11-02,Rajasthan,Barmer,344704,32,-0.012395921531184073
2025-11-02,Rajasthan,Bikaner,334001,41,-0.04072472467279642
2025-11-02,Rajasthan,Nagaur,341001,58,-0.05641186373422913
2025-11-02,Uttar Pradesh,Agra,282007,37,-0.04772585159116205
2025-11-02,Uttar Pradesh,Agra,283125,30,-0.014019370963953448
2025-11-02,Uttar Pradesh,Aligarh,202001,88,-0.08133860566402162
2025-11-02,Uttar Pradesh,Bijnor,246761,39,-0.0031261231411156
2025-11-02,Uttar Pradesh,Bijnor,246763,50,-0.021774909824038957
2025-11-02,Uttar Pradesh,Budaun,243601,53,-0.052439965596511096
2025-11-02,Uttar Pradesh,Firozabad,283203,55,-0.05491988199215614
2025-11-02,Uttar Pradesh,Firozabad,283204,40,-0.04072472467279642
2025-11-02,Uttar Pradesh,Ghaziabad,201001,103,-0.09128911312247612
2025-11-02,Uttar Pradesh,Ghaziabad,201009,42,-0.06163190537119134
2025-11-02,Bihar,Banka,813106,39,-0.037807339617435765
2025-11-02,Bihar,Begusarai,851129,37,-0.03416006691889195
2025-11-02,Bihar,Bhagalpur,853204,30,-0.007515136931192101
2025-11-02,Bihar,Kishanganj,855101,29,-0.006344710093692307
2025-11-02,Bihar,Samastipur,848117,47,-0.04905525508563824
2025-11-02,Delhi,East Delhi,110091,33,-0.0022179676061704345
2025-11-02,Delhi,North Delhi,110084,29,-0.012613348495476573
2025-11-02,Delhi,North East Delhi,110094,76,-0.06442044783697809
2025-11-02,Delhi,South Delhi,110062,42,-0.03997697140244216
2025-11-02,Gujarat,Vadodara,390022,12,-0.0007188033892875367
2025-11-02,Jharkhand,Bokaro,827013,46,-0.044143342840521904
2025-11-02,Jharkhand,Deoghar,815353,66,-0.06959220198003324
2025-11-02,Jharkhand,Giridih,815314,41,-0.04072472467279642
2025-11-02,Jharkhand,Gumla,835208,30,-0.0053919183929729275
2025-11-02,Jharkhand,Hazaribagh,825301,34,-0.02934859331830686
2025-11-02,Jharkhand,Jamtara,815351,27,-0.0019281336351885114
2025-11-02,Jharkhand,Khunti,835210,29,-0.010743085748220693
2025-11-02,Jharkhand,West Singhbhum,833214,53,-0.05610798905476655
2025-11-02,Karnataka,Bengaluru,560043,13,-0.013783998140516673
2025-11-02,Madhya Pradesh,Barwani,451449,32,-0.019803629019466085
2025-11-02,Madhya Pradesh,Barwani,451551,43,-0.042676237982897214
2025-11-02,Madhya Pradesh,Barwani,451666,76,-0.06442044783697809
2025-11-02,Madhya Pradesh,Bhind,477441,14,-0.0009566992755737358
2025-11-02,Madhya Pradesh,Burhanpur,450331,64,-0.05790687691509333
2025-11-02,Madhya Pradesh,Dhar,454001,41,-0.011701939484943136
2025-11-02,Madhya Pradesh,Gwalior,474001,57,-0.004982708037370331
2025-11-02,Madhya Pradesh,Gwalior,475110,43,-0.04072472467279642
2025-11-02,Madhya Pradesh,Jhabua,457779,73,-0.07314786379877669
2025-11-02,Madhya Pradesh,Morena,476224,47,-0.04561342859157902
2025-11-02,Maharashtra,Nashik,423203,83,-0.07008201329741293
2025-11-02,Maharashtra,Thane,401105,29,-0.00446591955540343
2025-11-02,Maharashtra,Thane,401107,48,-0.04561342859157902
2025-11-02,Maharashtra,Thane,421301,50,-0.046750436123717765
2025-11-02,Uttar Pradesh,Hardoi,241402,31,-0.0034043004315877923
2025-11-02,Uttar Pradesh,Lucknow,226005,26,-0.05884662180524236
2025-11-02,Uttar Pradesh,Mainpuri,205001,48,-0.04659514480128446
2025-11-02,Uttar Pradesh,Moradabad,244001,186,-0.0923326782550491
2025-11-02,Uttar Pradesh,Pilibhit,262001,48,-0.04561342859157902
2025-11-02,Assam,Barpeta,781315,13,-0.011082454746754511
2025-11-02,West Bengal,Uttar Dinajpur,733129,24,-0.043311706929694105
2025-11-02,Jharkhand,East Singhbhum,832302,28,-0.0033124456671986824
2025-11-02,Jharkhand,Sahebganj,816108,51,-0.054496881894653626
2025-11-02,Madhya Pradesh,Alirajpur,457888,30,-0.0053919183929729275
2025-11-02,Madhya Pradesh,Barwani,451447,32,-0.003698711738700955
2025-11-02,Madhya Pradesh,Dewas,455001,111,-0.025462037029239326
2025-11-02,Madhya Pradesh,Dhar,454446,32,-0.003698711738700955
2025-11-02,Madhya Pradesh,Indore,452001,63,-0.055416872792673266
2025-11-02,Madhya Pradesh,Jhabua,457661,140,-0.09494777749620975
2025-11-02,Madhya Pradesh,Katni,483501,63,-0.055416872792673266
2025-11-02,Madhya Pradesh,Morena,476115,37,-0.03829274838828656
2025-11-02,Madhya Pradesh,Panna,488442,40,-0.036093789936116116
2025-11-02,Madhya Pradesh,Ujjain,456006,61,-0.055416872792673266
2025-11-02,Madhya Pradesh,Ujjain,456222,40,-0.03464300715995494
2025-11-02,Madhya Pradesh,Ujjain,456771,59,-0.04898214666159362
2025-11-02,Maharashtra,Aurangabad,431001,123,-0.08557467843049105
2025-11-02,Maharashtra,Thane,421302,82,-0.0850572901724852
2025-11-02,Maharashtra,Thane,421306,42,-0.04316494209841837
2025-11-02,Punjab,Patiala,147001,32,-0.003698711738700955
2025-11-02,Rajasthan,Alwar,301405,32,-0.019803629019466085
2025-11-02,Rajasthan,Bhilwara,311001,33,-0.0022179676061704345
2025-11-02,Rajasthan,Dungarpur,314030,28,-0.002617676753615461
2025-11-02,Rajasthan,Jalor,343040,28,-0.0006381112073838846
2025-11-02,Rajasthan,Jalor,343041,49,-0.04608598032043332
2025-11-02,Rajasthan,Jodhpur,342001,50,-0.03206031358683714
2025-11-02,Rajasthan,Pali,306401,30,-0.0053919183929729275
2025-11-02,Uttar Pradesh,Agra,282005,31,-0.013133776692155763
2025-11-02,Uttar Pradesh,Bahraich,271855,15,-0.00904245785373825
2025-11-02,Uttar Pradesh,Bareilly,243001,54,-0.08609241686476077
2025-11-02,Uttar Pradesh,Bareilly,243505,57,-0.04848950803624086
2025-11-02,Uttar Pradesh,Bijnor,246701,41,-0.03464300715995494
2025-11-02,Uttar Pradesh,Chitrakoot,210209,32,-0.003698711738700955
2025-11-02,Uttar Pradesh,Farrukhabad,209625,33,-0.021346307166330125
2025-11-02,Uttar Pradesh,Gautam Buddha Nagar,201306,48,-0.04561342859157902
2025-11-02,Uttar Pradesh,Ghaziabad,201102,69,-0.07271436342223137
2025-11-02,Uttar Pradesh,Hapur,245205,28,-0.0006381112073838846
2025-11-02,Uttar Pradesh,Hathras,204101,43,-0.044143342840521904
2025-11-02,Uttar Pradesh,Kannauj,209721,33,-0.02743310045231029
2025-11-02,Uttar Pradesh,Kheri,262701,45,-0.044143342840521904
2025-11-02,Uttar Pradesh,Meerut,250002,173,-0.0923326782550491
2025-11-02,Uttar Pradesh,Moradabad,244501,32,-0.001296260767372548
2025-11-02,Uttar Pradesh,Rampur,243701,34,-0.006013460589915032
2025-11-02,Uttar Pradesh,Rampur,244901,117,-0.08816687710697735
2025-11-02,Uttar Pradesh,Saharanpur,247451,32,-0.02039873388680613
2025-11-02,Uttar Pradesh,Sitapur,261135,34,-0.02419673254591581
2025-11-02,Uttar Pradesh,Sitapur,261141,25,-0.028415269234780327
2025-11-02,West Bengal,Howrah,711312,42,-0.015550243547722165
2025-11-02,West Bengal,Howrah,711316,33,-0.005086621267245128
2025-11-02,West Bengal,Malda,732201,53,-0.051450345684020626
2025-11-02,West Bengal,Murshidabad,742148,33,-0.0022179676061704345
2025-11-02,West Bengal,North 24 Parganas,743423,65,-0.062133438971498034
2025-11-02,West Bengal,North 24 Parganas,743425,38,-0.009834139990433588
2025-11-02,West Bengal,South 24 Parganas,743368,44,-0.00955260417986148
2025-11-02,West Bengal,Uttar Dinajpur,733202,61,-0.060980327497744846
2025-11-02,West Bengal,Uttar Dinajpur,733208,34,-0.0022179676061704345
2025-11-02,Bihar,Banka,813101,36,-0.02419673254591581
2025-11-02,Bihar,Jamui,811314,31,-0.01838587780874612
2025-11-02,Bihar,Madhepura,852128,35,-0.03271320515362286
2025-11-02,Bihar,Madhepura,852210,28,-0.0006381112073838846
2025-11-02,Bihar,Purnia,854301,29,-0.0053919183929729275
2025-11-02,Bihar,Saharsa,852106,37,-0.026103454820196825
2025-11-02,Bihar,Samastipur,848114,47,-0.047086501292708416
2025-11-02,Chhattisgarh,Kondagaon,494226,39,-0.03829274838828656
2025-11-02,Delhi,North East Delhi,110053,61,-0.058405889359329666
2025-11-02,Delhi,West Delhi,110041,46,-0.040391602444561525
2025-11-02,Telangana,Hyderabad,500008,49,-0.04283069103216486
2025-11-02,Uttar Pradesh,Agra,283201,17,-0.009439258713138776
2025-11-02,Uttar Pradesh,Amroha,244221,36,-0.03271320515362286
2025-11-02,Uttar Pradesh,Bulandshahr,203001,41,-0.038778485691196574
2025-11-02,Uttar Pradesh,Deoria,274001,40,-0.013397278510786093
2025-11-02,Uttar Pradesh,Etawah,206242,32,-0.003698711738700955
2025-11-02,Uttar Pradesh,Fatehpur,212601,40,-0.03198851574904282
2025-11-02,Uttar Pradesh,Ghaziabad,201002,44,-0.036093789936116116
2025-11-02,Uttar Pradesh,Hapur,245101,71,-0.0751872441634377
2025-11-02,Uttar Pradesh,Kanpur Nagar,208021,39,-0.03198851574904282
2025-11-02,Uttar Pradesh,Kaushambi,212207,63,-0.05990495404193841
2025-11-02,Uttar Pradesh,Lalitpur,284403,30,-0.00037580031356476695
2025-11-02,Uttar Pradesh,Lucknow,226003,85,-0.07928260009823374
2025-11-02,Uttar Pradesh,Muzaffarnagar,251001,51,-0.050535320959708474
2025-11-02,Uttar Pradesh,Rae Bareli,229001,44,-0.04316494209841837
2025-11-02,Uttar Pradesh,Shamli,247775,36,-0.03271320515362286
2025-11-02,Uttar Pradesh,Siddharthnagar,272153,31,-0.019784669714901004
2025-11-02,Uttar Pradesh,Unnao,209821,40,-0.03198851574904282
2025-11-02,Uttar Pradesh,Unnao,209859,33,-0.015950795395733963
2025-11-02,Uttar Pradesh,Unnao,241504,37,-0.029106523602424383
2025-11-02,Madhya Pradesh,Jhabua,457993,28,-0.0006381112073838846
2025-11-02,Madhya Pradesh,Morena,476221,51,-0.051450345684020626
2025-11-02,Madhya Pradesh,Morena,476229,33,-0.023598397826893214
2025-11-02,Madhya Pradesh,Panna,488446,29,-0.00446591955540343
2025-11-02,Madhya Pradesh,Ratlam,457001,102,-0.07926528051690429
2025-11-02,Maharashtra,Thane,400612,56,-0.05591419996414393
2025-11-02,Manipur,Churachandpur,795128,37,-0.06313752473862233
2025-11-02,Punjab,Ludhiana,141008,31,-0.03375950788362947
2025-11-02,Rajasthan,Banswara,327001,42,-0.04169982114434789
2025-11-02,Rajasthan,Barmer,344702,54,-0.05194498824944982
2025-11-02,Rajasthan,Bundi,323001,20,-0.0006267419619578884
2025-11-02,Bihar,Sheohar,843329,31,-0.012395921531184073
2025-11-02,Bihar,West Champaran,845438,32,-0.012395921531184073
2025-11-02,Delhi,East Delhi,110092,39,-0.02688080388497327
2025-11-02,Delhi,North West Delhi,110034,26,-0.004973111362371996
2025-11-02,Delhi,South Delhi,110044,62,-0.055416872792673266
2025-11-02,Delhi,West Delhi,110027,23,-0.006432668916696915
2025-11-02,Delhi,West Delhi,110059,85,-0.0650283170701117
2025-11-02,Gujarat,Dahod,389151,33,-0.005086621267245128
2025-11-02,Haryana,Faridabad,121004,76,-0.008328139557586822
2025-11-02,Haryana,Panipat,132103,56,-0.02615650510969958
2025-11-02,Jharkhand,Chatra,825321,28,-0.0006381112073838846
2025-11-02,Jharkhand,Chatra,825401,37,-0.03490177373260228
2025-11-02,Jharkhand,Dhanbad,828109,34,-0.02743310045231029
2025-11-02,Jharkhand,Giridih,815312,45,-0.06969730538581043
2025-11-02,Karnataka,Bengaluru,560016,11,-0.01213156672106952
2025-11-02,Karnataka,Bengaluru,560100,15,-0.016903559034641025
2025-11-02,Assam,Sonitpur,784027,43,-0.03464300715995494
2025-11-02,Bihar,Araria,854318,51,-0.050535320959708474
2025-11-02,Bihar,Banka,813102,36,-0.02419673254591581
2025-11-02,Bihar,East Champaran,845428,21,-0.011628163190078311
2025-11-02,Bihar,Khagaria,851216,28,-0.0033124456671986824
2025-11-02,West Bengal,Malda,732207,30,-0.00037580031356476695
2025-11-02,West Bengal,Murshidabad,742133,66,-0.03335338994688741
2025-11-02,West Bengal,South 24 Parganas,743372,45,-0.042676237982897214
2025-11-02,West Bengal,Uttar Dinajpur,733207,60,-0.058405889359329666
2025-11-03,Meghalaya,South West Khasi Hills,793114,18,-0.039322312326726006
2025-11-03,Meghalaya,West Khasi Hills,793120,7,-0.0045387362244985185
2025-11-03,Punjab,Kapurthala,144601,19,-0.008584608700676455
2025-11-03,Meghalaya,East Khasi Hills,793121,11,-0.010356147394097182
2025-11-03,Jharkhand,Jamtara,815352,16,-0.0030275666198082973
2025-11-03,Uttar Pradesh,Sambhal,202527,8,-0.001105215747724042
2025-11-03,West Bengal,South 24 Parganas,743329,36,-0.018549467671659436
2025-11-03,Karnataka,Bengaluru,560068,9,-0.020702942102938438
2025-11-03,Karnataka,Kalaburagi,585105,7,-0.0045387362244985185
2025-11-03,Meghalaya,East Jaintia Hills,793160,7,-0.0045387362244985185
2025-11-03,Meghalaya,East Jaintia Hills,793200,16,-0.025003546241545993
2025-11-03,Meghalaya,East Khasi Hills,793110,22,-0.019957255408455388
2025-11-03,Meghalaya,South West Khasi Hills,793106,8,-0.009627158312810358
2025-11-03,Meghalaya,West Garo Hills,794002,31,-0.030232089643181692
2025-11-03,Uttar Pradesh,Rampur,244901,28,-0.057195473153529464
2025-11-03,Assam,Golaghat,785612,14,-0.025003546241545993
2025-11-03,Meghalaya,East Khasi Hills,793015,107,-0.034233467255677996
2025-11-03,Madhya Pradesh,Chhatarpur,471625,10,-0.006218023478023693
2025-11-03,Uttar Pradesh,Ghaziabad,201001,27,-0.06124811605102831
2025-11-03,West Bengal,Uttar Dinajpur,733207,18,-0.01457610866451875
2025-11-03,Madhya Pradesh,Vidisha,464221,14,-0.004726583330532441
2025-11-03,Meghalaya,West Jaintia Hills,793109,9,-0.015524226397839791
2025-11-03,Punjab,Ludhiana,141007,10,-0.0015241055248135238
2025-11-03,Assam,Karbi Anglong,782441,10,-0.0015241055248135238
2025-11-03,Assam,Sibsagar,785640,13,-0.004935859150943744
2025-11-03,Chhattisgarh,Bijapur,494444,57,-0.033161580464400875
2025-11-03,Karnataka,Bengaluru,560043,7,-0.0076412257881951495
2025-11-05,Bihar,Madhubani,847421,21,-0.010717448450047407
2025-11-05,Bihar,Purnia,854204,65,-0.0567741199594306
2025-11-05,Bihar,Purnia,854315,81,-0.054461404853618944
2025-11-05,Bihar,Supaul,854339,42,-0.053726922782623365
2025-11-05,Bihar,West Champaran,845307,29,-0.004438694425304535
2025-11-05,Bihar,West Champaran,845438,57,-0.040032790188237466
2025-11-05,Delhi,West Delhi,110059,48,-0.028350864030065148
2025-11-05,Haryana,Faridabad,121004,67,-0.05099403480711773
2025-11-05,Jharkhand,Chatra,825403,30,-0.015257768668629934
2025-11-05,Jharkhand,Sahebganj,816108,102,-0.0705230506075557
2025-11-05,Karnataka,Bengaluru,560043,15,-0.007014862199187344
2025-11-05,Madhya Pradesh,Dewas,455227,40,-0.00965201070328603
2025-11-05,Uttar Pradesh,Agra,282001,34,-0.006395870628524647
2025-11-05,Uttar Pradesh,Hardoi,241406,20,-0.012410181366277251
2025-11-05,Uttar Pradesh,Saharanpur,247554,47,-0.01680233573029144
2025-11-05,West Bengal,Uttar Dinajpur,733210,104,-0.07880891169892457
2025-11-05,Bihar,East Champaran,845301,27,-0.026595494456135516
2025-11-05,Bihar,East Champaran,845433,37,-0.0179248389888248
2025-11-05,Bihar,Gaya,823001,40,-0.009479188361892987
2025-11-05,Bihar,Gaya,823003,49,-0.009785475967172275
2025-11-05,Bihar,Katihar,855113,61,-0.04459803970610332
2025-11-05,Bihar,Kishanganj,855107,43,-0.0030917704796702417
2025-11-05,Bihar,Madhepura,852210,43,-0.017262325886755137
2025-11-05,Bihar,Madhubani,847108,42,-0.06892003665303714
2025-11-05,Bihar,Madhubani,847232,24,-0.002542594319404956
2025-11-05,Bihar,Nawada,805110,18,-0.019289768010377184
2025-11-05,Bihar,Sitamarhi,843327,40,-0.008829585535818474
2025-11-05,Bihar,Sitamarhi,843330,17,-0.0008797456468786491
2025-11-05,Bihar,West Champaran,845106,32,-0.033414501851457556
2025-11-05,Bihar,West Champaran,845306,14,-0.00019677336301682224
2025-11-05,Bihar,West Champaran,845449,54,-0.08557467843049105
2025-11-05,Bihar,West Champaran,845450,22,-0.014383839384866759
2025-11-05,Bihar,West Champaran,845454,37,-0.03692010263474088
2025-11-05,Bihar,West Champaran,845455,38,-0.05813065537983719
2025-11-05,Gujarat,Surat,394210,33,-0.0036175616883318273
2025-11-05,Jharkhand,Chatra,825401,42,-0.012055834104870766
2025-11-05,Jharkhand,Giridih,825108,45,-0.049174108807820915
2025-11-05,Madhya Pradesh,Ratlam,457001,69,-0.029414322387134595
2025-11-05,Maharashtra,Aurangabad,431001,79,-0.05944336439228537
2025-11-05,Meghalaya,East Garo Hills,794110,18,-0.019026639470001494
2025-11-05,Meghalaya,East Garo Hills,794111,36,-0.049826236531330115
2025-11-05,Punjab,Amritsar,143001,42,-0.06364007736507937
2025-11-05,Rajasthan,Jaipur,302012,49,-0.03313420266812961
2025-11-05,Uttar Pradesh,Bahraich,271801,29,-0.04860826945042507
2025-11-05,Uttar Pradesh,Bahraich,271865,40,-0.06615794713310919
2025-11-05,Uttar Pradesh,Bulandshahr,203001,35,-0.00896913115968534
2025-11-05,Uttar Pradesh,Chandauli,232101,45,-0.022848613060331258
2025-11-05,Uttar Pradesh,Firozabad,283203,49,-0.06020356624566192
2025-11-05,Uttar Pradesh,Ghaziabad,201102,40,-0.026894607077518784
2025-11-05,Uttar Pradesh,Kheri,262804,32,-0.05266208478354373
2025-11-05,Uttar Pradesh,Kushinagar,274304,31,-0.01734670722827225
2025-11-05,Uttar Pradesh,Mirzapur,231001,51,-0.04088942834356102
2025-11-05,Uttar Pradesh,Pilibhit,262001,32,-0.028676081779935303
2025-11-05,Uttar Pradesh,Pilibhit,262122,44,-0.020931526737408057
2025-11-05,Uttar Pradesh,Saharanpur,247001,63,-0.048527376845043824
2025-11-05,Uttar Pradesh,Shahjahanpur,242001,79,-0.08358379788493453
2025-11-05,Uttar Pradesh,Shamli,247774,42,-0.018094329650805485
2025-11-05,Uttar Pradesh,Shamli,247776,30,-0.007888745882650317
2025-11-05,Uttar Pradesh,Siddharthnagar,272153,31,-0.01734670722827225
2025-11-05,Uttar Pradesh,Unnao,209801,111,-0.054461404853618944
2025-11-05,West Bengal,South 24 Parganas,743329,60,-0.048527376845043824
2025-11-05,Assam,Dhubri,783348,35,-0.007324482790804665
2025-11-05,Bihar,Araria,854333,63,-0.05645014471424703
2025-11-05,Bihar,Banka,813106,44,-0.029287958934826497
2025-11-05,Bihar,Bhagalpur,813209,44,-0.030727861215294472
2025-11-05,Bihar,East Champaran,845302,27,-0.006492155769416641
2025-11-05,Bihar,East Champaran,845305,47,-0.043771949419206146
2025-11-05,Bihar,Sheikhpura,811105,35,-0.004188916035655521
2025-11-05,Bihar,Sitamarhi,843302,60,-0.09862381078369686
2025-11-05,Bihar,Sitamarhi,843314,50,-0.04088942834356102
2025-11-05,Chhattisgarh,Bastar,494001,50,-0.013994847299044433
2025-11-05,Chhattisgarh,Kondagaon,494226,57,-0.048527376845043824
2025-11-05,Haryana,Mewat,122508,54,-0.022235524956056962
2025-11-05,Jharkhand,Chatra,825408,35,-0.0023010470251146886
2025-11-05,Madhya Pradesh,Dewas,455001,87,-0.0007059868978074313
2025-11-05,Maharashtra,Thane,421302,47,-0.01680233573029144
2025-11-05,Meghalaya,West Khasi Hills,793119,30,-0.002861366287136069
2025-11-05,Rajasthan,Jalor,343041,55,-0.048236595898692225
2025-11-05,Uttar Pradesh,Aligarh,202001,61,-0.07485839654947446
2025-11-05,Uttar Pradesh,Balrampur,271604,42,-0.057648749790322085
2025-11-05,Uttar Pradesh,Bareilly,243505,33,-0.0036175616883318273
2025-11-05,Uttar Pradesh,Gautam Buddha Nagar,201301,48,-0.06020356624566192
2025-11-05,Uttar Pradesh,Ghaziabad,201001,56,-0.07027953631881079
2025-11-05,Uttar Pradesh,Hardoi,241001,42,-0.040754608245071045
2025-11-05,Uttar Pradesh,Mainpuri,205001,46,-0.06020356624566192
2025-11-05,Uttar Pradesh,Meerut,250002,94,-0.07522650195788516
2025-11-05,West Bengal,South 24 Parganas,743355,60,-0.006869462980266139
2025-11-05,Rajasthan,Udaipur,307025,49,-0.02449173772351243
2025-11-05,Uttar Pradesh,Budaun,243601,50,-0.03825805467811527
2025-11-05,Uttar Pradesh,Meerut,250001,43,-0.022112931474557285
2025-11-05,Uttar Pradesh,Moradabad,244001,124,-0.09397829309059691
2025-11-05,Uttar Pradesh,Rampur,243701,23,-0.030129841175074334
2025-11-05,Uttar Pradesh,Rampur,244901,76,-0.0554551020069487
2025-11-05,Assam,Darrang,784116,23,-0.019342308273837316
2025-11-05,Bihar,Araria,854318,50,-0.04068991339743211
2025-11-05,Bihar,Aurangabad,824301,41,-0.015387815426126217
2025-11-05,Bihar,Gaya,823002,20,-0.010717448450047407
2025-11-05,Bihar,Katihar,854317,57,-0.04803504580665918
2025-11-05,Bihar,Kishanganj,855117,44,-0.0030917704796702417
2025-11-05,Bihar,Madhepura,852213,34,-0.00137922784154898
2025-11-05,Bihar,Madhubani,847408,46,-0.030228153789919276
2025-11-05,Bihar,Sitamarhi,843317,37,-0.047535395112458745
2025-11-05,Jharkhand,Garhwa,822112,42,-0.019984514347831883
2025-11-05,Madhya Pradesh,Betul,460330,68,-0.03133518438581029
2025-11-05,Madhya Pradesh,Umaria,484661,69,-0.08557467843049105
2025-11-05,Maharashtra,Thane,400612,38,-0.01505036561682993
2025-11-05,Meghalaya,Ri Bhoi,793102,37,-0.01862614992889411
2025-11-05,Meghalaya,South West Khasi Hills,793114,18,-0.005362025082731758
2025-11-05,Meghalaya,West Garo Hills,794104,56,-0.10390558020993157
2025-11-05,West Bengal,Murshidabad,742202,102,-0.0007059868978074313
2025-11-05,West Bengal,Uttar Dinajpur,733201,61,-0.04361902409675089
2025-11-05,West Bengal,Uttar Dinajpur,733208,69,-0.0519830368342602
2025-11-05,Bihar,Jamui,811308,38,-0.011986439036934637
2025-11-05,Bihar,Purnia,854301,31,-0.01734670722827225
2025-11-05,Bihar,Sitamarhi,843324,47,-0.07785049072635164
2025-11-05,Bihar,Sitamarhi,843331,35,-0.007324482790804665
2025-11-05,Delhi,North Delhi,110084,39,-0.01974381123413882
2025-11-05,Delhi,North East Delhi,110094,60,-0.06472088392049546
2025-11-05,Jharkhand,Deoghar,815353,41,-0.017742174677152445
2025-11-05,Jharkhand,Dhanbad,828109,64,-0.04902004110058389
2025-11-05,Jharkhand,Jamtara,815352,38,-0.009820444056774624
2025-11-05,Madhya Pradesh,Barwani,451666,45,-0.01676895701994885
2025-11-05,Madhya Pradesh,Chhatarpur,471515,47,-0.03596885159812602
2025-11-05,Madhya Pradesh,Jhabua,457661,35,-0.00896913115968534
2025-11-05,Maharashtra,Nashik,423203,64,-0.07078692276762977
2025-11-05,Meghalaya,East Jaintia Hills,793200,17,-0.03584894020738383
2025-11-05,Meghalaya,East Khasi Hills,793121,45,-0.04029470832294657
2025-11-05,Rajasthan,Jalor,343029,30,-0.0023997380565088378
2025-11-05,Uttar Pradesh,Bahraich,271855,27,-0.04588737904308171
2025-11-05,Uttar Pradesh,Muzaffarnagar,251001,60,-0.05000637016538878
2025-11-05,Uttar Pradesh,Muzaffarnagar,251309,39,-0.03300083417729871
2025-11-05,Uttar Pradesh,Shahjahanpur,242127,18,-0.01289947585452833
2025-11-05,Uttar Pradesh,Shrawasti,271831,18,-0.008845900033431664
2025-11-05,West Bengal,Uttar Dinajpur,733202,66,-0.05645014471424703
2025-11-05,West Bengal,Uttar Dinajpur,733207,62,-0.05396506029099135
2025-11-05,Bihar,Araria,854311,76,-0.06044380756013901
2025-11-05,Bihar,Bhagalpur,853204,56,-0.046069049319482525
2025-11-05,Bihar,East Champaran,845401,39,-0.013510054164803664
2025-11-06,Karnataka,Yadgir,585290,18,-0.0026606259583378256
2025-11-06,Madhya Pradesh,Barwani,451666,44,-0.07427260943484193
2025-11-06,Punjab,Amritsar,143001,18,-0.02173785627260616
2025-11-06,Assam,Barpeta,781308,33,-0.0520643134641221
2025-11-06,Bihar,Araria,854318,27,-0.013481475141136401
2025-11-06,Bihar,Jamui,811303,21,-0.013618428983892317
2025-11-06,Bihar,West Champaran,845306,16,-0.021220692418090215
2025-11-06,Bihar,West Champaran,845307,23,-0.004192309118761006
2025-11-06,Delhi,North East Delhi,110094,43,-0.02586874259668248
2025-11-06,Delhi,North West Delhi,110086,26,-0.010771295925098623
2025-11-06,Delhi,South Delhi,110062,21,-0.008769097056475883
2025-11-06,Uttar Pradesh,Bahraich,271825,19,-0.01360289292457828
2025-11-06,Uttar Pradesh,Hardoi,241001,38,-0.012738397394711165
2025-11-06,Uttar Pradesh,Mirzapur,231001,36,-0.008536653687209572
2025-11-06,Assam,Dhemaji,787057,24,-0.031694798541455294
2025-11-06,Assam,Marigaon,782121,20,-0.00775426334803897
2025-11-06,Bihar,East Champaran,845301,12,-0.005287895993970504
2025-11-06,Bihar,Saharsa,852106,32,-0.025121817774043986
2025-11-06,Bihar,Supaul,852131,25,-0.02153253271876343
2025-11-06,Madhya Pradesh,Barwani,451551,61,-0.0500435716783999
2025-11-06,Rajasthan,Jodhpur,342001,47,-0.014822327393332668
2025-11-06,Telangana,Hyderabad,500053,18,-0.005329968106770444
2025-11-06,Uttar Pradesh,Siddharthnagar,272153,20,-0.016527526218657496
2025-11-06,Uttar Pradesh,Unnao,209801,27,-0.0015634933891394143
2025-11-06,Telangana,Hyderabad,500008,17,-0.010386356420263643
2025-11-06,Madhya Pradesh,Ujjain,456006,29,-0.049594040939940354
2025-11-06,Meghalaya,East Jaintia Hills,793200,14,-0.01502619543937711
2025-11-06,Assam,Marigaon,782127,14,-0.0009011789089822253
2025-11-06,Bihar,Madhubani,847108,20,-0.010328116511960528
2025-11-06,Chhattisgarh,Bijapur,494444,26,-0.022280688265105653
2025-11-06,Delhi,West Delhi,110059,29,-0.016868451457714317
2025-11-06,Haryana,Faridabad,121004,41,-0.05068358286100838
2025-11-06,Madhya Pradesh,Sidhi,486661,32,-0.041584677583058394
2025-11-06,Meghalaya,West Jaintia Hills,793150,19,-0.01360289292457828
2025-11-06,Bihar,East Champaran,845305,31,-0.013772488023831242
2025-11-06,Bihar,West Champaran,845454,39,-0.009492557875655394
2025-11-06,Assam,Karbi Anglong,782441,17,-0.00819821464056869
2025-11-06,Bihar,Sitamarhi,843324,16,-0.005214448894327872
2025-11-06,Bihar,West Champaran,845101,30,-0.02840648205849905
2025-11-06,Uttar Pradesh,Fatehpur,212601,19,-0.01973643591100338
2025-11-06,Uttar Pradesh,Firozabad,283203,40,-0.06313752473862233
2025-11-06,Uttar Pradesh,Gautam Buddha Nagar,201301,31,-0.04181747474469766
2025-11-06,Uttar Pradesh,Moradabad,244001,69,-0.06767276260407218
2025-11-06,Uttar Pradesh,Shamli,247776,28,-0.04429030640437981
2025-11-06,West Bengal,Murshidabad,742202,60,-0.005491993432792275
2025-11-06,West Bengal,South 24 Parganas,743329,40,-0.009492557875655394
2025-11-06,West Bengal,Uttar Dinajpur,733207,41,-0.019219942493600373
2025-11-07,Assam,Dhemaji,787057,19,-0.0004036657919561648
2025-11-07,Gujarat,Banaskantha,385310,26,-0.024066440426466773
2025-11-07,Madhya Pradesh,Dewas,455001,35,-0.038694113466373525
2025-11-07,Madhya Pradesh,Morena,476221,21,-0.019449435671653914
2025-11-07,Maharashtra,Jalna,431203,18,-0.006779537742112707
2025-11-07,Maharashtra,Thane,421302,34,-0.01335004174614629
2025-11-07,Uttar Pradesh,Gautam Buddha Nagar,201301,26,-0.001636613118394581
2025-11-07,Uttar Pradesh,Moradabad,244001,39,-0.0044926362289381405
2025-11-07,West Bengal,Uttar Dinajpur,733202,27,-0.014819582049031665
2025-11-07,West Bengal,Uttar Dinajpur,733207,34,-0.03508841589368594
2025-11-07,Bihar,Madhubani,847108,23,-0.010847464139972174
2025-11-07,Gujarat,Rajkot,360003,30,-0.029097666906222064
2025-11-07,Jharkhand,Sahebganj,816108,39,-0.02306082374106877
2025-11-07,Madhya Pradesh,Jhabua,457661,32,-0.003970096412560076
2025-11-07,Uttar Pradesh,Agra,282001,29,-0.04223316662492704
2025-11-07,Uttar Pradesh,Etawah,206242,25,-0.019596494499840245
2025-11-07,Assam,Barpeta,781314,22,-0.01172928636327264
2025-11-07,West Bengal,Uttar Dinajpur,733210,33,-0.01149614058986892
2025-11-07,Assam,Barpeta,781308,72,-0.02709158917078236
2025-11-07,Uttar Pradesh,Ballia,221712,18,-0.019093402259309333
2025-11-07,Bihar,West Champaran,845453,23,-0.0019155308010547767
2025-11-07,Maharashtra,Nashik,423203,29,-0.010543559447704909
2025-11-07,Meghalaya,East Khasi Hills,793110,23,-0.012508476598362628
2025-11-07,Uttar Pradesh,Aligarh,202001,33,-0.02883170715277672
2025-11-07,Uttar Pradesh,Bahraich,271865,18,-0.011701583472084498
2025-11-07,Uttar Pradesh,Kanpur Nagar,208001,30,-0.046713597128785755
2025-11-07,Uttar Pradesh,Meerut,250002,33,-0.0002727313478217974
2025-11-07,Uttar Pradesh,Rampur,244901,31,-0.0014155235908511754
2025-11-08,Delhi,West Delhi,110059,43,-0.07647072803396449
2025-11-08,Madhya Pradesh,Guna,473001,38,-0.0007174687361061194
2025-11-08,Maharashtra,Aurangabad,431001,43,-0.031286825682059316
2025-11-08,Manipur,Tamenglong,795141,16,-0.011773486840434666
2025-11-08,Meghalaya,West Garo Hills,794104,66,-0.0769823047757594
2025-11-08,Nagaland,Phek,797114,35,-0.013003201296639677
2025-11-08,Bihar,Madhubani,847235,30,-0.0013901327573913047
2025-11-08,Bihar,West Champaran,845306,22,-0.026723416212062312
2025-11-08,Punjab,Amritsar,143001,24,-0.03275229877116426
2025-11-08,Rajasthan,Dungarpur,314030,23,-0.004722908002737336
2025-11-08,Uttar Pradesh,Amroha,244221,32,-0.007620269318286743
2025-11-08,Uttar Pradesh,Bahraich,271855,21,-0.034509031860535444
2025-11-08,Uttar Pradesh,Kanpur Nagar,208001,32,-0.007620269318286743
2025-11-08,Uttar Pradesh,Mirzapur,231001,37,-0.029622948588530984
2025-11-08,Uttar Pradesh,Pilibhit,262122,30,-0.0013901327573913047
2025-11-08,Uttar Pradesh,Pilibhit,262201,20,-0.011534069412638015
2025-11-08,Jharkhand,Ranchi,835202,47,-0.003877306622328991
2025-11-08,Madhya Pradesh,Sheopur,476332,39,-0.008799850024293066
2025-11-08,Nagaland,Dimapur,797112,23,-0.012925055845990019
2025-11-08,Nagaland,Kiphire,798611,20,-0.03359941779913611
2025-11-08,Nagaland,Tuensang,798612,24,-0.04255557634067597
2025-11-08,Uttar Pradesh,Aligarh,202001,35,-0.013003201296639677
2025-11-08,Uttar Pradesh,Bahraich,271851,14,-0.006363615092216723
2025-11-08,Uttar Pradesh,Firozabad,283203,33,-0.045419525291279794
2025-11-08,Uttar Pradesh,Maharajganj,273303,24,-0.007289891091937117
2025-11-08,Uttar Pradesh,Meerut,250002,74,-0.08884460888791679
2025-11-08,Bihar,East Champaran,845305,34,-0.010748217395458615
2025-11-08,West Bengal,Uttar Dinajpur,733201,32,-0.03735577438744997
2025-11-08,West Bengal,Uttar Dinajpur,733202,47,-0.03831047031269608
2025-11-08,West Bengal,Uttar Dinajpur,733207,35,-0.013003201296639677
2025-11-08,Bihar,Saharsa,852106,22,-0.0024125176262526082
2025-11-08,Bihar,West Champaran,845449,18,-0.01355772946999223
2025-11-08,Bihar,West Champaran,845455,21,-0.02737885601909007
2025-11-08,Jharkhand,Deoghar,815353,37,-0.04689220401574723
2025-11-08,Maharashtra,Nashik,423203,50,-0.042694068150236686
2025-11-08,Rajasthan,Bharatpur,321001,29,-0.00022325259386057894
2025-11-08,Uttar Pradesh,Ghaziabad,201102,47,-0.05851444828829144
2025-11-08,Uttar Pradesh,Kheri,262804,23,-0.0022742660796479797
2025-11-08,Uttar Pradesh,Meerut,250001,38,-0.018647633223191407
2025-11-08,Jharkhand,Sahebganj,816108,56,-0.049566276478039906
2025-11-08,Madhya Pradesh,Jhabua,457661,41,-0.03202554586798256
2025-11-08,Madhya Pradesh,Morena,476001,34,-0.0160655440107339
2025-11-08,Nagaland,Longleng,798625,14,-0.024926756986277887
2025-11-08,Uttar Pradesh,Agra,282001,34,-0.019367096730963818
2025-11-08,Uttar Pradesh,Bahraich,271902,17,-0.010750405768521043
2025-11-08,Uttar Pradesh,Moradabad,244001,65,-0.05154175048830156
2025-11-08,Uttar Pradesh,Rampur,244901,27,-0.02290698140265368
2025-11-08,Uttar Pradesh,Rampur,244927,15,-0.007303178180565917
2025-11-08,Uttar Pradesh,Saharanpur,247001,44,-0.0264947264225035
2025-11-08,Uttar Pradesh,Siddharthnagar,272153,21,-0.029773848831487038
2025-11-08,Uttar Pradesh,Sitapur,261001,35,-0.04417717704308333
2025-11-08,Uttar Pradesh,Gautam Buddha Nagar,201301,29,-0.04588111011912055
2025-11-08,Uttar Pradesh,Lucknow,226003,32,-0.005763501298264195
2025-11-08,Uttar Pradesh,Pilibhit,262001,32,-0.00856855810253343
2025-11-08,Uttar Pradesh,Unnao,209801,35,-0.017007249767325927
2025-11-08,Uttar Pradesh,Varanasi,221001,28,-0.034891974317625585
2025-11-08,Jharkhand,Godda,814133,23,-0.00010700014718900697
2025-11-08,Nagaland,Noklak,798626,18,-0.0122085050228119
2025-11-08,Bihar,East Champaran,845433,30,-0.010083138219448062
2025-11-08,Bihar,West Champaran,845438,41,-0.04834796397501695
2025-11-08,Gujarat,Banaskantha,385535,19,-0.016997597858272928
2025-11-09,Bihar,Jamui,811303,25,-0.04538140302145077
2025-11-09,Jharkhand,Deoghar,815353,30,-0.007515136931192101
2025-11-09,Jharkhand,Palamu,822123,21,-0.042334430773492304
2025-11-09,Jharkhand,Sahebganj,816108,61,-0.06542763041669253
2025-11-09,Madhya Pradesh,Jhabua,457661,32,-0.01872677748907514
2025-11-09,Uttar Pradesh,Ghaziabad,201001,28,-0.0013717902179033459
2025-11-09,Uttar Pradesh,Moradabad,244001,69,-0.06090602224306585
2025-11-09,Uttar Pradesh,Rampur,244901,49,-0.04848950803624086
2025-11-09,Uttar Pradesh,Unnao,209801,71,-0.016577319002479607
2025-11-09,Bihar,Rohtas,821113,28,-0.0006381112073838846
2025-11-09,Uttar Pradesh,Bahraich,271801,19,-0.023116271800713073
2025-11-09,Uttar Pradesh,Etah,207001,17,-0.012052592670093731
2025-11-09,West Bengal,South 24 Parganas,743355,30,-0.00037580031356476695
2025-11-09,Uttar Pradesh,Allahabad,211019,14,-0.02011470636411361
2025-11-09,Uttar Pradesh,Kanpur Nagar,208001,22,-0.005860785213682385
2025-11-09,Uttar Pradesh,Shamli,247775,30,-0.001391780294133449
2025-11-09,Maharashtra,Nashik,423203,41,-0.03975094678276658
2025-11-09,West Bengal,Uttar Dinajpur,733202,42,-0.04072472467279642
2025-11-09,West Bengal,Uttar Dinajpur,733207,55,-0.05591419996414393
2025-11-09,Madhya Pradesh,Ratlam,457001,59,-0.01319175891504032
2025-11-09,Maharashtra,Thane,421301,37,-0.0063811177005418385
2025-11-09,Assam,Darrang,784125,17,-0.023788473007114064
2025-11-09,Jharkhand,Giridih,815312,31,-0.014958306020987466
2025-11-09,Jharkhand,Jamtara,815352,37,-0.03538521597214883
2025-11-09,Uttar Pradesh,Aligarh,202001,34,-0.02886923399365926
2025-11-09,Uttar Pradesh,Bulandshahr,203001,33,-0.02324530475728015
2025-11-09,Uttar Pradesh,Gautam Buddha Nagar,201301,35,-0.05464594846749582
2025-11-09,Uttar Pradesh,Pilibhit,262001,35,-0.006013460589915032
2025-11-09,West Bengal,Uttar Dinajpur,733201,30,-0.014019370963953448
2025-11-09,West Bengal,Uttar Dinajpur,733210,33,-0.023598397826893214
2025-11-09,Uttar Pradesh,Agra,282001,31,-0.014958306020987466
2025-11-09,Uttar Pradesh,Ghaziabad,201102,31,-0.017092306777422572
2025-11-09,Uttar Pradesh,Meerut,250002,37,-0.03829274838828656
2025-11-10,Telangana,Hyderabad,500013,15,-0.002593039251217122
2025-11-10,Uttar Pradesh,Agra,282006,31,-0.06672548087555963
2025-11-10,Uttar Pradesh,Gautam Buddha Nagar,201301,61,-0.10868982341300304
2025-11-10,Uttar Pradesh,Ghaziabad,201001,47,-0.043260325290970014
2025-11-10,Uttar Pradesh,Hardoi,241001,40,-0.03442171625618684
2025-11-10,Uttar Pradesh,Kanpur Nagar,208001,63,-0.07391406446293669
2025-11-10,Uttar Pradesh,Kanpur Nagar,208021,32,-0.04097205245399693
2025-11-10,Uttar Pradesh,Kushinagar,274305,32,-0.007289039171585632
2025-11-10,Uttar Pradesh,Lucknow,226003,38,-0.025375044049446682
2025-11-10,Uttar Pradesh,Mirzapur,231001,35,-0.0201493505139948
2025-11-10,Uttar Pradesh,Moradabad,244001,129,-0.06630761945251562
2025-11-10,Uttar Pradesh,Muzaffarnagar,251001,27,-0.019371748576950454
2025-11-10,West Bengal,North 24 Parganas,743423,16,-0.004952872038501588
2025-11-10,Bihar,Samastipur,848114,29,-0.025125974150518315
2025-11-10,Delhi,North West Delhi,110086,65,-0.06571654326782206
2025-11-10,Jharkhand,Deoghar,815353,51,-0.07281990495679047
2025-11-10,Jharkhand,Jamtara,815351,29,-0.021797211272655437
2025-11-10,Jharkhand,Palamu,822122,21,-0.026499439820601656
2025-11-10,Jharkhand,Ranchi,834001,32,-0.008940002868430663
2025-11-10,Madhya Pradesh,Ashok Nagar,473335,22,-0.03597423380849318
2025-11-10,Madhya Pradesh,Dewas,455001,55,-0.016769074620897606
2025-11-10,Madhya Pradesh,Panna,488333,12,-0.0029333612068763726
2025-11-10,Meghalaya,East Jaintia Hills,793160,17,-0.019957255408455388
2025-11-10,Meghalaya,East Khasi Hills,793008,8,-0.009645318703631611
2025-11-10,Meghalaya,East Khasi Hills,793009,18,-0.01477424882785039
2025-11-10,Meghalaya,East Khasi Hills,793110,22,-0.061432920348675646
2025-11-10,Meghalaya,West Garo Hills,794104,26,-0.05309987157813323
2025-11-10,Rajasthan,Bharatpur,321204,19,-0.026466033380292853
2025-11-10,Bihar,Araria,854312,39,-0.026806995990017013
2025-11-10,Bihar,Darbhanga,848213,33,-0.032526900614083365
2025-11-10,Bihar,Katihar,854104,22,-0.032577999232672794
2025-11-10,Bihar,Katihar,854317,49,-0.05103247316215287
2025-11-10,West Bengal,South 24 Parganas,743337,39,-0.00027399700789432213
2025-11-10,West Bengal,Uttar Dinajpur,733201,49,-0.045709135005353896
2025-11-10,West Bengal,Uttar Dinajpur,733207,68,-0.07792649674172913
2025-11-10,West Bengal,Uttar Dinajpur,733210,74,-0.06378924420874754
2025-11-10,Assam,Darrang,784146,18,-0.01976016889443133
2025-11-10,Assam,Dhemaji,787057,43,-0.032122408551728876
2025-11-10,Assam,Kamrup Metro,781038,9,-0.014771733816922095
2025-11-10,Bihar,East Champaran,845303,11,-0.001616981351957647
2025-11-10,Bihar,Sitamarhi,843302,52,-0.06148459381419702
2025-11-10,Chhattisgarh,Bijapur,494444,27,-0.04446264751822271
2025-11-10,Delhi,North East Delhi,110094,62,-0.053398192520941024
2025-11-10,Delhi,West Delhi,110059,69,-0.10337579370935235
2025-11-10,Gujarat,Surat,394101,13,-0.006934141964960006
2025-11-10,Jharkhand,Jamtara,815352,34,-0.01173996226929841
2025-11-10,Jharkhand,Sahebganj,816101,32,-0.007289039171585632
2025-11-10,Jharkhand,Sahebganj,816108,52,-0.053507620044279336
2025-11-10,Madhya Pradesh,Bhind,477001,33,-0.011272512674011526
2025-11-10,Madhya Pradesh,Burhanpur,450221,11,-0.006742348515323293
2025-11-10,Madhya Pradesh,Jhabua,457661,50,-0.053507620044279336
2025-11-10,Madhya Pradesh,Khargone,451441,18,-0.027911526578016765
2025-11-10,Madhya Pradesh,Morena,476224,36,-0.014293467018611006
2025-11-10,Uttar Pradesh,Aligarh,202001,58,-0.06178066906365842
2025-11-10,Uttar Pradesh,Amroha,244235,30,-0.004969982416091812
2025-11-10,Uttar Pradesh,Hapur,245101,36,-0.022045104339587396
2025-11-10,Uttar Pradesh,Kushinagar,274304,35,-0.02035151207933228
2025-11-10,Uttar Pradesh,Meerut,250001,39,-0.026806995990017013
2025-11-10,Uttar Pradesh,Sitapur,261303,17,-0.0173989944412295
2025-11-10,Uttar Pradesh,Varanasi,221001,34,-0.011483162631565125
2025-11-10,Meghalaya,East Jaintia Hills,793200,33,-0.030232089643181692
2025-11-10,Meghalaya,East Khasi Hills,793010,8,-0.004473100085144788
2025-11-10,Meghalaya,West Garo Hills,794002,22,-0.03510098353355273
2025-11-10,Punjab,Kapurthala,144601,22,-0.008584608700676455
2025-11-10,Rajasthan,Bharatpur,321001,33,-0.07541278315016775
2025-11-10,Uttar Pradesh,Bulandshahr,203001,36,-0.04439184477011704
2025-11-10,Uttar Pradesh,Gautam Buddha Nagar,201306,30,-0.02835268328982965
2025-11-10,Uttar Pradesh,Kanpur Nagar,208020,16,-0.02045318107568561
2025-11-10,Uttar Pradesh,Pilibhit,262001,41,-0.04844534221869079
2025-11-10,Uttar Pradesh,Sambhal,202421,35,-0.0201493505139948
2025-11-10,Uttar Pradesh,Sitapur,261302,15,-0.005416044404624176
2025-11-10,Bihar,Araria,854311,49,-0.06379766996210379
2025-11-10,Bihar,Banka,813106,48,-0.05053844778313055
2025-11-10,Bihar,East Champaran,845301,21,-0.0007681757558782865
2025-11-10,Bihar,East Champaran,845305,33,-0.058901803149179144
2025-11-10,Bihar,Jamui,811303,31,-0.005433166362778907
2025-11-10,Bihar,Sitamarhi,843324,27,-0.019631017367610193
2025-11-10,Bihar,West Champaran,845438,24,-0.003997106709602738
2025-11-10,Bihar,West Champaran,845453,28,-0.04256672465850608
2025-11-10,Chhattisgarh,Bastar,494442,30,-0.004969982416091812
2025-11-10,Gujarat,Surat,395010,40,-0.032082423557431294
2025-11-10,Karnataka,Kolar,563131,12,-0.004338688995286555
2025-11-10,Madhya Pradesh,Ujjain,456006,31,-0.04818975343801635
2025-11-10,Maharashtra,Nashik,423203,74,-0.06883452861410588
2025-11-10,Maharashtra,Thane,400612,37,-0.02157068478435642
2025-11-10,Manipur,Ukhrul,795142,35,-0.018077412416443894
2025-11-10,Meghalaya,East Khasi Hills,793022,13,-0.01477424882785039
2025-11-10,Meghalaya,West Khasi Hills,793120,21,-0.02786884842448145
2025-11-10,West Bengal,South 24 Parganas,743338,48,-0.027575390656176868
2025-11-10,Uttar Pradesh,Agra,282001,48,-0.041583701485564895
2025-11-10,Uttar Pradesh,Chandauli,232101,41,-0.034976520977319736
2025-11-10,Uttar Pradesh,Firozabad,283203,49,-0.10390558020993157
2025-11-10,Uttar Pradesh,Ghaziabad,201102,72,-0.07741428138863349
2025-11-10,Uttar Pradesh,Kheri,262907,22,-0.002611406390138349
2025-11-10,Uttar Pradesh,Maharajganj,273164,30,-0.01566340585459325
2025-11-10,Uttar Pradesh,Pilibhit,262122,37,-0.05382055935061303
2025-11-10,Uttar Pradesh,Rampur,244901,66,-0.12213326594509466
2025-11-10,Uttar Pradesh,Saharanpur,247001,76,-0.0642922379288815
2025-11-10,Gujarat,Kheda,387620,10,-0.011961996654659801
2025-11-10,Haryana,Faridabad,121004,48,-0.015357476577277374
2025-11-10,Jharkhand,Dumka,814151,32,-0.00620253471346266
2025-11-10,Jharkhand,Garhwa,822112,24,-0.0003894181581263201
2025-11-10,Jharkhand,Garhwa,822114,56,-0.03045115450782343
2025-11-10,Jharkhand,Giridih,815312,40,-0.03442171625618684
2025-11-10,Jharkhand,Giridih,815314,43,-0.03354750919488125
2025-11-10,Rajasthan,Jaipur,302012,43,-0.040240753727252665
2025-11-10,Uttar Pradesh,Unnao,209801,69,-0.06278427714907864
2025-11-10,Madhya Pradesh,Morena,476001,58,-0.10231729544102897
2025-11-10,Maharashtra,Aurangabad,431001,91,-0.06328659069217968
2025-11-10,Maharashtra,Mumbai Suburban,400072,18,-0.01976016889443133
2025-11-10,Maharashtra,Thane,421301,45,-0.01956065380338534
2025-11-10,Maharashtra,Thane,421302,49,-0.004645796227161214
2025-11-10,Meghalaya,West Garo Hills,794001,12,-0.011961996654659801
2025-11-10,Punjab,Amritsar,143001,28,-0.053219345038641674
2025-11-10,West Bengal,Uttar Dinajpur,733202,54,-0.06148459381419702
2025-11-10,Uttar Pradesh,Bahraich,271902,24,-0.0037017586527530177
2025-11-10,Uttar Pradesh,Deoria,274001,47,-0.08317279175415915
2025-11-10,Uttar Pradesh,Kheri,262802,19,-0.025183142272117265
2025-11-10,Uttar Pradesh,Meerut,250002,107,-0.09817563491783743
2025-11-10,Uttar Pradesh,Shahjahanpur,242001,35,-0.012886888765460625
2025-11-10,Uttar Pradesh,Sitapur,261141,16,-0.015166516361733717
2025-11-10,West Bengal,Uttar Dinajpur,733208,45,-0.023354103895484313
2025-11-10,Delhi,East Delhi,110092,43,-0.06531961327720215
2025-11-10,Delhi,South Delhi,110044,50,-0.04599890590142086
2025-11-10,Delhi,South Delhi,110062,32,-0.024275981378984457
2025-11-10,Jharkhand,Godda,814133,37,-0.018549467671659436
2025-11-10,Madhya Pradesh,Burhanpur,450331,30,-0.024136329870804718
2025-11-10,Madhya Pradesh,Damoh,470775,29,-0.021797211272655437
2025-11-10,Madhya Pradesh,Ratlam,457001,82,-0.06782273903073566
2025-11-10,Madhya Pradesh,Sheopur,476337,35,-0.0006080017011554917
2025-11-10,Maharashtra,Beed,431131,17,-0.014199136979222371
2025-11-10,Maharashtra,Parbhani,431401,27,-0.06681063710530599
2025-11-10,Meghalaya,East Khasi Hills,793005,17,-0.03510098353355273
2025-11-10,Meghalaya,Ri Bhoi,793116,8,-0.009627158312810358
2025-11-10,Rajasthan,Churu,331403,25,-0.04012852754233942
2025-11-10,Assam,Kamrup Metro,781029,12,-0.022624663770948517
2025-11-10,Bihar,Araria,854333,27,-0.013212385815449923
2025-11-10,Bihar,Madhubani,847408,33,-0.011015886724634605
2025-11-10,Bihar,Purnia,854204,35,-0.07434825632889974
2025-11-10,Bihar,Sheohar,843329,42,-0.03547957217410769
2025-11-10,Bihar,West Champaran,845307,31,-0.06138140808411108
2025-11-11,Meghalaya,East Khasi Hills,793005,14,-0.014184711435054842
2025-11-11,Meghalaya,East Khasi Hills,793121,51,-0.07118215805890715
2025-11-11,Gujarat,Valsad,396065,22,-0.021816584839427278
2025-11-11,Uttar Pradesh,Ghaziabad,201102,35,-0.010029414822460114
2025-11-11,Uttar Pradesh,Maharajganj,273164,24,-0.04205575515999549
2025-11-11,Uttar Pradesh,Moradabad,244001,58,-0.04503514589518398
2025-11-11,West Bengal,Uttar Dinajpur,733210,38,-0.001197544038095577
2025-11-11,Delhi,West Delhi,110059,36,-0.06700231986002814
2025-11-11,Madhya Pradesh,Ujjain,456010,17,-0.008033560928369599
2025-11-11,Bihar,Madhubani,847108,20,-0.03179726518563564
2025-11-11,Meghalaya,Ri Bhoi,781131,10,-0.005658646790597022
2025-11-11,Maharashtra,Thane,400612,26,-0.031585267462029165
2025-11-11,Gujarat,Rajkot,360003,21,-0.016841165274340875
2025-11-11,Gujarat,Surat,394230,8,-0.0049356533867737085
2025-11-11,Jharkhand,Palamu,822122,28,-0.053726922782623365
2025-11-11,Uttar Pradesh,Balrampur,271604,16,-0.0071449773846633535
2025-11-11,Uttar Pradesh,Saharanpur,247001,45,-0.01609341216527882
2025-11-11,Bihar,East Champaran,845305,17,-0.021744913124436716
2025-11-11,Bihar,Saharsa,852106,13,-0.008247786658104883
2025-11-11,Assam,West Karbi Anglong,782486,16,-0.009328989483075811
2025-11-11,Bihar,Saharsa,852127,15,-0.0015935578360894986
2025-11-11,Jharkhand,Palamu,822113,22,-0.03268844353782907
2025-11-11,Madhya Pradesh,Shivpuri,473880,14,-0.009683023522021439
2025-11-11,Maharashtra,Aurangabad,431001,41,-0.01878745782166813
2025-11-11,Meghalaya,South West Garo Hills,794115,17,-0.012130531191595018
2025-11-11,Meghalaya,West Jaintia Hills,793150,49,-0.021135105098668117
2025-11-11,Uttar Pradesh,Ambedkar Nagar,224190,14,-0.015859720874297323
2025-11-11,Uttar Pradesh,Bulandshahr,203205,19,-0.025049437411165942
2025-11-11,Haryana,Faridabad,121001,17,-0.004851778976028065
2025-11-11,Jharkhand,Giridih,825324,18,-0.0047835531297550915
2025-11-11,Madhya Pradesh,Morena,476221,30,-0.02275274173182895
2025-11-11,Madhya Pradesh,Shivpuri,473662,15,-0.008008212280323779
2025-11-11,Uttar Pradesh,Rampur,244901,26,-0.042550150209541004
2025-11-12,Uttar Pradesh,Bahraich,271902,19,-0.007825195824784359
2025-11-12,Madhya Pradesh,Sheopur,476339,15,-0.00455669162815775
2025-11-12,Maharashtra,Beed,431127,21,-0.0035478545355234203
2025-11-12,Rajasthan,Jalor,343040,18,-0.009966328694138493
2025-11-12,West Bengal,North 24 Parganas,743423,17,-0.01271757534747664
2025-11-12,Assam,Darrang,784116,52,-0.007044570503921155
2025-11-12,Bihar,Siwan,841226,23,-0.035292636385602205
2025-11-12,Bihar,West Champaran,845306,22,-0.02228453841638567
2025-11-12,Gujarat,Bhavnagar,364290,25,-0.04246052046728155
2025-11-12,Gujarat,Dahod,389151,26,-0.004339814521253205
2025-11-12,Maharashtra,Nashik,423203,49,-0.07785049072635164
2025-11-12,Meghalaya,West Khasi Hills,793119,147,-0.053214890793719216
2025-11-12,Rajasthan,Barmer,344001,20,-0.023886651064111142
2025-11-12,Rajasthan,Jalor,343041,26,-0.04843365110336273
2025-11-12,Uttar Pradesh,Bahraich,271801,26,-0.006956369946244267
2025-11-12,Uttar Pradesh,Kheri,262804,17,-0.0018633070300089205
2025-11-12,Uttar Pradesh,Pilibhit,262122,16,-0.0018241729476976554
2025-11-12,Bihar,East Champaran,845305,14,-0.013288626335593245
2025-11-12,Gujarat,Bhavnagar,364150,18,-0.004374029376463473
2025-11-12,Gujarat,Dahod,389170,20,-0.012378544591386653
2025-11-12,Maharashtra,Thane,421302,27,-0.003280421536395739
2025-11-12,Meghalaya,East Khasi Hills,793111,27,-0.046495028145736694
2025-11-12,Meghalaya,East Khasi Hills,793121,65,-0.0187484111996592
2025-11-12,Rajasthan,Alwar,301001,25,-0.04085459066729358
2025-11-12,Rajasthan,Jodhpur,342001,19,-0.020750816544776618
2025-11-12,Uttar Pradesh,Aligarh,202001,47,-0.06421760028243784
2025-11-12,Uttar Pradesh,Bahraich,271855,20,-0.02463467321352486
2025-11-12,Delhi,West Delhi,110059,36,-0.04289539375335638
2025-11-12,Gujarat,Surat,395010,35,-0.033965471816926884
2025-11-12,Haryana,Faridabad,121001,18,-0.014176804648093233
2025-11-12,Madhya Pradesh,Panna,488220,22,-0.01569192798888952
2025-11-12,Madhya Pradesh,Satna,485001,19,-0.010010703527997378
2025-11-12,Madhya Pradesh,Sheopur,476337,33,-0.0574687761108561
2025-11-12,Maharashtra,Beed,431122,25,-0.010032414620151253
2025-11-12,Uttar Pradesh,Meerut,250002,40,-0.012096786720669717
2025-11-12,Arunachal Pradesh,Longding,792131,11,-0.0002897873243598026
2025-11-12,Assam,Darrang,784115,50,-0.026748504570716647
2025-11-12,Gujarat,Dahod,389180,20,-0.012410181366277251
2025-11-12,Madhya Pradesh,Gwalior,474001,79,-0.04953504063998437
2025-11-12,Madhya Pradesh,Morena,476001,38,-0.009185481087403469
2025-11-12,Meghalaya,South West Khasi Hills,793106,42,-0.005312861515297085
2025-11-12,Rajasthan,Ajmer,305901,19,-0.018631894051810316
2025-11-12,Rajasthan,Nagaur,341001,21,-0.01613301475104756
2025-11-12,Uttar Pradesh,Agra,282001,21,-0.01519249118531718
2025-11-12,Uttar Pradesh,Gautam Buddha Nagar,201301,28,-0.01395740441134763
2025-11-12,Uttar Pradesh,Hardoi,241001,30,-0.01734670722827225
2025-11-12,Assam,Dhemaji,787057,35,-0.02691538257201076
2025-11-12,Karnataka,Bengaluru,560043,17,-0.01497181270909087
2025-11-12,Karnataka,Bengaluru,560068,22,-0.037667243173208464
2025-11-12,Maharashtra,Aurangabad,431001,39,-0.011120823937267987
2025-11-12,Meghalaya,East Garo Hills,794110,17,-0.004173428832020876
2025-11-12,Rajasthan,Ajmer,305001,23,-0.03181214404031629
2025-11-12,Uttar Pradesh,Moradabad,244001,53,-0.04068991339743211
2025-11-13,Rajasthan,Jaipur,302003,23,-0.018922048790444124
2025-11-13,Rajasthan,Jodhpur,342008,40,-0.017559460679059113
2025-11-13,Rajasthan,Jodhpur,342012,68,-0.04041333548484849
2025-11-13,Rajasthan,Jodhpur,342024,22,-0.02957718083774874
2025-11-13,Uttar Pradesh,Shrawasti,271831,18,-0.002891020268821154
2025-11-13,Madhya Pradesh,Gwalior,475110,26,-0.03769281760895493
2025-11-13,Meghalaya,South Garo Hills,794102,37,-0.02052501229009185
2025-11-13,Rajasthan,Jalor,343029,16,-0.006144805382332197
2025-11-13,Uttar Pradesh,Unnao,209801,38,-0.020173815850394683
2025-11-13,Maharashtra,Parbhani,431401,19,-0.00775426334803897
2025-11-13,Delhi,North West Delhi,110086,25,-0.019088860266127106
2025-11-13,Delhi,West Delhi,110059,18,-0.012255652427217045
2025-11-13,Gujarat,Dahod,389170,22,-0.024561973031591244
2025-11-13,Karnataka,Bengaluru,560068,15,-0.0006014733900261415
2025-11-13,Rajasthan,Ajmer,305001,25,-0.026299270162120636
2025-11-13,Rajasthan,Bikaner,334001,26,-0.04316686365565314
2025-11-13,Rajasthan,Jaipur,302012,29,-0.019973643470338698
2025-11-13,Rajasthan,Nagaur,341001,26,-0.041430819362566984
2025-11-13,Rajasthan,Jodhpur,342001,93,-0.0928549906066678
2025-11-13,Rajasthan,Udaipur,313702,17,-0.02057916654469716
2025-11-13,Uttar Pradesh,Meerut,250002,42,-0.01863354368015191
2025-11-13,Rajasthan,Nagaur,341303,18,-0.010072619704255215
2025-11-13,Uttar Pradesh,Hardoi,241001,24,-0.0043436640596276055
2025-11-13,Uttar Pradesh,Jaunpur,222139,22,-0.016552813678287648
2025-11-13,Gujarat,Rajkot,360002,16,-0.005306736911258603
2025-11-13,Haryana,Faridabad,121004,30,-0.05813065537983719
2025-11-13,Madhya Pradesh,Bhopal,462001,25,-0.027903861166005295
2025-11-13,Madhya Pradesh,Gwalior,474001,39,-0.0500435716783999
2025-11-13,Madhya Pradesh,Gwalior,474006,19,-0.014883849157893314
2025-11-14,Gujarat,Patan,384265,22,-0.01686742591207102
2025-11-14,Gujarat,Surat,394210,25,-0.0225609133318867
2025-11-14,Madhya Pradesh,Shajapur,465001,26,-0.04203068095061313
2025-11-14,Meghalaya,West Garo Hills,794104,32,-0.05610798905476655
2025-11-14,Rajasthan,Jodhpur,342001,37,-0.06605334033110222
2025-11-14,Rajasthan,Jodhpur,342012,14,-9.543551381707704e-05
2025-11-14,Uttar Pradesh,Bulandshahr,203131,18,-0.011319020500338617
2025-11-14,Bihar,Jamui,811303,18,-0.0016839890085372788
2025-11-14,Uttar Pradesh,Aligarh,202001,44,-0.07467688152431873
2025-11-14,Uttar Pradesh,Bareilly,243001,23,-0.02012006869835603
2025-11-14,Uttar Pradesh,Kanpur Nagar,208001,34,-0.005358557345993775
2025-11-14,Haryana,Panipat,132103,32,-0.03695436704227806
2025-11-14,Madhya Pradesh,Dewas,455001,62,-0.08133860566402162
2025-11-14,Uttar Pradesh,Rampur,244901,35,-0.017128286830143225
2025-11-14,Uttar Pradesh,Saharanpur,247001,52,-0.060025578014619274
2025-11-14,Uttar Pradesh,Shahjahanpur,242001,41,-0.026395585413502398
2025-11-14,Uttar Pradesh,Shamli,247774,48,-0.0345603510513125
2025-11-14,Assam,Karbi Anglong,782441,17,-0.0014974688232785027
2025-11-14,Assam,Nagaon,782123,18,-0.0013027093533946044
2025-11-14,Maharashtra,Aurangabad,431001,55,-0.04365397697633833
2025-11-14,Meghalaya,West Khasi Hills,793119,20,-0.006447609262594023
2025-11-14,Rajasthan,Alwar,301001,21,-0.015207017308507154
2025-11-14,Assam,Karimganj,788723,19,-0.004646305971528819
2025-11-14,Gujarat,Surat,395010,35,-0.030769753669895095
2025-11-14,Haryana,Faridabad,121004,31,-0.04125734893294675
2025-11-14,Uttar Pradesh,Meerut,250002,42,-0.026395585413502398
2025-11-14,Uttar Pradesh,Moradabad,244001,56,-0.06202939684415343
2025-11-14,Madhya Pradesh,Indore,452001,26,-0.034676839766761836
2025-11-14,Assam,Darrang,784125,17,-0.0013622593062599941
2025-11-14,Gujarat,Morbi,363621,18,-0.00850436418728251
2025-11-14,Haryana,Bhiwani,127021,21,-0.01755931330490268
2025-11-14,Uttar Pradesh,Agra,282001,20,-0.012393011865050707
2025-11-14,Uttar Pradesh,Bareilly,243201,20,-0.004917267636651679
2025-11-14,Uttar Pradesh,Ghaziabad,201102,31,-0.009611630666275683
2025-11-14,Uttar Pradesh,Kanpur Nagar,208021,18,-0.0016839890085372788
2025-11-14,Uttar Pradesh,Unnao,209801,56,-0.019575141853686584
2025-11-15,Rajasthan,Sirohi,307026,39,-0.0301028180387114
2025-11-15,Uttar Pradesh,Agra,282002,33,-0.04222160716538326
2025-11-15,Uttar Pradesh,Agra,282005,32,-0.012311438062737712
2025-11-15,Uttar Pradesh,Amroha,244221,54,-0.046122035455657295
2025-11-15,Uttar Pradesh,Amroha,244235,33,-0.0160655440107339
2025-11-15,Uttar Pradesh,Bahraich,271801,50,-0.07188207970201477
2025-11-15,Uttar Pradesh,Ballia,277001,35,-0.006939893967527588
2025-11-15,Uttar Pradesh,Balrampur,271201,35,-0.03225116675231421
2025-11-15,Uttar Pradesh,Bareilly,243005,23,-0.001786004382122286
2025-11-15,Uttar Pradesh,Bareilly,243122,40,-0.07035872899718298
2025-11-15,Uttar Pradesh,Basti,272002,36,-0.05083399242313158
2025-11-15,Uttar Pradesh,Bijnor,246733,40,-0.004932591697504374
2025-11-15,Uttar Pradesh,Bulandshahr,202393,35,-0.015819688849685654
2025-11-15,Uttar Pradesh,Bulandshahr,245408,28,-0.05231767237183316
2025-11-15,Uttar Pradesh,Chandauli,232101,37,-0.0694200305871785
2025-11-15,Uttar Pradesh,Deoria,274001,41,-0.019120074412545596
2025-11-15,Uttar Pradesh,Gonda,271312,32,-0.007620269318286743
2025-11-15,Uttar Pradesh,Kanpur Nagar,208021,49,-0.0422056825138335
2025-11-15,Uttar Pradesh,Kaushambi,212207,34,-0.012066910044641999
2025-11-15,Uttar Pradesh,Kushinagar,274304,55,-0.04525917407233793
2025-11-15,Uttar Pradesh,Moradabad,244501,37,-0.017950230676930023
2025-11-15,Uttar Pradesh,Pilibhit,262001,91,-0.07903207651656763
2025-11-15,Uttar Pradesh,Pilibhit,262201,37,-0.015819688849685654
2025-11-15,Uttar Pradesh,Saharanpur,247554,67,-0.05154175048830156
2025-11-15,Uttar Pradesh,Shahjahanpur,242127,16,-0.004698507456827539
2025-11-15,Uttar Pradesh,Shamli,247775,55,-0.043671831287303675
2025-11-15,Uttar Pradesh,Sonbhadra,231216,33,-0.004159381031464293
2025-11-15,Haryana,Gurgaon,122001,45,-0.06530316686865956
2025-11-15,Jharkhand,Giridih,825412,50,-0.04465091840226987
2025-11-15,Jharkhand,Godda,814160,35,-0.024110807914475174
2025-11-15,Jharkhand,Ranchi,834001,37,-0.021734940413958848
2025-11-15,Jharkhand,Ranchi,835204,44,-0.035402866099917496
2025-11-15,Jharkhand,Sahebganj,816102,37,-0.008334388995921427
2025-11-15,Jharkhand,Sahebganj,816108,102,-0.08024842105431618
2025-11-15,Jharkhand,West Singhbhum,833201,38,-0.0264947264225035
2025-11-15,Madhya Pradesh,Agar Malwa,465441,58,-0.028239210114194835
2025-11-15,Madhya Pradesh,Alirajpur,457990,35,-0.013003201296639677
2025-11-15,Madhya Pradesh,Barwani,451666,54,-0.04318278433348699
2025-11-15,Madhya Pradesh,Bhopal,462001,74,-0.03637075630354403
2025-11-15,Madhya Pradesh,Dhar,454001,62,-0.03298886288084757
2025-11-15,Madhya Pradesh,Indore,452002,48,-0.015664926061466855
2025-11-15,Madhya Pradesh,Indore,452015,41,-0.011843601945522031
2025-11-15,Madhya Pradesh,Indore,453441,61,-0.05430060269445791
2025-11-15,Madhya Pradesh,Jabalpur,482001,77,-0.03637075630354403
2025-11-15,Madhya Pradesh,Jhabua,457779,43,-0.03685519277289839
2025-11-15,Madhya Pradesh,Morena,476001,100,-0.07391802977820616
2025-11-15,Madhya Pradesh,Morena,476219,33,-0.0160655440107339
2025-11-15,Madhya Pradesh,Tikamgarh,472115,37,-0.00811228632917349
2025-11-15,Madhya Pradesh,Ujjain,456006,61,-0.06681624557972887
2025-11-15,Maharashtra,Aurangabad,431001,100,-0.06905711675919879
2025-11-15,Maharashtra,Dhule,424001,44,-0.006194002193260495
2025-11-15,Maharashtra,Jalna,431203,40,-0.0006502723874027838
2025-11-15,Maharashtra,Nashik,423203,136,-0.08385467153906745
2025-11-15,Maharashtra,Parbhani,431401,47,-0.028407676284821326
2025-11-15,Maharashtra,Raigarh,410206,43,-0.013248060427332509
2025-11-15,Maharashtra,Thane,421301,63,-0.04416120923555722
2025-11-15,Maharashtra,Thane,421306,38,-0.0007174687361061194
2025-11-15,Gujarat,Panchmahals,389001,34,-0.0160655440107339
2025-11-15,Gujarat,Surat,394210,61,-0.04318278433348699
2025-11-15,West Bengal,Howrah,711312,37,-0.021734940413958848
2025-11-15,West Bengal,Malda,732125,85,-0.05451500395298603
2025-11-15,Assam,Nagaon,782124,27,-0.045910086105489634
2025-11-15,Bihar,Bhagalpur,813210,39,-0.029622948588530984
2025-11-15,Bihar,Muzaffarpur,843125,37,-0.003768957910011972
2025-11-15,Bihar,Nalanda,803101,39,-0.006456926096712889
2025-11-15,Bihar,Purnia,854204,35,-0.024110807914475174
2025-11-15,Bihar,Sheohar,843329,42,-0.0264947264225035
2025-11-15,Bihar,Sitamarhi,843317,43,-0.03298886288084757
2025-11-15,Rajasthan,Ganganagar,335001,27,-0.006245180135349693
2025-11-15,Rajasthan,Jaisalmer,345001,30,-0.0013901327573913047
2025-11-15,Rajasthan,Jodhpur,342012,48,-0.03160980040058303
2025-11-15,Rajasthan,Jodhpur,342027,18,-0.018746228841977186
2025-11-15,Rajasthan,Udaipur,313001,39,-0.031063531507777853
2025-11-15,Telangana,Hyderabad,500008,26,-0.04053212886753743
2025-11-15,Uttar Pradesh,Agra,283201,30,-0.04297169365142972
2025-11-15,Uttar Pradesh,Aligarh,202133,26,-0.022514611231692183
2025-11-15,Uttar Pradesh,Bahraich,271903,39,-0.014410015875952142
2025-11-15,Uttar Pradesh,Bareilly,243201,57,-0.04710444036410977
2025-11-15,Uttar Pradesh,Bijnor,246722,34,-0.019367096730963818
2025-11-15,Uttar Pradesh,Bulandshahr,203001,69,-0.10619012601509148
2025-11-15,Uttar Pradesh,Gorakhpur,273209,40,-0.018647633223191407
2025-11-15,Uttar Pradesh,Hapur,245101,104,-0.0893645604609905
2025-11-15,Uttar Pradesh,Jhansi,284204,42,-0.02268432303548351
2025-11-15,Uttar Pradesh,Kheri,262701,65,-0.05104738065574921
2025-11-15,Uttar Pradesh,Kheri,262903,31,-0.026974487983974615
2025-11-15,Uttar Pradesh,Mathura,281502,31,-0.002065006480510778
2025-11-15,Uttar Pradesh,Mau,275101,45,-0.03588664748642045
2025-11-15,Uttar Pradesh,Meerut,250001,74,-0.05550877368424423
2025-11-15,Uttar Pradesh,Meerut,250004,33,-0.015595168775871415
2025-11-15,Uttar Pradesh,Rampur,243701,34,-0.005790449290281829
2025-11-15,Uttar Pradesh,Rampur,244925,54,-0.01874515439173663
2025-11-15,Uttar Pradesh,Sitapur,261135,51,-0.05878186592874857
2025-11-15,Uttar Pradesh,Sultanpur,228131,33,-0.01019812414916077
2025-11-15,Uttar Pradesh,Varanasi,221001,72,-0.06513841673569176
2025-11-15,Bihar,West Champaran,845451,25,-0.008685097251593388
2025-11-15,Bihar,West Champaran,845453,25,-0.013202505853149193
2025-11-15,Bihar,West Champaran,845454,40,-0.018647633223191407
2025-11-15,Chhattisgarh,Bilaspur,495551,32,-0.0048639115363154906
2025-11-15,Chhattisgarh,Kondagaon,494226,45,-0.035402866099917496
2025-11-15,Delhi,South Delhi,110025,38,-0.0001903233868423282
2025-11-15,Delhi,West Delhi,110041,54,-0.07086616904481446
2025-11-15,Gujarat,Banaskantha,385535,38,-0.0001903233868423282
2025-11-15,Gujarat,Surat,395006,68,-0.05550877368424423
2025-11-15,Gujarat,Surendra Nagar,363310,18,-0.0049021262424961964
2025-11-15,Haryana,Panipat,132103,76,-0.024391272461661617
2025-11-15,Jammu and Kashmir,Bandipore,193502,35,-0.027321184373836904
2025-11-15,Jammu and Kashmir,Kupwara,193224,27,-0.0011341429016870075
2025-11-15,Jammu and Kashmir,Ramban,182144,31,-0.0016308850107888961
2025-11-15,Jharkhand,Chatra,825404,53,-0.04525917407233793
2025-11-15,Jharkhand,Chatra,825408,57,-0.05166100991019473
2025-11-15,Jharkhand,Garhwa,822114,51,-0.042694068150236686
2025-11-15,Jharkhand,Giridih,825322,39,-0.0291434037016437
2025-11-15,Jharkhand,Giridih,825324,39,-0.0291434037016437
2025-11-15,Jharkhand,Gumla,835207,37,-0.0007174687361061194
2025-11-15,Jharkhand,Ranchi,835225,47,-0.028407676284821326
2025-11-15,Jharkhand,Ranchi,835303,47,-0.03224914240235577
2025-11-15,Madhya Pradesh,Datia,475661,70,-0.04759614155453795
2025-11-15,Madhya Pradesh,Guna,473105,31,-0.002065006480510778
2025-11-15,Madhya Pradesh,Gwalior,474006,45,-0.017478580720139414
2025-11-15,Madhya Pradesh,Indore,452001,93,-0.10512782204478643
2025-11-15,Madhya Pradesh,Jhabua,457661,64,-0.0596178848291965
2025-11-15,Madhya Pradesh,Jhabua,457777,45,-0.03685519277289839
2025-11-15,Madhya Pradesh,Panna,488442,40,-0.004932591697504374
2025-11-15,Madhya Pradesh,Rajgarh,465674,70,-0.028735252215340346
2025-11-15,Madhya Pradesh,Vidisha,464221,51,-0.038050468867711684
2025-11-15,Maharashtra,Thane,400612,60,-0.049566276478039906
2025-11-15,Meghalaya,West Garo Hills,794104,32,-0.005763501298264195
2025-11-15,Rajasthan,Ajmer,305623,32,-0.0048639115363154906
2025-11-15,Rajasthan,Alwar,301707,56,-0.06631154472813527
2025-11-15,Rajasthan,Bhilwara,311001,49,-0.03976870471494176
2025-11-15,Assam,Dhubri,783348,36,-0.026272937926696494
2025-11-15,Assam,Jorhat,785001,18,-0.017259334085677813
2025-11-15,Assam,Karimganj,788720,32,-0.04394983271801778
2025-11-15,Assam,Karimganj,788724,35,-0.017007249767325927
2025-11-15,Assam,Nagaon,782123,19,-0.01221280395461044
2025-11-15,Assam,Tinsukia,786182,14,-0.004724499464462517
2025-11-15,Bihar,Bhagalpur,812005,44,-0.031286825682059316
2025-11-15,Bihar,Bhagalpur,853204,35,-0.013003201296639677
2025-11-15,Bihar,Darbhanga,846003,31,-0.0016308850107888961
2025-11-15,Bihar,East Champaran,845433,51,-0.09353686187449173
2025-11-15,Bihar,Jamui,811308,33,-0.010414860348070265
2025-11-15,Bihar,Jamui,811314,38,-0.028185286739813464
2025-11-15,Bihar,Lakhisarai,811311,64,-0.05562868037062063
2025-11-15,Bihar,Munger,811213,35,-0.013003201296639677
2025-11-15,Bihar,Saran,841301,45,-0.03202554586798256
2025-11-15,Bihar,Siwan,841226,40,-0.016769395249850994
2025-11-15,Uttarakhand,Dehradun,248001,52,-0.06934487830240577
2025-11-15,West Bengal,Puruliya,723121,45,-0.03733995711624338
2025-11-15,West Bengal,Uttar Dinajpur,733134,42,-0.031286825682059316
2025-11-15,West Bengal,Uttar Dinajpur,733207,60,-0.049566276478039906
2025-11-15,Assam,Darrang,784115,34,-0.019367096730963818
2025-11-15,Assam,Darrang,784125,26,-0.030375602467006213
2025-11-15,Bihar,Araria,854318,45,-0.03685519277289839
2025-11-15,Bihar,Aurangabad,824301,32,-0.009265626083787448
2025-11-15,Bihar,Darbhanga,847203,47,-0.03685519277289839
2025-11-15,Bihar,East Champaran,845401,32,-0.005763501298264195
2025-11-15,Bihar,Gopalganj,841423,25,-0.006361325706541354
2025-11-15,Bihar,Khagaria,851204,38,-0.029622948588530984
2025-11-15,Bihar,Kishanganj,855101,36,-0.010000412723412011
2025-11-15,Bihar,Madhepura,852128,35,-0.013003201296639677
2025-11-15,Bihar,Madhubani,847226,36,-0.047875651800652674
2025-11-15,Bihar,Samastipur,848114,46,-0.06329050006537262
2025-11-15,Bihar,Sitamarhi,843330,22,-0.035475711733424786
2025-11-15,Chhattisgarh,Bijapur,494444,45,-0.024110807914475174
2025-11-15,Delhi,East Delhi,110092,51,-0.038050468867711684
2025-11-15,Delhi,North Delhi,110084,43,-0.0264947264225035
2025-11-15,Delhi,North East Delhi,110053,42,-0.03395348431027989
2025-11-15,Delhi,South Delhi,110062,78,-0.05451500395298603
2025-11-15,Delhi,West Delhi,110059,98,-0.09510730638022791
2025-11-15,Gujarat,Ahmedabad,382405,22,-0.002873970641765533
2025-11-15,Gujarat,Kachchh,370001,72,-0.05451500395298603
2025-11-15,Jharkhand,Giridih,815312,55,-0.0422056825138335
2025-11-15,Jharkhand,Giridih,815314,40,-0.03202554586798256
2025-11-15,Jharkhand,Gumla,835206,33,-0.01019812414916077
2025-11-15,Karnataka,Bengaluru,560064,16,-0.010042320624260248
2025-11-15,Karnataka,Yadgir,585215,20,-0.030925838983504095
2025-11-15,Madhya Pradesh,Bhind,477001,34,-0.0160655440107339
2025-11-15,Madhya Pradesh,Chhatarpur,471515,33,-0.010432927856561691
2025-11-15,Madhya Pradesh,Chhatarpur,471525,49,-0.040255440967603695
2025-11-15,Madhya Pradesh,Dhar,454331,35,-0.024110807914475174
2025-11-15,Madhya Pradesh,Dhar,454446,51,-0.033695061275506144
2025-11-15,Madhya Pradesh,Ratlam,457118,51,-0.033695061275506144
2025-11-15,Madhya Pradesh,Sheopur,476337,48,-0.035402866099917496
2025-11-15,Madhya Pradesh,Umaria,484661,61,-0.043671831287303675
2025-11-15,Maharashtra,Solapur,413003,31,-0.0029877542691008063
2025-11-15,Maharashtra,Thane,421503,31,-0.002065006480510778
2025-11-15,Meghalaya,North Garo Hills,794108,29,-0.007305475839629261
2025-11-15,Rajasthan,Barmer,344704,47,-0.040255440967603695
2025-11-15,Rajasthan,Bundi,323001,23,-0.00010700014718900697
2025-11-15,Rajasthan,Jodhpur,342001,102,-0.11635403255774335
2025-11-15,Rajasthan,Jodhpur,342306,21,-0.029077018799811727
2025-11-15,Rajasthan,Nagaur,341001,54,-0.041717627200709706
2025-11-15,Rajasthan,Pali,306401,37,-0.02554019115440198
2025-11-15,Uttar Pradesh,Aligarh,202001,111,-0.11996700520538883
2025-11-15,Uttar Pradesh,Allahabad,212402,24,-0.00993008024872788
2025-11-15,Uttar Pradesh,Amroha,244241,37,-0.026272937926696494
2025-11-15,Uttar Pradesh,Baghpat,250622,13,-0.0028584786219129077
2025-11-15,Uttar Pradesh,Chitrakoot,210209,52,-0.04563133128791852
2025-11-15,Uttar Pradesh,Etah,207001,48,-0.042694068150236686
2025-11-15,Uttar Pradesh,Farrukhabad,209625,37,-0.014879588981256964
2025-11-15,Uttar Pradesh,Gautam Buddha Nagar,201301,66,-0.08884460888791679
2025-11-15,Uttar Pradesh,Gautam Buddha Nagar,201306,27,-0.007754645188197462
2025-11-15,Uttar Pradesh,Ghaziabad,201102,95,-0.07461585114000613
2025-11-15,Uttar Pradesh,Jaunpur,222001,57,-0.050672443346376994
2025-11-15,Uttar Pradesh,Kheri,261505,34,-0.01019812414916077
2025-11-15,Uttar Pradesh,Kheri,262723,33,-0.05678682415688363
2025-11-15,Uttar Pradesh,Kheri,262902,34,-0.0004509448515341852
2025-11-15,Uttar Pradesh,Lucknow,226003,65,-0.058997576718897715
2025-11-15,Uttar Pradesh,Mathura,281001,34,-0.019367096730963818
2025-11-15,Uttar Pradesh,Meerut,250401,36,-0.013003201296639677
2025-11-15,Uttar Pradesh,Mirzapur,231001,86,-0.09181071917329742
2025-11-15,Uttar Pradesh,Muzaffarnagar,251001,54,-0.043671831287303675
2025-11-15,Uttar Pradesh,Rampur,244901,101,-0.08282257085470257
2025-11-15,Uttar Pradesh,Sambhal,244302,53,-0.043671831287303675
2025-11-15,Uttar Pradesh,Shamli,247774,92,-0.058997576718897715
2025-11-15,Uttar Pradesh,Shamli,247776,70,-0.0594973273653957
2025-11-15,Uttar Pradesh,Sitapur,261001,60,-0.09249166837558209
2025-11-15,Uttar Pradesh,Unnao,209801,77,-0.06513841673569176
2025-11-15,West Bengal,Puruliya,723143,22,-0.020974960947782062
2025-11-15,West Bengal,South 24 Parganas,743503,55,-0.008765158699251319
2025-11-15,West Bengal,Uttar Dinajpur,733210,58,-0.046122035455657295
2025-11-15,Assam,Darrang,784145,26,-0.014609725383505467
2025-11-15,Assam,Marigaon,782121,19,-0.015165278528942117
2025-11-15,Bihar,Bhagalpur,813204,24,-0.007521545009794961
2025-11-15,Bihar,Bhojpur,802312,18,-0.010742013442310183
2025-11-15,Bihar,Katihar,854317,42,-0.03395348431027989
2025-11-15,Bihar,Katihar,855102,43,-0.047612185166631904
2025-11-15,Bihar,Saharsa,852124,34,-0.013003201296639677
2025-11-15,Bihar,Samastipur,848132,32,-0.005763501298264195
2025-11-15,Bihar,Sitamarhi,843302,39,-0.0291434037016437
2025-11-15,Bihar,Vaishali,843114,34,-0.013003201296639677
2025-11-15,Bihar,West Champaran,845438,41,-0.031063531507777853
2025-11-15,Bihar,West Champaran,845449,39,-0.04148724127414927
2025-11-15,Delhi,North West Delhi,110034,22,-0.030996966702150353
2025-11-15,Gujarat,Banaskantha,385310,35,-0.023414101238703133
2025-11-15,Gujarat,Dahod,389151,34,-0.006939893967527588
2025-11-15,Gujarat,Dahod,389170,28,-0.025542196419824803
2025-11-15,Gujarat,Kachchh,370201,30,-0.008103253510183706
2025-11-15,Gujarat,Surat,395004,60,-0.043671831287303675
2025-11-15,Gujarat,Valsad,396065,33,-0.010414860348070265
2025-11-15,Haryana,Faridabad,121001,42,-0.0020319880349886077
2025-11-15,Haryana,Faridabad,121004,79,-0.07749422776049542
2025-11-15,Jharkhand,Deoghar,815353,105,-0.08024842105431618
2025-11-15,Jharkhand,Godda,814133,39,-0.029622948588530984
2025-11-15,Jharkhand,Jamtara,815351,33,-0.010414860348070265
2025-11-15,Jharkhand,Sahebganj,816101,44,-0.03491941192257508
2025-11-15,Jharkhand,Sahebganj,816109,41,-0.0291434037016437
2025-11-15,Jharkhand,West Singhbhum,833214,79,-0.06564232359636846
2025-11-15,West Bengal,South 24 Parganas,743376,39,-0.02268432303548351
2025-11-15,West Bengal,Uttar Dinajpur,733202,67,-0.05154175048830156
2025-11-15,Karnataka,Koppal,583227,52,-0.04781590617481912
2025-11-15,Madhya Pradesh,Chhindwara,480441,47,-0.023467661006356666
2025-11-15,Madhya Pradesh,Gwalior,474001,64,-0.05104738065574921
2025-11-15,Madhya Pradesh,Indore,452016,43,-0.04984654419991752
2025-11-15,Madhya Pradesh,Katni,483501,83,-0.05550877368424423
2025-11-15,Madhya Pradesh,Morena,476229,77,-0.06501695868191826
2025-11-15,Maharashtra,Mumbai,400043,40,-0.027450554215911915
2025-11-15,Maharashtra,Mumbai,400072,31,-0.007404411180396253
2025-11-15,Maharashtra,Nashik,422003,40,-0.011843601945522031
2025-11-15,Maharashtra,Palghar,401208,39,-0.02268432303548351
2025-11-15,Maharashtra,Pune,411014,24,-0.026544249846014778
2025-11-15,Maharashtra,Thane,421302,101,-0.058997576718897715
2025-11-15,Rajasthan,Ajmer,305801,41,-0.02268432303548351
2025-11-15,Rajasthan,Alwar,301001,67,-0.05203645491789621
2025-11-15,Rajasthan,Barmer,344001,33,-0.005754074147885868
2025-11-15,Rajasthan,Barmer,344702,36,-0.04689220401574723
2025-11-15,Rajasthan,Dholpur,328001,40,-0.0291434037016437
2025-11-15,Rajasthan,Dholpur,328021,42,-0.06028169452818355
2025-11-15,Rajasthan,Sawai Madhopur,322201,42,-0.0344362847330828
2025-11-15,Madhya Pradesh,Burhanpur,450331,63,-0.02145312151752443
2025-11-15,Madhya Pradesh,Damoh,470775,42,-0.08884460888791679
2025-11-15,Madhya Pradesh,Dewas,455001,112,-0.04759614155453795
2025-11-15,Madhya Pradesh,Guna,473001,65,-0.013905809893290266
2025-11-15,Madhya Pradesh,Mandsaur,458775,44,-0.0015697720242792146
2025-11-15,Madhya Pradesh,Morena,476221,72,-0.0594973273653957
2025-11-15,Madhya Pradesh,Morena,476224,64,-0.04907324277211533
2025-11-15,Madhya Pradesh,Neemuch,458441,66,-0.016725969049509404
2025-11-15,Madhya Pradesh,Rajgarh,465687,46,-0.013317582127513328
2025-11-15,Madhya Pradesh,Ratlam,457001,134,-0.060497843603895096
2025-11-15,Madhya Pradesh,Satna,485773,64,-0.04661307173946061
2025-11-15,Madhya Pradesh,Shivpuri,473551,53,-0.06631154472813527
2025-11-15,Madhya Pradesh,Sidhi,486661,81,-0.02430398139320533
2025-11-15,Madhya Pradesh,Vidisha,464228,54,-0.014376399277670204
2025-11-15,Maharashtra,Mumbai Suburban,400043,37,-0.021734940413958848
2025-11-15,Maharashtra,Thane,401107,56,-0.046122035455657295
2025-11-15,Rajasthan,Banswara,327001,58,-0.048580542533226634
2025-11-15,Rajasthan,Jalor,343041,67,-0.05846654551126507
2025-11-15,Gujarat,Morbi,363641,25,-0.0002410531609406963
2025-11-15,Gujarat,Surat,395010,54,-0.025318702573753016
2025-11-15,Haryana,Mewat,122107,51,-0.013907166508486446
2025-11-15,Jammu and Kashmir,Reasi,182315,35,-0.013003201296639677
2025-11-15,Jharkhand,Bokaro,827013,43,-0.035402866099917496
2025-11-15,Jharkhand,Chatra,825103,82,-0.05250013127276765
2025-11-15,Jharkhand,Chatra,825401,47,-0.040255440967603695
2025-11-15,Jharkhand,Dhanbad,828109,67,-0.05005964387669615
2025-11-15,Jharkhand,Dhanbad,828205,45,-0.027928953356449404
2025-11-15,Karnataka,Bidar,585437,16,-0.004439321146524344
2025-11-15,Assam,Kamrup,781354,29,-0.04784659728904983
2025-11-15,Assam,Karimganj,788712,50,-0.038050468867711684
2025-11-15,Assam,Marigaon,782127,25,-0.027471904197596486
2025-11-15,Assam,Nagaon,782122,18,-0.01403869115587264
2025-11-15,Assam,Tinsukia,786181,28,-0.05231767237183316
2025-11-15,Bihar,Araria,854311,62,-0.049566276478039906
2025-11-15,Bihar,Begusarai,851112,39,-0.0301028180387114
2025-11-15,Bihar,Bhojpur,802301,28,-0.0022738897638900912
2025-11-15,Bihar,East Champaran,845302,22,-0.03265855550291474
2025-11-15,Bihar,East Champaran,845303,21,-0.022911778341937694
2025-11-15,Bihar,Khagaria,848203,50,-0.040255440967603695
2025-11-15,Bihar,Madhubani,847408,39,-0.004932591697504374
2025-11-15,Bihar,Patna,803302,29,-0.04984654419991752
2025-11-15,Bihar,Saharsa,852106,29,-0.00022325259386057894
2025-11-15,Bihar,Samastipur,848101,37,-0.021734940413958848
2025-11-15,Bihar,Samastipur,848207,35,-0.006718241658440927
2025-11-15,Chhattisgarh,Kawardha,491559,43,-0.006194002193260495
2025-11-15,Chhattisgarh,Surajpur,497223,41,-0.025318702573753016
2025-11-15,Delhi,North East Delhi,110094,72,-0.07340852558173327
2025-11-15,Delhi,South Delhi,110017,23,-0.03797147290792002
2025-11-15,Delhi,South West Delhi,110045,32,-0.03399900859938243
2025-11-15,Telangana,Hyderabad,500053,59,-0.043671831287303675
2025-11-15,Tripura,Sepahijala,799102,24,-0.007521545009794961
2025-11-15,Uttar Pradesh,Agra,282001,86,-0.07922119694923369
2025-11-15,Uttar Pradesh,Agra,282010,31,-0.0029877542691008063
2025-11-15,Uttar Pradesh,Azamgarh,276001,39,-0.04984654419991752
2025-11-15,Uttar Pradesh,Bahraich,271825,16,-7.853558479620215e-05
2025-11-15,Uttar Pradesh,Bahraich,271902,28,-0.013356290441678742
2025-11-15,Uttar Pradesh,Banda,210001,50,-0.040255440967603695
2025-11-15,Uttar Pradesh,Bareilly,243503,75,-0.06200115876160528
2025-11-15,Uttar Pradesh,Bijnor,246761,48,-0.01131544629970227
2025-11-15,Uttar Pradesh,Budaun,243601,68,-0.05203645491789621
2025-11-15,Uttar Pradesh,Bulandshahr,203131,37,-0.00811228632917349
2025-11-15,Uttar Pradesh,Faizabad,224001,31,-0.006691257176455023
2025-11-15,Uttar Pradesh,Fatehpur,212601,70,-0.05154175048830156
2025-11-15,Uttar Pradesh,Firozabad,283204,34,-0.005790449290281829
2025-11-15,Uttar Pradesh,Gautam Buddha Nagar,201310,24,-0.04374551962600293
2025-11-15,Uttar Pradesh,Ghaziabad,201001,82,-0.06552078333793177
2025-11-15,Uttar Pradesh,Hardoi,241124,32,-0.005763501298264195
2025-11-15,Uttar Pradesh,Hardoi,241303,34,-0.012066910044641999
2025-11-15,Uttar Pradesh,Jalaun,285123,32,-0.007620269318286743
2025-11-15,Uttar Pradesh,Kanpur Nagar,208001,102,-0.10922320652993112
2025-11-15,Uttar Pradesh,Kaushambi,212206,46,-0.035402866099917496
2025-11-15,Uttar Pradesh,Kheri,262804,43,-0.03298886288084757
2025-11-15,Uttar Pradesh,Kheri,262907,22,-0.004260204444606397
2025-11-15,Uttar Pradesh,Mainpuri,205001,64,-0.05562868037062063
2025-11-15,Uttar Pradesh,Mainpuri,206301,24,-0.006437760036885343
2025-11-15,Uttar Pradesh,Meerut,250002,147,-0.09862381078369686
2025-11-15,Uttar Pradesh,Moradabad,244001,148,-0.0893645604609905
2025-11-15,Uttar Pradesh,Rae Bareli,229001,40,-0.03298886288084757
2025-11-15,Uttar Pradesh,Rampur,244922,43,-0.030583012271854337
2025-11-15,Uttar Pradesh,Shahjahanpur,242001,81,-0.06917923401023451
2025-11-15,Uttar Pradesh,Siddharthnagar,272153,58,-0.07376286541576516
2025-11-15,Uttar Pradesh,Sitapur,261201,44,-0.035402866099917496
2025-11-15,Uttar Pradesh,Sitapur,261303,44,-0.03347101043315537
2025-11-15,Uttar Pradesh,Unnao,209821,41,-0.0291434037016437
2025-11-15,Uttar Pradesh,Unnao,241504,39,-0.0001903233868423282
2025-11-15,West Bengal,Murshidabad,742202,54,-0.01874515439173663
2025-11-15,West Bengal,Puruliya,723101,34,-0.01019812414916077
2025-11-15,West Bengal,South 24 Parganas,743329,63,-0.05550877368424423
2025-11-15,West Bengal,South 24 Parganas,743355,54,-0.014376399277670204
2025-11-15,West Bengal,Uttar Dinajpur,733208,33,-0.015595168775871415
2025-11-16,Jharkhand,Giridih,815312,40,-0.06286852916875807
2025-11-16,Madhya Pradesh,Jhabua,457661,33,-0.025522784562849954
2025-11-16,Madhya Pradesh,Morena,476221,34,-0.02934859331830686
2025-11-16,Bihar,East Champaran,845302,13,-0.010806096063086357
2025-11-16,Gujarat,Banaskantha,385535,52,-0.03472987456646415
2025-11-16,Gujarat,Surat,395006,30,-0.001391780294133449
2025-11-16,Rajasthan,Alwar,301707,17,-0.016633122485746
2025-11-16,Uttar Pradesh,Agra,282006,22,-0.01242497520026764
2025-11-16,Uttar Pradesh,Balrampur,271604,26,-0.045871938033927084
2025-11-16,Uttar Pradesh,Hardoi,241001,31,-0.0053919183929729275
2025-11-16,Uttar Pradesh,Lucknow,226003,28,-0.0033124456671986824
2025-11-16,Uttar Pradesh,Moradabad,244001,61,-0.05293527795178987
2025-11-16,Uttar Pradesh,Siddharthnagar,272153,28,-0.046508503387403644
2025-11-16,Uttar Pradesh,Siddharthnagar,272207,17,-0.030570850699323415
2025-11-16,West Bengal,Uttar Dinajpur,733207,32,-0.019803629019466085
2025-11-16,Rajasthan,Jaipur,302029,18,-0.035664338953985686
2025-11-16,Uttar Pradesh,Bareilly,243201,28,-0.03817847574546973
2025-11-16,Uttar Pradesh,Chitrakoot,210205,36,-0.026103454820196825
2025-11-16,Uttar Pradesh,Gautam Buddha Nagar,201301,31,-0.0034043004315877923
2025-11-16,Uttar Pradesh,Ghaziabad,201001,38,-0.03126927719050154
2025-11-16,Uttar Pradesh,Hapur,245101,37,-0.03126927719050154
2025-11-16,Uttar Pradesh,Pilibhit,262122,37,-0.03538521597214883
2025-11-16,Uttar Pradesh,Shamli,247776,30,-0.03265380650972827
2025-11-16,West Bengal,North 24 Parganas,743423,13,-0.006610335020432845
2025-11-16,West Bengal,Uttar Dinajpur,733202,31,-0.01778274648821654
2025-11-16,Bihar,West Champaran,845438,20,-0.0006267419619578884
2025-11-16,Jharkhand,Deoghar,815353,42,-0.06716748244078052
2025-11-16,Jharkhand,Sahebganj,816108,36,-0.006181741874274116
2025-11-16,Madhya Pradesh,Ratlam,457001,79,-0.03287132194807563
2025-11-16,Maharashtra,Nashik,423203,35,-0.006013460589915032
2025-11-16,Rajasthan,Jodhpur,342001,39,-0.08247559324246578
2025-11-16,Bihar,Madhubani,847108,14,-0.004487140692088887
2025-11-16,Delhi,North Delhi,110084,20,-0.024067524867295687
2025-11-16,Delhi,South Delhi,110062,43,-0.04368235365403916
2025-11-16,Gujarat,Dahod,389180,34,-0.02324530475728015
2025-11-16,Karnataka,Bengaluru,560068,15,-0.004282450327774523
2025-11-16,Uttar Pradesh,Baghpat,250611,30,-0.05813065537983719
2025-11-16,Uttar Pradesh,Chandauli,232101,28,-0.0019094932161052292
2025-11-16,Uttar Pradesh,Fatehpur,212601,28,-0.00934370660451278
2025-11-16,Uttar Pradesh,Firozabad,283203,28,-0.028810155987701647
2025-11-16,Uttar Pradesh,Ghaziabad,201102,48,-0.04561342859157902
2025-11-16,Uttar Pradesh,Kannauj,209721,18,-0.02220135875270246
2025-11-16,Uttar Pradesh,Maharajganj,273304,10,-0.00282621622398882
2025-11-16,Uttar Pradesh,Meerut,250002,59,-0.052439965596511096
2025-11-16,Uttar Pradesh,Rampur,244901,48,-0.04659514480128446
2025-11-16,Uttar Pradesh,Shahjahanpur,242001,33,-0.023598397826893214
2025-11-16,Uttar Pradesh,Shamli,247775,29,-0.0070177107934760175
2025-11-16,Assam,Darrang,784115,16,-0.019608353491534558
2025-11-16,Madhya Pradesh,Indore,452001,33,-0.07121931219672151
2025-11-16,Madhya Pradesh,Morena,476224,37,-0.029828277080656163
2025-11-16,Madhya Pradesh,Ujjain,456006,39,-0.0783630013125799
2025-11-16,Madhya Pradesh,Ujjain,456550,17,-0.02130580128605808
2025-11-16,Bihar,West Champaran,845307,22,-0.015106300626566815
2025-11-16,Gujarat,Dahod,389151,31,-0.012395921531184073
2025-11-16,Gujarat,Surat,394210,41,-0.036093789936116116
2025-11-16,Madhya Pradesh,Damoh,470775,15,-0.0019475947074920619
2025-11-16,Uttar Pradesh,Agra,282001,27,-0.030813774099336277
2025-11-16,Uttar Pradesh,Bahraich,271801,23,-0.002567501148383333
2025-11-16,Uttar Pradesh,Bareilly,243001,22,-0.00040830074675191064
2025-11-16,Uttar Pradesh,Budaun,243601,28,-0.039636441958474156
2025-11-16,Uttar Pradesh,Etah,207001,28,-0.00934370660451278
2025-11-16,Uttar Pradesh,Kheri,262907,16,-0.013847771034777856
2025-11-16,Uttar Pradesh,Pilibhit,262001,36,-0.03538521597214883
2025-11-16,Uttar Pradesh,Rae Bareli,229001,30,-0.014019370963953448
2025-11-16,Uttar Pradesh,Saharanpur,247001,57,-0.05591419996414393
2025-11-16,Uttar Pradesh,Shahjahanpur,242221,23,-0.002567501148383333
2025-11-16,Uttar Pradesh,Shamli,247774,35,-0.02886923399365926
2025-11-16,Assam,Darrang,784116,10,-0.01736676922010416
2025-11-16,Delhi,North East Delhi,110094,34,-0.02886923399365926
2025-11-16,Gujarat,Surat,395010,38,-0.002664499580373181
2025-11-16,Gujarat,Vadodara,390019,32,-0.0722357010410315
2025-11-16,Haryana,Faridabad,121004,37,-0.06036176847541008
2025-11-16,Haryana,Panipat,132103,26,-0.006981930474362463
2025-11-16,Madhya Pradesh,Chhatarpur,471525,33,-0.025522784562849954
2025-11-16,Madhya Pradesh,Katni,483501,36,-0.01830706239454638
2025-11-16,Maharashtra,Aurangabad,431001,42,-0.036093789936116116
2025-11-16,Rajasthan,Jalor,343041,48,-0.049548276617222275
2025-11-16,Rajasthan,Jodhpur,342012,15,-0.03239281863224519
2025-11-16,Uttar Pradesh,Aligarh,202001,23,-0.037092887047578516
2025-11-16,Uttar Pradesh,Kanpur Nagar,208001,38,-0.01803540286175287
2025-11-16,Uttar Pradesh,Meerut,250001,33,-0.050419098994650025
2025-11-16,Uttar Pradesh,Muzaffarnagar,251001,32,-0.02039873388680613
2025-11-16,Assam,Darrang,784146,14,-0.011740680061268494
2025-11-16,Assam,Kamrup Metro,781029,14,-0.002985391239660018
2025-11-17,Madhya Pradesh,Sagar,470001,34,-0.03551002037234119
2025-11-17,Madhya Pradesh,Ujjain,456006,18,-0.020794106357717723
2025-11-17,Odisha,Khorda,751024,28,-0.0147756882742901
2025-11-17,Assam,North Cachar Hills,788830,21,-0.01477424882785039
2025-11-17,Bihar,West Champaran,845449,14,-0.01605510336866689
2025-11-17,Madhya Pradesh,Sagar,470120,11,-0.0026247495924532904
2025-11-17,Madhya Pradesh,Sagar,470442,10,-0.004626316835555699
2025-11-17,Meghalaya,East Garo Hills,794111,8,-0.004473100085144788
2025-11-17,Meghalaya,East Khasi Hills,793110,19,-0.019957255408455388
2025-11-17,Meghalaya,South West Garo Hills,794105,7,-0.0045387362244985185
2025-11-17,Meghalaya,South West Garo Hills,794115,7,-0.0045387362244985185
2025-11-17,Meghalaya,West Garo Hills,794103,19,-0.01477424882785039
2025-11-17,Meghalaya,West Jaintia Hills,793150,19,-0.04735490998727521
2025-11-17,Punjab,Kapurthala,144601,11,-0.006742348515323293
2025-11-17,Delhi,South Delhi,110062,28,-0.011945203972038798
2025-11-17,Jharkhand,Hazaribagh,825301,13,-0.004006187549057794
2025-11-17,Meghalaya,West Garo Hills,794005,32,-0.0190140908568438
2025-11-17,Rajasthan,Jaipur,302029,14,-0.011056278403664632
2025-11-17,Rajasthan,Jodhpur,342012,13,-0.017274126312950222
2025-11-17,Andhra Pradesh,Sri Potti Sriramulu Nellore,524314,8,-0.012760309075178555
2025-11-17,Jharkhand,Lohardaga,835302,14,-0.015519774702469902
2025-11-17,Uttar Pradesh,Meerut,250002,48,-0.05103247316215287
2025-11-17,Gujarat,Dahod,389180,22,-0.033542064316330555
2025-11-17,Karnataka,Kolar,563114,12,-0.011847165501230661
2025-11-17,Assam,Darrang,784116,15,-0.015411022636481087
2025-11-17,Uttar Pradesh,Aligarh,202001,31,-0.005433166362778907
2025-11-17,Uttar Pradesh,Moradabad,244001,56,-0.04845699573477691
2025-11-17,Chhattisgarh,Bijapur,494444,42,-0.031922759938809886
2025-11-17,Jharkhand,Sahebganj,816108,35,-0.02035151207933228
2025-11-17,Madhya Pradesh,Sagar,470002,30,-0.02632615595469301
2025-11-17,Andhra Pradesh,Tirupati,524131,12,-0.03178238956045287
2025-11-17,Assam,Darrang,784125,10,-0.0015241055248135238
2025-11-17,Assam,Jorhat,785634,9,-0.014771733816922095
2025-11-17,Assam,Sibsagar,785640,11,-0.005797432549600301
2025-11-17,Bihar,Samastipur,848114,16,-0.00279175395855924
2025-11-17,Maharashtra,Satara,415509,14,-0.008552774839651667
2025-11-18,Bihar,Sitamarhi,843302,38,-0.03279987685106045
2025-11-18,Chhattisgarh,Kondagaon,494226,26,-0.0030250292225783015
2025-11-18,Delhi,North East Delhi,110094,46,-0.026608355034291042
2025-11-18,Gujarat,Surat,394210,57,-0.04258861238754574
2025-11-18,Jharkhand,West Singhbhum,833214,24,-0.03450260666552596
2025-11-18,Madhya Pradesh,Dhar,454449,19,-0.007983630294235877
2025-11-18,Madhya Pradesh,Indore,452002,31,-0.02139052563488686
2025-11-18,Madhya Pradesh,Ratlam,457550,20,-0.020106502712692986
2025-11-18,Madhya Pradesh,Shivpuri,473774,14,-0.009879135792453808
2025-11-18,Maharashtra,Aurangabad,431001,84,-0.06834616447975994
2025-11-18,Maharashtra,Thane,421301,39,-0.010083985701045073
2025-11-18,Meghalaya,North Garo Hills,783134,17,-0.0009337801258464395
2025-11-18,Punjab,Amritsar,143001,39,-0.07121931219672151
2025-11-18,Rajasthan,Barmer,344001,29,-0.011910964186658934
2025-11-18,Uttar Pradesh,Bahraich,271801,33,-0.02646808132586509
2025-11-18,Uttar Pradesh,Bareilly,243201,27,-0.004861601929543546
2025-11-18,Uttar Pradesh,Kanpur Nagar,208001,58,-0.052533883847496576
2025-11-18,Uttar Pradesh,Kushinagar,274304,37,-0.01242278353709203
2025-11-18,Uttar Pradesh,Meerut,250002,96,-0.0928549906066678
2025-11-18,Uttar Pradesh,Rampur,244924,34,-0.0030419382650027638
2025-11-18,Uttar Pradesh,Saharanpur,247001,79,-0.06280184769145791
2025-11-18,Uttar Pradesh,Saharanpur,247554,32,-0.0002772170747258329
2025-11-18,Uttar Pradesh,Shahjahanpur,242001,41,-0.03010513448683627
2025-11-18,Uttar Pradesh,Shamli,247774,56,-0.039177340175919007
2025-11-18,Uttar Pradesh,Sitapur,261001,36,-0.010117470158467978
2025-11-18,Uttar Pradesh,Unnao,209801,72,-0.11350328807587384
2025-11-18,Uttar Pradesh,Varanasi,221001,30,-0.05129353354117161
2025-11-18,Assam,Darrang,784115,31,-0.061706283484661784
2025-11-18,Assam,Karbi Anglong,782441,15,-0.019849970621561575
2025-11-18,Assam,Karbi Anglong,782448,26,-0.03887930444872778
2025-11-18,West Bengal,Uttar Dinajpur,733202,41,-0.028666494909590612
2025-11-18,Uttar Pradesh,Agra,282001,37,-0.0338271597263472
2025-11-18,Uttar Pradesh,Gautam Buddha Nagar,203207,39,-0.017533163655116812
2025-11-18,Uttar Pradesh,Ghaziabad,201102,60,-0.07990261526039166
2025-11-18,Uttar Pradesh,Meerut,250001,33,-0.0025803716433311363
2025-11-18,Madhya Pradesh,Panna,488220,25,-0.0023036964252430847
2025-11-18,Madhya Pradesh,Sagar,470001,22,-0.02794745044409841
2025-11-18,Madhya Pradesh,Shivpuri,473775,35,-0.03522872960046752
2025-11-18,Madhya Pradesh,Shivpuri,473781,13,-0.009658338626522323
2025-11-18,Madhya Pradesh,Shivpuri,473793,15,-0.01808032344487387
2025-11-18,Madhya Pradesh,Shivpuri,473865,20,-0.029694582149028426
2025-11-18,Maharashtra,Thane,401107,43,-0.025411011844890474
2025-11-18,Meghalaya,Ri Bhoi,793102,40,-0.0005067665334351767
2025-11-18,Punjab,Kapurthala,144601,18,-0.01220670469777052
2025-11-18,Punjab,Ludhiana,141007,18,-0.017350588303156167
2025-11-18,Rajasthan,Jaisalmer,345001,17,-0.010870076169219423
2025-11-18,Rajasthan,Jodhpur,342027,17,-0.005193427518678462
2025-11-18,Delhi,North Delhi,110084,38,-0.03286270912028155
2025-11-18,Gujarat,Surat,395010,47,-0.026608355034291042
2025-11-18,Haryana,Faridabad,121004,38,-0.029017930927694113
2025-11-18,Jharkhand,Palamu,822113,88,-0.0340795739286186
2025-11-18,Bihar,Bhagalpur,812005,34,-0.0036376416401814327
2025-11-18,Madhya Pradesh,Bhind,477557,24,-0.03471873153388949
2025-11-18,Madhya Pradesh,Burhanpur,450331,36,-0.05349117268793668
2025-11-18,Madhya Pradesh,Morena,476001,40,-0.0021191172056975738
2025-11-18,Madhya Pradesh,Neemuch,458441,34,-0.05353380126089902
2025-11-18,Madhya Pradesh,Ratlam,457001,73,-0.11136035146006862
2025-11-18,Madhya Pradesh,Shivpuri,473770,14,-0.007398847293262678
2025-11-18,Maharashtra,Amravati,444601,23,-0.032971311437062445
2025-11-18,Meghalaya,West Garo Hills,794104,29,-0.0213290106041486
2025-11-18,Meghalaya,West Khasi Hills,793119,11,-0.013114823364529848
2025-11-18,Bihar,West Champaran,845307,15,-0.018215679252508554
2025-11-18,Bihar,West Champaran,845438,32,-0.0008705070832623063
2025-11-18,Gujarat,Banaskantha,385535,45,-0.01609341216527882
2025-11-18,Gujarat,Banaskantha,385575,13,-0.0001133509717025083
2025-11-18,Gujarat,Surat,395004,40,-0.013275815679924419
2025-11-18,Gujarat,Valsad,396191,26,-0.0012761840030727223
2025-11-18,Haryana,Gurgaon,122001,36,-0.011487277159365594
2025-11-18,Rajasthan,Jalor,343041,47,-0.04123225476488268
2025-11-18,Rajasthan,Jodhpur,342012,39,-0.056449229480688645
2025-11-18,Uttar Pradesh,Amroha,244221,48,-0.03404692464822956
2025-11-18,Uttar Pradesh,Balrampur,271206,25,-0.003474148672795385
2025-11-18,Uttar Pradesh,Bareilly,243123,22,-0.02053366075217955
2025-11-18,Uttar Pradesh,Bareilly,243503,24,-0.025948029006719775
2025-11-18,Uttar Pradesh,Hardoi,241001,38,-0.04804728198951502
2025-11-18,Uttar Pradesh,Hardoi,241124,14,-0.007029490057463894
2025-11-18,Uttar Pradesh,Mathura,281502,19,-0.011126304301232404
2025-11-18,Uttar Pradesh,Moradabad,244001,115,-0.06280184769145791
2025-11-18,Uttar Pradesh,Rampur,244901,64,-0.05530760795080214
2025-11-18,Uttar Pradesh,Siddharthnagar,272202,18,-0.01344408490535276
2025-11-18,Madhya Pradesh,Dhar,454446,57,-0.04986352708113506
2025-11-18,Madhya Pradesh,Gwalior,474001,43,-0.026386530836353117
2025-11-18,Madhya Pradesh,Shivpuri,473880,31,-0.021795717029120087
2025-11-18,Maharashtra,Nashik,423203,86,-0.08972641076865029
2025-11-18,Maharashtra,Thane,400612,47,-0.03310869110993597
2025-11-18,Meghalaya,North Garo Hills,794002,11,-0.018559159895382593
2025-11-18,Rajasthan,Jalor,343032,39,-0.004289490068359436
2025-11-18,Uttar Pradesh,Kaushambi,212217,29,-0.05264541307296666
2025-11-18,Uttar Pradesh,Pilibhit,262001,48,-0.0845402518538988
2025-11-18,Uttar Pradesh,Unnao,209861,33,-0.06968024571509512
2025-11-18,Delhi,North West Delhi,110042,45,-0.00022997518674827688
2025-11-18,Gujarat,Dahod,389180,39,-0.07093583454586827
2025-11-18,Jharkhand,Palamu,822122,41,-0.01603371745970994
2025-11-18,Assam,Darrang,784125,23,-0.02559354152243043
2025-11-18,Assam,Darrang,784146,17,-0.012130531191595018
2025-11-18,West Bengal,South 24 Parganas,743329,45,-0.02734221212335386
2025-11-18,Madhya Pradesh,Indore,452001,35,-0.07376286541576516
2025-11-18,Madhya Pradesh,Sagar,470002,24,-0.0343609255471885
2025-11-18,Maharashtra,Thane,421302,65,-0.05530760795080214
2025-11-18,Maharashtra,Thane,421306,39,-0.0396413503223223
2025-11-18,Meghalaya,Ri Bhoi,793103,28,-0.003161459105142095
2025-11-18,Assam,Darrang,784116,20,-0.027002713508344822
2025-11-18,Bihar,Araria,854311,35,-0.004428513347870311
2025-11-18,Bihar,Samastipur,848114,35,-0.03818337415662665
2025-11-18,Bihar,West Champaran,845449,33,-0.054688411787963576
2025-11-18,Delhi,West Delhi,110059,66,-0.056472355951607045
2025-11-18,Gujarat,Botad,364710,24,-0.03743322769223778
2025-11-18,Jharkhand,Deoghar,815353,35,-0.06196939008636004
2025-11-18,Jharkhand,Sahebganj,816108,40,-0.018315241600033838
2025-11-18,Punjab,Ludhiana,141003,19,-0.014170096057887771
2025-11-18,Uttar Pradesh,Agra,282006,35,-0.004428513347870311
2025-11-18,Uttar Pradesh,Aligarh,202001,43,-0.031546697121179745
2025-11-18,Uttar Pradesh,Azamgarh,276001,13,-0.001994015318871889
2025-11-18,Uttar Pradesh,Balrampur,271604,34,-0.01530115323556358
2025-11-18,Uttar Pradesh,Bareilly,243001,30,-0.02275274173182895
2025-11-18,Uttar Pradesh,Bulandshahr,203001,36,-0.009185081158058939
2025-11-18,Uttar Pradesh,Etah,207001,31,-0.018962537833765447
2025-11-18,Uttar Pradesh,Gautam Buddha Nagar,201301,41,-0.046484505288118205
2025-11-18,Uttar Pradesh,Ghaziabad,201001,47,-0.040744857836900183
2025-11-18,Uttar Pradesh,Hapur,245101,40,-0.018315241600033838
2025-11-18,Uttar Pradesh,Lucknow,226003,43,-0.025888030592045697
2025-11-18,Uttar Pradesh,Mirzapur,231001,35,-0.029728447018863124
2025-11-18,Uttar Pradesh,Shamli,247775,42,-0.05325111131742388
2025-11-18,Uttar Pradesh,Shamli,247776,44,-0.021373516716161056
2025-11-19,Chhattisgarh,Surguja,497001,30,-0.048184092499745756
2025-11-19,Delhi,North Delhi,110084,49,-0.07427260943484193
2025-11-19,Delhi,North West Delhi,110086,88,-0.054461404853618944
2025-11-19,Gujarat,Ahmedabad,382110,16,-0.0015664143478958392
2025-11-19,Gujarat,Banaskantha,385535,48,-0.08041651475580192
2025-11-19,Gujarat,Dahod,389170,32,-0.05414947908741419
2025-11-19,Gujarat,Gandhinagar,382721,20,-0.016531869474619487
2025-11-19,Haryana,Mahendragarh,123001,20,-0.015817965054492733
2025-11-19,Jammu and Kashmir,Rajouri,185132,24,-0.026777435493138158
2025-11-19,Uttar Pradesh,Aligarh,202001,70,-0.05944336439228537
2025-11-19,Uttar Pradesh,Aligarh,202133,20,-0.012378544591386653
2025-11-19,Uttar Pradesh,Amroha,244221,57,-0.041664962731433164
2025-11-19,Uttar Pradesh,Amroha,244235,41,-0.01693230113869737
2025-11-19,Uttar Pradesh,Balrampur,271208,41,-0.039732965316475743
2025-11-19,Uttar Pradesh,Balrampur,271604,50,-0.039428921449590426
2025-11-19,Uttar Pradesh,Banda,210001,45,-0.058703896066975014
2025-11-19,Uttar Pradesh,Bareilly,243006,23,-0.032999771650562115
2025-11-19,Uttar Pradesh,Bareilly,243504,26,-0.029340951208528865
2025-11-19,Uttar Pradesh,Bareilly,243505,95,-0.054461404853618944
2025-11-19,Uttar Pradesh,Bareilly,262406,56,-0.07478269845644503
2025-11-19,Uttar Pradesh,Chitrakoot,210205,70,-0.06357447545645634
2025-11-19,Uttar Pradesh,Etawah,206126,16,-0.0007437639845870869
2025-11-19,Uttar Pradesh,Farrukhabad,209739,21,-0.017172545578947207
2025-11-19,Uttar Pradesh,Ghaziabad,201001,73,-0.05894365024404802
2025-11-19,Uttar Pradesh,Ghaziabad,201102,60,-0.07741428138863349
2025-11-19,Uttar Pradesh,Ghaziabad,245304,26,-0.03253415614123234
2025-11-19,Uttar Pradesh,Hapur,245205,48,-0.035575304431328836
2025-11-19,Uttar Pradesh,Hardoi,241001,66,-0.05944336439228537
2025-11-19,Uttar Pradesh,Hardoi,241301,38,-0.013642252600106097
2025-11-19,Uttar Pradesh,Hardoi,241402,38,-0.008829585535818474
2025-11-19,Uttar Pradesh,Kasganj,207243,41,-0.021164321521559004
2025-11-19,Uttar Pradesh,Kaushambi,212201,39,-0.041242011772278375
2025-11-19,Uttar Pradesh,Lalitpur,284126,35,-0.007957729654388013
2025-11-19,Uttar Pradesh,Lucknow,226003,58,-0.10496622915652432
2025-11-19,Uttar Pradesh,Lucknow,226012,18,-0.01574640333824895
2025-11-19,Uttar Pradesh,Maharajganj,273303,58,-0.03905994797180723
2025-11-19,Uttar Pradesh,Mainpuri,205001,50,-0.04088942834356102
2025-11-19,Uttar Pradesh,Mirzapur,231001,89,-0.07267800572222594
2025-11-19,Uttar Pradesh,Pilibhit,262201,58,-0.0441083663042926
2025-11-19,Uttar Pradesh,Rampur,244922,31,-0.02847182058672104
2025-11-19,Uttar Pradesh,Shamli,247774,78,-0.05894365024404802
2025-11-19,Uttar Pradesh,Siddharthnagar,272202,35,-0.03595146957341522
2025-11-19,Uttar Pradesh,Siddharthnagar,272206,44,-0.029287958934826497
2025-11-19,Uttar Pradesh,Sitapur,261205,50,-0.03700132137234147
2025-11-19,Uttar Pradesh,Unnao,209801,127,-0.07001584263064653
2025-11-19,Uttar Pradesh,Unnao,241501,68,-0.0519830368342602
2025-11-19,Madhya Pradesh,Alirajpur,457893,22,-0.015825846590178272
2025-11-19,Madhya Pradesh,Ashok Nagar,473331,40,-0.004462776292841086
2025-11-19,Madhya Pradesh,Dhar,454446,32,-0.03524339888854933
2025-11-19,Madhya Pradesh,Indore,452010,34,-0.06868434910607568
2025-11-19,Madhya Pradesh,Jabalpur,483113,17,-0.0018633070300089205
2025-11-19,Madhya Pradesh,Morena,476001,94,-0.06094453703772729
2025-11-19,Madhya Pradesh,Shivpuri,473551,74,-0.05894365024404802
2025-11-19,Madhya Pradesh,Shivpuri,473880,28,-0.05266208478354373
2025-11-19,Madhya Pradesh,Singrauli,486886,80,-0.035192539160091574
2025-11-19,Madhya Pradesh,Umaria,484661,47,-0.005753503334766208
2025-11-19,Maharashtra,Nanded,431605,14,-0.0007692656771971507
2025-11-19,Maharashtra,Nandurbar,425412,23,-0.031810253986747083
2025-11-19,Maharashtra,Pune,410505,18,-0.002138077616602563
2025-11-19,Maharashtra,Pune,411017,18,-0.005859457411103608
2025-11-19,Meghalaya,East Khasi Hills,793005,16,-0.010226251957693666
2025-11-19,Rajasthan,Bharatpur,321001,66,-0.05099403480711773
2025-11-19,Bihar,Nalanda,803101,37,-0.03199019127552938
2025-11-19,Bihar,Samastipur,848130,33,-0.0036175616883318273
2025-11-19,Bihar,Sitamarhi,843302,64,-0.05645014471424703
2025-11-19,Bihar,Sitamarhi,843320,44,-0.023559329274577157
2025-11-19,Bihar,West Champaran,845438,62,-0.05070226850296189
2025-11-19,Bihar,West Champaran,845449,41,-0.012564794197202578
2025-11-19,Bihar,West Champaran,845450,23,-0.000699549662593224
2025-11-19,Jharkhand,Bokaro,827013,31,-0.027993054273870666
2025-11-19,Jharkhand,Dhanbad,828109,47,-0.07785049072635164
2025-11-19,Jharkhand,Garhwa,822112,33,-0.0009187858065130561
2025-11-19,Jharkhand,Jamtara,815351,42,-0.017403581365135867
2025-11-19,Jharkhand,Palamu,822113,91,-0.0554551020069487
2025-11-19,Jharkhand,West Singhbhum,833214,38,-0.018798404941765656
2025-11-19,Assam,Darrang,784115,36,-0.06919065590786044
2025-11-19,Assam,Nagaon,782122,21,-0.02344086961476266
2025-11-19,Bihar,Banka,813101,38,-0.0036861167501207603
2025-11-19,Bihar,Begusarai,851211,51,-0.0350651455822385
2025-11-19,Bihar,Darbhanga,847203,51,-0.03605920252672434
2025-11-19,Bihar,East Champaran,845303,26,-0.0001919717817825406
2025-11-19,Bihar,Lakhisarai,811311,72,-0.059943416754679624
2025-11-19,West Bengal,Murshidabad,742202,54,-0.017997681876450566
2025-11-19,Bihar,Nawada,805110,19,-0.012346796483429956
2025-11-19,Bihar,Purnia,854204,36,-0.012236994814677993
2025-11-19,Bihar,Purnia,854315,78,-0.05894365024404802
2025-11-19,Bihar,Saran,841424,29,-0.004438694425304535
2025-11-19,Bihar,Sitamarhi,843314,49,-0.0191614883098985
2025-11-19,Bihar,Vaishali,844122,35,-0.004188916035655521
2025-11-19,Bihar,West Champaran,845106,29,-0.008350898450866118
2025-11-19,Bihar,West Champaran,845455,39,-0.07071163329807706
2025-11-19,Chhattisgarh,Bastar,494442,42,-0.0245093380861805
2025-11-19,Chhattisgarh,Bilaspur,495001,26,-0.026469685111503383
2025-11-19,Chhattisgarh,Kondagaon,494228,26,-0.004994608559411362
2025-11-19,Delhi,South Delhi,110019,23,-0.031810253986747083
2025-11-19,Delhi,West Delhi,110015,25,-0.039410524333212904
2025-11-19,Delhi,West Delhi,110027,22,-0.015068134959685286
2025-11-19,Gujarat,Ahmedabad,382405,17,-0.0023808860697490664
2025-11-19,Gujarat,Bhavnagar,364001,28,-0.029464770855414324
2025-11-19,Gujarat,Surat,395006,45,-0.008444196014743444
2025-11-19,Jharkhand,Chatra,825103,43,-0.04868134034743432
2025-11-19,Jharkhand,Giridih,815312,52,-0.04068991339743211
2025-11-19,Jharkhand,Giridih,825322,35,-0.009651518147882787
2025-11-19,Jharkhand,Giridih,825412,48,-0.030749150647270684
2025-11-19,Jharkhand,Jamtara,815352,58,-0.0441083663042926
2025-11-19,Jharkhand,Latehar,829202,18,-0.0009124995859849383
2025-11-19,Jharkhand,Palamu,822122,74,-0.10815680105373704
2025-11-19,Jharkhand,Sahebganj,816108,87,-0.07001584263064653
2025-11-19,Karnataka,Bengaluru,560045,22,-0.026900807276856287
2025-11-19,Madhya Pradesh,Anuppur,484334,16,-0.0014164087771603162
2025-11-19,Madhya Pradesh,Barwani,451666,56,-0.0441083663042926
2025-11-19,Madhya Pradesh,Gwalior,474001,48,-0.03075428784707357
2025-11-19,Madhya Pradesh,Harda,461331,38,-0.06716748244078052
2025-11-19,Madhya Pradesh,Jhabua,457661,63,-0.07741428138863349
2025-11-19,Madhya Pradesh,Narsinghpur,487118,40,-0.05338834314821772
2025-11-19,Madhya Pradesh,Ratlam,457114,46,-0.01264537500426477
2025-11-19,Madhya Pradesh,Shivpuri,473775,25,-0.026469685111503383
2025-11-19,Maharashtra,Hingoli,431513,17,-0.004103348297612164
2025-11-19,Maharashtra,Mumbai Suburban,400072,20,-0.008208003735990066
2025-11-19,Maharashtra,Nanded,431601,15,-0.00455669162815775
2025-11-19,Maharashtra,Nanded,431604,31,-0.048057003034695955
2025-11-19,Maharashtra,Nashik,423203,129,-0.07880891169892457
2025-11-19,Maharashtra,Pune,411062,20,-0.00913906968701883
2025-11-19,Maharashtra,Thane,401107,39,-0.08350722408840794
2025-11-19,Maharashtra,Thane,421301,46,-0.06817838474868454
2025-11-19,Rajasthan,Alwar,301001,60,-0.07027953631881079
2025-11-19,Rajasthan,Bharatpur,321022,58,-0.048527376845043824
2025-11-19,Rajasthan,Bharatpur,321204,63,-0.049513038798805864
2025-11-19,Rajasthan,Bharatpur,321205,55,-0.041376923119067266
2025-11-19,Rajasthan,Jalor,343041,116,-0.07983557753325721
2025-11-19,Uttar Pradesh,Agra,282006,52,-0.039428921449590426
2025-11-19,Uttar Pradesh,Banda,210125,20,-0.012846742765943553
2025-11-19,Uttar Pradesh,Basti,272002,51,-0.04068991339743211
2025-11-19,Uttar Pradesh,Budaun,243601,89,-0.09862381078369686
2025-11-19,Uttar Pradesh,Budaun,243639,35,-0.040267534376886016
2025-11-19,Uttar Pradesh,Bulandshahr,203001,73,-0.059943416754679624
2025-11-19,Uttar Pradesh,Bulandshahr,203131,60,-0.042152982400440964
2025-11-19,Uttar Pradesh,Chandauli,232101,53,-0.041376923119067266
2025-11-19,Uttar Pradesh,Chandauli,232103,36,-0.0041702137628645275
2025-11-19,Uttar Pradesh,Chandauli,232104,39,-0.011986439036934637
2025-11-19,Uttar Pradesh,Etah,207001,50,-0.033160718850782644
2025-11-19,Uttar Pradesh,Farrukhabad,209743,19,-0.012644603600960647
2025-11-19,Uttar Pradesh,Fatehpur,212601,65,-0.04902004110058389
2025-11-19,Uttar Pradesh,Fatehpur,212655,37,-0.003224114433510894
2025-11-19,Uttar Pradesh,Gonda,271001,21,-0.013595013695429481
2025-11-19,Uttar Pradesh,Jalaun,285001,30,-0.021855768641683815
2025-11-19,Uttar Pradesh,Lalitpur,284403,72,-0.029414322387134595
2025-11-19,Uttar Pradesh,Lucknow,226002,37,-0.06565369152659539
2025-11-19,Uttar Pradesh,Lucknow,226008,26,-0.041972292792601174
2025-11-19,Uttar Pradesh,Lucknow,226016,21,-0.02479927692046302
2025-11-19,Uttar Pradesh,Maharajganj,273162,32,-0.04762383097780454
2025-11-19,Uttar Pradesh,Maharajganj,273164,36,-0.010117870629352321
2025-11-19,Uttar Pradesh,Mathura,281001,38,-0.01505036561682993
2025-11-19,Uttar Pradesh,Meerut,250401,64,-0.07631503787223226
2025-11-19,Uttar Pradesh,Moradabad,244501,33,-0.0036175616883318273
2025-11-19,Uttar Pradesh,Sambhal,202522,40,-0.02021699433348889
2025-11-19,Uttar Pradesh,Sambhal,244302,67,-0.05050003542616455
2025-11-19,Uttar Pradesh,Shahjahanpur,242221,36,-0.007898938087055885
2025-11-19,Uttar Pradesh,Sitapur,261001,70,-0.06357447545645634
2025-11-19,Uttar Pradesh,Sitapur,261135,70,-0.0554551020069487
2025-11-19,Uttar Pradesh,Sitapur,261201,107,-0.08928336027453554
2025-11-19,Uttar Pradesh,Sitapur,261302,55,-0.0441083663042926
2025-11-19,Uttar Pradesh,Varanasi,221202,24,-0.038199792209377526
2025-11-19,Assam,Darrang,784146,26,-0.0444167378025907
2025-11-19,Assam,Goalpara,783101,49,-0.042145386495871184
2025-11-19,Assam,Goalpara,783129,33,-0.0030761317349869977
2025-11-19,Assam,Nagaon,782124,44,-0.010901843116032484
2025-11-19,Bihar,East Champaran,845433,36,-0.004188916035655521
2025-11-19,Bihar,Gaya,824201,33,-0.031832270086167846
2025-11-19,Bihar,Kaimur (Bhabua),821109,49,-0.03797137602600009
2025-11-19,West Bengal,Uttar Dinajpur,733201,47,-0.030228153789919276
2025-11-19,Assam,Darrang,784116,28,-0.04402868889388434
2025-11-19,Assam,Darrang,784125,27,-0.04184628838051985
2025-11-19,Assam,Kamrup Metro,781029,21,-0.019117747487421788
2025-11-19,Bihar,Begusarai,851112,35,-0.0023010470251146886
2025-11-19,Bihar,Begusarai,851217,36,-0.0023227701611032714
2025-11-19,Bihar,Bhagalpur,853204,34,-0.0004803196200565685
2025-11-19,Bihar,East Champaran,845305,16,-0.00949645967898971
2025-11-19,Bihar,Kaimur (Bhabua),821108,32,-0.05962916083645908
2025-11-19,Bihar,Muzaffarpur,843103,34,-0.00137922784154898
2025-11-19,Bihar,Patna,803212,38,-0.009479188361892987
2025-11-19,Bihar,Sheohar,843329,72,-0.0519830368342602
2025-11-19,Bihar,West Champaran,845454,42,-0.016320275201566203
2025-11-19,Chhattisgarh,Baloda Bazar,493118,23,-0.02225133353651798
2025-11-19,Chhattisgarh,Bijapur,494444,40,-0.0638741756647292
2025-11-19,Delhi,North Delhi,110006,34,-0.007957729654388013
2025-11-19,Delhi,North East Delhi,110094,62,-0.09547185978687844
2025-11-19,Delhi,South Delhi,110030,16,-0.00031843278969767574
2025-11-19,Delhi,South Delhi,110044,52,-0.06615794713310919
2025-11-19,Delhi,West Delhi,110018,30,-0.053884297379887536
2025-11-19,Gujarat,Banaskantha,385320,21,-0.027409382024677575
2025-11-19,Gujarat,Surat,394210,38,-0.04802738797963324
2025-11-19,Haryana,Faridabad,121004,98,-0.0007059868978074313
2025-11-19,Haryana,Gurgaon,122001,50,-0.033160718850782644
2025-11-19,Jharkhand,Garhwa,822114,97,-0.05894365024404802
2025-11-19,Jharkhand,Gumla,835206,17,-0.005233199821892853
2025-11-19,Jharkhand,Gumla,835208,18,-0.009648349428787228
2025-11-19,Jharkhand,Lohardaga,835302,46,-0.03970861232965062
2025-11-19,Jharkhand,Palamu,822116,57,-0.022257212164432216
2025-11-19,Jharkhand,Palamu,822118,85,-0.035192539160091574
2025-11-19,Jharkhand,Palamu,822124,46,-0.02570514947310243
2025-11-19,Karnataka,Bengaluru,560043,16,-0.008614453588331128
2025-11-19,Karnataka,Bengaluru,560078,17,-0.00861177987830064
2025-11-19,Kerala,Thrissur,680584,20,-0.0044559302779563215
2025-11-19,Madhya Pradesh,Ashok Nagar,473446,31,-0.008819379530265459
2025-11-19,Madhya Pradesh,Bhind,477001,60,-0.042152982400440964
2025-11-19,Madhya Pradesh,Bhopal,462042,24,-0.020255870730985448
2025-11-19,Madhya Pradesh,Chhatarpur,471515,61,-0.06572847331727993
2025-11-19,Madhya Pradesh,Chhindwara,480115,23,-0.028278579529045444
2025-11-19,Madhya Pradesh,Datia,475675,37,-0.026902579293294537
2025-11-19,Madhya Pradesh,Jhabua,457777,17,-0.0023808860697490664
2025-11-19,Madhya Pradesh,Morena,476221,55,-0.0441083663042926
2025-11-19,Madhya Pradesh,Morena,476229,30,-0.007888745882650317
2025-11-19,Madhya Pradesh,Ratlam,457001,89,-0.0733290107658473
2025-11-19,Madhya Pradesh,Shivpuri,473781,16,-0.003519856295464363
2025-11-19,Madhya Pradesh,Shivpuri,473885,17,-0.005274466230413832
2025-11-19,Madhya Pradesh,Ujjain,456441,51,-0.021584272913965807
2025-11-19,Madhya Pradesh,Ujjain,456443,31,-0.0023997380565088378
2025-11-19,Maharashtra,Jalgaon,425001,41,-0.06969730538581043
2025-11-19,Maharashtra,Mumbai Suburban,400068,19,-0.002138077616602563
2025-11-19,Maharashtra,Pune,411048,23,-0.019342308273837316
2025-11-19,Maharashtra,Thane,421306,32,-0.026152034803360924
2025-11-19,Rajasthan,Alwar,301707,31,-0.01882538848935067
2025-11-19,Rajasthan,Barmer,344001,30,-0.0023997380565088378
2025-11-19,Rajasthan,Barmer,344704,30,-0.023124582335091737
2025-11-19,Rajasthan,Bikaner,334001,43,-0.02498759200900824
2025-11-19,Rajasthan,Jalor,343029,50,-0.03364298271783184
2025-11-19,Rajasthan,Jalor,343032,55,-0.06421760028243784
2025-11-19,Rajasthan,Jalor,343040,56,-0.06825341994944278
2025-11-19,Rajasthan,Jodhpur,342001,55,-0.0928549906066678
2025-11-19,Rajasthan,Sirohi,307026,44,-0.026894607077518784
2025-11-19,Rajasthan,Tonk,304001,41,-0.012055834104870766
2025-11-19,Rajasthan,Udaipur,313702,35,-0.00896913115968534
2025-11-19,Telangana,Hyderabad,500008,38,-0.009354292741992842
2025-11-19,Telangana,Hyderabad,500023,20,-0.008945870159613123
2025-11-19,Uttar Pradesh,Agra,282001,65,-0.08100707725651102
2025-11-19,Uttar Pradesh,Agra,283125,47,-0.03267878116650824
2025-11-19,Uttar Pradesh,Bahraich,271824,21,-0.020953034534631265
2025-11-19,Uttar Pradesh,Bahraich,271902,43,-0.029287958934826497
2025-11-19,Uttar Pradesh,Balrampur,271201,32,-0.05563989550922577
2025-11-19,Uttar Pradesh,Bareilly,243122,27,-0.045168554921720894
2025-11-19,Uttar Pradesh,Bareilly,243123,33,-0.06364007736507937
2025-11-19,Uttar Pradesh,Bareilly,243301,40,-0.047043735008341137
2025-11-19,Uttar Pradesh,Bareilly,243502,41,-0.053957340036712154
2025-11-19,Uttar Pradesh,Bareilly,243503,55,-0.03583440887075473
2025-11-19,Uttar Pradesh,Bijnor,246761,46,-0.02651401985475188
2025-11-19,Uttar Pradesh,Budaun,243638,39,-0.06969730538581043
2025-11-19,Uttar Pradesh,Chandauli,232110,26,-0.004994608559411362
2025-11-19,Uttar Pradesh,Gautam Buddha Nagar,201301,62,-0.05050003542616455
2025-11-19,Uttar Pradesh,Kaushambi,212206,37,-0.015499539237094684
2025-11-19,Uttar Pradesh,Lucknow,226001,22,-0.030199234587747092
2025-11-19,Uttar Pradesh,Meerut,250406,26,-0.03649846348347663
2025-11-19,Uttar Pradesh,Muzaffarnagar,251309,47,-0.028350864030065148
2025-11-19,Uttar Pradesh,Muzaffarnagar,251314,36,-0.010117870629352321
2025-11-19,Uttar Pradesh,Rae Bareli,229001,60,-0.048527376845043824
2025-11-19,Uttar Pradesh,Saharanpur,247001,125,-0.10178858318873707
2025-11-19,Uttar Pradesh,Saharanpur,247121,57,-0.022257212164432216
2025-11-19,Uttar Pradesh,Saharanpur,247554,78,-0.048527376845043824
2025-11-19,Uttar Pradesh,Shamli,247775,53,-0.041664962731433164
2025-11-19,Uttar Pradesh,Shamli,247776,64,-0.04754304776005602
2025-11-19,Uttar Pradesh,Shamli,247777,43,-0.018094329650805485
2025-11-19,Uttar Pradesh,Shrawasti,271831,40,-0.0124543718284722
2025-11-19,Uttar Pradesh,Sitapur,261121,45,-0.02926856996664129
2025-11-19,Uttar Pradesh,Sitapur,261141,36,-0.012236994814677993
2025-11-19,Uttar Pradesh,Sitapur,261203,42,-0.02832964649709735
2025-11-19,Uttar Pradesh,Sonbhadra,231216,41,-0.053726922782623365
2025-11-19,Uttar Pradesh,Unnao,209821,43,-0.014887462966011067
2025-11-19,Uttarakhand,Dehradun,248001,53,-0.008789807753365353
2025-11-19,Uttarakhand,Udham Singh Nagar,262401,23,-0.02161169759205983
2025-11-19,Madhya Pradesh,Balaghat,481115,19,-0.001607434607064917
2025-11-19,Madhya Pradesh,Chhatarpur,471525,53,-0.041376923119067266
2025-11-19,Madhya Pradesh,Chhindwara,480001,49,-0.014975864598927191
2025-11-19,Madhya Pradesh,Dhar,454331,28,-0.031485511517676756
2025-11-19,Madhya Pradesh,Gwalior,475110,55,-0.041664962731433164
2025-11-19,Madhya Pradesh,Indore,452001,45,-0.08144535742707726
2025-11-19,Madhya Pradesh,Indore,453441,43,-0.04681549001023222
2025-11-19,Madhya Pradesh,Katni,483501,68,-0.08920621445541355
2025-11-19,Madhya Pradesh,Morena,476224,46,-0.02651401985475188
2025-11-19,Madhya Pradesh,Sagar,470002,27,-9.719352652659552e-05
2025-11-19,Madhya Pradesh,Shivpuri,473995,37,-0.060629855589156234
2025-11-19,Madhya Pradesh,Tikamgarh,472221,20,-0.02285096635253403
2025-11-19,Madhya Pradesh,Ujjain,456006,45,-0.009552644902776075
2025-11-19,Madhya Pradesh,Vidisha,464331,33,-0.007957729654388013
2025-11-19,Maharashtra,Parbhani,431509,28,-0.023729232192116756
2025-11-19,Maharashtra,Pune,410501,16,-0.00031843278969767574
2025-11-19,Maharashtra,Pune,411015,21,-0.024039426908554207
2025-11-19,Maharashtra,Pune,411033,34,-0.03873675471635307
2025-11-19,Maharashtra,Pune,411041,21,-0.03026857176523967
2025-11-19,Maharashtra,Solapur,413304,28,-0.04943276618114456
2025-11-19,Maharashtra,Thane,400612,49,-0.06565369152659539
2025-11-19,Rajasthan,Banswara,327001,55,-0.04508804452634063
2025-11-19,Rajasthan,Barmer,344706,37,-0.008829585535818474
2025-11-19,Rajasthan,Bharatpur,321024,49,-0.035575304431328836
2025-11-19,Rajasthan,Hanumangarh,335523,38,-0.0036861167501207603
2025-11-19,Rajasthan,Jaipur,302012,60,-0.05050003542616455
2025-11-19,Bihar,West Champaran,845452,35,-0.040267534376886016
2025-11-19,Chhattisgarh,Kondagaon,494226,32,-0.02719334920332639
2025-11-19,Delhi,Central Delhi,110008,24,-0.03413612275796085
2025-11-19,Delhi,North West Delhi,110039,20,-0.008208003735990066
2025-11-19,Delhi,West Delhi,110059,83,-0.09547185978687844
2025-11-19,Gujarat,Ahmedabad,382440,19,-0.020841722841747123
2025-11-19,Jammu and Kashmir,Bandipore,193502,29,-0.04707331001622339
2025-11-19,Jammu and Kashmir,Rajouri,185131,21,-0.013274968462586467
2025-11-19,Jharkhand,Chatra,825401,36,-0.0041702137628645275
2025-11-19,Jharkhand,Deoghar,815353,73,-0.059943416754679624
2025-11-19,Jharkhand,Ranchi,835219,24,-0.03019636365240219
2025-11-19,Karnataka,Mysuru,570019,18,-0.009086979191914146
2025-11-19,Assam,Dhubri,783330,37,-0.06337146470413568
2025-11-19,Bihar,Araria,854318,35,-0.009651518147882787
2025-11-19,Bihar,Bhagalpur,812005,43,-0.02498759200900824
2025-11-19,Bihar,Bhojpur,802208,25,-0.01936939095015
2025-11-19,Bihar,East Champaran,845302,37,-0.061130710986887826
2025-11-19,Bihar,East Champaran,845401,42,-0.026416907524826283
2025-11-19,Bihar,East Champaran,845418,37,-0.005095812188596782
2025-11-19,Bihar,Khagaria,848203,31,-0.027993054273870666
2025-11-19,Bihar,Lakhisarai,811302,45,-0.024985746566784095
2025-11-19,Bihar,Sitamarhi,843324,38,-0.057631829092162246
2025-11-19,Jammu and Kashmir,Kishtwar,182205,27,-0.02310186046715801
2025-11-19,Jharkhand,Godda,814133,57,-0.046069049319482525
2025-11-19,Jharkhand,Ranchi,835214,22,-0.018299539342522042
2025-11-19,Jharkhand,Sahebganj,816109,45,-0.033552936923827104
2025-11-19,Jharkhand,West Singhbhum,833102,47,-0.03267878116650824
2025-11-19,Madhya Pradesh,Bhopal,462001,43,-0.06186537097654832
2025-11-19,Madhya Pradesh,Chhatarpur,471001,50,-0.017525999825686034
2025-11-19,Madhya Pradesh,Dewas,455001,73,-0.01059403333992981
2025-11-19,Madhya Pradesh,Indore,452016,42,-0.07172733470018733
2025-11-19,Madhya Pradesh,Jabalpur,483119,31,-0.0037850083039558946
2025-11-19,Madhya Pradesh,Neemuch,458118,22,-0.016535469811501224
2025-11-19,Madhya Pradesh,Raisen,464881,26,-0.041812704214613805
2025-11-19,Madhya Pradesh,Sagar,470335,47,-0.044101300126394016
2025-11-19,Madhya Pradesh,Shivpuri,473770,19,-0.0063496472541444415
2025-11-19,Maharashtra,Aurangabad,431001,88,-0.06244875979622444
2025-11-19,Maharashtra,Aurangabad,431112,19,-0.013372890050656672
2025-11-19,Maharashtra,Jalgaon,424101,18,-0.018230573973143427
2025-11-19,Maharashtra,Mumbai City,400037,23,-0.0339229174834873
2025-11-19,Maharashtra,Nanded,431602,16,-0.006493293258624022
2025-11-19,Maharashtra,Nashik,422103,33,-0.023246721820007643
2025-11-19,Maharashtra,Palghar,401603,24,-0.03736725590125489
2025-11-19,Maharashtra,Parbhani,431401,51,-0.06070413312426448
2025-11-19,Assam,Barpeta,781308,60,-0.017222060706567843
2025-11-19,Assam,Kamrup Metro,781028,15,-0.0014041236462453144
2025-11-19,Bihar,Araria,854311,54,-0.017997681876450566
2025-11-19,Bihar,Katihar,854317,52,-0.041664962731433164
2025-11-19,Bihar,Kishanganj,855101,90,-0.01059403333992981
2025-11-19,Bihar,Samastipur,848114,59,-0.048527376845043824
2025-11-19,Bihar,Saran,841301,47,-0.033616448588622005
2025-11-19,Bihar,West Champaran,845453,37,-0.014580677005469833
2025-11-19,Chhattisgarh,Rajnandgaon,491441,41,-0.06993331207458808
2025-11-19,Delhi,East Delhi,110031,23,-0.019342308273837316
2025-11-19,Delhi,East Delhi,110051,20,-0.015273433398491632
2025-11-19,Delhi,East Delhi,110092,40,-0.053123436599524565
2025-11-19,Delhi,North East Delhi,110053,52,-0.058935877578481066
2025-11-19,Delhi,North West Delhi,110033,35,-0.015839417565766678
2025-11-19,Delhi,South Delhi,110025,31,-0.023425911633938035
2025-11-19,Delhi,South Delhi,110062,70,-0.048527376845043824
2025-11-19,Gujarat,Ahmedabad,382330,31,-0.01882538848935067
2025-11-19,Gujarat,Banaskantha,385565,20,-0.01078753894477913
2025-11-19,Gujarat,Botad,364710,23,-0.016950118636662403
2025-11-19,Gujarat,Dahod,389180,29,-0.047234062670379995
2025-11-19,Maharashtra,Thane,421302,77,-0.11082552286917657
2025-11-19,Punjab,Amritsar,143001,40,-0.0124543718284722
2025-11-19,Rajasthan,Alwar,301411,38,-0.009185481087403469
2025-11-19,Rajasthan,Barmer,344702,52,-0.04068991339743211
2025-11-19,Rajasthan,Bharatpur,321203,40,-0.02021699433348889
2025-11-19,Rajasthan,Karauli,322230,58,-0.039229811059993125
2025-11-19,Rajasthan,Nagaur,341001,57,-0.039229811059993125
2025-11-19,Rajasthan,Udaipur,307025,44,-0.017384333149240372
2025-11-19,Uttar Pradesh,Bahraich,271801,55,-0.06321205397505358
2025-11-19,Uttar Pradesh,Bahraich,271865,32,-0.019707704497879397
2025-11-19,Uttar Pradesh,Bahraich,271903,26,-0.0001919717817825406
2025-11-19,Uttar Pradesh,Bareilly,243001,60,-0.1044357252780942
2025-11-19,Uttar Pradesh,Bareilly,243201,63,-0.08609241686476077
2025-11-19,Uttar Pradesh,Bareilly,243202,40,-0.04810040057204734
2025-11-19,Uttar Pradesh,Deoria,274702,32,-0.059025700400807346
2025-11-19,Uttar Pradesh,Farrukhabad,209601,20,-0.023788757712881803
2025-11-19,Uttar Pradesh,Firozabad,283203,59,-0.08402356323804772
2025-11-19,Uttar Pradesh,Firozabad,283204,42,-0.03686722904195194
2025-11-19,Uttar Pradesh,Gonda,271503,41,-0.01505036561682993
2025-11-19,Uttar Pradesh,Kaushambi,212217,62,-0.05970333792921301
2025-11-19,Uttar Pradesh,Kheri,262802,48,-0.03748618461775122
2025-11-19,Uttar Pradesh,Kheri,262804,82,-0.06395603886505852
2025-11-19,Uttar Pradesh,Kheri,262901,33,-0.0009187858065130561
2025-11-19,Uttar Pradesh,Kushinagar,274304,63,-0.05247803993318412
2025-11-19,Uttar Pradesh,Lucknow,226018,15,-0.0011676361186128137
2025-11-19,Uttar Pradesh,Lucknow,226020,37,-0.06919065590786044
2025-11-19,Uttar Pradesh,Maharajganj,273305,21,-0.020953034534631265
2025-11-19,Uttar Pradesh,Mathura,281403,46,-0.022848613060331258
2025-11-19,Uttar Pradesh,Mau,275101,46,-0.03217068911844645
2025-11-19,Uttar Pradesh,Meerut,250001,51,-0.08041651475580192
2025-11-19,Uttar Pradesh,Meerut,250002,146,-0.07983557753325721
2025-11-19,Uttar Pradesh,Muzaffarnagar,251001,70,-0.07587971303635299
2025-11-19,Uttar Pradesh,Pilibhit,262001,67,-0.04803504580665918
2025-11-19,Uttar Pradesh,Rampur,244921,64,-0.04754304776005602
2025-11-19,Uttar Pradesh,Shahjahanpur,242001,121,-0.09862381078369686
2025-11-19,Uttar Pradesh,Siddharthnagar,272153,62,-0.05428794140182258
2025-11-19,West Bengal,Uttar Dinajpur,733202,69,-0.05247803993318412
2025-11-19,West Bengal,Uttar Dinajpur,733207,39,-0.01599069673195086
2025-11-19,West Bengal,Uttar Dinajpur,733210,40,-0.011120823937267987
2025-11-25,Bihar,Madhubani,847232,14,-0.006007585711843122
2025-11-25,Bihar,Patna,803201,10,-0.012604839340473517
2025-11-25,Bihar,Patna,804452,12,-0.025980573505116622
2025-11-25,Madhya Pradesh,Jabalpur,482001,36,-0.06452486630387011
2025-11-25,Punjab,Amritsar,143001,18,-0.022951304440956388
2025-11-25,West Bengal,Nadia,741152,14,-0.008013628692388308
2025-11-25,Assam,Cachar,788815,11,-0.001668566173671282
2025-11-25,Bihar,East Champaran,845433,22,-0.04352159930802457
2025-11-25,Chhattisgarh,Rajnandgaon,491441,20,-0.02341021418213085
2025-11-25,Gujarat,Botad,364710,25,-0.024296744981515683
2025-11-25,Meghalaya,East Khasi Hills,793005,10,-0.0029112907288129097
2025-11-25,Meghalaya,South Garo Hills,794103,30,-0.005089086590360781
2025-11-25,Meghalaya,West Garo Hills,794104,43,-0.09128911312247612
2025-11-25,Rajasthan,Jodhpur,342001,40,-0.05176553863421984
2025-11-25,Uttar Pradesh,Bareilly,243122,17,-0.013190303024489758
2025-11-25,Uttar Pradesh,Gautam Buddha Nagar,201301,30,-0.028083404002481105
2025-11-25,Uttar Pradesh,Lucknow,226005,12,-0.008520584775504436
2025-11-25,Uttar Pradesh,Sitapur,261001,18,-0.010637221610877434
2025-11-25,Bihar,Sitamarhi,843330,18,-0.031396663739253095
2025-11-25,Bihar,West Champaran,845438,24,-0.03136958240623555
2025-11-25,Chhattisgarh,Bastar,494010,103,-0.018565392479284792
2025-11-25,Maharashtra,Aurangabad,431001,73,-0.10602831431574455
2025-11-25,Maharashtra,Thane,421302,62,-0.04552544655555635
2025-11-25,Meghalaya,East Khasi Hills,793015,29,-0.05540642269715845
2025-11-25,Meghalaya,South Garo Hills,794102,54,-0.00244002350636896
2025-11-25,Uttar Pradesh,Bahraich,271865,13,-0.000558296788322199
2025-11-25,Uttar Pradesh,Bareilly,243201,18,-0.0037601005940162135
2025-11-25,West Bengal,North 24 Parganas,743423,14,-0.016173029549092166
2025-11-25,Madhya Pradesh,Morena,476221,32,-0.06263531201739436
2025-11-25,Meghalaya,West Jaintia Hills,793150,22,-0.020917463557467708
2025-11-25,Assam,Nagaon,782003,18,-0.01808032344487387
2025-11-25,Bihar,East Champaran,845305,14,-0.01519382105576017
2025-11-25,Bihar,Sitamarhi,843317,24,-0.03136958240623555
2025-11-25,Chhattisgarh,Bijapur,494444,28,-0.05422310617015347
2025-11-25,Gujarat,Ahmedabad,380058,20,-0.011058557500533084
2025-11-25,Gujarat,Surat,395010,33,-0.001791637413858127
2025-11-25,Uttar Pradesh,Hardoi,241301,15,-0.001823621686243615
2025-11-25,Madhya Pradesh,Barwani,451770,16,-0.0033858704794612615
2025-11-25,Madhya Pradesh,Gwalior,475330,16,-0.01161967629840055
2025-11-25,Maharashtra,Nashik,423203,72,-0.1044357252780942
2025-11-25,Maharashtra,Thane,421301,45,-0.013531851342836076
2025-11-25,Chhattisgarh,Bastar,494442,53,-0.039177340175919007
2025-11-25,Gujarat,Kachchh,370001,18,-0.009573362485606363
2025-11-25,Uttar Pradesh,Ghaziabad,201001,40,-0.01617749379768474
2025-11-25,Uttar Pradesh,Meerut,250002,42,-0.031546697121179745
2025-12-15,Uttar Pradesh,Agra,282006,50,-0.06522450818859493
2025-12-15,Uttar Pradesh,Azamgarh,276001,20,-0.0021435438606873802
2025-12-15,Uttar Pradesh,Balrampur,271208,50,-0.036570318887531594
2025-12-15,Uttar Pradesh,Balrampur,271604,39,-0.03649935223285339
2025-12-15,Uttar Pradesh,Bijnor,246734,31,-0.07997882725288552
2025-12-15,Uttar Pradesh,Budaun,243635,31,-0.022185444917028785
2025-12-15,Uttar Pradesh,Chitrakoot,210207,32,-0.017847586802490878
2025-12-15,Uttar Pradesh,Farrukhabad,207501,29,-0.009255377811408394
2025-12-15,Uttar Pradesh,Farrukhabad,209625,32,-0.023135437561557004
2025-12-15,Uttar Pradesh,Firozabad,205141,28,-0.0009195591265684921
2025-12-15,Uttar Pradesh,Hardoi,241001,84,-0.09024695915868541
2025-12-15,Uttar Pradesh,Jalaun,285123,11,-0.005950307420380274
2025-12-15,Uttar Pradesh,Jhansi,284202,35,-0.02326435021273321
2025-12-15,Uttar Pradesh,Kasganj,207243,26,-0.0626350770802877
2025-12-15,Uttar Pradesh,Kaushambi,212204,28,-0.007992283693921465
2025-12-15,Uttar Pradesh,Kheri,262903,30,-0.013751580055961887
2025-12-15,Uttar Pradesh,Kushinagar,274149,29,-0.005477186030182546
2025-12-15,Uttar Pradesh,Kushinagar,274302,28,-0.00877078053831093
2025-12-15,Uttar Pradesh,Kushinagar,274402,48,-0.06070413312426448
2025-12-15,Uttar Pradesh,Lucknow,226018,28,-0.012287750798231634
2025-12-15,Uttar Pradesh,Lucknow,227107,38,-0.04006109406469105
2025-12-15,Uttar Pradesh,Rampur,244925,45,-0.012485021456662304
2025-12-15,Uttar Pradesh,Saharanpur,247001,152,-0.09337765646725193
2025-12-15,Uttar Pradesh,Sambhal,202522,61,-0.0723111434852568
2025-12-15,Uttar Pradesh,Sant Kabir Nagar,272125,40,-0.04429120482707127
2025-12-15,Uttar Pradesh,Sant Ravidas Nagar,221404,28,-0.00877078053831093
2025-12-15,Uttar Pradesh,Shahjahanpur,242221,41,-0.030143626618590935
2025-12-15,Uttar Pradesh,Siddharthnagar,272153,55,-0.10655989608272443
2025-12-15,Uttar Pradesh,Sitapur,261135,44,-0.05224038529633179
2025-12-15,Uttar Pradesh,Sultanpur,228001,29,-0.0160417281867834
2025-12-15,West Bengal,Alipurduar,736182,15,-0.01906439444169694
2025-12-15,West Bengal,Alipurduar,736201,7,-0.013693727640495812
2025-12-15,West Bengal,Alipurduar,736206,7,-0.023625964622719375
2025-12-15,West Bengal,Bankura,722142,8,-0.014751866871065666
2025-12-15,West Bengal,Birbhum,731127,8,-0.0005202773334137545
2025-12-15,West Bengal,Birbhum,731234,19,-0.03662598093319125
2025-12-15,West Bengal,Cooch Behar,736159,9,-0.0038319526156022077
2025-12-15,West Bengal,Dakshin Dinajpur,733124,10,-0.02040627932484984
2025-12-15,West Bengal,Darjeeling,734014,12,-0.0035623887009693656
2025-12-15,West Bengal,Hooghly,712203,7,-0.005947840517782743
2025-12-15,West Bengal,Hooghly,712250,12,-0.018526129022774396
2025-12-15,West Bengal,Hooghly,712406,14,-0.0031732309393430747
2025-12-15,West Bengal,Hooghly,712502,10,-0.006560851279886926
2025-12-15,West Bengal,Hooghly,712706,14,-0.02012223815049885
2025-12-15,West Bengal,Howrah,711101,11,-0.01090574722256088
2025-12-15,West Bengal,Howrah,711102,11,-0.02277764444448549
2025-12-15,West Bengal,Howrah,711303,21,-0.04737512859552129
2025-12-15,West Bengal,Howrah,711322,10,-0.01461198878524661
2025-12-15,West Bengal,Jalpaiguri,735132,13,-0.02432273674194274
2025-12-15,West Bengal,Jalpaiguri,735305,5,-0.007624373335059387
2025-12-15,West Bengal,Jhargram,721517,12,-0.0023729031680981283
2025-12-15,West Bengal,Kolkata,700014,15,-0.020058994015843323
2025-12-15,West Bengal,Kolkata,700037,9,-0.0059485468313057455
2025-12-15,West Bengal,Kolkata,700044,12,-0.024211782707389995
2025-12-15,West Bengal,Malda,732122,14,-0.022450964054007594
2025-12-15,West Bengal,Malda,732123,22,-0.03985676640000557
2025-12-15,West Bengal,Malda,732138,18,-0.03941029674946572
2025-12-15,West Bengal,Malda,732207,36,-0.05922364760872767
2025-12-15,West Bengal,Murshidabad,742133,30,-0.0535387581360921
2025-12-15,West Bengal,Murshidabad,742304,15,-0.010245446532300195
2025-12-15,West Bengal,Nadia,741126,24,-0.05955086884522087
2025-12-15,West Bengal,Nadia,741223,27,-0.033428644897385396
2025-12-15,West Bengal,Nadia,741245,22,-0.051298978321224764
2025-12-15,West Bengal,Nadia,741257,12,-0.011372948585396614
2025-12-15,West Bengal,North 24 Parganas,700064,7,-0.021130078696666166
2025-12-15,West Bengal,North 24 Parganas,743145,11,-0.016492736301201738
2025-12-15,West Bengal,North 24 Parganas,743251,24,-0.02469124536480538
2025-12-15,West Bengal,North 24 Parganas,743287,30,-0.03382733272112304
2025-12-15,Maharashtra,Thane,421204,30,-0.019343167845264575
2025-12-15,Meghalaya,North Garo Hills,794002,27,-0.03497194247452273
2025-12-15,Meghalaya,Ri Bhoi,793103,12,-0.02460266461716587
2025-12-15,Meghalaya,West Garo Hills,794002,6,-0.0009535218839807902
2025-12-15,Odisha,Koraput,764056,16,-0.03510216929829968
2025-12-15,Punjab,Kapurthala,144601,17,-0.025753749458432007
2025-12-15,Rajasthan,Alwar,301001,48,-0.062207867425210006
2025-12-15,Rajasthan,Barmer,344702,43,-0.05075686206266228
2025-12-15,Rajasthan,Barmer,344704,56,-0.06623277953725015
2025-12-15,Rajasthan,Bikaner,331803,30,-0.015250418906003205
2025-12-15,Rajasthan,Churu,331507,30,-0.01932231520302441
2025-12-15,Rajasthan,Jaipur,302013,20,-0.0052003772620349276
2025-12-15,Rajasthan,Jaipur,302029,31,-0.022185444917028785
2025-12-15,Rajasthan,Jaisalmer,345001,33,-0.025993140710112494
2025-12-15,Rajasthan,Jalor,343032,30,-0.015339141090907615
2025-12-15,Rajasthan,Jodhpur,342005,15,-0.020595677374957377
2025-12-15,Rajasthan,Sawai Madhopur,322201,29,-0.01016899559920692
2025-12-15,Rajasthan,Sirohi,307026,44,-0.0557136721889665
2025-12-15,Karnataka,Bengaluru,560064,33,-0.08816687710697735
2025-12-15,Karnataka,Davangere,577001,56,-0.0005410720592909923
2025-12-15,Karnataka,Raichur,584111,34,-0.05722741183952029
2025-12-15,Karnataka,Vijayapura,586130,15,-0.02156836242287974
2025-12-15,Madhya Pradesh,Barwani,451449,30,-0.005429216124374414
2025-12-15,Madhya Pradesh,Betul,460330,44,-0.025018261080312354
2025-12-15,Madhya Pradesh,Burhanpur,450331,79,-0.04968466467107624
2025-12-15,Madhya Pradesh,Chhatarpur,471501,21,-0.049866785152924864
2025-12-15,Madhya Pradesh,Datia,475661,55,-0.05772596441143074
2025-12-15,Madhya Pradesh,Datia,475675,42,-0.03866283646673141
2025-12-15,Madhya Pradesh,Dhar,454660,32,-0.07928260009823362
2025-12-15,Madhya Pradesh,Guna,473101,33,-0.025018261080312354
2025-12-15,Madhya Pradesh,Katni,483330,30,-0.005429216124374414
2025-12-15,Madhya Pradesh,Katni,483770,30,-0.013751580055961887
2025-12-15,Madhya Pradesh,Khandwa,450001,20,-0.031925871493928115
2025-12-15,Madhya Pradesh,Panna,488001,41,-0.04396580754095014
2025-12-15,Madhya Pradesh,Rajgarh,465661,59,-0.05423142346766563
2025-12-15,Madhya Pradesh,Rajgarh,465683,46,-0.03116995967933245
2025-12-15,Madhya Pradesh,Sagar,470335,23,-0.05454546548925687
2025-12-15,Madhya Pradesh,Sehore,466115,32,-0.007285078227992625
2025-12-15,Madhya Pradesh,Shivpuri,473670,31,-0.022185444917028785
2025-12-15,Madhya Pradesh,Shivpuri,473775,33,-0.025993140710112494
2025-12-15,Madhya Pradesh,Ujjain,456001,33,-0.023589936158193825
2025-12-15,Maharashtra,Buldhana,444303,25,-0.009534155677215383
2025-12-15,Maharashtra,Dhule,425405,30,-0.019343167845264575
2025-12-15,Maharashtra,Nandurbar,425452,48,-0.0351266705537584
2025-12-15,Maharashtra,Palghar,401208,28,-0.008457513180207266
2025-12-15,Maharashtra,Palghar,401209,41,-0.024235054514225918
2025-12-15,Assam,Darrang,784116,25,-0.022808317700357073
2025-12-15,Assam,Dhubri,783348,36,-0.03843941473835211
2025-12-15,Assam,Lakhimpur,787055,29,-0.05869901383893639
2025-12-15,Assam,Tinsukia,786181,59,-0.04625628144400318
2025-12-15,Bihar,Aurangabad,824125,46,-0.07990261526039166
2025-12-15,Bihar,Banka,813102,41,-0.04396580754095014
2025-12-15,Bihar,Banka,813205,29,-0.01016899559920692
2025-12-15,Bihar,Begusarai,848202,39,-0.03567391620020832
2025-12-15,Bihar,Begusarai,851127,40,-0.03906855647660956
2025-12-15,Bihar,Begusarai,851129,74,-0.08557467843049105
2025-12-15,Bihar,Begusarai,851133,34,-0.031191173921030546
2025-12-15,Bihar,Bhagalpur,853201,29,-0.0160417281867834
2025-12-15,Bihar,Bhojpur,802222,30,-0.011597664563041232
2025-12-15,Bihar,Bhojpur,802301,38,-0.037953906768618095
2025-12-15,Bihar,Buxar,802129,45,-0.06498506077904398
2025-12-15,Bihar,Darbhanga,846003,34,-0.030852234674208723
2025-12-15,Bihar,Darbhanga,847101,49,-0.05531030746662624
2025-12-15,Bihar,Darbhanga,847201,39,-0.010781199907463068
2025-12-15,Bihar,Darbhanga,847203,43,-0.04934947670580092
2025-12-15,Bihar,East Champaran,845302,59,-0.06926579271292721
2025-12-15,Bihar,East Champaran,845418,48,-0.06070413312426448
2025-12-15,Bihar,East Champaran,845433,56,-0.06977249304461286
2025-12-15,Bihar,Gaya,824231,38,-0.01722902317439301
2025-12-15,Bihar,Gaya,824232,126,-0.08410018886088766
2025-12-15,Bihar,Gaya,824237,27,-0.002744536745366122
2025-12-15,Bihar,Gopalganj,841405,45,-0.05770580570749584
2025-12-15,Bihar,Gopalganj,841437,44,-0.0574687761108561
2025-12-15,Bihar,Gopalganj,841438,50,-0.05970333792921301
2025-12-15,Bihar,Jamui,811307,43,-0.05224038529633179
2025-12-15,Bihar,Kaimur (Bhabua),821109,51,-0.06421760028243784
2025-12-15,Bihar,Katihar,854105,41,-0.04590626004208187
2025-12-15,Bihar,Katihar,854108,30,-0.0160417281867834
2025-12-15,Bihar,Katihar,855113,70,-0.07478269845644503
2025-12-15,Bihar,Khagaria,851213,30,-0.018870575764997954
2025-12-15,Bihar,Kishanganj,855107,42,-0.0468883727715107
2025-12-15,Bihar,Madhepura,852210,69,-0.07078692276762977
2025-12-15,Bihar,Madhepura,852220,29,-0.015101328063994668
2025-12-15,Bihar,Madhubani,847223,33,-0.021839581696343036
2025-12-15,Bihar,Madhubani,847224,31,-0.022185444917028785
2025-12-15,Bihar,Madhubani,847225,44,-0.050356217239225676
2025-12-15,Bihar,Madhubani,847409,42,-0.04429120482707127
2025-12-15,Bihar,Munger,811201,29,-0.01094347100970805
2025-12-15,Bihar,Munger,811211,36,-0.030781834802923624
2025-12-15,Bihar,Muzaffarpur,843109,52,-0.06623277953725015
2025-12-15,Bihar,Muzaffarpur,843111,52,-0.0517455429368997
2025-12-15,Bihar,Nalanda,811104,28,-0.00877078053831093
2025-12-15,Bihar,Nawada,805125,55,-0.06472088392049546
2025-12-15,Bihar,Patna,803202,47,-0.04976951813955699
2025-12-15,Bihar,Patna,804453,27,-0.0009195591265684921
2025-12-15,Bihar,Purnia,854101,30,-0.012190702468889536
2025-12-15,Bihar,Rohtas,821112,42,-0.037866302303603216
2025-12-15,Bihar,Samastipur,848209,35,-0.006724360482051384
2025-12-15,Bihar,Saran,841418,32,-0.024812766735926584
2025-12-15,Bihar,Sheohar,843128,36,-0.03513899788191921
2025-12-15,Bihar,Sitamarhi,843313,53,-0.0738384611454802
2025-12-15,Bihar,Sitamarhi,843315,30,-0.015250418906003205
2025-12-15,Bihar,Siwan,841226,51,-0.06522450818859493
2025-12-15,Bihar,Siwan,841241,38,-0.037953906768618095
2025-12-15,Bihar,Siwan,841286,32,-0.013001623344285451
2025-12-15,Bihar,Vaishali,844507,32,-0.017847586802490878
2025-12-15,Bihar,West Champaran,845450,28,-0.007681719133812326
2025-12-15,Bihar,West Champaran,845453,37,-0.036015156438910845
2025-12-15,Bihar,West Champaran,845459,33,-0.0077498290668333025
2025-12-15,Chhattisgarh,Bastar,494010,35,-0.010078305777885377
2025-12-15,Chhattisgarh,Bijapur,494447,34,-0.08076255459636172
2025-12-15,Chhattisgarh,Kondagaon,494226,73,-0.07180272611835103
2025-12-15,Chhattisgarh,Narayanpur,494661,30,-0.0160417281867834
2025-12-15,Chhattisgarh,Surguja,497111,25,-0.002744536745366122
2025-12-15,Delhi,North West Delhi,110040,38,-0.017032514016480205
2025-12-15,Delhi,North West Delhi,110042,45,-0.03086029501408838
2025-12-15,Delhi,South Delhi,110017,22,-0.05591490174193625
2025-12-15,Delhi,South Delhi,110019,34,-0.024065722373550535
2025-12-15,Delhi,West Delhi,110059,130,-0.07529313271407745
2025-12-15,Gujarat,Amreli,364515,9,-0.004642005540217431
2025-12-15,Gujarat,Banaskantha,385110,27,-0.002744536745366122
2025-12-15,Gujarat,Banaskantha,385330,32,-0.04696951419530282
2025-12-15,Gujarat,Banaskantha,385565,24,-0.04680386277627002
2025-12-15,Gujarat,Botad,364710,23,-0.04615214863158745
2025-12-15,Haryana,Mewat,122108,32,-0.008352727104310897
2025-12-15,Haryana,Palwal,121103,46,-0.003784034104989953
2025-12-15,Jammu and Kashmir,Ramban,182144,53,-0.03754791807649005
2025-12-15,Jharkhand,Deoghar,814150,32,-0.052333831997417035
2025-12-15,Jharkhand,Dumka,814145,29,-0.01016899559920692
2025-12-15,Jharkhand,East Singhbhum,831012,15,-0.020595677374957377
2025-12-15,Jharkhand,Garhwa,822112,42,-0.04052833117371257
2025-12-15,Jharkhand,Giridih,825320,32,-0.01981607978305877
2025-12-15,Jharkhand,Giridih,825324,66,-0.07997882725288552
2025-12-15,Jharkhand,Koderma,825409,43,-0.05075686206266228
2025-12-15,Andhra Pradesh,Chittoor,517425,23,-0.05045107493636092
2025-12-15,West Bengal,Paschim Medinipur,721102,18,-0.03303057902769535
2025-12-15,West Bengal,Paschim Medinipur,721147,18,-0.03303057902769535
2025-12-15,West Bengal,Paschim Medinipur,721253,12,-0.018526129022774396
2025-12-15,West Bengal,Paschim Medinipur,721424,11,-0.0009517903270784833
2025-12-15,West Bengal,Puruliya,723126,13,-0.026174836232599197
2025-12-15,West Bengal,Puruliya,723148,10,-0.004868602225922669
2025-12-15,West Bengal,Puruliya,723155,16,-0.04164614746969575
2025-12-15,West Bengal,Puruliya,723202,16,-0.01165665369756741
2025-12-15,West Bengal,South 24 Parganas,743337,36,-0.06413106546282876
2025-12-15,West Bengal,Uttar Dinajpur,733201,61,-0.11511430077169149
2025-12-15,West Bengal,Uttar Dinajpur,733202,69,-0.1319543179036018
2025-12-15,West Bengal,Uttar Dinajpur,733210,56,-0.07794720845926806
2025-12-15,West Bengal,Uttar Dinajpur,733215,26,-0.053219345038641674
2025-12-15,Uttar Pradesh,Agra,282001,89,-0.09862381078369686
2025-12-15,Uttar Pradesh,Agra,282010,33,-0.025058556969232093
2025-12-15,Uttar Pradesh,Aligarh,202001,97,-0.09337765646725193
2025-12-15,Uttar Pradesh,Bahraich,271903,50,-0.0557136721889665
2025-12-15,Uttar Pradesh,Balrampur,271201,74,-0.07997882725288552
2025-12-15,Uttar Pradesh,Balrampur,271206,37,-0.04135937092922848
2025-12-15,Uttar Pradesh,Balrampur,271210,29,-0.030780736308292478
2025-12-15,Uttar Pradesh,Bareilly,243201,38,-0.019471384617144483
2025-12-15,Uttar Pradesh,Bijnor,246725,33,-0.024065722373550535
2025-12-15,Uttar Pradesh,Chitrakoot,210208,21,-0.042395086772449186
2025-12-15,Uttar Pradesh,Deoria,274001,58,-0.11457693316909479
2025-12-15,Uttar Pradesh,Etah,207001,42,-0.04429120482707127
2025-12-15,Uttar Pradesh,Farrukhabad,209601,31,-0.01981607978305877
2025-12-15,Uttar Pradesh,Firozabad,283203,60,-0.0722357010410315
2025-12-15,Uttar Pradesh,Firozabad,283204,40,-0.03664217342968057
2025-12-15,Uttar Pradesh,Gautam Buddha Nagar,201310,15,-0.031771909360475026
2025-12-15,Uttar Pradesh,Ghaziabad,245304,28,-0.007681719133812326
2025-12-15,Uttar Pradesh,Gorakhpur,273212,28,-0.004130507561788677
2025-12-15,Uttar Pradesh,Hathras,204101,79,-0.08972641076865029
2025-12-15,Uttar Pradesh,Jaunpur,222001,43,-0.049276346969613916
2025-12-15,Uttar Pradesh,Kasganj,207123,19,-0.00030157771212713236
2025-12-15,Uttar Pradesh,Kasganj,207242,31,-0.012658773509033105
2025-12-15,Uttar Pradesh,Kaushambi,212216,26,-0.0015390091345077739
2025-12-15,Uttar Pradesh,Kheri,262722,34,-0.02767729287192333
2025-12-15,Uttar Pradesh,Kheri,262802,58,-0.06926579271292721
2025-12-15,Uttar Pradesh,Kheri,262804,32,-0.052333831997417035
2025-12-15,Uttar Pradesh,Kushinagar,274401,27,-0.0009195591265684921
2025-12-15,Uttar Pradesh,Lucknow,226002,42,-0.0557136721889665
2025-12-15,Uttar Pradesh,Lucknow,227115,28,-0.0009195591265684921
2025-12-15,Uttar Pradesh,Maharajganj,273157,31,-0.008115999045802957
2025-12-15,Uttar Pradesh,Maharajganj,273163,31,-0.008115999045802957
2025-12-15,Uttar Pradesh,Mahoba,210427,40,-0.03428418513247078
2025-12-15,Uttar Pradesh,Mainpuri,205001,51,-0.06572847331727993
2025-12-15,Uttar Pradesh,Mainpuri,206301,32,-0.022185444917028785
2025-12-15,Uttar Pradesh,Meerut,250002,64,-0.09547185978687844
2025-12-15,Uttar Pradesh,Meerut,250401,28,-0.00877078053831093
2025-12-15,Uttar Pradesh,Mirzapur,231001,84,-0.08920621445541355
2025-12-15,Uttar Pradesh,Sant Kabir Nagar,272271,28,-0.0009195591265684921
2025-12-15,Uttar Pradesh,Shahjahanpur,242001,71,-0.08816687710697735
2025-12-15,Uttar Pradesh,Shrawasti,271831,30,-0.015250418906003205
2025-12-15,Uttar Pradesh,Sitapur,261141,49,-0.062207867425210006
2025-12-15,Uttar Pradesh,Sitapur,261302,34,-0.021839581696343036
2025-12-15,Uttar Pradesh,Sitapur,261303,40,-0.046324316819316924
2025-12-15,Uttar Pradesh,Unnao,209821,58,-0.07792649674172913
2025-12-15,Uttar Pradesh,Unnao,209825,35,-0.010078305777885377
2025-12-15,Uttar Pradesh,Varanasi,221101,28,-0.007992283693921465
2025-12-15,Uttarakhand,Udham Singh Nagar,262401,56,-0.01812522913735537
2025-12-15,West Bengal,Alipurduar,735217,10,-0.027758714352576597
2025-12-15,West Bengal,Bankura,722101,38,-0.09337765646725193
2025-12-15,West Bengal,Bankura,722132,18,-0.022770826802578692
2025-12-15,West Bengal,Bankura,722140,15,-0.010636992908105602
2025-12-15,West Bengal,Bankura,722144,20,-0.05025819670074505
2025-12-15,West Bengal,Bankura,722205,25,-0.009534155677215383
2025-12-15,West Bengal,Birbhum,731237,15,-0.010636992908105602
2025-12-15,West Bengal,Cooch Behar,736172,9,-0.0004875460721467384
2025-12-15,West Bengal,Dakshin Dinajpur,733127,23,-0.05820468206367224
2025-12-15,West Bengal,Darjeeling,734426,12,-0.024680520974801112
2025-12-15,West Bengal,Hooghly,712124,12,-0.007738612984490745
2025-12-15,West Bengal,Hooghly,712248,9,-0.008436111726902285
2025-12-15,West Bengal,Hooghly,712306,17,-0.013849555013206616
2025-12-15,West Bengal,Howrah,711201,7,-0.013416592514988168
2025-12-15,West Bengal,Jalpaiguri,735207,7,-0.013416592514988168
2025-12-15,West Bengal,Jhargram,721507,10,-0.004640127004135186
2025-12-15,West Bengal,Kolkata,700002,12,-0.01266329762292595
2025-12-15,West Bengal,Kolkata,700006,13,-0.03800855034598194
2025-12-15,West Bengal,Kolkata,700011,14,-0.017984097072543004
2025-12-15,West Bengal,Malda,732124,36,-0.09181071917329742
2025-12-15,West Bengal,Malda,732201,60,-0.07692309618618764
2025-12-15,West Bengal,Murshidabad,742202,76,-0.10655989608272443
2025-12-15,West Bengal,Nadia,741101,6,-0.009952424919273062
2025-12-15,West Bengal,Nadia,741222,27,-0.0493241604479997
2025-12-15,West Bengal,Nadia,741313,36,-0.023330440054468715
2025-12-15,West Bengal,North 24 Parganas,700056,7,-0.013416592514988168
2025-12-15,West Bengal,North 24 Parganas,700101,11,-0.0012352354432842994
2025-12-15,West Bengal,North 24 Parganas,700102,17,-0.043328066181323566
2025-12-15,West Bengal,North 24 Parganas,700123,10,-0.006138991698563578
2025-12-15,West Bengal,North 24 Parganas,700125,76,-0.0712896871117088
2025-12-15,West Bengal,North 24 Parganas,700126,36,-0.026493009367295706
2025-12-15,West Bengal,North 24 Parganas,700130,14,-0.03849409529932246
2025-12-15,West Bengal,North 24 Parganas,743127,17,-0.027086130964068977
2025-12-15,West Bengal,North 24 Parganas,743165,6,-0.0023989837114746226
2025-12-15,West Bengal,North 24 Parganas,743232,18,-0.04821774298985204
2025-12-15,West Bengal,North 24 Parganas,743423,24,-0.05843706788869474
2025-12-15,West Bengal,Paschim Medinipur,721150,21,-0.03931212695430086
2025-12-15,West Bengal,Paschim Medinipur,721212,13,-0.015141277558534005
2025-12-15,West Bengal,Purba Bardhaman,713102,9,-0.027919871640944116
2025-12-15,West Bengal,Puruliya,723129,23,-0.051975893746756596
2025-12-15,West Bengal,Puruliya,723131,27,-0.06495532273885662
2025-12-15,West Bengal,South 24 Parganas,700066,17,-0.04692974253064619
2025-12-15,West Bengal,South 24 Parganas,700145,23,-0.057202394441732585
2025-12-15,West Bengal,South 24 Parganas,700150,21,-0.0529810230378851
2025-12-15,West Bengal,South 24 Parganas,743312,16,-0.03510216929829968
2025-12-15,West Bengal,South 24 Parganas,743349,30,-0.07792649674172913
2025-12-15,West Bengal,South 24 Parganas,743502,31,-0.07928260009823362
2025-12-15,West Bengal,Uttar Dinajpur,733208,58,-0.058213044502198774
2025-12-15,Jharkhand,West Singhbhum,833214,47,-0.06371465704403456
2025-12-15,Karnataka,Bengaluru,560062,14,-0.005852643159354187
2025-12-15,Karnataka,Bengaluru,560076,11,-0.005950307420380274
2025-12-15,Karnataka,Bengaluru,560077,18,-0.025093182636492295
2025-12-15,Madhya Pradesh,Alirajpur,457888,29,-0.01078838799221049
2025-12-15,Madhya Pradesh,Alirajpur,457990,82,-0.08868636998084545
2025-12-15,Madhya Pradesh,Ashok Nagar,473335,29,-0.01094347100970805
2025-12-15,Madhya Pradesh,Betul,460220,46,-0.02924954423122539
2025-12-15,Madhya Pradesh,Bhind,477001,30,-0.013751580055961887
2025-12-15,Madhya Pradesh,Chhatarpur,471201,64,-0.09598388211730291
2025-12-15,Madhya Pradesh,Dewas,455001,91,-0.04319873614909253
2025-12-15,Madhya Pradesh,Guna,473222,31,-0.01981607978305877
2025-12-15,Madhya Pradesh,Guna,473287,53,-0.052248680114797
2025-12-15,Madhya Pradesh,Gwalior,474001,54,-0.059723551263451746
2025-12-15,Madhya Pradesh,Jabalpur,482001,56,-0.01812522913735537
2025-12-15,Madhya Pradesh,Katni,483501,66,-0.0722357010410315
2025-12-15,Madhya Pradesh,Katni,483773,34,-0.02694828931203519
2025-12-15,Madhya Pradesh,Khargone,451001,43,-0.07273236907042879
2025-12-15,Madhya Pradesh,Morena,476221,76,-0.08661050571229889
2025-12-15,Madhya Pradesh,Morena,476224,64,-0.07071163329807706
2025-12-15,Madhya Pradesh,Morena,476554,23,-0.05048122070967376
2025-12-15,Madhya Pradesh,Panna,488220,46,-0.05471962538216757
2025-12-15,Madhya Pradesh,Rajgarh,465669,43,-0.05034453331473221
2025-12-15,Madhya Pradesh,Rajgarh,465687,49,-0.013421878868548731
2025-12-15,Madhya Pradesh,Sagar,470001,39,-0.09065980006988328
2025-12-15,Madhya Pradesh,Sagar,470002,50,-0.09792559131035894
2025-12-15,Madhya Pradesh,Sagar,470226,41,-0.012183499779245599
2025-12-15,Madhya Pradesh,Satna,485772,32,-0.023135437561557004
2025-12-15,Madhya Pradesh,Satna,485881,36,-0.013723028341945831
2025-12-15,Madhya Pradesh,Shahdol,484774,46,-0.012485021456662304
2025-12-15,Madhya Pradesh,Shivpuri,473551,83,-0.10178858318873707
2025-12-15,Madhya Pradesh,Sidhi,486661,71,-0.04771420978141394
2025-12-15,Maharashtra,Aurangabad,431001,130,-0.09128911312247612
2025-12-15,Maharashtra,Dhule,424001,64,-0.04771420978141394
2025-12-15,Maharashtra,Hingoli,431701,13,-0.017493744432981795
2025-12-15,Maharashtra,Mumbai Suburban,400043,50,-0.023839510524790497
2025-12-15,Maharashtra,Pune,411033,38,-0.06423793707677439
2025-12-15,Maharashtra,Thane,421201,33,-0.004407210768411662
2025-12-15,Maharashtra,Yavatmal,445215,20,-0.03969764584587998
2025-12-15,Meghalaya,North Garo Hills,794110,14,-0.030635223922652943
2025-12-15,Meghalaya,West Khasi Hills,793119,73,-0.05573277125212761
2025-12-15,Odisha,Nabarangapur,764059,28,-0.04483616560864356
2025-12-15,Rajasthan,Banswara,327001,73,-0.08557467843049105
2025-12-15,Rajasthan,Baran,325202,31,-0.01981607978305877
2025-12-15,Rajasthan,Churu,331022,32,-0.022185444917028785
2025-12-15,Rajasthan,Jaipur,302002,26,-0.004744475902300649
2025-12-15,Rajasthan,Jaipur,302012,54,-0.06767276260407218
2025-12-15,Rajasthan,Karauli,322230,40,-0.040384734834035485
2025-12-15,Rajasthan,Nagaur,341001,52,-0.06926579271292721
2025-12-15,Rajasthan,Pratapgarh,312619,30,-0.012190702468889536
2025-12-15,Tamil Nadu,Ariyalur,621715,12,-0.008982557564643279
2025-12-15,Assam,Biswanath,784168,9,-0.0059485468313057455
2025-12-15,Assam,Cachar,788815,14,-0.005852643159354187
2025-12-15,Assam,Lakhimpur,784160,20,-0.05050765458754647
2025-12-15,Assam,Tinsukia,786151,52,-0.05430944371452928
2025-12-15,Assam,Tinsukia,786170,31,-0.06166127600527094
2025-12-15,Assam,Tinsukia,786171,40,-0.022736663536493618
2025-12-15,Bihar,Araria,854311,81,-0.07682650924055134
2025-12-15,Bihar,Araria,854312,51,-0.06371465704403456
2025-12-15,Bihar,Araria,854334,63,-0.07078692276762977
2025-12-15,Bihar,Aurangabad,824121,27,-0.002744536745366122
2025-12-15,Bihar,Banka,813101,51,-0.06572847331727993
2025-12-15,Bihar,Banka,813105,35,-0.02879139449579249
2025-12-15,Bihar,Banka,813211,26,-0.004744475902300649
2025-12-15,Bihar,Buxar,802134,36,-0.02815584547264116
2025-12-15,Bihar,Darbhanga,847106,32,-0.022185444917028785
2025-12-15,Bihar,Darbhanga,847405,29,-0.00028404077937782546
2025-12-15,Bihar,East Champaran,845412,30,-0.018870575764997954
2025-12-15,Bihar,East Champaran,845426,39,-0.03649935223285339
2025-12-15,Bihar,Gaya,823001,96,-0.08410018886088766
2025-12-15,Bihar,Jehanabad,804408,31,-0.013320462979709902
2025-12-15,Bihar,Kaimur (Bhabua),821101,28,-0.008457513180207266
2025-12-15,Bihar,Kaimur (Bhabua),821105,35,-0.02879139449579249
2025-12-15,Bihar,Kaimur (Bhabua),821108,28,-0.006842032075880189
2025-12-15,Bihar,Katihar,855102,38,-0.019471384617144483
2025-12-15,Bihar,Khagaria,848203,74,-0.08557467843049105
2025-12-15,Bihar,Khagaria,851212,57,-0.06825341994944278
2025-12-15,Bihar,Lakhisarai,811310,32,-0.024812766735926584
2025-12-15,Bihar,Madhepura,852113,28,-0.00877078053831093
2025-12-15,Bihar,Madhepura,852128,55,-0.06673742707936137
2025-12-15,Bihar,Madhubani,847232,24,-0.021325139821500305
2025-12-15,Bihar,Madhubani,847235,33,-0.023917428068963464
2025-12-15,Bihar,Madhubani,847404,38,-0.03567391620020832
2025-12-15,Bihar,Madhubani,847408,52,-0.05872408206758073
2025-12-15,Bihar,Munger,811213,44,-0.04976951813955699
2025-12-15,Bihar,Muzaffarpur,843119,52,-0.10390558020993157
2025-12-15,Bihar,Muzaffarpur,843128,70,-0.08661050571229889
2025-12-15,Bihar,Muzaffarpur,844127,24,-0.04949424952465664
2025-12-15,Bihar,Patna,801108,32,-0.015667816675892565
2025-12-15,Bihar,Patna,801505,30,-0.008115999045802957
2025-12-15,Bihar,Patna,804452,12,-0.01515446658748465
2025-12-15,Bihar,Purnia,854202,56,-0.0769024124762242
2025-12-15,Bihar,Purnia,854204,108,-0.09128911312247612
2025-12-15,Bihar,Purnia,854304,73,-0.08816687710697735
2025-12-15,Bihar,Purnia,854315,110,-0.09337765646725193
2025-12-15,Bihar,Rohtas,821113,77,-0.08100707725651102
2025-12-15,Bihar,Saharsa,852106,52,-0.059723551263451746
2025-12-15,Bihar,Saharsa,852124,34,-0.02694828931203519
2025-12-15,Bihar,Saharsa,852127,58,-0.07536888204073067
2025-12-15,Bihar,Saharsa,852129,48,-0.07785049072635164
2025-12-15,Bihar,Samastipur,848101,75,-0.08816687710697735
2025-12-15,Bihar,Samastipur,848207,35,-0.03181396291978389
2025-12-15,Bihar,Samastipur,848211,45,-0.053726922782623365
2025-12-15,Bihar,Samastipur,848236,27,-0.0064467196222999235
2025-12-15,Bihar,Samastipur,848504,56,-0.06825341994944278
2025-12-15,Bihar,Saran,841401,29,-0.01019655258954788
2025-12-15,Bihar,Saran,841403,43,-0.06548886384607033
2025-12-15,Bihar,Sheikhpura,811107,35,-0.02879139449579249
2025-12-15,Bihar,Sheohar,843334,45,-0.05224038529633179
2025-12-15,Bihar,Sitamarhi,843117,38,-0.04006109406469105
2025-12-15,Bihar,Sitamarhi,843316,29,-0.0089230575409045
2025-12-15,Bihar,Sitamarhi,843320,61,-0.07078692276762977
2025-12-15,Bihar,Sitamarhi,843331,49,-0.05580756251305896
2025-12-15,Bihar,Siwan,841239,29,-0.0089230575409045
2025-12-15,Bihar,Supaul,847452,31,-0.0077498290668333025
2025-12-15,Bihar,Supaul,852139,30,-0.015339141090907615
2025-12-15,Bihar,Vaishali,844126,35,-0.05580756251305896
2025-12-15,Bihar,Vaishali,844504,37,-0.030230287846552906
2025-12-15,Bihar,Vaishali,844506,40,-0.03955481885826573
2025-12-15,Bihar,West Champaran,845105,41,-0.047798833917578665
2025-12-15,Bihar,West Champaran,845106,37,-0.03513899788191921
2025-12-15,Chandigarh,Chandigarh,160036,15,-0.003281893448611628
2025-12-15,Chhattisgarh,Balrampur,497225,62,-0.06172655159725293
2025-12-15,Chhattisgarh,Bijapur,494444,39,-0.09425285704463393
2025-12-15,Chhattisgarh,Bilaspur,495001,33,-0.01243191542204769
2025-12-15,Chhattisgarh,Bilaspur,495551,53,-0.059723551263451746
2025-12-15,Chhattisgarh,Sukma,494122,35,-0.016138241079961646
2025-12-15,Chhattisgarh,Surajpur,497223,37,-0.03422398480217992
2025-12-15,Delhi,North Delhi,110084,41,-0.024235054514225918
2025-12-15,Gujarat,Banaskantha,385310,16,-0.01687346951206703
2025-12-15,Gujarat,Surat,395004,42,-0.04641700789491854
2025-12-15,Gujarat,Valsad,396065,55,-0.036962488555904116
2025-12-15,Andhra Pradesh,Tirupati,524412,9,-0.027134524677103977
2025-12-15,Assam,Goalpara,783101,29,-0.07733832678049302
2025-12-15,Assam,Karbi Anglong,782448,13,-0.03310578741387471
2025-12-15,Assam,Marigaon,782127,29,-0.015101328063994668
2025-12-15,Assam,Tinsukia,786156,26,-0.023330440054468715
2025-12-15,Assam,Tinsukia,786182,68,-0.06353582384282841
2025-12-15,Bihar,Araria,854318,136,-0.10602831431574455
2025-12-15,Bihar,Araria,854335,34,-0.030852234674208723
2025-12-15,Bihar,Aurangabad,824122,28,-0.006257891223783174
2025-12-15,Bihar,Banka,813106,61,-0.08247559324246578
2025-12-15,Bihar,Begusarai,848201,45,-0.052735562572619576
2025-12-15,Bihar,Begusarai,851128,36,-0.034564533107921624
2025-12-15,Bihar,Begusarai,851217,48,-0.06020356624566192
2025-12-15,Bihar,Bhagalpur,813213,35,-0.029821502260340416
2025-12-15,Bihar,Bhagalpur,853204,43,-0.04934947670580092
2025-12-15,Bihar,East Champaran,845305,36,-0.06455626260762415
2025-12-15,Bihar,East Champaran,845415,40,-0.018495143268493774
2025-12-15,Bihar,Gaya,823002,29,-0.006721946846793503
2025-12-15,Bihar,Gopalganj,841436,27,-0.004867606710705852
2025-12-15,Bihar,Jamui,811308,36,-0.030781834802923624
2025-12-15,Bihar,Katihar,854317,80,-0.0732534661658697
2025-12-15,Bihar,Khagaria,851205,30,-0.019343167845264575
2025-12-15,Bihar,Kishanganj,855116,33,-0.04484366224984415
2025-12-15,Bihar,Lakhisarai,811315,32,-0.023135437561557004
2025-12-15,Bihar,Madhepura,852101,47,-0.05531030746662624
2025-12-15,Bihar,Muzaffarpur,843120,35,-0.029750332181214145
2025-12-15,Bihar,Nalanda,803107,47,-0.056709065023195726
2025-12-15,Bihar,Patna,800001,28,-0.00877078053831093
2025-12-15,Bihar,Patna,800008,29,-0.006721946846793503
2025-12-15,Bihar,Patna,801503,39,-0.061706283484661784
2025-12-15,Bihar,Patna,803201,39,-0.025137045303868066
2025-12-15,Bihar,Patna,803212,36,-0.030230287846552906
2025-12-15,Bihar,Purnia,854102,38,-0.03567391620020832
2025-12-15,Bihar,Purnia,854330,75,-0.07478269845644503
2025-12-15,Bihar,Rohtas,802215,29,-0.01019655258954788
2025-12-15,Bihar,Rohtas,821107,27,-0.004867606710705852
2025-12-15,Bihar,Rohtas,821111,49,-0.062207867425210006
2025-12-15,Bihar,Rohtas,821115,31,-0.030780736308292478
2025-12-15,Bihar,Saharsa,852217,36,-0.02959344750199444
2025-12-15,Bihar,Saharsa,852221,44,-0.05266299359952076
2025-12-15,Bihar,Samastipur,848117,62,-0.0732534661658697
2025-12-15,Bihar,Samastipur,848205,30,-0.019343167845264575
2025-12-15,Bihar,Samastipur,848210,41,-0.049276346969613916
2025-12-15,Bihar,Sitamarhi,843302,75,-0.08661050571229889
2025-12-15,Bihar,Sitamarhi,843314,39,-0.03567391620020832
2025-12-15,Bihar,Siwan,841238,27,-0.004867606710705852
2025-12-15,Bihar,Siwan,841406,32,-0.045673033038677424
2025-12-15,Bihar,Supaul,852111,39,-0.04331260413748683
2025-12-15,Bihar,Vaishali,844101,40,-0.043224345248429774
2025-12-15,Bihar,West Champaran,845451,29,-0.03495149486283433
2025-12-15,Delhi,North West Delhi,110086,93,-0.04319873614909253
2025-12-15,Delhi,South Delhi,110044,60,-0.04222161275847669
2025-12-15,Delhi,South Delhi,110062,73,-0.048698770634940436
2025-12-15,Delhi,South West Delhi,110043,93,-0.048698770634940436
2025-12-15,Gujarat,Banaskantha,385001,46,-0.03464340318334014
2025-12-15,Gujarat,Banaskantha,385320,16,-0.03344023858693934
2025-12-15,Gujarat,Gandhinagar,382721,28,-0.07620900593911517
2025-12-15,Telangana,Hyderabad,500008,48,-0.05431680611280032
2025-12-15,Telangana,Hyderabad,500064,35,-0.024065722373550535
2025-12-15,Uttar Pradesh,Agra,282007,42,-0.04052833117371257
2025-12-15,Uttar Pradesh,Agra,283125,46,-0.04887651453383701
2025-12-15,Uttar Pradesh,Amethi,227816,31,-0.005892710887439145
2025-12-15,Uttar Pradesh,Bahraich,271855,39,-0.03809701815245237
2025-12-15,Uttar Pradesh,Bahraich,271902,30,-0.007651000545157438
2025-12-15,Uttar Pradesh,Basti,272190,45,-0.053726922782623365
2025-12-15,Uttar Pradesh,Budaun,243601,79,-0.08255206349150135
2025-12-15,Uttar Pradesh,Chandauli,232101,29,-0.032323531173517606
2025-12-15,Uttar Pradesh,Deoria,274202,26,-0.004744475902300649
2025-12-15,Uttar Pradesh,Faizabad,224001,38,-0.030710568353205847
2025-12-15,Uttar Pradesh,Ghaziabad,201001,42,-0.04478100197678281
2025-12-15,Uttar Pradesh,Ghaziabad,201002,26,-0.004744475902300649
2025-12-15,Uttar Pradesh,Ghazipur,233304,17,-0.03454336522879331
2025-12-15,Uttar Pradesh,Ghazipur,233307,8,-0.0010104119043676807
2025-12-15,Uttar Pradesh,Gonda,271001,30,-0.015339141090907615
2025-12-15,Uttar Pradesh,Gorakhpur,273001,33,-0.013470243228045131
2025-12-15,Uttar Pradesh,Gorakhpur,273015,35,-0.02195984562368858
2025-12-15,Uttar Pradesh,Hapur,245101,56,-0.07071163329807706
2025-12-15,Uttar Pradesh,Hardoi,241204,34,-0.030852234674208723
2025-12-15,Uttar Pradesh,Jalaun,285001,33,-0.023917428068963464
2025-12-15,Uttar Pradesh,Jhansi,284204,47,-0.05531030746662624
2025-12-15,Uttar Pradesh,Kanpur Nagar,208001,58,-0.06825341994944278
2025-12-15,Uttar Pradesh,Kanpur Nagar,208021,31,-0.021387144879897124
2025-12-15,Uttar Pradesh,Kaushambi,212217,36,-0.02421580379060273
2025-12-15,Uttar Pradesh,Kheri,261506,29,-0.01078838799221049
2025-12-15,Uttar Pradesh,Kheri,262701,49,-0.05770580570749584
2025-12-15,Uttar Pradesh,Kushinagar,274304,51,-0.061706283484661784
2025-12-15,Uttar Pradesh,Kushinagar,274802,31,-0.008115999045802957
2025-12-15,Uttar Pradesh,Lucknow,226021,30,-0.012190702468889536
2025-12-15,Uttar Pradesh,Maharajganj,273303,48,-0.0557136721889665
2025-12-15,Uttar Pradesh,Mainpuri,205267,30,-0.0160417281867834
2025-12-15,Uttar Pradesh,Meerut,250001,45,-0.05531030746662624
2025-12-15,Uttar Pradesh,Muzaffarnagar,251309,26,-0.005519294421851839
2025-12-15,Uttar Pradesh,Pilibhit,262122,31,-0.01469015250038519
2025-12-15,Uttar Pradesh,Saharanpur,247554,50,-0.06522450818859493
2025-12-15,Uttar Pradesh,Shahjahanpur,242307,23,-0.018293131309935373
2025-12-15,Uttar Pradesh,Siddharthnagar,272205,28,-0.00877078053831093
2025-12-15,Uttar Pradesh,Sitapur,261203,35,-0.024184345970248544
2025-12-15,Uttar Pradesh,Unnao,241501,44,-0.046324316819316924
2025-12-15,Uttar Pradesh,Unnao,241504,34,-0.027355418789622776
2025-12-15,Uttar Pradesh,Varanasi,221104,33,-0.026243576230036925
2025-12-15,West Bengal,Alipurduar,736123,6,-0.0023989837114746226
2025-12-15,West Bengal,Alipurduar,736202,8,-0.013885493256211356
2025-12-15,West Bengal,Bankura,722203,14,-0.03765879792155902
2025-12-15,West Bengal,Cooch Behar,736157,9,-0.0038319526156022077
2025-12-15,West Bengal,Dakshin Dinajpur,733125,19,-0.04036907016366775
2025-12-15,West Bengal,Darjeeling,734003,30,-0.04889807150565062
2025-12-15,West Bengal,Darjeeling,734005,11,-0.01576468859771063
2025-12-15,West Bengal,Hooghly,712149,29,-0.04182973339949447
2025-12-15,West Bengal,Hooghly,712305,15,-0.002615870810997567
2025-12-15,West Bengal,Jalpaiguri,734008,22,-0.02001016090741481
2025-12-15,West Bengal,Jalpaiguri,735202,17,-0.022904182903038084
2025-12-15,West Bengal,Jalpaiguri,735210,13,-0.02421558432301718
2025-12-15,West Bengal,Jalpaiguri,735218,14,-0.018993741104601836
2025-12-15,West Bengal,Jalpaiguri,735221,17,-0.04155047325838146
2025-12-15,West Bengal,Jalpaiguri,735223,12,-0.05054103123713005
2025-12-15,West Bengal,Kolkata,700018,18,-0.0415442247207628
2025-12-15,West Bengal,Murshidabad,742303,45,-0.07835086897188126
2025-12-15,West Bengal,Nadia,741238,14,-0.0227888869888625
2025-12-15,West Bengal,Nadia,741402,19,-0.037523333794603486
2025-12-15,West Bengal,Nadia,741507,51,-0.10496622915652432
2025-12-15,West Bengal,North 24 Parganas,700051,14,-0.027086130964068977
2025-12-15,West Bengal,North 24 Parganas,700120,14,-0.0315452917671718
2025-12-15,West Bengal,North 24 Parganas,700121,13,-0.018993741104601836
2025-12-15,West Bengal,North 24 Parganas,700124,38,-0.017236547201644248
2025-12-15,West Bengal,North 24 Parganas,700155,10,-0.016234761647973328
2025-12-15,West Bengal,North 24 Parganas,700162,15,-0.030635223922652943
2025-12-15,West Bengal,North 24 Parganas,743235,33,-0.049470993157162635
2025-12-15,West Bengal,North 24 Parganas,743272,12,-0.003541636410554716
2025-12-15,West Bengal,North 24 Parganas,743425,32,-0.06766080142462727
2025-12-15,West Bengal,North 24 Parganas,743704,12,-0.01266329762292595
2025-12-15,Gujarat,Morbi,363621,25,-0.008162219398876291
2025-12-15,Gujarat,Surat,395003,22,-0.002058919904386336
2025-12-15,Haryana,Gurgaon,122001,49,-0.013421878868548731
2025-12-15,Jammu and Kashmir,Shupiyan,192303,57,-0.029092770342734275
2025-12-15,Jharkhand,Bokaro,827013,29,-0.01016899559920692
2025-12-15,Jharkhand,Chatra,825103,45,-0.06020356624566192
2025-12-15,Jharkhand,Chatra,825403,41,-0.030143626618590935
2025-12-15,Jharkhand,Chatra,825408,76,-0.08152172426864468
2025-12-15,Jharkhand,East Singhbhum,831002,28,-0.028532681764684487
2025-12-15,Jharkhand,Garhwa,822114,76,-0.07121931219672151
2025-12-15,Jharkhand,Garhwa,822125,32,-0.007285078227992625
2025-12-15,Jharkhand,Giridih,825412,76,-0.08816687710697735
2025-12-15,Jharkhand,Hazaribagh,825311,31,-0.0020978865696491544
2025-12-15,Jharkhand,Sahebganj,816108,35,-0.02326435021273321
2025-12-15,Karnataka,Bengaluru,560035,26,-0.012267108714910102
2025-12-15,Madhya Pradesh,Alirajpur,457882,30,-0.012190702468889536
2025-12-15,Madhya Pradesh,Anuppur,484881,46,-0.03086029501408838
2025-12-15,Madhya Pradesh,Bhind,477447,29,-0.0089230575409045
2025-12-15,Madhya Pradesh,Chhatarpur,471313,38,-0.09599629678443422
2025-12-15,Madhya Pradesh,Chhatarpur,471315,18,-0.03269389998740069
2025-12-15,Madhya Pradesh,Chhatarpur,471318,27,-0.06424215450733362
2025-12-15,Madhya Pradesh,Chhatarpur,471408,15,-0.007562188140111559
2025-12-15,Madhya Pradesh,Jhabua,457993,30,-0.07373277669833422
2025-12-15,Madhya Pradesh,Khargone,451441,27,-0.005207507222739993
2025-12-15,Madhya Pradesh,Morena,476001,103,-0.07529313271407745
2025-12-15,Madhya Pradesh,Sehore,466331,67,-0.07071163329807706
2025-12-15,Madhya Pradesh,Sheopur,476337,82,-0.07887585877378922
2025-12-15,Madhya Pradesh,Singrauli,486889,14,-0.010733823207441984
2025-12-15,Madhya Pradesh,Tikamgarh,472111,46,-0.003784034104989953
2025-12-15,Madhya Pradesh,Ujjain,456006,53,-0.008155440798136682
2025-12-15,Madhya Pradesh,Umaria,484661,81,-0.04319873614909253
2025-12-15,Madhya Pradesh,Vidisha,464114,51,-0.059723551263451746
2025-12-15,Madhya Pradesh,Vidisha,464228,46,-0.003784034104989953
2025-12-15,Maharashtra,Solapur,413001,19,-0.028115372412032213
2025-12-15,Maharashtra,Thane,400602,11,-0.01090574722256088
2025-12-15,Maharashtra,Thane,400604,22,-0.04739912667369717
2025-12-15,Maharashtra,Thane,401107,59,-0.08609241686476077
2025-12-15,Maharashtra,Thane,421302,104,-0.08609241686476077
2025-12-15,Maharashtra,Yavatmal,445204,36,-0.0870213959887719
2025-12-15,Meghalaya,North Garo Hills,794112,14,-0.01906439444169694
2025-12-15,Meghalaya,Ri Bhoi,793101,17,-0.030635223922652943
2025-12-15,Meghalaya,Ri Bhoi,793102,31,-0.023330440054468715
2025-12-15,Meghalaya,South West Khasi Hills,793114,9,-0.01044212607147732
2025-12-15,Rajasthan,Banswara,327801,37,-0.030230287846552906
2025-12-15,Rajasthan,Barmer,344801,17,-0.0017326884128663345
2025-12-15,Rajasthan,Bhilwara,311803,8,-0.0005202773334137545
2025-12-15,Rajasthan,Bikaner,334001,39,-0.042499062671719434
2025-12-15,Rajasthan,Jalor,343029,70,-0.07078692276762977
2025-12-15,Rajasthan,Jodhpur,342001,88,-0.12484934925009838
2025-12-15,Rajasthan,Jodhpur,342012,14,-0.01906439444169694
2025-12-15,Rajasthan,Jodhpur,342306,23,-0.01593691135940356
2025-12-15,Rajasthan,Kota,325009,27,-0.0064467196222999235
2025-12-15,Rajasthan,Nagaur,341503,34,-0.027355418789622776
2025-12-15,Rajasthan,Tonk,304001,28,-0.007992283693921465
2025-12-15,West Bengal,Paschim Medinipur,721121,22,-0.001560034885056738
2025-12-15,West Bengal,Paschim Medinipur,721305,14,-0.014336279232047722
2025-12-15,West Bengal,Puruliya,723101,35,-0.0850572901724852
2025-12-15,West Bengal,Puruliya,723103,9,-0.017104071108568264
2025-12-15,West Bengal,Puruliya,723143,31,-0.08410018886088766
2025-12-15,West Bengal,South 24 Parganas,700061,13,-0.02869561013959776
2025-12-15,West Bengal,South 24 Parganas,743329,65,-0.11403992901909688
2025-12-15,West Bengal,South 24 Parganas,743336,17,-0.02700233430012744
2025-12-15,West Bengal,South 24 Parganas,743355,25,-0.01327318829834423
2025-12-15,West Bengal,South 24 Parganas,743368,21,-0.04018433400481569
2025-12-15,West Bengal,South 24 Parganas,743399,21,-0.04988423541281972
2025-12-15,West Bengal,South 24 Parganas,743503,32,-0.07928260009823362
2025-12-15,West Bengal,Uttar Dinajpur,733129,23,-0.056048461547211215
2025-12-15,West Bengal,Uttar Dinajpur,733134,30,-0.06976049824641506
2025-12-15,Haryana,Rohtak,124001,62,-0.007819113403559341
2025-12-15,Jammu and Kashmir,Baramula,193201,29,-0.015550628981678583
2025-12-15,Jharkhand,Deoghar,815353,41,-0.06474123447908453
2025-12-15,Jharkhand,Dhanbad,828109,27,-0.007527368869079787
2025-12-15,Jharkhand,East Singhbhum,832301,43,-0.025018261080312354
2025-12-15,Jharkhand,Giridih,815312,42,-0.0468883727715107
2025-12-15,Jharkhand,Giridih,815314,39,-0.04135937092922848
2025-12-15,Jharkhand,Giridih,825322,29,-0.01078838799221049
2025-12-15,Jharkhand,Godda,814154,31,-0.01981607978305877
2025-12-15,Jharkhand,Hazaribagh,825301,33,-0.021839581696343036
2025-12-15,Jharkhand,Lohardaga,835302,73,-0.07172733470018733
2025-12-15,Jharkhand,Palamu,822124,39,-0.017975529136115664
2025-12-15,Jharkhand,Ramgarh,829110,27,-0.003972869645158861
2025-12-15,Jharkhand,West Singhbhum,833201,35,-0.054813388742364744
2025-12-15,Karnataka,Bengaluru,560043,21,-0.007520214747360976
2025-12-15,Karnataka,Bengaluru,560084,16,-0.00830662938998894
2025-12-15,Karnataka,Raichur,584125,18,-0.019804752496965117
2025-12-15,Madhya Pradesh,Barwani,451666,97,-0.09337765646725193
2025-12-15,Madhya Pradesh,Chhatarpur,471001,39,-0.0897140964885712
2025-12-15,Madhya Pradesh,Chhatarpur,471311,28,-0.07536888204073067
2025-12-15,Madhya Pradesh,Chhatarpur,471411,28,-0.0732534661658697
2025-12-15,Madhya Pradesh,Chhindwara,480001,51,-0.004246415383772906
2025-12-15,Madhya Pradesh,Dhar,454221,34,-0.021839581696343036
2025-12-15,Madhya Pradesh,Dhar,454331,45,-0.050356217239225676
2025-12-15,Madhya Pradesh,Dhar,454446,50,-0.013421878868548731
2025-12-15,Madhya Pradesh,Gwalior,474006,48,-0.05183892643460963
2025-12-15,Madhya Pradesh,Indore,452001,71,-0.12050802089094481
2025-12-15,Madhya Pradesh,Indore,452010,32,-0.040536501325200036
2025-12-15,Madhya Pradesh,Jabalpur,482003,53,-0.024315465655884938
2025-12-15,Madhya Pradesh,Jhabua,457661,86,-0.12159115101288598
2025-12-15,Madhya Pradesh,Jhabua,457779,44,-0.04936941509108961
2025-12-15,Madhya Pradesh,Khargone,451332,21,-0.0052003772620349276
2025-12-15,Madhya Pradesh,Morena,476115,53,-0.03706301307719362
2025-12-15,Madhya Pradesh,Morena,476229,70,-0.08557467843049105
2025-12-15,Madhya Pradesh,Rajgarh,465674,42,-0.025187822511705926
2025-12-15,Madhya Pradesh,Ratlam,457001,73,-0.048698770634940436
2025-12-15,Madhya Pradesh,Sagar,470115,20,-0.04224793838929941
2025-12-15,Madhya Pradesh,Shajapur,465001,47,-0.030689368459918875
2025-12-15,Madhya Pradesh,Sheopur,476339,41,-0.03906855647660956
2025-12-15,Madhya Pradesh,Tikamgarh,472001,46,-0.003784034104989953
2025-12-15,Madhya Pradesh,Tikamgarh,472115,47,-0.0351266705537584
2025-12-15,Madhya Pradesh,Ujjain,456010,29,-0.015550628981678583
2025-12-15,Madhya Pradesh,Vidisha,464001,59,-0.016020377179274736
2025-12-15,Madhya Pradesh,Vidisha,464224,32,-0.040536501325200036
2025-12-15,Maharashtra,Jalna,431203,39,-0.017975529136115664
2025-12-15,Maharashtra,Mumbai,400043,47,-0.03464340318334014
2025-12-15,Andhra Pradesh,Palnadu,522426,6,-0.01262090143854755
2025-12-15,Andhra Pradesh,Tirupati,524101,14,-0.0036186288880895034
2025-12-15,Assam,Cachar,788817,23,-0.05445423756061929
2025-12-15,Assam,Tinsukia,786150,15,-0.02460266461716587
2025-12-15,Assam,Tinsukia,786152,10,-0.016234761647973328
2025-12-15,Assam,Tinsukia,786174,46,-0.022324081778689497
2025-12-15,Bihar,Araria,854329,60,-0.06273008640282995
2025-12-15,Bihar,Araria,854331,30,-0.018870575764997954
2025-12-15,Bihar,Araria,854333,46,-0.052829072519857356
2025-12-15,Bihar,Banka,813103,29,-0.0089230575409045
2025-12-15,Bihar,Banka,813104,34,-0.009611980056399183
2025-12-15,Bihar,Banka,813207,26,-0.004744475902300649
2025-12-15,Bihar,Begusarai,851112,48,-0.062207867425210006
2025-12-15,Bihar,Begusarai,851131,52,-0.06371465704403456
2025-12-15,Bihar,Begusarai,851211,71,-0.08609241686476077
2025-12-15,Bihar,Bhojpur,802201,35,-0.016138241079961646
2025-12-15,Bihar,Buxar,802117,30,-0.034735279809546826
2025-12-15,Bihar,Buxar,802128,26,-0.025416056295718414
2025-12-15,Bihar,Darbhanga,847121,31,-0.021387144879897124
2025-12-15,Bihar,Darbhanga,848213,45,-0.06020356624566192
2025-12-15,Bihar,East Champaran,845301,51,-0.062207867425210006
2025-12-15,Bihar,East Champaran,845401,50,-0.06421760028243784
2025-12-15,Bihar,East Champaran,845414,32,-0.017847586802490878
2025-12-15,Bihar,Gaya,823311,34,-0.023708479522934534
2025-12-15,Bihar,Gaya,824201,37,-0.04135937092922848
2025-12-15,Bihar,Gaya,824206,26,-0.005519294421851839
2025-12-15,Bihar,Gaya,824233,41,-0.03738118196275253
2025-12-15,Bihar,Gopalganj,841426,44,-0.05266299359952076
2025-12-15,Bihar,Jehanabad,804418,19,-0.00018094721841177552
2025-12-15,Bihar,Kaimur (Bhabua),821102,46,-0.06020356624566192
2025-12-15,Bihar,Kaimur (Bhabua),821103,34,-0.027355418789622776
2025-12-15,Bihar,Khagaria,851203,42,-0.049276346969613916
2025-12-15,Bihar,Khagaria,851214,37,-0.032776993430594814
2025-12-15,Bihar,Khagaria,852161,34,-0.004407210768411662
2025-12-15,Bihar,Lakhisarai,811106,32,-0.017847586802490878
2025-12-15,Bihar,Lakhisarai,811302,44,-0.04976951813955699
2025-12-15,Bihar,Madhepura,852116,42,-0.049276346969613916
2025-12-15,Bihar,Madhubani,847227,26,-0.0004408277557663709
2025-12-15,Bihar,Madhubani,847229,25,-0.002744536745366122
2025-12-15,Bihar,Madhubani,847230,27,-0.03850152629203285
2025-12-15,Bihar,Madhubani,847421,29,-0.04044701471069245
2025-12-15,Bihar,Muzaffarpur,843103,30,-0.0025591266380644573
2025-12-15,Bihar,Muzaffarpur,843125,39,-0.03809701815245237
2025-12-15,Bihar,Nalanda,803101,30,-0.008115999045802957
2025-12-15,Bihar,Nalanda,803110,39,-0.036896389736674196
2025-12-15,Bihar,Nawada,805124,26,-0.005519294421851839
2025-12-15,Bihar,Patna,801109,31,-0.017376006269652744
2025-12-15,Bihar,Purnia,854325,30,-0.001204376982648303
2025-12-15,Bihar,Samastipur,848132,56,-0.062228149255568854
2025-12-15,Bihar,Samastipur,848134,31,-0.01469015250038519
2025-12-15,Bihar,Samastipur,848503,52,-0.06926579271292721
2025-12-15,Bihar,Saran,841101,27,-0.001999870946151283
2025-12-15,Bihar,Saran,841207,32,-0.008581312264525742
2025-12-15,Bihar,Saran,841411,30,-0.007651000545157438
2025-12-15,Bihar,Sitamarhi,843317,39,-0.06522450818859493
2025-12-15,Bihar,Sitamarhi,843333,46,-0.06070413312426448
2025-12-15,Bihar,Supaul,852131,57,-0.07741428138863349
2025-12-15,Bihar,Vaishali,844122,68,-0.0850572901724852
2025-12-15,Bihar,Vaishali,844505,54,-0.06673742707936137
2025-12-15,Bihar,West Champaran,845404,36,-0.033258997586427363
2025-12-15,Bihar,West Champaran,845438,107,-0.09442404967251972
2025-12-15,Bihar,West Champaran,845452,45,-0.05471962538216757
2025-12-15,Bihar,West Champaran,845454,61,-0.0723111434852568
2025-12-15,Chhattisgarh,Bastar,494001,49,-0.05580756251305896
2025-12-15,Chhattisgarh,Bastar,494222,31,-0.01839830332592085
2025-12-15,Chhattisgarh,Kawardha,491995,46,-0.05085011928183658
2025-12-15,Delhi,North Delhi,110007,23,-0.007055619209883401
2025-12-15,Gujarat,Banaskantha,385535,55,-0.015299401173873406
2025-12-15,Gujarat,Panchmahals,389001,29,-0.01094347100970805
2025-12-15,Gujarat,Rajkot,360004,25,-0.0441472972535607
2025-12-15,Gujarat,Surat,394210,60,-0.04771420978141394
2025-12-15,Gujarat,Surat,395006,33,-0.004407210768411662
2025-12-15,Maharashtra,Nanded,431604,21,-0.0010443951769195658
2025-12-15,Maharashtra,Parbhani,431401,35,-0.006108615312603538
2025-12-15,Maharashtra,Pune,411017,23,-0.043372673900477055
2025-12-15,Maharashtra,Solapur,413002,33,-0.025018261080312354
2025-12-15,Maharashtra,Thane,400612,84,-0.0783630013125799
2025-12-15,Meghalaya,South West Garo Hills,794115,9,-0.012268200847813882
2025-12-15,Punjab,Ludhiana,141007,26,-0.06825341994944278
2025-12-15,Punjab,Patiala,147001,42,-0.09599629678443422
2025-12-15,Rajasthan,Barmer,344001,39,-0.03567391620020832
2025-12-15,Rajasthan,Barmer,344032,29,-0.0007440532092989338
2025-12-15,Rajasthan,Bharatpur,321001,35,-0.029750332181214145
2025-12-15,Rajasthan,Bharatpur,321021,31,-0.0020978865696491544
2025-12-15,Rajasthan,Bhilwara,311001,31,-0.04004957497526229
2025-12-15,Rajasthan,Jalor,343040,57,-0.06825341994944278
2025-12-15,Rajasthan,Jodhpur,342024,16,-0.03629736035890163
2025-12-15,Rajasthan,Jodhpur,342025,41,-0.065748851432328
2025-12-15,Rajasthan,Jodhpur,342301,33,-0.025993140710112494
2025-12-15,Rajasthan,Jodhpur,342304,19,-0.043987219153537316
2025-12-15,Rajasthan,Pali,306421,19,-0.05305453283962913
2025-12-15,Rajasthan,Udaipur,307025,87,-0.0928549906066678
2025-12-15,Tamil Nadu,Ariyalur,621704,13,-0.024700215155213923
2025-12-15,Tamil Nadu,Chennai,600001,30,-0.0160417281867834
2025-12-15,Telangana,Hyderabad,500023,17,-0.02081643581053949
2025-12-15,Telangana,Hyderabad,500053,53,-0.024315465655884938
2025-12-15,Uttar Pradesh,Agra,282002,32,-0.019471384617144483
2025-12-15,Uttar Pradesh,Agra,283201,28,-0.028532681764684487
2025-12-15,Uttar Pradesh,Banda,210001,32,-0.02344174215356909
2025-12-15,Uttar Pradesh,Bareilly,243001,70,-0.08609241686476077
2025-12-15,Uttar Pradesh,Chitrakoot,210205,53,-0.06926579271292721
2025-12-15,Uttar Pradesh,Gautam Buddha Nagar,201301,64,-0.08350722408840794
2025-12-15,Uttar Pradesh,Ghaziabad,201204,29,-0.03495149486283433
2025-12-15,Uttar Pradesh,Kannauj,209721,38,-0.04135937092922848
2025-12-15,Uttar Pradesh,Kaushambi,212201,28,-0.007681719133812326
2025-12-15,Uttar Pradesh,Kaushambi,212206,45,-0.050830140385331846
2025-12-15,Uttar Pradesh,Kushinagar,274305,34,-0.015667816675892565
2025-12-15,Uttar Pradesh,Kushinagar,274306,26,-0.0015390091345077739
2025-12-15,Uttar Pradesh,Lalitpur,284403,37,-0.013723028341945831
2025-12-15,Uttar Pradesh,Lucknow,226003,83,-0.08868636998084545
2025-12-15,Uttar Pradesh,Lucknow,226017,40,-0.042499062671719434
2025-12-15,Uttar Pradesh,Mathura,281001,42,-0.04494529272580461
2025-12-15,Uttar Pradesh,Mau,275101,47,-0.05471962538216757
2025-12-15,Uttar Pradesh,Pilibhit,262201,37,-0.02421580379060273
2025-12-15,Uttar Pradesh,Rae Bareli,229001,47,-0.06070413312426448
2025-12-15,Uttar Pradesh,Rampur,244921,27,-0.0064467196222999235
2025-12-15,Uttar Pradesh,Saharanpur,247121,38,-0.04006109406469105
2025-12-15,Uttar Pradesh,Sant Kabir Nagar,272175,27,-0.007527368869079787
2025-12-15,Uttar Pradesh,Shamli,247772,33,-0.021839581696343036
2025-12-15,Uttar Pradesh,Shamli,247773,39,-0.019944383334005278
2025-12-15,Uttar Pradesh,Shamli,247774,96,-0.0783630013125799
2025-12-15,Uttar Pradesh,Shamli,247775,48,-0.05431680611280032
2025-12-15,Uttar Pradesh,Siddharthnagar,272206,43,-0.04420282642766038
2025-12-15,Uttar Pradesh,Sitapur,261001,58,-0.06926579271292721
2025-12-15,Uttar Pradesh,Sitapur,261201,39,-0.03809701815245237
2025-12-15,Uttar Pradesh,Unnao,209801,63,-0.06926579271292721
2025-12-15,Uttar Pradesh,Varanasi,221007,29,-0.01019655258954788
2025-12-15,Uttar Pradesh,Varanasi,221010,22,-0.007055619209883401
2025-12-15,Uttarakhand,Udham Singh Nagar,244713,41,-0.019865391882473937
2025-12-15,West Bengal,Alipurduar,735214,6,-0.01876427776228573
2025-12-15,West Bengal,Bankura,722136,13,-0.011782690068180557
2025-12-15,West Bengal,Bankura,722141,16,-0.012591552143295104
2025-12-15,West Bengal,Bankura,722207,25,-0.05819287247752469
2025-12-15,West Bengal,Cooch Behar,736146,9,-0.03437946983343898
2025-12-15,West Bengal,Cooch Behar,736165,12,-0.011372948585396614
2025-12-15,West Bengal,Darjeeling,734001,7,-0.013693727640495812
2025-12-15,West Bengal,Darjeeling,734009,14,-0.027086130964068977
2025-12-15,West Bengal,Darjeeling,734010,24,-0.017007385836892208
2025-12-15,West Bengal,Hooghly,712123,24,-0.03993028445526714
2025-12-15,West Bengal,Hooghly,712134,24,-0.020729767293547585
2025-12-15,West Bengal,Hooghly,712223,17,-0.04664049384654656
2025-12-15,West Bengal,Hooghly,712401,21,-0.05098690137890771
2025-12-15,West Bengal,Hooghly,712410,10,-0.006560851279886926
2025-12-15,West Bengal,Howrah,711310,8,-0.018582284368656166
2025-12-15,West Bengal,Jalpaiguri,735135,11,-0.013248195762386006
2025-12-15,West Bengal,Jalpaiguri,735205,6,-0.01876427776228573
2025-12-15,West Bengal,Jalpaiguri,735225,13,-0.04040013423666122
2025-12-15,West Bengal,Kolkata,700015,10,-0.008325448143520986
2025-12-15,West Bengal,Kolkata,700016,31,-0.04742132548291644
2025-12-15,West Bengal,Kolkata,700023,34,-0.05540329760645313
2025-12-15,West Bengal,Kolkata,700029,11,-0.016234761647973328
2025-12-15,West Bengal,Kolkata,700046,14,-0.031095064984205223
2025-12-15,West Bengal,Malda,732125,84,-0.10655989608272443
2025-12-15,West Bengal,Malda,732126,17,-0.03018947145901718
2025-12-15,West Bengal,Malda,732139,29,-0.06513785619317469
2025-12-15,West Bengal,Murshidabad,742136,20,-0.04224793838929941
2025-12-15,West Bengal,Murshidabad,742189,26,-0.0008553893856599881
2025-12-15,West Bengal,Murshidabad,742201,33,-0.041023757234317726
2025-12-15,West Bengal,Nadia,741501,22,-0.040439563579912075
2025-12-15,West Bengal,North 24 Parganas,700128,16,-0.03629736035890163
2025-12-15,West Bengal,North 24 Parganas,743245,16,-0.018993741104601836
2025-12-15,West Bengal,North 24 Parganas,743263,34,-0.03581457500395702
2025-12-15,West Bengal,North 24 Parganas,743289,19,-0.016533080526197397
2025-12-15,West Bengal,North 24 Parganas,743297,16,-0.013713702817166773
2025-12-15,West Bengal,North 24 Parganas,743401,15,-0.002615870810997567
2025-12-15,West Bengal,North 24 Parganas,743424,18,-0.02391895884501838
2025-12-15,West Bengal,Paschim Medinipur,721129,10,-0.006560851279886926
2025-12-15,West Bengal,Paschim Medinipur,721201,13,-0.014868174129134881
2025-12-15,West Bengal,Paschim Medinipur,721301,26,-0.06750748823876618
2025-12-15,West Bengal,Puruliya,723121,22,-0.04067135156171986
2025-12-15,West Bengal,Puruliya,723128,21,-0.007520214747360976
2025-12-15,West Bengal,Puruliya,723149,9,-0.004642005540217431
2025-12-15,West Bengal,Puruliya,723201,14,-0.013407298485823782
2025-12-15,West Bengal,Puruliya,723213,14,-0.02012223815049885
2025-12-15,West Bengal,South 24 Parganas,700024,11,-0.037282911106718
2025-12-15,West Bengal,South 24 Parganas,700152,10,-0.02040627932484984
2025-12-15,West Bengal,South 24 Parganas,743338,39,-0.0881545877965686
2025-12-15,West Bengal,South 24 Parganas,743363,19,-0.045658716313254355
2025-12-15,West Bengal,South 24 Parganas,743376,33,-0.076629005338406
2025-12-15,West Bengal,South 24 Parganas,743383,16,-0.00830662938998894
2025-12-15,West Bengal,Uttar Dinajpur,733207,51,-0.11243109482728764
2025-12-15,Bihar,Nalanda,803114,30,-0.01019655258954788
2025-12-15,Bihar,Purnia,854203,56,-0.06977249304461286
2025-12-15,Bihar,Purnia,854205,42,-0.0557136721889665
2025-12-15,Bihar,Saharsa,852201,44,-0.05224038529633179
2025-12-15,Bihar,Samastipur,848114,75,-0.10178858318873707
2025-12-15,Bihar,Saran,841301,57,-0.06623277953725015
2025-12-15,Bihar,Saran,841417,23,-0.019904303442752624
2025-12-15,Bihar,Saran,841419,32,-0.022185444917028785
2025-12-15,Bihar,Saran,841424,59,-0.0769024124762242
2025-12-15,Bihar,Sheikhpura,811105,70,-0.07997882725288552
2025-12-15,Bihar,Sheohar,843329,96,-0.0928549906066678
2025-12-15,Bihar,Sitamarhi,843324,62,-0.07895196770804436
2025-12-15,Bihar,Sitamarhi,843327,54,-0.0769024124762242
2025-12-15,Bihar,Supaul,852215,35,-0.060724373829148304
2025-12-15,Bihar,Supaul,854339,56,-0.06323236326880732
2025-12-15,Bihar,Vaishali,843114,52,-0.06623277953725015
2025-12-15,Bihar,Vaishali,844102,37,-0.03567391620020832
2025-12-15,Bihar,West Champaran,845101,48,-0.05531030746662624
2025-12-15,Bihar,West Champaran,845306,54,-0.06120503879416472
2025-12-15,Bihar,West Champaran,845449,68,-0.06724241617462556
2025-12-15,Bihar,West Champaran,845455,76,-0.09915038106975849
2025-12-15,Chhattisgarh,Bastar,494442,65,-0.0722357010410315
2025-12-15,Delhi,North East Delhi,110053,40,-0.03428418513247078
2025-12-15,Delhi,North East Delhi,110094,95,-0.08712894521027059
2025-12-15,Delhi,North West Delhi,110085,40,-0.02314000768405755
2025-12-15,Delhi,South Delhi,110025,42,-0.03866283646673141
2025-12-15,Delhi,South West Delhi,110037,25,-0.010864639309257296
2025-12-15,Gujarat,Surat,395010,38,-0.010314398778273226
2025-12-15,Gujarat,Vadodara,390019,22,-0.0042746374373972
2025-12-15,Haryana,Faridabad,121004,64,-0.04771420978141394
2025-12-15,Haryana,Gurgaon,122004,16,-0.012591552143295104
2025-12-15,Haryana,Gurgaon,122011,11,-0.0012352354432842994
2025-12-15,Haryana,Mewat,122508,61,-0.02324605863223128
2025-12-15,Haryana,Sirsa,125055,64,-0.016020377179274736
2025-12-15,Jammu and Kashmir,Doda,182203,67,-0.04222161275847669
2025-12-15,Jammu and Kashmir,Rajouri,185151,37,-0.009381743479660032
2025-12-15,Jammu and Kashmir,Ramban,182146,44,-0.03037991323868805
2025-12-15,Jharkhand,Chatra,825404,50,-0.036570318887531594
2025-12-15,Jharkhand,Godda,814133,45,-0.052735562572619576
2025-12-15,Jharkhand,Godda,814165,30,-0.001204376982648303
2025-12-15,Jharkhand,Jamtara,815355,34,-0.021839581696343036
2025-12-15,Jharkhand,Sahebganj,816109,46,-0.08903617618390813
2025-12-15,Karnataka,Bengaluru,560049,35,-0.03268515132586325
2025-12-15,Karnataka,Raichur,584122,22,-0.003501226967130844
2025-12-15,Madhya Pradesh,Barwani,451770,44,-0.03037991323868805
2025-12-15,Madhya Pradesh,Bhopal,462001,58,-0.005457091684169413
2025-12-15,Madhya Pradesh,Chhatarpur,471301,17,-0.02700233430012744
2025-12-15,Madhya Pradesh,Chhatarpur,471405,53,-0.060724373829148304
2025-12-15,Madhya Pradesh,Chhatarpur,471515,37,-0.03422398480217992
2025-12-15,Madhya Pradesh,Chhatarpur,471525,51,-0.11296701009376786
2025-12-15,Madhya Pradesh,Dhar,454001,50,-0.03706301307719362
2025-12-15,Madhya Pradesh,Guna,473001,52,-0.059723551263451746
2025-12-15,Madhya Pradesh,Guna,473105,53,-0.06371465704403456
2025-12-15,Madhya Pradesh,Indore,452002,37,-0.03513899788191921
2025-12-15,Madhya Pradesh,Indore,452016,59,-0.03949082220666422
2025-12-15,Madhya Pradesh,Jhabua,457777,36,-0.033258997586427363
2025-12-15,Madhya Pradesh,Morena,476111,48,-0.08452802060933329
2025-12-15,Madhya Pradesh,Rewa,486331,57,-0.005457091684169413
2025-12-15,Madhya Pradesh,Sagar,470004,14,-0.014671527458201994
2025-12-15,Madhya Pradesh,Sehore,466001,41,-0.02877025189916904
2025-12-15,Madhya Pradesh,Sheopur,476335,42,-0.04052833117371257
2025-12-15,Madhya Pradesh,Singrauli,486886,111,-0.0732534661658697
2025-12-15,Madhya Pradesh,Umaria,484660,48,-0.05431680611280032
2025-12-15,Maharashtra,Gadchiroli,442710,27,-0.005207507222739993
2025-12-15,Maharashtra,Mumbai City,400037,24,-0.009534155677215383
2025-12-15,Maharashtra,Nashik,423203,58,-0.059723551263451746
2025-12-15,Maharashtra,Pune,412105,44,-0.025018261080312354
2025-12-15,Maharashtra,Solapur,413003,59,-0.07172733470018733
2025-12-15,Maharashtra,Thane,421301,79,-0.07121931219672151
2025-12-15,Maharashtra,Thane,421306,52,-0.052248680114797
2025-12-15,Maharashtra,Thane,421503,41,-0.02375915376980886
2025-12-15,Maharashtra,Yavatmal,445205,26,-0.06424215450733362
2025-12-15,Meghalaya,East Khasi Hills,793110,9,-0.017104071108568264
2025-12-15,Meghalaya,East Khasi Hills,793111,5,-0.007835319991020495
2025-12-15,Meghalaya,East Khasi Hills,793121,26,-0.07063611391439673
2025-12-15,Meghalaya,Eastern West Khasi Hills,793120,63,-0.04459329049672678
2025-12-15,Meghalaya,North Garo Hills,783134,81,-0.023330440054468715
2025-12-15,Meghalaya,Ri Bhoi,793105,21,-0.043328066181323566
2025-12-15,Odisha,Kalahandi,766014,22,-0.042724039044224615
2025-12-15,Punjab,Amritsar,143001,53,-0.11136035146006862
2025-12-15,Punjab,Ludhiana,141001,25,-0.010864639309257296
2025-12-15,Rajasthan,Ajmer,305001,42,-0.02877025189916904
2025-12-15,Rajasthan,Alwar,301405,49,-0.07284047701467478
2025-12-15,Rajasthan,Barmer,344706,27,-0.049769287275977736
2025-12-15,Rajasthan,Churu,331023,32,-0.003482543509117586
2025-12-15,Rajasthan,Dungarpur,314030,30,-0.019343167845264575
2025-12-15,Assam,Dhemaji,787057,26,-0.04190212391707948
2025-12-15,Assam,Goalpara,783129,31,-0.0650333925190939
2025-12-15,Assam,Kamrup,781364,7,-0.005947840517782743
2025-12-15,Bihar,Begusarai,851111,53,-0.06371465704403456
2025-12-15,Bihar,Bhagalpur,812006,62,-0.07997882725288552
2025-12-15,Bihar,Bhagalpur,813222,30,-0.0025591266380644573
2025-12-15,Bihar,Bhagalpur,853203,32,-0.02344174215356909
2025-12-15,Bihar,Bhagalpur,853205,35,-0.02934182308019162
2025-12-15,Bihar,East Champaran,845303,45,-0.047306995634654125
2025-12-15,Bihar,East Champaran,845422,51,-0.0601293389487203
2025-12-15,Bihar,East Champaran,845427,31,-0.008115999045802957
2025-12-15,Bihar,East Champaran,845437,52,-0.06120503879416472
2025-12-15,Bihar,Gaya,823003,66,-0.037539789925647105
2025-12-15,Bihar,Gaya,824236,52,-0.05226938369360257
2025-12-15,Bihar,Gopalganj,841427,36,-0.029750332181214145
2025-12-15,Bihar,Gopalganj,841503,40,-0.04282380014964071
2025-12-15,Bihar,Katihar,854104,44,-0.0517455429368997
2025-12-15,Bihar,Katihar,854114,39,-0.04135937092922848
2025-12-15,Bihar,Katihar,854116,30,-0.0025591266380644573
2025-12-15,Bihar,Khagaria,851204,68,-0.0845402518538988
2025-12-15,Bihar,Kishanganj,855101,39,-0.019944383334005278
2025-12-15,Bihar,Kishanganj,855108,43,-0.06675783278818237
2025-12-15,Bihar,Lakhisarai,811311,62,-0.06623277953725015
2025-12-15,Bihar,Madhepura,852213,39,-0.04282380014964071
2025-12-15,Bihar,Madhubani,847121,39,-0.04331260413748683
2025-12-15,Bihar,Madhubani,847226,48,-0.05770580570749584
2025-12-15,Bihar,Madhubani,847228,28,-0.007681719133812326
2025-12-15,Bihar,Madhubani,847304,31,-0.022185444917028785
2025-12-15,Bihar,Munger,811202,27,-0.02678225607599416
2025-12-15,Rajasthan,Jaipur,302020,34,-0.0851340195532061
2025-12-15,Rajasthan,Jaipur,303108,28,-0.012287750798231634
2025-12-15,Rajasthan,Jalor,343041,110,-0.08255206349150135
2025-12-15,Rajasthan,Udaipur,313001,35,-0.03037185835047962
2025-12-15,Tamil Nadu,Pudukkottai,614616,30,-0.0160417281867834
2025-12-15,Telangana,Hyderabad,500013,17,-0.020511065126462835
2025-12-15,Uttar Pradesh,Amroha,244221,66,-0.0732534661658697
2025-12-15,Uttar Pradesh,Amroha,244241,28,-0.008457513180207266
2025-12-15,Uttar Pradesh,Baghpat,250619,26,-0.005519294421851839
2025-12-15,Uttar Pradesh,Bahraich,271801,21,-0.0052003772620349276
2025-12-15,Uttar Pradesh,Bahraich,271865,75,-0.08100707725651102
2025-12-15,Uttar Pradesh,Ballia,277001,55,-0.06623277953725015
2025-12-15,Uttar Pradesh,Bareilly,243005,21,-0.008915888883296086
2025-12-15,Uttar Pradesh,Bijnor,246701,50,-0.05722741183952029
2025-12-15,Uttar Pradesh,Bijnor,246763,39,-0.022808317700357073
2025-12-15,Uttar Pradesh,Bulandshahr,203001,66,-0.07376286541576516
2025-12-15,Uttar Pradesh,Bulandshahr,203131,42,-0.049276346969613916
2025-12-15,Uttar Pradesh,Chitrakoot,210209,86,-0.08868636998084545
2025-12-15,Uttar Pradesh,Fatehpur,212601,36,-0.03843941473835211
2025-12-15,Uttar Pradesh,Gautam Buddha Nagar,201306,28,-0.06545910567872382
2025-12-15,Uttar Pradesh,Ghaziabad,201102,67,-0.09862381078369686
2025-12-15,Uttar Pradesh,Gonda,271312,56,-0.06120503879416472
2025-12-15,Uttar Pradesh,Hardoi,241402,27,-0.007527368869079787
2025-12-15,Uttar Pradesh,Kasganj,207244,18,-0.009157158406719712
2025-12-15,Uttar Pradesh,Kheri,261505,29,-0.009255377811408394
2025-12-15,Uttar Pradesh,Maharajganj,273162,34,-0.027355418789622776
2025-12-15,Uttar Pradesh,Maharajganj,273164,63,-0.062207867425210006
2025-12-15,Uttar Pradesh,Moradabad,244001,110,-0.10496622915652432
2025-12-15,Uttar Pradesh,Muzaffarnagar,251001,42,-0.041991071870679075
2025-12-15,Uttar Pradesh,Pilibhit,262001,58,-0.05274386300514444
2025-12-15,Uttar Pradesh,Rae Bareli,229301,36,-0.030781834802923624
2025-12-15,Uttar Pradesh,Rampur,244901,65,-0.07071163329807706
2025-12-15,Uttar Pradesh,Saharanpur,247232,36,-0.012414672905169954
2025-12-15,Uttar Pradesh,Shamli,247776,51,-0.06371465704403456
2025-12-15,Uttar Pradesh,Varanasi,221001,66,-0.0738384611454802
2025-12-15,West Bengal,Alipurduar,736121,9,-0.02537052708440135
2025-12-15,West Bengal,Bankura,722157,8,-0.007213995069688672
2025-12-15,West Bengal,Bankura,722158,11,-0.018638558291705465
2025-12-15,West Bengal,Birbhum,731224,16,-0.03537201086166841
2025-12-15,West Bengal,Cooch Behar,736131,9,-0.008436111726902285
2025-12-15,West Bengal,Darjeeling,734101,14,-0.031095064984205223
2025-12-15,West Bengal,Hooghly,712148,15,-0.037016117906969015
2025-12-15,West Bengal,Hooghly,712407,23,-0.054714769508729444
2025-12-15,West Bengal,Hooghly,712409,17,-0.028285679365761318
2025-12-15,West Bengal,Hooghly,712701,15,-0.007562188140111559
2025-12-15,West Bengal,Hooghly,712707,9,-0.0038319526156022077
2025-12-15,West Bengal,Howrah,711312,24,-0.017032514016480205
2025-12-15,West Bengal,Howrah,711401,19,-0.04601790660963201
2025-12-15,West Bengal,Jalpaiguri,734006,11,-0.024749495782680375
2025-12-15,West Bengal,Jalpaiguri,735224,19,-0.037523333794603486
2025-12-15,West Bengal,Kolkata,700024,17,-0.05110415374477395
2025-12-15,West Bengal,Kolkata,700039,16,-0.031095064984205223
2025-12-15,West Bengal,Murshidabad,742148,15,-0.019554378323431654
2025-12-15,West Bengal,Nadia,741103,10,-0.005440737733965362
2025-12-15,West Bengal,Nadia,741127,14,-0.030635223922652943
2025-12-15,West Bengal,Nadia,741235,16,-0.03179531146864811
2025-12-15,West Bengal,Nadia,741247,8,-0.013885493256211356
2025-12-15,West Bengal,Nadia,741249,23,-0.054557216675890086
2025-12-15,West Bengal,Nadia,741502,49,-0.03778143299884695
2025-12-15,West Bengal,North 24 Parganas,700028,10,-0.00568348611799141
2025-12-15,West Bengal,North 24 Parganas,700058,17,-0.014336279232047722
2025-12-15,West Bengal,North 24 Parganas,700110,20,-0.02183459678913946
2025-12-15,West Bengal,North 24 Parganas,700119,47,-0.022736663536493618
2025-12-15,West Bengal,North 24 Parganas,700135,18,-0.02814022643080194
2025-12-15,West Bengal,North 24 Parganas,743126,19,-0.030059446478314933
2025-12-15,West Bengal,North 24 Parganas,743144,7,-0.0029617577783904725
2025-12-15,West Bengal,North 24 Parganas,743166,12,-0.017661494597480232
2025-12-15,West Bengal,North 24 Parganas,743234,23,-0.033002234381738105
2025-12-15,West Bengal,North 24 Parganas,743248,26,-0.033985146057601834
2025-12-15,West Bengal,North 24 Parganas,743249,37,-0.04576548647798573
2025-12-15,West Bengal,North 24 Parganas,743262,14,-0.027086130964068977
2025-12-15,West Bengal,North 24 Parganas,743270,13,-0.003541636410554716
2025-12-15,West Bengal,North 24 Parganas,743290,12,-0.017661494597480232
2025-12-15,West Bengal,North 24 Parganas,743437,16,-0.018993741104601836
2025-12-15,West Bengal,North 24 Parganas,743710,12,-0.02422399979591694
2025-12-15,West Bengal,Paschim Medinipur,721101,21,-0.04988423541281972
2025-12-15,West Bengal,Paschim Medinipur,721211,15,-0.019748163198596402
2025-12-15,West Bengal,Paschim Medinipur,721445,12,-0.012697532829925695
2025-12-15,West Bengal,Puruliya,723133,14,-0.03678174715276128
2025-12-15,West Bengal,Puruliya,723153,12,-0.017792467276452117
2025-12-15,West Bengal,South 24 Parganas,700084,12,-0.011372948585396614
2025-12-15,West Bengal,South 24 Parganas,700141,14,-0.027607636802058355
2025-12-15,West Bengal,South 24 Parganas,743347,22,-0.049457818026792166
2025-12-15,West Bengal,South 24 Parganas,743372,23,-0.008137227881468867
2025-12-15,West Bengal,Uttar Dinajpur,733128,28,-0.06824144947310173
2025-12-15,West Bengal,Uttar Dinajpur,733209,35,-0.08661050571229889
2025-12-22,Bihar,Araria,854318,66,-0.005457091684169413
2025-12-22,Chhattisgarh,Bastar,494442,127,-0.0005410720592909923
2025-12-22,Bihar,Kishanganj,855101,54,-0.005457091684169413
2025-12-22,Bihar,Araria,854311,120,-0.0005410720592909923
2025-12-22,Bihar,Purnia,854315,78,-0.0005410720592909923
2025-12-22,Jharkhand,Jamtara,815352,67,-0.0005410720592909923
2025-12-23,Uttar Pradesh,Kanpur Nagar,208001,20,-0.029611380899036588
2025-12-24,Bihar,West Champaran,845438,45,-0.05702999962082855
2025-12-24,Delhi,North West Delhi,110086,42,-0.038149808640412064
2025-12-24,Delhi,West Delhi,110059,36,-0.02994399370497758
2025-12-24,Gujarat,Valsad,396191,17,-0.021639482008539934
2025-12-24,Madhya Pradesh,Alirajpur,457888,19,-0.02737883434028099
2025-12-24,Madhya Pradesh,Barwani,451666,77,-0.07990261526039166
2025-12-24,Madhya Pradesh,Burhanpur,450331,37,-0.04772585159116205
2025-12-24,Madhya Pradesh,Gwalior,474006,17,-0.015850118598793705
2025-12-24,Madhya Pradesh,Gwalior,475110,16,-0.021240997093097125
2025-12-24,Madhya Pradesh,Mandsaur,458888,22,-0.03540153379901889
2025-12-24,Madhya Pradesh,Panna,488220,18,-0.02469918405618532
2025-12-24,Madhya Pradesh,Ratlam,457001,25,-0.0359024382290547
2025-12-24,Uttar Pradesh,Gautam Buddha Nagar,201310,12,-0.003202151219409255
2025-12-24,Uttar Pradesh,Moradabad,244001,30,-0.041358476146307166
2025-12-24,Madhya Pradesh,Satna,485001,25,-0.03794901438136089
2025-12-24,Madhya Pradesh,Satna,485331,14,-0.008324983568996802
2025-12-24,Meghalaya,East Khasi Hills,793121,22,-0.036385269113846874
2025-12-24,Bihar,Saharsa,852127,19,-0.032152252480663
2025-12-24,Bihar,Saran,841403,23,-0.04275019197809293
2025-12-24,Bihar,West Champaran,845449,22,-0.03588508781619404
2025-12-24,Gujarat,Banaskantha,385310,19,-0.020289179363886523
2025-12-24,Haryana,Gurgaon,122001,23,-0.02439256221553876
2025-12-24,Uttar Pradesh,Kanpur Nagar,208001,29,-0.05846654551126507
2025-12-24,Uttar Pradesh,Kheri,262804,24,-0.03894905018515471
2025-12-24,Uttar Pradesh,Pilibhit,262001,24,-0.0011690042708775161
2025-12-24,Madhya Pradesh,Ashok Nagar,473331,13,-0.0006597498479444797
2025-12-24,Madhya Pradesh,Indore,452001,47,-0.06163190537119134
2025-12-24,Madhya Pradesh,Sidhi,486661,26,-0.0015087235051782777
2025-12-24,Madhya Pradesh,Singrauli,486886,54,-0.002272635887133112
2025-12-24,Madhya Pradesh,Vidisha,464221,20,-0.013732675627294522
2025-12-24,Maharashtra,Satara,415523,18,-0.025880739803634145
2025-12-24,Rajasthan,Jaipur,302020,25,-0.05358876633246856
2025-12-24,Bihar,East Champaran,845301,18,-0.023402573821736716
2025-12-24,Gujarat,Mahesana,384001,14,-0.004477682502228242
2025-12-24,Gujarat,Sabarkantha,383001,16,-0.007832057553649574
2025-12-24,Madhya Pradesh,Alirajpur,457893,18,-0.0069839568204146385
2025-12-24,Madhya Pradesh,Alirajpur,457990,43,-0.08247559324246578
2025-12-24,Madhya Pradesh,Khargone,451115,16,-0.01822929676294549
2025-12-24,Maharashtra,Beed,431122,22,-0.032730003642397754
2025-12-24,Bihar,West Champaran,845454,35,-0.01593497408647937
2025-12-24,Chhattisgarh,Bijapur,494447,38,-0.02022907505004712
2025-12-24,Punjab,Amritsar,143001,22,-0.03517167665756449
2025-12-24,Rajasthan,Alwar,301001,24,-0.04191868055977166
2025-12-24,Rajasthan,Sirohi,307510,9,-0.0057028510452094006
2025-12-24,Uttar Pradesh,Gautam Buddha Nagar,201301,33,-0.03930967043499767
2025-12-24,Uttar Pradesh,Kushinagar,274304,23,-0.034846164802917357
2025-12-24,Uttar Pradesh,Shahjahanpur,242001,34,-0.012086351173590026
2025-12-24,Tripura,Sepahijala,799102,18,-0.006813764979035519
2025-12-24,Gujarat,Patan,385340,14,-0.00712720012886614
2025-12-24,Madhya Pradesh,Agar Malwa,465441,24,-0.02577816605047112
2025-12-24,Madhya Pradesh,Dewas,455227,20,-0.028406895396210774
2025-12-24,Madhya Pradesh,Jhabua,457661,30,-0.05962916083645908
2025-12-24,Madhya Pradesh,Morena,476221,24,-0.042561816520110596
2025-12-24,Madhya Pradesh,Rajgarh,465683,25,-0.04674260637471417
2025-12-24,Bihar,Aurangabad,824124,11,-0.003741720370214141
2025-12-24,Bihar,Aurangabad,824203,12,-0.0023518720519820624
2025-12-24,Bihar,East Champaran,845305,17,-0.03040541179939471
2025-12-24,Bihar,Jamui,811301,8,-0.00918734394290488
2025-12-24,Bihar,Saharsa,852106,27,-0.052294764705761665
2025-12-24,Uttar Pradesh,Pilibhit,262122,15,-0.00029213769421077007
2025-12-24,Chhattisgarh,Bijapur,494444,35,-0.05815988724041543
2025-12-24,Delhi,North East Delhi,110094,34,-0.018893186935331818
2025-12-24,Gujarat,Gandhinagar,382721,37,-0.0591293210234064
2025-12-24,Gujarat,Gandhinagar,382735,16,-0.01253720686320936
2025-12-24,Gujarat,Panchmahals,389001,19,-0.014315538329362054
2025-12-24,Madhya Pradesh,Dhar,454221,13,-0.000562514225831201
2025-12-24,Madhya Pradesh,Dhar,454446,26,-0.04367048357385617
2025-12-24,Madhya Pradesh,Katni,483501,33,-0.010978687644542351
2025-12-24,Madhya Pradesh,Morena,476224,40,-0.06364007736507937
2025-12-24,Rajasthan,Bikaner,334802,15,-0.006321513042255145
2025-12-24,Telangana,Nalgonda,508207,21,-0.02649824548317814
2025-12-24,Uttar Pradesh,Bahraich,271902,19,-0.026342228106167154
2025-12-24,Uttar Pradesh,Bulandshahr,203001,41,-0.0845402518538988
2025-12-24,Uttar Pradesh,Saharanpur,247001,47,-0.034680715340284274
2025-12-24,Uttar Pradesh,Sitapur,261135,18,-0.006517808985776141
2025-12-24,Bihar,Gaya,824232,25,-0.009729787090215325
2025-12-24,Bihar,Madhepura,852210,20,-0.0009452821531346078
2025-12-24,Bihar,Muzaffarpur,843111,15,-0.009799404360967046
2025-12-24,Bihar,Patna,801503,18,-0.0015811547273804072
2025-12-24,Bihar,Patna,803201,14,-0.014232625177879155
2025-12-24,Bihar,Purnia,854205,12,-0.008939078077423113
2025-12-25,Assam,West Karbi Anglong,782448,8,-1.2658635030193821e-05
2025-12-25,Bihar,Aurangabad,824143,27,-0.03909868474976885
2025-12-25,Bihar,Banka,813101,36,-0.01258038754743751
2025-12-25,Bihar,East Champaran,845433,16,-0.008280663570822577
2025-12-25,Bihar,Gaya,804403,31,-0.007067910251700504
2025-12-25,Bihar,Gaya,824201,55,-0.019787064774445695
2025-12-25,Bihar,Gaya,824205,38,-0.006292714127386079
2025-12-25,Bihar,Jehanabad,804418,15,-0.023998796227895025
2025-12-25,Bihar,Sitamarhi,843302,36,-0.012023622545051627
2025-12-25,Bihar,Vaishali,843114,35,-0.012023622545051627
2025-12-25,Delhi,West Delhi,110059,30,-0.04811588369972153
2025-12-25,Jharkhand,Deoghar,814112,14,-0.008555663881348319
2025-12-25,Madhya Pradesh,Jhabua,457779,23,-0.004591761653312987
2025-12-25,Madhya Pradesh,Katni,483773,16,-0.012656067034228502
2025-12-25,Madhya Pradesh,Morena,476221,26,-0.0458042733031212
2025-12-25,Madhya Pradesh,Raisen,464881,15,-0.0071859199687713815
2025-12-25,Rajasthan,Alwar,301001,32,-0.034080760195492665
2025-12-25,Rajasthan,Bharatpur,321001,17,-0.026264168811060973
2025-12-25,Rajasthan,Jodhpur,342008,15,-0.006432333752080743
2025-12-25,Bihar,Gaya,824232,46,-0.0038145207989156438
2025-12-25,Bihar,Gaya,824236,36,-0.060592475098088294
2025-12-25,Bihar,Patna,801505,13,-0.0021252410300812707
2025-12-25,Bihar,Purnia,854204,31,-0.004762978904475745
2025-12-25,Bihar,West Champaran,845306,20,-0.008246121744712287
2025-12-25,Bihar,West Champaran,845452,51,-0.03328556690310225
2025-12-25,Gujarat,Mahisagar,389230,13,-0.007485521727630395
2025-12-25,Gujarat,Morbi,363641,14,-0.010929591863141463
2025-12-25,Jharkhand,Deoghar,815353,34,-0.022559031659081685
2025-12-25,Madhya Pradesh,Ashok Nagar,473331,18,-0.022965506023244542
2025-12-25,Madhya Pradesh,Jhabua,457661,40,-0.08093076206622829
2025-12-25,Madhya Pradesh,Ratlam,457001,30,-0.0601293389487203
2025-12-25,Madhya Pradesh,Vidisha,464228,31,-0.008156084041386125
2025-12-25,Maharashtra,Aurangabad,431001,29,-0.0016742698205796103
2025-12-25,Maharashtra,Nashik,423203,41,-0.035190286753951416
2025-12-25,Maharashtra,Thane,400607,16,-0.024671014445369455
2025-12-25,Maharashtra,Thane,401107,21,-0.006647886367068145
2025-12-25,Maharashtra,Thane,421302,30,-0.0005395976668983726
2025-12-25,Punjab,Amritsar,143001,27,-0.016259445245317083
2025-12-25,Rajasthan,Bikaner,334001,20,-0.006647886367068145
2025-12-25,Uttar Pradesh,Ghaziabad,201102,26,-0.005249579206590971
2025-12-25,Uttar Pradesh,Maharajganj,273164,14,-0.006258391640061478
2025-12-25,Uttar Pradesh,Siddharthnagar,272206,17,-0.012345371441748076
2025-12-25,Bihar,East Champaran,845401,49,-0.00014403054381939562
2025-12-25,Bihar,Gaya,824233,26,-0.0032665781265314164
2025-12-25,Bihar,Madhepura,852210,36,-0.007361198133092328
2025-12-25,Bihar,Nalanda,803101,26,-0.021369350847426527
2025-12-25,Bihar,Nawada,805125,64,-0.0047396375848670624
2025-12-25,Bihar,Sitamarhi,843324,38,-0.001874249886683832
2025-12-25,Bihar,West Champaran,845438,54,-0.01775525411621448
2025-12-25,Bihar,West Champaran,845451,25,-0.011763634587786176
2025-12-25,Gujarat,Gandhinagar,382721,22,-0.04076993503233595
2025-12-25,Madhya Pradesh,Guna,473001,41,-0.07427260943484193
2025-12-25,Madhya Pradesh,Jabalpur,482003,25,-0.04871042820873006
2025-12-25,Madhya Pradesh,Jabalpur,483119,25,-0.035628807436868803
2025-12-25,Madhya Pradesh,Katni,483501,40,-0.02700986088479229
2025-12-25,Madhya Pradesh,Morena,476219,20,-0.006647886367068145
2025-12-25,Madhya Pradesh,Morena,476224,29,-0.0016742698205796103
2025-12-25,Madhya Pradesh,Morena,476229,36,-0.01610234903097929
2025-12-25,Madhya Pradesh,Panna,488001,37,-0.057631829092162246
2025-12-25,Madhya Pradesh,Panna,488220,21,-0.006647886367068145
2025-12-25,Meghalaya,West Khasi Hills,793120,12,-0.011760005103984894
2025-12-25,Uttar Pradesh,Agra,282001,34,-0.06565369152659539
2025-12-25,Uttar Pradesh,Agra,282010,15,-0.012924678155713187
2025-12-25,Uttar Pradesh,Amroha,244221,22,-0.04226176838191886
2025-12-25,Uttar Pradesh,Bulandshahr,203001,32,-0.008405251689245552
2025-12-25,Uttar Pradesh,Hapur,245101,38,-0.0253720329669187
2025-12-25,Uttar Pradesh,Hathras,204101,31,-0.00722634734007388
2025-12-25,Uttar Pradesh,Rampur,244901,39,-0.045760690758989364
2025-12-25,Uttar Pradesh,Saharanpur,247001,38,-0.029312637166551747
2025-12-25,Uttar Pradesh,Saharanpur,247554,31,-0.0009744106129897512
2025-12-25,Gujarat,Kachchh,370001,13,-0.012486424723372469
2025-12-25,Madhya Pradesh,Burhanpur,450331,31,-0.030523687438524183
2025-12-25,Madhya Pradesh,Jabalpur,483113,17,-0.014669187745705359
2025-12-25,Madhya Pradesh,Morena,476001,33,-0.04402813863746102
2025-12-25,Madhya Pradesh,Satna,485331,19,-0.026264168811060973
2025-12-25,Madhya Pradesh,Sheopur,476337,29,-0.0016742698205796103
2025-12-25,Maharashtra,Thane,400604,27,-0.029614137842945865
2025-12-25,Maharashtra,Thane,421503,20,-0.0012626813551103178
2025-12-25,Bihar,Bhojpur,802208,12,-0.003018776326360606
2025-12-25,Bihar,Gaya,823003,43,-0.004757240111965655
2025-12-25,Bihar,Muzaffarpur,842001,24,-0.03260301884628869
2025-12-25,Bihar,Muzaffarpur,843119,22,-0.035975024075827866
2025-12-25,Bihar,West Champaran,845105,40,-0.0038320995228648957
2025-12-25,Bihar,West Champaran,845454,44,-0.03476521831492485
2025-12-25,Bihar,West Champaran,845455,34,-0.002261129925629879
2025-12-25,Chhattisgarh,Bijapur,494444,27,-0.04474352307280827
2025-12-25,Chhattisgarh,Bijapur,494447,32,-0.060054884981245116
2025-12-25,Delhi,North West Delhi,110086,38,-0.00636392135599706
2025-12-25,Madhya Pradesh,Alirajpur,457990,50,-0.07682650924055134
2025-12-25,Maharashtra,Thane,400610,9,-0.0023149167049945074
2025-12-25,Meghalaya,West Jaintia Hills,793150,25,-0.0032665781265314164
2025-12-25,Punjab,Kapurthala,144601,25,-0.006407132283472228
2025-12-25,Uttar Pradesh,Aligarh,202001,39,-0.02700986088479229
2025-12-25,Uttar Pradesh,Bareilly,243505,21,-0.006647886367068145
2025-12-25,Uttar Pradesh,Hardoi,241001,31,-0.02715623063456074
2025-12-25,Uttar Pradesh,Meerut,250002,38,-0.015776166413009274
2025-12-25,Uttar Pradesh,Moradabad,244001,34,-0.01847500833718818
2025-12-25,Uttar Pradesh,Sitapur,261001,30,-0.0005395976668983726
2025-12-25,Uttar Pradesh,Varanasi,221001,34,-0.011880183530779354
2025-12-25,Assam,West Karbi Anglong,782485,8,-1.2658635030193821e-05
2025-12-25,Bihar,Aurangabad,824125,29,-0.021917107870712327
2025-12-25,Bihar,Katihar,854317,27,-0.02525981762356244
2025-12-25,Bihar,Patna,800007,14,-0.007447127552305921
2025-12-25,Bihar,Purnia,854315,31,-0.039410524333212904
2025-12-25,Bihar,West Champaran,845404,46,-0.025010274982523062
2025-12-25,Delhi,East Delhi,110092,22,-0.0018207616803023186
2025-12-25,Delhi,North East Delhi,110094,36,-0.01930602966326611
2025-12-26,Madhya Pradesh,Morena,476224,30,-0.03623911847624073
2025-12-26,Madhya Pradesh,Sheopur,476337,30,-0.012867144532062391
2025-12-26,Rajasthan,Churu,331403,18,-0.018434452041027005
2025-12-26,Uttar Pradesh,Agra,282010,25,-0.006177161159278577
2025-12-26,Chhattisgarh,Bastar,494442,72,-0.00989368317705519
2025-12-26,Chhattisgarh,Sukma,494111,32,-0.06202939684415343
2025-12-26,Delhi,South Delhi,110017,16,-0.014453240383607402
2025-12-26,Delhi,South Delhi,110025,33,-0.029972332970940152
2025-12-26,Delhi,South Delhi,110062,30,-0.025189097370216573
2025-12-26,Jammu and Kashmir,Doda,182203,56,-0.07580391244140017
2025-12-26,Jharkhand,Giridih,815312,39,-0.03453512406954207
2025-12-26,Jharkhand,Palamu,822123,32,-0.002705006134277488
2025-12-26,Uttar Pradesh,Bulandshahr,203131,33,-0.008265486303331793
2025-12-26,Uttar Pradesh,Hathras,204101,35,-0.056137373625872455
2025-12-26,Uttar Pradesh,Lalitpur,284403,21,-0.007647890466896956
2025-12-26,Uttar Pradesh,Moradabad,244001,46,-0.012803581056837876
2025-12-26,Uttar Pradesh,Saharanpur,247001,31,-0.010140074753967387
2025-12-26,Uttar Pradesh,Sitapur,261204,14,-0.017297330584605586
2025-12-26,Bihar,Nalanda,803101,30,-0.007983209612053677
2025-12-26,Maharashtra,Pune,411033,15,-0.0006170296762142424
2025-12-26,Maharashtra,Thane,421302,37,-0.029972332970940152
2025-12-26,Odisha,Nabarangapur,764071,12,-0.000858595988034283
2025-12-26,Punjab,Amritsar,143001,27,-0.05713334018937932
2025-12-26,Punjab,Hoshiarpur,146001,19,-0.01187606124986651
2025-12-26,Uttar Pradesh,Balrampur,271604,25,-0.0167671887780092
2025-12-26,Delhi,North East Delhi,110094,37,-0.019533995114884406
2025-12-26,Jharkhand,Deoghar,815353,47,-0.040094343900465845
2025-12-26,Madhya Pradesh,Barwani,451666,48,-0.04155620281328043
2025-12-26,Madhya Pradesh,Jhabua,457661,28,-0.03141362577646778
2025-12-26,Madhya Pradesh,Satna,485001,17,-0.008746160050164153
2025-12-26,Bihar,Sitamarhi,843324,37,-0.021087070824513332
2025-12-26,Bihar,West Champaran,845438,47,-0.0732534661658697
2025-12-26,Bihar,West Champaran,845452,38,-0.028374094539539207
2025-12-26,Uttar Pradesh,Bareilly,243505,35,-0.0091966300908487
2025-12-26,Uttar Pradesh,Budaun,243638,16,-0.01574667525733542
2025-12-26,Uttar Pradesh,Bulandshahr,203001,27,-0.0031009116057636454
2025-12-26,Uttar Pradesh,Gonda,271311,18,-0.03137405881881272
2025-12-26,Madhya Pradesh,Katni,483501,53,-0.04868134034743432
2025-12-26,Madhya Pradesh,Morena,476001,31,-0.06364007736507937
2025-12-26,Madhya Pradesh,Panna,488001,14,-0.0075183040729026596
2025-12-26,Madhya Pradesh,Singrauli,486886,44,-0.017162431861517113
2025-12-26,Maharashtra,Thane,421301,21,-0.006376522260447937
2025-12-26,Bihar,Samastipur,848114,36,-0.025029984596379173
2025-12-26,Bihar,Saran,841301,35,-0.03515623754732966
2025-12-26,Bihar,Sitamarhi,843317,29,-0.00040417717540486287
2025-12-26,Bihar,West Champaran,845454,32,-0.0006131882370026265
2025-12-26,Delhi,North West Delhi,110086,39,-0.008730900697310306
2025-12-26,Gujarat,Banaskantha,385320,13,-0.009357193091935612
2025-12-26,Gujarat,Gandhinagar,382721,17,-0.01833821886194187
2025-12-26,Jharkhand,East Singhbhum,832105,36,-0.025918938711021022
2025-12-26,Jharkhand,East Singhbhum,832301,61,-0.0036373232898718744
2025-12-26,Jharkhand,Jamtara,815352,30,-0.005479603009373113
2025-12-26,Madhya Pradesh,Alirajpur,457990,45,-0.07631503787223226
2025-12-26,Madhya Pradesh,Bhind,477660,17,-0.016804432677433256
2025-12-26,Uttar Pradesh,Agra,282002,33,-0.03655475534234931
2025-12-26,Uttar Pradesh,Agra,282005,21,-0.01187606124986651
2025-12-26,Uttar Pradesh,Agra,282006,31,-0.06457129453259769
2025-12-26,Uttar Pradesh,Aligarh,202001,47,-0.044852789599932
2025-12-26,Uttar Pradesh,Bareilly,243301,27,-0.029972332970940152
2025-12-26,Uttar Pradesh,Gonda,271503,29,-0.0508807841092177
2025-12-26,Uttar Pradesh,Rampur,244901,47,-0.0939006760760619
2025-12-26,Uttar Pradesh,Shahjahanpur,242001,42,-0.038635449199520666
2025-12-26,Uttar Pradesh,Siddharthnagar,272205,15,-0.013077538277617595
2025-12-26,Uttar Pradesh,Sitapur,261201,30,-0.012398932558618347
2025-12-26,West Bengal,South 24 Parganas,743329,51,-0.03315901483764061
2025-12-26,Bihar,Jamui,811308,29,-0.00040417717540486287
2025-12-26,Bihar,Khagaria,852161,27,-0.0031009116057636454
2025-12-26,Bihar,East Champaran,845401,44,-0.017794082858435867
2025-12-26,Bihar,Gaya,824201,42,-0.05813065537983719
2025-12-26,Bihar,West Champaran,845101,30,-0.004694315766058721
2025-12-26,Chhattisgarh,Bastar,494001,55,-0.020117670533108867
2025-12-26,Chhattisgarh,Kondagaon,494226,34,-0.0016544888396110569
2025-12-26,Delhi,West Delhi,110059,40,-0.03285784702997652
2025-12-26,Haryana,Faridabad,121004,34,-0.0036286205390907433
2025-12-26,Madhya Pradesh,Burhanpur,450331,38,-0.0021154288096801865
2025-12-26,Madhya Pradesh,Guna,473001,21,-0.008888090454602593
2025-12-26,Madhya Pradesh,Gwalior,475110,36,-0.013871295976766507
2025-12-26,Rajasthan,Jalor,343041,28,-0.0051984699026018655
2025-12-26,Uttar Pradesh,Agra,282001,51,-0.06328491809046721
2025-12-26,Uttar Pradesh,Balrampur,271201,22,-0.03263405924049656
2025-12-26,Uttar Pradesh,Balrampur,271206,21,-0.004628036591667994
2025-12-26,Uttar Pradesh,Gonda,271504,26,-0.03903801645294247
2025-12-26,Uttar Pradesh,Kheri,262804,37,-0.05813065537983719
2025-12-26,Uttar Pradesh,Meerut,250002,39,-0.032347678897220455
2025-12-26,Uttar Pradesh,Sambhal,244302,37,-0.013871295976766507
2025-12-26,Uttar Pradesh,Sitapur,261001,28,-0.007269454593324953
2025-12-26,Uttar Pradesh,Unnao,209801,35,-0.01341349727313057
2025-12-26,West Bengal,Malda,732201,36,-0.008265486303331793
2025-12-26,West Bengal,Uttar Dinajpur,733201,24,-0.039410524333212904
2025-12-26,Manipur,Churachandpur,795128,15,-0.014471139035007075
2025-12-26,Uttar Pradesh,Agra,282007,20,-0.030193886757895583
2025-12-26,Uttar Pradesh,Agra,283105,18,-0.030793670696173114
2025-12-26,Uttar Pradesh,Bahraich,271855,16,-0.01384024822204033
2025-12-26,Uttar Pradesh,Budaun,243601,36,-0.026592466134970016
2025-12-26,Uttar Pradesh,Ghaziabad,201102,29,-0.007983209612053677
2025-12-26,Madhya Pradesh,Ashok Nagar,473335,20,-0.023647334919051466
2025-12-26,Bihar,Purnia,854204,35,-0.02828326053488861
2025-12-26,Bihar,Purnia,854315,34,-0.008730900697310306
2025-12-26,Uttar Pradesh,Kasganj,207242,19,-0.018434452041027005
2025-12-27,Haryana,Mewat,122508,71,-0.006212443818817803
2025-12-27,Jharkhand,East Singhbhum,832303,20,-0.004380992068446887
2025-12-27,Jharkhand,Gumla,835324,26,-0.04976951813955699
2025-12-27,Madhya Pradesh,Gwalior,475110,42,-0.0820367196017251
2025-12-27,Madhya Pradesh,Indore,452001,16,-0.03195149694019406
2025-12-27,Madhya Pradesh,Morena,476229,26,-0.006680628986166504
2025-12-27,Madhya Pradesh,Sagar,470117,16,-0.015041527493493079
2025-12-27,Madhya Pradesh,Sehore,466331,49,-0.03351201274512727
2025-12-27,Madhya Pradesh,Umaria,484661,58,-0.08928336027453554
2025-12-27,Meghalaya,East Khasi Hills,793009,48,-0.011015936386608693
2025-12-27,Bihar,East Champaran,845417,29,-0.031041617311348912
2025-12-27,Bihar,Jamui,811303,26,-0.0009826066365740127
2025-12-27,Bihar,Jamui,811308,26,-0.006680628986166504
2025-12-27,Bihar,Khagaria,848203,41,-0.03827112573943925
2025-12-27,Bihar,Khagaria,851204,27,-0.0021228481245569863
2025-12-27,Bihar,Madhepura,852213,25,-0.0060791926250907125
2025-12-27,Bihar,Nalanda,803101,46,-0.032333864893880904
2025-12-27,Bihar,Sitamarhi,843302,35,-0.03150540231369803
2025-12-27,Bihar,West Champaran,845449,23,-0.038548420228566416
2025-12-27,Chhattisgarh,Bastar,494001,66,-0.005274094237102234
2025-12-27,Chhattisgarh,Bastar,494010,64,-0.006212443818817803
2025-12-27,Jharkhand,Giridih,815316,32,-0.02862536739931587
2025-12-27,Jharkhand,Ranchi,835214,21,-0.005278412297801349
2025-12-27,Madhya Pradesh,Morena,476115,14,-0.011127329148343246
2025-12-27,Meghalaya,East Khasi Hills,793010,19,-0.007289088565480939
2025-12-27,Meghalaya,West Garo Hills,794104,32,-0.05877631784075554
2025-12-27,Rajasthan,Jaipur,302020,16,-0.03195149694019406
2025-12-27,Bihar,Gaya,823003,36,-0.005422837836533745
2025-12-27,Bihar,Madhubani,847408,29,-0.010006817772929222
2025-12-27,Bihar,Samastipur,848114,34,-0.036565038485885326
2025-12-27,Bihar,Sheohar,843329,64,-0.01286730823361193
2025-12-27,Bihar,Sitamarhi,843324,30,-0.00606512050647523
2025-12-27,Bihar,Supaul,847452,22,-0.0557136721889665
2025-12-27,Bihar,West Champaran,845105,40,-0.011611232732987808
2025-12-27,Bihar,West Champaran,845438,40,-0.038765445271107146
2025-12-27,Chhattisgarh,Bastar,494442,76,-0.006212443818817803
2025-12-27,Chhattisgarh,Bijapur,494444,54,-0.0939006760760619
2025-12-27,Haryana,Panipat,132103,40,-0.006745184260127379
2025-12-27,Haryana,Sonipat,131001,34,-0.004890781320598614
2025-12-27,Jammu and Kashmir,Anantnag,192101,13,-0.0027988275207744273
2025-12-27,Uttar Pradesh,Agra,282003,20,-0.025372662023267933
2025-12-27,Uttar Pradesh,Azamgarh,276001,15,-0.0019751736570267076
2025-12-27,Uttar Pradesh,Balrampur,271604,31,-0.05277439082235458
2025-12-27,Uttar Pradesh,Bareilly,243505,46,-0.011347823842886018
2025-12-27,Uttar Pradesh,Budaun,243601,32,-0.0175186631776294
2025-12-27,Uttar Pradesh,Hathras,204101,46,-0.028448387363334993
2025-12-27,Uttar Pradesh,Mainpuri,205001,29,-0.01885620828630763
2025-12-27,Uttar Pradesh,Mainpuri,205262,19,-0.03346674968723218
2025-12-27,Uttar Pradesh,Meerut,250001,32,-0.07938906334475015
2025-12-27,Uttar Pradesh,Meerut,250002,50,-0.08920621445541355
2025-12-27,Uttar Pradesh,Rampur,244901,46,-0.0510160813520838
2025-12-27,Uttar Pradesh,Siddharthnagar,272153,25,-0.03178030778014984
2025-12-27,Uttar Pradesh,Sitapur,261203,28,-0.0048950769154090246
2025-12-27,Bihar,Nalanda,803110,36,-0.013651756289853156
2025-12-27,Bihar,Nawada,805103,35,-0.0037726373478790265
2025-12-27,Bihar,Patna,804452,28,-0.03880351735420484
2025-12-27,Bihar,Saran,841403,41,-0.051569590192191206
2025-12-27,Bihar,West Champaran,845452,35,-0.04685400428831654
2025-12-27,Bihar,West Champaran,845455,31,-0.03903455803878708
2025-12-27,Chhattisgarh,Bijapur,494447,51,-0.085026750237705
2025-12-27,Delhi,South Delhi,110062,23,-0.018735362055410043
2025-12-27,Haryana,Gurgaon,122001,36,-0.03414711035974405
2025-12-27,Jammu and Kashmir,Doda,182203,52,-0.03960482143427857
2025-12-27,Jharkhand,Giridih,815312,80,-0.08282257085470257
2025-12-27,Jharkhand,Gumla,835231,25,-0.060276135167472655
2025-12-27,Jharkhand,Lohardaga,835302,56,-0.0014613062707274915
2025-12-27,Jharkhand,Palamu,822113,38,-0.005353911662776323
2025-12-27,Madhya Pradesh,Chhatarpur,471501,27,-0.01991081905605363
2025-12-27,Madhya Pradesh,Singrauli,486882,23,-0.017617519482671318
2025-12-27,Madhya Pradesh,Singrauli,486886,44,-0.0027394720819421403
2025-12-27,Rajasthan,Jaipur,302012,31,-0.017990340262838522
2025-12-27,Tamil Nadu,Cuddalore,607105,15,-0.007933095263689793
2025-12-27,Uttar Pradesh,Agra,282001,55,-0.07946522379069276
2025-12-27,Uttar Pradesh,Agra,282009,17,-0.04384453488210194
2025-12-27,Uttar Pradesh,Agra,283102,14,-0.02419377324518246
2025-12-27,Uttar Pradesh,Etah,207001,35,-0.022654239094502482
2025-12-27,Uttar Pradesh,Hapur,245101,42,-0.047564990137157426
2025-12-27,Uttar Pradesh,Kushinagar,274304,35,-0.056368548482101044
2025-12-27,Uttar Pradesh,Shahjahanpur,242001,39,-0.019407287812343244
2025-12-27,Uttar Pradesh,Varanasi,221001,21,-0.022038013748691188
2025-12-27,Assam,Dibrugarh,786602,22,-0.007289088565480939
2025-12-27,Bihar,East Champaran,845401,37,-0.003717880966870868
2025-12-27,Bihar,West Champaran,845404,29,-0.01519948064865595
2025-12-27,Delhi,North East Delhi,110094,32,-0.014225844133200383
2025-12-27,Delhi,North West Delhi,110042,35,-0.015165058773195295
2025-12-27,Delhi,West Delhi,110059,28,-0.0048950769154090246
2025-12-27,Jharkhand,Deoghar,815353,71,-0.07614785155202886
2025-12-27,Jharkhand,Giridih,825108,29,-0.01885620828630763
2025-12-27,Jharkhand,Jamtara,815352,54,-0.06146796744174432
2025-12-27,Jharkhand,West Singhbhum,833104,24,-0.017617519482671318
2025-12-27,Madhya Pradesh,Chhatarpur,471625,22,-0.0479431824974168
2025-12-27,Madhya Pradesh,Katni,483501,66,-0.04953504063998437
2025-12-27,Madhya Pradesh,Ratlam,457001,23,-0.05213773125332444
2025-12-27,Madhya Pradesh,Ratlam,457555,15,-0.0038452430885208555
2025-12-27,Rajasthan,Bikaner,334001,26,-0.03720814103966108
2025-12-27,Uttar Pradesh,Agra,282007,25,-0.04440504151751867
2025-12-27,Uttar Pradesh,Amroha,244241,33,-0.032218648606954337
2025-12-27,Uttar Pradesh,Kasganj,207242,22,-0.02376042604328843
2025-12-27,Uttar Pradesh,Lalitpur,284403,26,-0.0590998169226562
2025-12-27,Uttar Pradesh,Sambhal,202421,29,-0.047910393870264856
2025-12-27,Uttar Pradesh,Sitapur,261141,24,-0.002378993683991859
2025-12-27,Bihar,East Champaran,845305,22,-0.0382888784717188
2025-12-27,Bihar,Gaya,804403,34,-0.0014108847836810101
2025-12-27,Bihar,Katihar,854104,39,-0.046581962446818004
2025-12-27,Bihar,Purnia,854204,46,-0.0331822270980332
2025-12-27,Bihar,Saharsa,852106,34,-0.011652992611931201
2025-12-27,West Bengal,Murshidabad,742202,45,-0.008765671131537145
2025-12-27,Assam,Dibrugarh,786191,18,-0.013997486330404652
2025-12-27,Bihar,Begusarai,851112,27,-0.0021228481245569863
2025-12-27,Bihar,Gaya,823311,26,-0.02044704917183804
2025-12-27,Bihar,Gaya,824201,57,-0.06649749315570275
2025-12-27,Bihar,Gaya,824232,57,-0.03247653658621796
2025-12-27,Bihar,Khagaria,852161,44,-0.0505220670597849
2025-12-27,Bihar,Nalanda,803107,31,-0.00606512050647523
2025-12-27,Bihar,Sitamarhi,843317,30,-0.009082819941913067
2025-12-27,Bihar,West Champaran,845307,29,-0.0366082898119231
2025-12-27,Chhattisgarh,Narayanpur,494661,22,-0.04808681959074623
2025-12-27,Gujarat,Gandhinagar,382721,13,-0.018728538714015253
2025-12-27,Haryana,Faridabad,121004,46,-0.04435760602159655
2025-12-27,Jharkhand,West Singhbhum,833214,33,-0.011415813706018962
2025-12-27,Uttar Pradesh,Sambhal,202522,35,-0.021810017164992423
2025-12-27,Madhya Pradesh,Barwani,451666,39,-0.03850527900183387
2025-12-27,Madhya Pradesh,Morena,476001,35,-0.019880243147509025
2025-12-27,West Bengal,South 24 Parganas,743329,44,-0.05200511323220103
2025-12-28,Haryana,Kaithal,136027,40,-0.00973045443490006
2025-12-28,Jharkhand,Giridih,815312,45,-0.06070413312426448
2025-12-28,Jharkhand,West Singhbhum,833201,24,-0.009235165993138561
2025-12-28,Madhya Pradesh,Shajapur,465333,41,-0.005952630955230465
2025-12-28,Punjab,Amritsar,143001,16,-0.03914150738045641
2025-12-28,Rajasthan,Jaipur,302012,27,-0.02383100289715001
2025-12-28,Rajasthan,Jalor,343032,45,-0.05521648064595697
2025-12-28,Rajasthan,Jodhpur,342006,10,-0.012553626749514435
2025-12-28,Rajasthan,Pratapgarh,312604,24,-0.005586676699055437
2025-12-28,Uttar Pradesh,Azamgarh,276001,15,-0.030480752782518716
2025-12-28,Uttar Pradesh,Bahraich,271855,42,-0.05125103526780006
2025-12-28,Uttar Pradesh,Bareilly,243505,28,-0.006206622564217001
2025-12-28,Uttar Pradesh,Kushinagar,274304,25,-0.008838482701910677
2025-12-28,Uttar Pradesh,Mainpuri,205001,31,-0.08350722408840794
2025-12-28,Uttar Pradesh,Shahjahanpur,242001,26,-0.012476651195319488
2025-12-28,Uttar Pradesh,Siddharthnagar,272193,16,-0.00827037947501208
2025-12-28,Uttar Pradesh,Sitapur,261121,35,-0.026606386209929167
2025-12-28,West Bengal,South 24 Parganas,743329,48,-0.03646986349566461
2025-12-28,Assam,Darrang,784115,31,-0.019533995114884406
2025-12-28,Assam,Dhemaji,787057,18,-0.029824239640941608
2025-12-28,Assam,Goalpara,783125,27,-0.0038912213633102155
2025-12-28,Assam,Karimganj,788728,24,-0.011554695275782345
2025-12-28,Bihar,Araria,854311,37,-0.04999869158556958
2025-12-28,Bihar,Gaya,824201,24,-0.002254581169084058
2025-12-28,Bihar,Katihar,854317,53,-0.06817838474868454
2025-12-28,Bihar,Madhepura,852213,43,-0.06020356624566192
2025-12-28,Bihar,Nalanda,803110,19,-0.0017114004051519416
2025-12-28,Bihar,Nawada,805103,13,-0.0010134050847536713
2025-12-28,Bihar,Sitamarhi,843324,25,-0.014695492517555087
2025-12-28,Chhattisgarh,Bastar,494115,34,-0.0057672988385003565
2025-12-28,Delhi,North West Delhi,110086,63,-0.0447511721029914
2025-12-28,Delhi,West Delhi,110059,25,-0.05862981928075128
2025-12-28,Gujarat,Surendra Nagar,363310,14,-0.03285862336814105
2025-12-28,Haryana,Faridabad,121004,30,-0.003915538816610553
2025-12-28,Madhya Pradesh,Dhar,454331,43,-0.02623484892418604
2025-12-28,Rajasthan,Ajmer,305001,35,-0.017763466817013907
2025-12-28,Rajasthan,Jalor,343041,25,-0.016105745528524285
2025-12-28,Rajasthan,Nagaur,341001,31,-0.03922224592862933
2025-12-28,Uttar Pradesh,Bahraich,271851,16,-0.028562200044525032
2025-12-28,Uttar Pradesh,Kheri,262804,23,-0.01069869310558691
2025-12-28,Uttar Pradesh,Saharanpur,247001,51,-0.018109368265978754
2025-12-28,Uttar Pradesh,Siddharthnagar,272192,25,-0.011554695275782345
2025-12-28,Uttar Pradesh,Sonbhadra,231216,22,-0.0012919004534033274
2025-12-28,Bihar,Banka,813101,27,-0.006895650289159061
2025-12-28,Bihar,Katihar,855113,58,-0.07071163329807706
2025-12-28,Bihar,Madhepura,852210,27,-0.006895650289159061
2025-12-28,Bihar,Muzaffarpur,843128,22,-0.006973557785359352
2025-12-28,Bihar,Nawada,805124,28,-0.008156868275274176
2025-12-28,Bihar,Patna,804452,12,-0.004558352357628359
2025-12-28,Bihar,Sheohar,843329,52,-0.05117770646966491
2025-12-28,Haryana,Karnal,132114,39,-0.003176117707132997
2025-12-28,Haryana,Panipat,132103,51,-0.018109368265978754
2025-12-28,Jammu and Kashmir,Doda,182203,81,-0.04096459959317578
2025-12-28,Bihar,Arwal,804421,13,-0.004558352357628359
2025-12-28,Bihar,Banka,813106,28,-0.027169420869798677
2025-12-28,Bihar,East Champaran,845301,12,-0.004558352357628359
2025-12-28,Bihar,East Champaran,845401,30,-0.012022335856557764
2025-12-28,Bihar,Nalanda,803101,21,-0.0013462468407252626
2025-12-28,Bihar,Purnia,854315,36,-0.0242788393386969
2025-12-28,Bihar,West Champaran,845307,14,-0.007488929715925519
2025-12-28,Bihar,West Champaran,845438,26,-0.00968729373619559
2025-12-28,Bihar,West Champaran,845451,20,-0.006799358519975818
2025-12-28,Bihar,West Champaran,845452,29,-0.020353720145193543
2025-12-28,Bihar,West Champaran,845453,16,-0.013283707972172598
2025-12-28,Chhattisgarh,Bastar,494010,46,-0.018581445149400633
2025-12-28,Chhattisgarh,Bastar,494442,50,-0.04844665915932289
2025-12-28,Chhattisgarh,Kondagaon,494226,33,-0.011352743076543215
2025-12-28,Delhi,North East Delhi,110094,23,-0.0008724141693161602
2025-12-28,Gujarat,Banaskantha,385310,24,-0.029824239640941608
2025-12-28,Gujarat,Banaskantha,385545,12,-0.024692246393051676
2025-12-28,Haryana,Palwal,121102,39,-0.012686738862474733
2025-12-28,Jharkhand,Garhwa,822128,23,-0.004660414498104948
2025-12-28,Jharkhand,Gumla,835324,32,-0.032562809177690166
2025-12-28,Jharkhand,West Singhbhum,833214,38,-0.04655240744221356
2025-12-28,Madhya Pradesh,Morena,476111,10,-0.0037517064167835734
2025-12-28,Madhya Pradesh,Morena,476229,37,-0.04557074902442271
2025-12-28,Madhya Pradesh,Sehore,466331,55,-0.046324316819316924
2025-12-28,Madhya Pradesh,Vidisha,464228,25,-0.009207655186324382
2025-12-28,Manipur,Churachandpur,795128,32,-0.04068233289508094
2025-12-28,Rajasthan,Jodhpur,342008,13,-0.025387624193515368
2025-12-28,Uttar Pradesh,Agra,282001,18,-0.0056977918774415715
2025-12-28,Uttar Pradesh,Agra,282006,16,-0.00479247315923903
2025-12-28,Uttar Pradesh,Gautam Buddha Nagar,201301,20,-0.024820569567551853
2025-12-28,Uttar Pradesh,Mirzapur,231501,23,-0.01069869310558691
2025-12-28,Uttar Pradesh,Pilibhit,262001,38,-0.007392156289327878
2025-12-28,Uttar Pradesh,Siddharthnagar,272153,52,-0.06825341994944278
2025-12-28,Uttar Pradesh,Siddharthnagar,272189,23,-0.002268021365094408
2025-12-28,Uttar Pradesh,Sitapur,261135,25,-0.018949189844316594
2025-12-28,Uttar Pradesh,Sitapur,261141,34,-0.045080417723386446
2025-12-28,Madhya Pradesh,Shahdol,484110,35,-0.0009858280424462906
2025-12-28,Maharashtra,Chhatrapati Sambhajinagar,431001,6,-0.009630262808957402
2025-12-28,Rajasthan,Rajsamand,313325,22,-0.006973557785359352
2025-12-28,Uttar Pradesh,Aligarh,202001,46,-0.06120503879416472
2025-12-28,Uttar Pradesh,Bahraich,271902,30,-0.013896065385318845
2025-12-28,Uttar Pradesh,Hathras,204101,31,-0.03922224592862933
2025-12-28,Uttar Pradesh,Mainpuri,205119,7,-0.010891953633218932
2025-12-28,Uttar Pradesh,Sitapur,261001,39,-0.047306995634654125
2025-12-28,Assam,Darrang,784125,29,-0.031004166522495602
2025-12-28,Assam,Dhubri,783348,29,-0.007928157305947092
2025-12-28,Bihar,Begusarai,848201,53,-0.07078692276762977
2025-12-28,Bihar,Begusarai,851127,36,-0.0460614121891616
2025-12-28,Bihar,Gaya,823001,25,-0.005040840687138504
2025-12-28,Bihar,Gaya,824232,40,-0.0240154565058891
2025-12-28,Bihar,Gopalganj,841438,22,-0.006799358519975818
2025-12-28,Assam,Nagaon,782103,14,-0.01035982204216046
2025-12-28,Assam,Nagaon,782124,26,-0.01107375690029988
2025-12-28,Bihar,Araria,854318,34,-0.04312240666937528
2025-12-28,Bihar,Araria,854333,32,-0.020480397461511535
2025-12-28,Bihar,Gaya,824118,12,-0.004558352357628359
2025-12-28,Bihar,Gopalganj,841427,22,-0.0061830245741735235
2025-12-28,Bihar,Khagaria,848203,23,-0.009299403976857135
2025-12-28,Bihar,Khagaria,851204,24,-0.005954104877979982
2025-12-28,Bihar,Khagaria,852161,27,-0.026213973241067334
2025-12-28,Bihar,Saharsa,852216,28,-0.017518863920189753
2025-12-28,Chhattisgarh,Bastar,494001,28,-0.006206622564217001
2025-12-28,Haryana,Gurgaon,122001,35,-0.05140732250777391
2025-12-28,Jharkhand,Deoghar,815353,55,-0.07078692276762977
2025-12-28,Jharkhand,Giridih,825108,26,-0.022405085378897627
2025-12-28,Madhya Pradesh,Indore,452001,10,-0.012553626749514435
2025-12-28,Madhya Pradesh,Morena,476001,44,-0.05820468206367224
2025-12-28,Madhya Pradesh,Neemuch,458110,28,-0.006206622564217001
2025-12-28,Rajasthan,Jaipur,302020,22,-0.028083194137832446
2025-12-28,Uttar Pradesh,Amroha,244235,27,-0.015761166230915502
2025-12-28,Uttar Pradesh,Firozabad,283203,22,-0.006973557785359352
2025-12-28,Uttar Pradesh,Ghaziabad,201102,25,-0.009590610274348932
2025-12-28,Uttar Pradesh,Mathura,281403,31,-0.0011472784178656603
2025-12-28,Uttar Pradesh,Meerut,250222,26,-0.00968729373619559
2025-12-28,Uttar Pradesh,Mirzapur,231001,32,-0.03463530796198666
2025-12-28,Uttar Pradesh,Moradabad,244001,58,-0.0722357010410315
2025-12-28,Uttar Pradesh,Rampur,244901,52,-0.08402356323804772
2025-12-28,Uttar Pradesh,Sambhal,244302,35,-0.029634863321725158
2025-12-28,West Bengal,Murshidabad,742202,39,-0.003176117707132997
2025-12-28,Assam,Cachar,788030,13,-0.017701715409042307
2025-12-28,Assam,Golaghat,785601,27,-0.014351611923518193
2025-12-28,Assam,Karbi Anglong,782441,21,-0.002482265141121265
2025-12-29,Bihar,Jamui,811308,46,-0.05431680611280032
2025-12-29,Bihar,Patna,803213,29,-0.009255377811408394
2025-12-29,Bihar,West Champaran,845449,24,-0.020377595165677165
2025-12-29,Gujarat,Ahmedabad,380013,17,-0.025276821533326332
2025-12-29,Gujarat,Gandhinagar,382721,18,-0.03147730202144672
2025-12-29,Karnataka,Bengaluru,560043,14,-0.013486468784899786
2025-12-29,Kerala,Ernakulam,682024,7,-0.021130078696666166
2025-12-29,Madhya Pradesh,Gwalior,474006,18,-0.044290077275611406
2025-12-29,Madhya Pradesh,Indore,453441,22,-0.002058919904386336
2025-12-29,Maharashtra,Pune,411048,19,-0.03957381109282421
2025-12-29,Rajasthan,Jaipur,302020,11,-0.01168722008762535
2025-12-29,Uttar Pradesh,Firozabad,283203,37,-0.03585688577497648
2025-12-29,Uttar Pradesh,Jaunpur,222161,16,-0.045156724653648284
2025-12-29,Uttar Pradesh,Kasganj,207242,17,-0.03521860936346699
2025-12-29,Uttar Pradesh,Rampur,243701,27,-0.016020974071329075
2025-12-29,West Bengal,Murshidabad,742202,135,-0.0005410720592909923
2025-12-29,West Bengal,Nadia,741152,46,-0.03987643695239618
2025-12-29,West Bengal,South 24 Parganas,743376,79,-0.016962021775976166
2025-12-29,West Bengal,Uttar Dinajpur,733128,87,-0.006384432656600492
2025-12-29,100000,100000,100000,8,-0.013885493256211356
2025-12-29,Assam,Kamrup,781124,12,-0.011525801400344649
2025-12-29,Assam,Kamrup,781354,17,-0.04141181852361808
2025-12-29,Assam,Marigaon,782411,29,-0.010025487970662383
2025-12-29,Assam,Sonitpur,784501,6,-0.0023989837114746226
2025-12-29,Bihar,Araria,854318,32,-0.025039283715054927
2025-12-29,Chhattisgarh,Bijapur,494447,19,-0.04660691630144431
2025-12-29,Delhi,North West Delhi,110086,47,-0.013421878868548731
2025-12-29,Gujarat,Chhotaudepur,391135,10,-0.006959950893542954
2025-12-29,Jharkhand,Giridih,815312,37,-0.01288289553192068
2025-12-29,Karnataka,Bengaluru,560035,10,-0.008325448143520986
2025-12-29,Karnataka,Raichur,584122,20,-0.03175891922088747
2025-12-29,Karnataka,Yadgir,585215,22,-0.002058919904386336
2025-12-29,Madhya Pradesh,Jabalpur,483113,17,-0.034046346765179036
2025-12-29,Madhya Pradesh,Vidisha,464228,28,-0.05254765237314374
2025-12-29,Maharashtra,Pune,411038,16,-0.02572912727059895
2025-12-29,Maharashtra,Thane,421301,28,-0.017905539952511762
2025-12-29,Rajasthan,Jalor,343041,30,-0.019343167845264575
2025-12-29,Tamil Nadu,Chennai,600118,13,-0.0021651625079214254
2025-12-29,Uttar Pradesh,Gautam Buddha Nagar,201301,30,-0.039801005459972005
2025-12-29,Uttar Pradesh,Gonda,271312,30,-0.06764291718898796
2025-12-29,Assam,Darrang,784145,26,-0.012267108714910102
2025-12-29,Assam,Kamrup,781123,15,-0.03461891849948884
2025-12-29,Assam,Marigaon,782412,65,-0.065981073609779
2025-12-29,Assam,Sonitpur,784502,30,-0.022324081778689497
2025-12-29,Bihar,Gaya,824201,25,-0.002744536745366122
2025-12-29,Bihar,Gaya,824232,42,-0.028960760511342
2025-12-29,Bihar,Katihar,854317,43,-0.011082110189260641
2025-12-29,Uttar Pradesh,Moradabad,244001,40,-0.012183499779245599
2025-12-29,Uttar Pradesh,Rampur,244901,37,-0.08920621445541355
2025-12-29,West Bengal,Malda,732210,55,-0.005457091684169413
2025-12-29,West Bengal,Uttar Dinajpur,733215,30,-0.013751580055961887
2025-12-29,Madhya Pradesh,Morena,476444,20,-0.04380061216649467
2025-12-29,Madhya Pradesh,Ratlam,457001,17,-0.02700233430012744
2025-12-29,Madhya Pradesh,Sheopur,476337,48,-0.0562313180669185
2025-12-29,Madhya Pradesh,Umaria,484661,46,-0.03464340318334014
2025-12-29,Madhya Pradesh,Vidisha,464221,23,-0.04654133658809467
2025-12-29,Maharashtra,Nashik,423203,42,-0.02924954423122539
2025-12-29,Maharashtra,Pune,411046,18,-0.03506148480951421
2025-12-29,Maharashtra,Thane,421302,59,-0.0005410720592909923
2025-12-29,Punjab,Kapurthala,144601,32,-0.022324081778689497
2025-12-29,Rajasthan,Alwar,301001,23,-0.006743132636741311
2025-12-29,Uttar Pradesh,Azamgarh,276001,10,-0.001910038838933259
2025-12-29,Uttar Pradesh,Banda,210001,17,-0.037523333794603486
2025-12-29,Uttar Pradesh,Pilibhit,262122,29,-0.07938906334475015
2025-12-29,Uttar Pradesh,Sitapur,261001,23,-0.048016294631528234
2025-12-29,West Bengal,North 24 Parganas,743235,50,-0.019347718723947804
2025-12-29,West Bengal,North 24 Parganas,743423,64,-0.007819113403559341
2025-12-29,West Bengal,South 24 Parganas,743329,137,-0.04319873614909253
2025-12-29,Assam,Darrang,784514,59,-0.0005410720592909923
2025-12-29,Assam,Marigaon,782121,25,-0.03845500363360255
2025-12-29,Assam,Sonitpur,784103,106,-0.022324081778689497
2025-12-29,Assam,Sonitpur,784505,150,-0.06554915547618168
2025-12-29,Bihar,Saharsa,852126,21,-0.010961282977605014
2025-12-29,Gujarat,Valsad,396065,64,-0.005457091684169413
2025-12-29,Jharkhand,Deoghar,815353,42,-0.024235054514225918
2025-12-29,Madhya Pradesh,Alirajpur,457990,42,-0.062202962019588304
2025-12-29,Madhya Pradesh,Gwalior,474001,28,-0.052678891384992044
2025-12-29,Madhya Pradesh,Indore,452001,16,-0.03629736035890163
2025-12-29,Madhya Pradesh,Katni,483775,18,-0.028694308778525968
2025-12-29,Maharashtra,Pune,411014,10,-0.006959950893542954
2025-12-29,Meghalaya,South West Garo Hills,794115,7,-0.013416592514988168
2025-12-29,Assam,Goalpara,783129,47,-0.03116995967933245
2025-12-29,Assam,Sonitpur,784101,122,-0.0687841392903229
2025-12-29,Bihar,Aurangabad,824112,9,-0.02427219745202569
2025-12-29,Bihar,Madhepura,852210,28,-0.006842032075880189
2025-12-29,Bihar,Sheohar,843329,31,-0.005892710887439145
2025-12-29,Bihar,West Champaran,845450,11,-0.010913610899565773
2025-12-29,Chhattisgarh,Bijapur,494444,31,-0.07792649674172913
2025-12-29,Karnataka,Chitradurga,577501,45,-0.018402848050644183
2025-12-29,Uttar Pradesh,Bahraich,271902,31,-0.013001623344285451
2025-12-29,Uttar Pradesh,Balrampur,271604,18,-0.03515946610390008
2025-12-29,Uttar Pradesh,Budaun,243601,42,-0.09442404967251972
2025-12-29,Uttar Pradesh,Budaun,243638,13,-0.005389175496397169
2025-12-29,Uttar Pradesh,Lalitpur,284403,21,-0.04643948217283711
2025-12-29,West Bengal,North 24 Parganas,743251,75,-0.027340685631647377
2025-12-29,West Bengal,Uttar Dinajpur,733202,38,-0.019471384617144483
2025-12-29,Assam,Cachar,788815,12,-0.017661494597480232
2025-12-29,Assam,Hailakandi,788162,12,-0.0002457724000585193
2025-12-29,Bihar,Gaya,824236,6,-0.01876427776228573
2025-12-29,Bihar,West Champaran,845307,22,-0.0403633943925672
2025-12-29,Gujarat,Vadodara,391440,19,-0.034651700699898424
2025-12-29,Madhya Pradesh,Dhar,454660,9,-0.004642005540217431
2025-12-29,Madhya Pradesh,Katni,483501,60,-0.09703380438296383
2025-12-29,Madhya Pradesh,Morena,476229,36,-0.09181071917329742
2025-12-29,Maharashtra,Pune,411041,18,-0.030116135367785013
2025-12-29,Uttar Pradesh,Chitrakoot,210205,28,-0.004130507561788677
2025-12-29,Uttar Pradesh,Hapur,245101,27,-0.007527368869079787
2025-12-29,Uttar Pradesh,Kanpur Dehat,209306,11,-0.02222513601036813
2025-12-29,Uttar Pradesh,Saharanpur,247001,35,-0.009611980056399183
2025-12-29,West Bengal,Malda,732125,83,-0.006384432656600492
2025-12-29,West Bengal,Murshidabad,742148,82,-0.0005410720592909923
2025-12-29,West Bengal,North 24 Parganas,743287,111,-0.008749652762629623
2025-12-29,West Bengal,South 24 Parganas,743502,78,-0.006384432656600492
2025-12-29,West Bengal,Uttar Dinajpur,733201,46,-0.003784034104989953
2025-12-31,Assam,Dhubri,783331,22,-0.005100658870354269
2025-12-31,Bihar,Araria,854311,60,-0.09652108872894827
2025-12-31,Bihar,Aurangabad,824122,47,-0.01971689378051189
2025-12-31,Bihar,Aurangabad,824301,54,-0.014960252114515349
2025-12-31,Bihar,Banka,813109,20,-0.0015811547273804072
2025-12-31,Bihar,Bhojpur,802209,20,-0.0009452821531346078
2025-12-31,Bihar,East Champaran,845301,57,-0.07227494988746219
2025-12-31,Bihar,East Champaran,845304,28,-0.04369914229950367
2025-12-31,Bihar,East Champaran,845401,67,-0.07081665626463585
2025-12-31,Bihar,East Champaran,845415,33,-0.05125080393514747
2025-12-31,Bihar,Gaya,823002,34,-0.051716102341431425
2025-12-31,Bihar,Gaya,823003,60,-0.005301917497216979
2025-12-31,Bihar,Gaya,824201,78,-0.10868982341300304
2025-12-31,Bihar,Gaya,824236,68,-0.03666037816673995
2025-12-31,Bihar,Gopalganj,841409,40,-0.005095988678792462
2025-12-31,Bihar,Kaimur (Bhabua),821102,33,-0.02546866511510415
2025-12-31,Bihar,Katihar,854115,26,-0.012162003892033924
2025-12-31,Bihar,Khagaria,851205,34,-0.05530888539661305
2025-12-31,Bihar,Kishanganj,855101,80,-0.08961849709939085
2025-12-31,Bihar,Kishanganj,855107,61,-0.04949175820282825
2025-12-31,Bihar,Kishanganj,855117,26,-0.01428198644547396
2025-12-31,Bihar,Madhepura,852101,41,-0.014863641261977034
2025-12-31,Bihar,Madhepura,852220,34,-0.007132357088829422
2025-12-31,Bihar,Madhubani,847102,20,-0.0019263201794651463
2025-12-31,Bihar,Madhubani,847108,43,-0.08196030107391461
2025-12-31,Bihar,Madhubani,847227,23,-0.03257694375047093
2025-12-31,Bihar,Madhubani,847232,25,-0.012394080213403935
2025-12-31,Bihar,Madhubani,847240,18,-0.02009190156756724
2025-12-31,Bihar,Madhubani,847408,58,-0.0645418085632935
2025-12-31,Bihar,Munger,811214,24,-0.009555522839679975
2025-12-31,Bihar,Muzaffarpur,843119,26,-0.009859282717345041
2025-12-31,Bihar,Nawada,805126,33,-0.024452969785508927
2025-12-31,Bihar,Patna,801109,27,-0.01517184900000923
2025-12-31,Bihar,Patna,804453,44,-0.0342421280579116
2025-12-31,Bihar,Purnia,854102,37,-0.016395993023152977
2025-12-31,Bihar,Purnia,854330,32,-0.02325677421952621
2025-12-31,Bihar,Saharsa,852127,39,-0.0374924777967085
2025-12-31,Bihar,Samastipur,848503,51,-0.04279405089664379
2025-12-31,Bihar,Sheohar,843329,93,-0.1044357252780942
2025-12-31,Bihar,Sheohar,843334,32,-0.026271399219348956
2025-12-31,Bihar,Sitamarhi,843317,47,-0.04769680306414492
2025-12-31,Bihar,Sitamarhi,843330,18,-0.01835139604630609
2025-12-31,Bihar,Sitamarhi,843333,29,-0.044315181487636024
2025-12-31,Bihar,Supaul,852130,19,-0.0018813986521957204
2025-12-31,Bihar,Vaishali,843114,63,-0.07009912323048895
2025-12-31,Bihar,Vaishali,844508,37,-0.00961920044399156
2025-12-31,Chhattisgarh,Bijapur,494447,52,-0.05016064649394891
2025-12-31,Chhattisgarh,Kondagaon,494228,54,-0.054046557181391286
2025-12-31,Chhattisgarh,Sukma,494111,69,-0.07060638757297821
2025-12-31,Delhi,North Delhi,110006,48,-0.03797712781047058
2025-12-31,Delhi,North East Delhi,110053,59,-0.07009912323048895
2025-12-31,Delhi,North West Delhi,110033,41,-0.04982315923365532
2025-12-31,Delhi,North West Delhi,110086,146,-0.07162194646305386
2025-12-31,Delhi,South Delhi,110030,15,-0.006321513042255145
2025-12-31,Delhi,South Delhi,110065,18,-0.0152218054520189
2025-12-31,Delhi,South West Delhi,110037,30,-0.056137373625872455
2025-12-31,Gujarat,Surat,394210,48,-0.061026809551290806
2025-12-31,Gujarat,Surat,395010,36,-0.04418876782888648
2025-12-31,Haryana,Faridabad,121004,85,-0.11296701009376786
2025-12-31,Haryana,Jhajjar,124507,18,-0.0026804587376848543
2025-12-31,Haryana,Mewat,122508,104,-0.06343158494828338
2025-12-31,Jammu and Kashmir,Reasi,182315,60,-0.07723215127074601
2025-12-31,Jharkhand,Chatra,825404,65,-0.05114852003949277
2025-12-31,Jharkhand,East Singhbhum,832104,69,-0.07111399523971085
2025-12-31,Jharkhand,Garhwa,822128,31,-0.0023311335635783914
2025-12-31,Jharkhand,Latehar,829202,30,-0.0011626404882080221
2025-12-31,Jharkhand,Palamu,822122,32,-0.006494974859114544
2025-12-31,Jharkhand,Palamu,822123,46,-0.04868134034743432
2025-12-31,Jharkhand,West Singhbhum,833201,40,-0.032605613637372244
2025-12-31,Karnataka,Bengaluru,560035,15,-0.009128536028807588
2025-12-31,Karnataka,Bengaluru,560066,16,-0.019981522798938944
2025-12-31,Karnataka,Bengaluru,560077,14,-0.012043043080252058
2025-12-31,Madhya Pradesh,Anuppur,484881,36,-0.021515177373796268
2025-12-31,Madhya Pradesh,Barwani,451666,109,-0.09746272398071476
2025-12-31,Madhya Pradesh,Bhind,477001,52,-0.05213773125332444
2025-12-31,Madhya Pradesh,Chhatarpur,471201,54,-0.04310891861881827
2025-12-31,Madhya Pradesh,Damoh,470775,66,-0.06807349446112287
2025-12-31,Madhya Pradesh,Datia,475661,40,-0.05008742713000769
2025-12-31,Madhya Pradesh,Dhar,454116,31,-0.020495071158127764
2025-12-31,Madhya Pradesh,Dhar,454331,36,-0.02207774770646076
2025-12-31,Madhya Pradesh,Guna,473226,19,-0.018131414781309085
2025-12-31,Madhya Pradesh,Gwalior,475220,49,-0.04555721526744638
2025-12-31,Madhya Pradesh,Indore,453441,70,-0.03316404619896596
2025-12-31,Madhya Pradesh,Panna,488441,40,-0.030082084390506636
2025-12-31,Madhya Pradesh,Rewa,486001,25,-0.007742420351085855
2025-12-31,Madhya Pradesh,Sagar,470113,35,-0.018893186935331818
2025-12-31,Madhya Pradesh,Satna,485771,47,-0.01812171578770938
2025-12-31,Madhya Pradesh,Shivpuri,473665,27,-0.017781641859850983
2025-12-31,Madhya Pradesh,Tikamgarh,472001,31,-0.05563989550922577
2025-12-31,Madhya Pradesh,Umaria,484660,48,-0.043771949419206035
2025-12-31,Maharashtra,Dhule,425405,33,-0.0014854935085144572
2025-12-31,Maharashtra,Jalgaon,425001,43,-0.08247559324246578
2025-12-31,Rajasthan,Alwar,301707,33,-0.060629855589156234
2025-12-31,Rajasthan,Barmer,344706,49,-0.07081665626463585
2025-12-31,Rajasthan,Bharatpur,321204,38,-0.02173547051051461
2025-12-31,Rajasthan,Bundi,323802,23,-0.03035338174597557
2025-12-31,Rajasthan,Churu,331304,30,-0.02850568087295624
2025-12-31,Rajasthan,Ganganagar,335804,33,-0.030990904699028654
2025-12-31,Rajasthan,Jalor,343001,28,-0.017310105929368103
2025-12-31,Rajasthan,Karauli,322241,38,-0.02397872750911445
2025-12-31,Rajasthan,Udaipur,313001,36,-0.017950757911988413
2025-12-31,Uttar Pradesh,Agra,283115,20,-0.01882363673782106
2025-12-31,Uttar Pradesh,Agra,283201,23,-0.005100658870354269
2025-12-31,Uttar Pradesh,Aligarh,202001,77,-0.11403992901909688
2025-12-31,Uttar Pradesh,Amroha,244222,37,-0.022464262416697744
2025-12-31,Uttar Pradesh,Azamgarh,223221,21,-0.02982581464637246
2025-12-31,Uttar Pradesh,Azamgarh,276305,31,-0.01988707947183721
2025-12-31,Uttar Pradesh,Bahraich,271855,41,-0.07529313271407745
2025-12-31,Uttar Pradesh,Balrampur,271307,23,-0.0035944815287637377
2025-12-31,Uttar Pradesh,Banda,210001,40,-0.0399217422361583
2025-12-31,Uttar Pradesh,Basti,272002,43,-0.04578561638394474
2025-12-31,Uttar Pradesh,Bijnor,246725,46,-0.06303334172902109
2025-12-31,Uttar Pradesh,Bulandshahr,203205,33,-0.010955215633616566
2025-12-31,Uttar Pradesh,Chitrakoot,210209,58,-0.010814290490910428
2025-12-31,Uttar Pradesh,Etah,207302,30,-0.022306617496591574
2025-12-31,Uttar Pradesh,Fatehpur,212601,57,-0.06857938782716766
2025-12-31,Uttar Pradesh,Ghaziabad,201005,24,-0.03894905018515471
2025-12-31,Uttar Pradesh,Gonda,271122,31,-0.004351064429004126
2025-12-31,Uttar Pradesh,Gonda,271503,31,-0.004393444099059285
2025-12-31,Uttar Pradesh,Gorakhpur,273402,24,-0.008461695661376556
2025-12-31,Uttar Pradesh,Hardoi,241301,14,-0.012606443902427045
2025-12-31,Uttar Pradesh,Jhansi,284003,29,-0.026900807276856287
2025-12-31,Uttar Pradesh,Kanpur Nagar,208001,78,-0.07416686407278938
2025-12-31,Uttar Pradesh,Kanpur Nagar,209401,18,-0.022731569050397304
2025-12-31,Uttar Pradesh,Kasganj,207243,32,-0.02144277488685087
2025-12-31,Uttar Pradesh,Kaushambi,212217,31,-0.0032542417118127664
2025-12-31,Uttar Pradesh,Kheri,262723,21,-0.03667602330376318
2025-12-31,Uttar Pradesh,Kheri,262802,50,-0.04769680306414492
2025-12-31,Uttar Pradesh,Kheri,262906,11,-0.0010564244170623294
2025-12-31,Uttar Pradesh,Kushinagar,274302,34,-0.002868906175329533
2025-12-31,Uttar Pradesh,Maharajganj,273151,37,-0.032915813725184706
2025-12-31,Uttar Pradesh,Maharajganj,273162,31,-0.040914282513442535
2025-12-31,Uttar Pradesh,Maharajganj,273164,75,-0.10868982341300304
2025-12-31,Uttar Pradesh,Maharajganj,273301,19,-0.0015811547273804072
2025-12-31,Uttar Pradesh,Mahoba,210429,23,-0.0002487159006221429
2025-12-31,Uttar Pradesh,Meerut,250002,121,-0.12648341510333883
2025-12-31,Uttar Pradesh,Mirzapur,231001,58,-0.04084221917518205
2025-12-31,Uttar Pradesh,Muzaffarnagar,251314,32,-0.010215705989757407
2025-12-31,Uttar Pradesh,Pilibhit,262122,67,-0.08185347705963764
2025-12-31,Uttar Pradesh,Pratapgarh,230204,38,-0.02912269809067025
2025-12-31,Uttar Pradesh,Rae Bareli,229301,42,-0.0345265778465248
2025-12-31,Uttar Pradesh,Rampur,244921,52,-0.08609241686476077
2025-12-31,Uttar Pradesh,Sambhal,202522,58,-0.08147551337557923
2025-12-31,Uttar Pradesh,Sambhal,244102,34,-0.024208217538829735
2025-12-31,Uttar Pradesh,Sant Ravidas Nagar,221401,27,-0.013330814482791387
2025-12-31,Uttar Pradesh,Siddharthnagar,272153,65,-0.02066354378813373
2025-12-31,Uttar Pradesh,Sitapur,261001,55,-0.053624060165047505
2025-12-31,Uttar Pradesh,Sitapur,261135,57,-0.07416686407278938
2025-12-31,Uttar Pradesh,Sitapur,261202,29,-0.056265874785160874
2025-12-31,Uttar Pradesh,Unnao,209859,40,-0.04860826945042507
2025-12-31,Uttar Pradesh,Varanasi,221001,57,-0.07990261526039166
2025-12-31,Uttar Pradesh,Varanasi,221307,21,-0.00708477995113399
2025-12-31,Uttarakhand,Dehradun,248001,33,-0.009967688557130705
2025-12-31,Uttarakhand,Haridwar,247667,54,-0.046047869272332176
2025-12-31,Uttarakhand,Udham Singh Nagar,262401,36,-0.012849588875462503
2025-12-31,West Bengal,South 24 Parganas,743376,36,-0.04418876782888648
2025-12-31,West Bengal,South 24 Parganas,743502,42,-0.053054764743372895
2025-12-31,West Bengal,Uttar Dinajpur,733210,68,-0.06713765721186615
2025-12-31,West Bengal,Uttar Dinajpur,733215,54,-0.053624060165047505
2025-12-31,Assam,Tinsukia,786151,22,-0.028430933886528065
2025-12-31,Assam,Tinsukia,786156,10,-0.011287769899393507
2025-12-31,Bihar,Araria,854336,25,-0.04158555440884304
2025-12-31,Bihar,Aurangabad,824115,26,-0.011808403951670599
2025-12-31,Bihar,Banka,813102,37,-0.00961920044399156
2025-12-31,Bihar,Begusarai,848201,44,-0.03598568764665011
2025-12-31,Bihar,Begusarai,848202,43,-0.04084221917518205
2025-12-31,Bihar,Begusarai,851112,33,-0.013586718142039489
2025-12-31,Bihar,Bhagalpur,813105,19,-0.0010733005559910858
2025-12-31,Bihar,Bhojpur,802164,32,-0.01988707947183721
2025-12-31,Bihar,Bhojpur,802203,23,-0.020005783753317297
2025-12-31,Bihar,Bhojpur,802223,25,-0.009555522839679975
2025-12-31,Bihar,Darbhanga,847427,18,-0.016246238431296467
2025-12-31,Bihar,East Champaran,845315,25,-0.03667602330376318
2025-12-31,Bihar,East Champaran,845431,40,-0.05802154644321522
2025-12-31,Bihar,East Champaran,845432,22,-0.03588508781619404
2025-12-31,Bihar,East Champaran,845433,43,-0.04045585873590385
2025-12-31,Bihar,East Champaran,845456,16,-0.014722498719737298
2025-12-31,Bihar,Gaya,805131,20,-0.001040134680078797
2025-12-31,Bihar,Gaya,823311,44,-0.05802154644321522
2025-12-31,Bihar,Gaya,824233,60,-0.005301917497216979
2025-12-31,Bihar,Jehanabad,804418,28,-0.03655991013874682
2025-12-31,Bihar,Katihar,854105,23,-0.006937971490313166
2025-12-31,Bihar,Lakhisarai,811311,63,-0.03938180800725999
2025-12-31,Bihar,Madhepura,852122,55,-0.046713597128785755
2025-12-31,Bihar,Madhepura,852128,67,-0.01221665759681223
2025-12-31,Bihar,Madhepura,852210,85,-0.08546734728658945
2025-12-31,Bihar,Madhepura,852213,38,-0.0444167378025907
2025-12-31,Bihar,Madhubani,847222,21,-0.00708477995113399
2025-12-31,Bihar,Madhubani,847226,25,-0.03588508781619404
2025-12-31,Bihar,Madhubani,847235,21,-0.0018813986521957204
2025-12-31,Bihar,Muzaffarpur,843111,50,-0.07990261526039166
2025-12-31,Bihar,Patna,800001,32,-0.01988707947183721
2025-12-31,Bihar,Patna,800014,13,-0.010488413450940204
2025-12-31,Bihar,Purnia,854101,34,-0.014994718322723921
2025-12-31,Bihar,Purnia,854204,91,-0.11780659918914349
2025-12-31,Bihar,Purnia,854315,58,-0.07518724416343758
2025-12-31,Bihar,Rohtas,802212,27,-0.016030131032668815
2025-12-31,Bihar,Saharsa,852201,30,-0.015915298806153277
2025-12-31,Bihar,Samastipur,848114,105,-0.07928260009823362
2025-12-31,Bihar,Samastipur,848122,21,-0.006551629361389755
2025-12-31,Bihar,Samastipur,848129,27,-0.016316061066458998
2025-12-31,Bihar,Samastipur,848205,34,-0.007132357088829422
2025-12-31,Bihar,Saran,841101,45,-0.004376040364034273
2025-12-31,Bihar,Saran,841219,27,-0.010792584646387104
2025-12-31,Bihar,Saran,841424,55,-0.03231340950208039
2025-12-31,Bihar,Sitamarhi,843315,21,-0.0018813986521957204
2025-12-31,Bihar,Sitamarhi,843324,53,-0.09862381078369686
2025-12-31,Bihar,Sitamarhi,843331,37,-0.06313752473862233
2025-12-31,Bihar,Supaul,852105,24,-0.008446666973418226
2025-12-31,Bihar,Vaishali,844505,46,-0.08764773559600136
2025-12-31,Bihar,West Champaran,845103,28,-0.019414119512872308
2025-12-31,Bihar,West Champaran,845106,52,-0.010814290490910428
2025-12-31,Bihar,West Champaran,845307,54,-0.06742190515692115
2025-12-31,Bihar,West Champaran,845438,110,-0.10284636553383675
2025-12-31,Bihar,West Champaran,845452,87,-0.062103814854884476
2025-12-31,Bihar,West Champaran,845455,68,-0.0850572901724852
2025-12-31,Chhattisgarh,Balrampur,497225,35,-0.01876338741368544
2025-12-31,Chhattisgarh,Bastar,494001,74,-0.06655786642602202
2025-12-31,Chhattisgarh,Bastar,494115,73,-0.07111399523971085
2025-12-31,Chhattisgarh,Bijapur,494444,117,-0.08754011358354918
2025-12-31,Chhattisgarh,Sukma,494115,43,-0.033068008879251876
2025-12-31,Delhi,East Delhi,110092,44,-0.030326346853606467
2025-12-31,Delhi,South Delhi,110044,57,-0.08661050571229889
2025-12-31,Delhi,South West Delhi,110045,29,-0.0591293210234064
2025-12-31,Delhi,West Delhi,110041,55,-0.0928549906066678
2025-12-31,Gujarat,Surat,395006,39,-0.02912269809067025
2025-12-31,Haryana,Gurgaon,122001,44,-0.033550209998778446
2025-12-31,Haryana,Mewat,122107,45,-0.018893186935331818
2025-12-31,Haryana,Palwal,121103,39,-0.007252040894668577
2025-12-31,Haryana,Panipat,132103,55,-0.06052602442807253
2025-12-31,Jharkhand,Dhanbad,828109,39,-0.026839860966287543
2025-12-31,Jharkhand,Garhwa,822114,54,-0.05164295832472243
2025-12-31,Jharkhand,Giridih,825324,50,-0.03938180800725999
2025-12-31,Jharkhand,Palamu,822113,45,-0.018893186935331818
2025-12-31,Jharkhand,Sahebganj,816109,34,-0.0056441697579139305
2025-12-31,Karnataka,Bengaluru,560016,14,-0.011751181932202592
2025-12-31,Madhya Pradesh,Ashok Nagar,473331,49,-0.04415986060995669
2025-12-31,Madhya Pradesh,Barwani,451447,33,-0.03484639094158282
2025-12-31,Madhya Pradesh,Bhind,477116,33,-0.007132357088829422
2025-12-31,Madhya Pradesh,Burhanpur,450331,69,-0.08391644972954704
2025-12-31,Madhya Pradesh,Chhatarpur,471105,35,-0.01489910919222448
2025-12-31,Madhya Pradesh,Chhatarpur,471606,41,-0.02506209464190179
2025-12-31,Madhya Pradesh,Damoh,470880,42,-0.03202608374493443
2025-12-31,Madhya Pradesh,Dewas,455227,46,-0.09128911312247612
2025-12-31,Madhya Pradesh,Dhar,454221,27,-0.016316061066458998
2025-12-31,Madhya Pradesh,Dhar,454446,65,-0.06052602442807253
2025-12-31,Madhya Pradesh,Jabalpur,483113,22,-0.02449132281570565
2025-12-31,Madhya Pradesh,Jabalpur,483119,50,-0.04868134034743432
2025-12-31,Madhya Pradesh,Jhabua,457777,37,-0.038078340445120706
2025-12-31,Madhya Pradesh,Katni,483770,53,-0.046047869272332176
2025-12-31,Madhya Pradesh,Katni,483773,35,-0.03930967043499767
2025-12-31,Madhya Pradesh,Khargone,451331,41,-0.02936663024802111
2025-12-31,Madhya Pradesh,Rajgarh,465661,47,-0.04868134034743432
2025-12-31,Madhya Pradesh,Sehore,466331,53,-0.05016064649394891
2025-12-31,Madhya Pradesh,Shahdol,484774,72,-0.06807349446112287
2025-12-31,Madhya Pradesh,Sheopur,476337,118,-0.10975695064868751
2025-12-31,Madhya Pradesh,Shivpuri,473670,42,-0.05852626874273559
2025-12-31,Madhya Pradesh,Sidhi,486661,61,-0.04949175820282825
2025-12-31,Madhya Pradesh,Vidisha,464228,46,-0.03974768859784861
2025-12-31,Maharashtra,Jalgaon,425002,16,-0.018461064963103957
2025-12-31,Maharashtra,Palghar,401208,32,-0.0264231035306125
2025-12-31,Maharashtra,Palghar,401209,34,-0.013001910746543
2025-12-31,Maharashtra,Pune,411057,20,-0.0029858428622482336
2025-12-31,Maharashtra,Raigarh,410206,30,-0.022306617496591574
2025-12-31,Maharashtra,Thane,400612,48,-0.04426139512893823
2025-12-31,Maharashtra,Thane,421501,15,-0.005863002534334694
2025-12-31,Maharashtra,Thane,421503,24,-0.04174486439980829
2025-12-31,Meghalaya,East Khasi Hills,793009,8,-0.00918734394290488
2025-12-31,Rajasthan,Alwar,301001,70,-0.06713765721186615
2025-12-31,Rajasthan,Bharatpur,321205,31,-0.02009190156756724
2025-12-31,Rajasthan,Bharatpur,321404,26,-0.04148439533436166
2025-12-31,Rajasthan,Bikaner,334001,99,-0.11888607134680484
2025-12-31,Rajasthan,Bikaner,334802,46,-0.054046557181391286
2025-12-31,Rajasthan,Dholpur,328025,22,-0.026900807276856287
2025-12-31,Rajasthan,Dungarpur,314030,27,-0.010792584646387104
2025-12-31,Rajasthan,Hanumangarh,335523,31,-0.004351064429004126
2025-12-31,Rajasthan,Jaipur,302002,42,-0.05255937157230861
2025-12-31,Rajasthan,Jaipur,302029,43,-0.037924358115614565
2025-12-31,Rajasthan,Jaisalmer,345001,44,-0.04539683358696334
2025-12-31,Rajasthan,Jalor,343029,75,-0.04769680306414492
2025-12-31,Rajasthan,Jalor,343032,59,-0.0645418085632935
2025-12-31,Rajasthan,Jhalawar,326512,36,-0.014604573801950682
2025-12-31,Rajasthan,Jodhpur,342025,42,-0.031153397994696852
2025-12-31,Rajasthan,Jodhpur,342301,34,-0.03314045764261486
2025-12-31,Rajasthan,Karauli,322243,29,-0.0229896481065599
2025-12-31,Rajasthan,Nagaur,341001,84,-0.08961849709939085
2025-12-31,Rajasthan,Pali,306504,32,-0.010215705989757407
2025-12-31,Tamil Nadu,Tiruvallur,602024,26,-0.03359820023437088
2025-12-31,Uttar Pradesh,Allahabad,212402,32,-0.02144277488685087
2025-12-31,Uttar Pradesh,Amethi,227809,32,-0.005567484405160528
2025-12-31,Uttar Pradesh,Amroha,244235,71,-0.1070918376323513
2025-12-31,Uttar Pradesh,Amroha,244255,55,-0.08299123416861542
2025-12-31,Uttar Pradesh,Azamgarh,276202,28,-0.014975069648443307
2025-12-31,Uttar Pradesh,Azamgarh,276204,30,-0.015915298806153277
2025-12-31,Uttar Pradesh,Bahraich,271801,53,-0.0850572901724852
2025-12-31,Uttar Pradesh,Ballia,277001,36,-0.026459423207794486
2025-12-31,Uttar Pradesh,Balrampur,271206,38,-0.023503000133385132
2025-12-31,Uttar Pradesh,Bareilly,243123,33,-0.030990904699028654
2025-12-31,Uttar Pradesh,Bareilly,243201,58,-0.0787694675344861
2025-12-31,Uttar Pradesh,Bareilly,243302,31,-0.044315181487636024
2025-12-31,Uttar Pradesh,Basti,272129,29,-0.019075917909922135
2025-12-31,Uttar Pradesh,Basti,272130,41,-0.002084355190301368
2025-12-31,Uttar Pradesh,Budaun,243631,21,-0.0028488801745185643
2025-12-31,Uttar Pradesh,Budaun,243639,32,-0.060362331155781046
2025-12-31,Uttar Pradesh,Bulandshahr,203001,72,-0.061602301291070805
2025-12-31,Uttar Pradesh,Bulandshahr,203131,80,-0.07365719157537953
2025-12-31,Uttar Pradesh,Chandauli,232101,56,-0.03840984608636955
2025-12-31,Uttar Pradesh,Deoria,274001,75,-0.04084221917518205
2025-12-31,Uttar Pradesh,Etawah,206001,42,-0.03889566264278743
2025-12-31,Uttar Pradesh,Etawah,206245,21,-0.006551629361389755
2025-12-31,Uttar Pradesh,Faizabad,224001,38,-0.0254078423853924
2025-12-31,Uttar Pradesh,Fatehpur,212655,31,-0.0022150476256018736
2025-12-31,Uttar Pradesh,Fatehpur,212657,24,-0.007885000707131495
2025-12-31,Uttar Pradesh,Ghaziabad,201102,81,-0.11136035146006862
2025-12-31,Uttar Pradesh,Ghazipur,233001,33,-0.030581464166306582
2025-12-31,Uttar Pradesh,Hardoi,241304,42,-0.07427260943484193
2025-12-31,Uttar Pradesh,Hardoi,241404,25,-0.042721342230915504
2025-12-31,Uttar Pradesh,Hardoi,241406,18,-0.019608862085665146
2025-12-31,Uttar Pradesh,Hathras,204215,25,-0.013767071215310067
2025-12-31,Uttar Pradesh,Hathras,281302,21,-0.02213828305445853
2025-12-31,Uttar Pradesh,Kanpur Nagar,209202,38,-0.01876338741368544
2025-12-31,Uttar Pradesh,Kanpur Nagar,209308,30,-0.03179490782275274
2025-12-31,Uttar Pradesh,Kasganj,207242,51,-0.08402356323804772
2025-12-31,Uttar Pradesh,Kaushambi,212216,35,-0.01489910919222448
2025-12-31,Uttar Pradesh,Kheri,262724,39,-0.03029031544360805
2025-12-31,Uttar Pradesh,Kheri,262901,24,-0.007397639569563186
2025-12-31,Uttar Pradesh,Kheri,262903,27,-0.037160666382478835
2025-12-31,Uttar Pradesh,Lucknow,226001,22,-0.0046526452823945075
2025-12-31,Uttar Pradesh,Maharajganj,273304,22,-0.03275845421515733
2025-12-31,Uttar Pradesh,Mathura,281004,40,-0.026839860966287543
2025-12-31,Uttar Pradesh,Mathura,281401,23,-0.011060648536173834
2025-12-31,Uttar Pradesh,Mathura,281502,26,-0.011244619597877703
2025-12-31,Uttar Pradesh,Mau,275101,57,-0.0428226748845173
2025-12-31,Uttar Pradesh,Moradabad,244001,130,-0.10009520720337506
2025-12-31,Uttar Pradesh,Moradabad,244501,48,-0.06605334033110222
2025-12-31,Uttar Pradesh,Pilibhit,262001,65,-0.08133860566402162
2025-12-31,Uttar Pradesh,Pilibhit,262201,33,-0.01114949054748271
2025-12-31,Uttar Pradesh,Rampur,244924,60,-0.059025700400807346
2025-12-31,Uttar Pradesh,Sambhal,202410,31,-0.02144277488685087
2025-12-31,Uttar Pradesh,Shahjahanpur,242301,26,-0.013330814482791387
2025-12-31,Uttar Pradesh,Shahjahanpur,242303,19,-0.032152252480663
2025-12-31,Uttar Pradesh,Shamli,247772,18,-0.02009190156756724
2025-12-31,Uttar Pradesh,Siddharthnagar,272202,14,-0.038321245784319835
2025-12-31,Uttar Pradesh,Sitapur,261204,17,-0.015845516392511527
2025-12-31,Uttar Pradesh,Sonbhadra,231216,46,-0.043771949419206035
2025-12-31,Uttar Pradesh,Unnao,241501,39,-0.024931148417123628
2025-12-31,Uttarakhand,Nainital,263139,55,-0.04899877489789661
2025-12-31,West Bengal,Malda,732139,42,-0.04891017178032253
2025-12-31,West Bengal,Murshidabad,742213,32,-0.03379379797882143
2025-12-31,West Bengal,North 24 Parganas,743263,11,-0.00031571562876764325
2025-12-31,West Bengal,South 24 Parganas,743312,49,-0.08041651475580192
2025-12-31,West Bengal,Uttar Dinajpur,733208,38,-0.01876338741368544
2025-12-31,Madhya Pradesh,Rajgarh,465683,36,-0.02994399370497758
2025-12-31,Madhya Pradesh,Sheopur,476332,38,-0.00446841801667297
2025-12-31,Madhya Pradesh,Shivpuri,473660,28,-0.01765964227929384
2025-12-31,Madhya Pradesh,Tikamgarh,472338,26,-0.011374794735459881
2025-12-31,Madhya Pradesh,Ujjain,456771,41,-0.026495260117780584
2025-12-31,Maharashtra,Mumbai,400043,26,-0.017310105929368103
2025-12-31,Maharashtra,Thane,400708,18,-0.01822929676294549
2025-12-31,Maharashtra,Thane,401107,52,-0.05263283905179028
2025-12-31,Maharashtra,Thane,421301,38,-0.07172733470018733
2025-12-31,Maharashtra,Thane,421302,75,-0.10922320652993112
2025-12-31,Meghalaya,East Khasi Hills,793121,24,-0.04124072129120071
2025-12-31,Meghalaya,West Jaintia Hills,793151,15,-0.010975642621958603
2025-12-31,Rajasthan,Ajmer,305001,44,-0.034436824432716895
2025-12-31,Rajasthan,Ajmer,305623,25,-0.013330814482791387
2025-12-31,Rajasthan,Barmer,344032,39,-0.02912269809067025
2025-12-31,Rajasthan,Barmer,344801,19,-0.024354214566616794
2025-12-31,Rajasthan,Bhilwara,311604,28,-0.016148634690565378
2025-12-31,Rajasthan,Bundi,323001,39,-0.07172733470018733
2025-12-31,Rajasthan,Churu,331403,55,-0.05461662347949581
2025-12-31,Rajasthan,Churu,331517,35,-0.05156935875867885
2025-12-31,Rajasthan,Hanumangarh,335524,42,-0.027984900520629408
2025-12-31,Rajasthan,Jaipur,302016,24,-0.012394080213403935
2025-12-31,Rajasthan,Jaipur,302021,25,-0.017529077416597705
2025-12-31,Rajasthan,Jalor,343040,50,-0.025794344450589146
2025-12-31,Rajasthan,Jalor,343041,130,-0.07118932509538578
2025-12-31,Rajasthan,Jodhpur,342001,67,-0.0808240825055263
2025-12-31,Rajasthan,Jodhpur,342024,22,-0.007480452434791562
2025-12-31,Rajasthan,Jodhpur,342027,35,-0.01489910919222448
2025-12-31,Rajasthan,Nagaur,341503,46,-0.04279405089664379
2025-12-31,Rajasthan,Nagaur,341505,35,-0.011913505347014186
2025-12-31,Rajasthan,Nagaur,341512,22,-0.025567576723366403
2025-12-31,Rajasthan,Pali,306401,40,-0.05081057579155368
2025-12-31,Rajasthan,Udaipur,313701,23,-0.034105284344783104
2025-12-31,Rajasthan,Udaipur,313906,19,-0.0018813986521957204
2025-12-31,Assam,Karimganj,788806,20,-0.0029858428622482336
2025-12-31,Bihar,Araria,854334,67,-0.09547185978687844
2025-12-31,Bihar,Aurangabad,824125,59,-0.03890778573417386
2025-12-31,Bihar,Banka,813101,47,-0.01971689378051189
2025-12-31,Bihar,Begusarai,851111,62,-0.07928260009823362
2025-12-31,Bihar,Begusarai,851129,56,-0.05461662347949581
2025-12-31,Bihar,Bhagalpur,813209,44,-0.05255937157230861
2025-12-31,Bihar,Bhagalpur,853204,46,-0.04230559763616204
2025-12-31,Bihar,Bhojpur,802207,38,-0.06071662429595093
2025-12-31,Bihar,Bhojpur,802222,28,-0.029054626718109988
2025-12-31,Bihar,Darbhanga,848207,19,-0.022578114842418895
2025-12-31,Bihar,East Champaran,845435,22,-0.0032507005672463007
2025-12-31,Bihar,East Champaran,845437,60,-0.06633717541046968
2025-12-31,Bihar,Gaya,824206,46,-0.002084355190301368
2025-12-31,Bihar,Gaya,824210,24,-0.012394080213403935
2025-12-31,Bihar,Gaya,824237,34,-0.02859157746783636
2025-12-31,Bihar,Jamui,811303,48,-0.07785049072635164
2025-12-31,Bihar,Jamui,811307,37,-0.019886961239371836
2025-12-31,Bihar,Jamui,811308,50,-0.08609241686476077
2025-12-31,Bihar,Jamui,811314,37,-0.0254078423853924
2025-12-31,Bihar,Katihar,854317,74,-0.07365719157537953
2025-12-31,Bihar,Katihar,855113,30,-2.8820725781253387e-05
2025-12-31,Bihar,Khagaria,852161,67,-0.10073223123775199
2025-12-31,Bihar,Kishanganj,855108,37,-0.012849588875462503
2025-12-31,Bihar,Madhepura,852112,58,-0.07314786379877669
2025-12-31,Bihar,Madhubani,847224,35,-0.009153185241833062
2025-12-31,Bihar,Madhubani,847402,37,-0.013108478490288955
2025-12-31,Bihar,Muzaffarpur,843117,21,-0.0032507005672463007
2025-12-31,Bihar,Muzaffarpur,847107,19,-0.00160219308286913
2025-12-31,Bihar,Nalanda,803101,94,-0.04084221917518205
2025-12-31,Bihar,Nalanda,803110,60,-0.005301917497216979
2025-12-31,Bihar,Nawada,805103,39,-0.054315385965791996
2025-12-31,Bihar,Patna,801108,26,-0.010488413450940204
2025-12-31,Bihar,Patna,801503,49,-0.06532876289171141
2025-12-31,Bihar,Patna,804452,27,-0.01517184900000923
2025-12-31,Bihar,Purnia,854203,47,-0.049100988455314076
2025-12-31,Bihar,Purnia,854304,40,-0.024931148417123628
2025-12-31,Bihar,Saharsa,852106,59,-0.07631503787223226
2025-12-31,Bihar,Saharsa,852126,44,-0.04184606002556868
2025-12-31,Bihar,Saharsa,852216,51,-0.04868134034743432
2025-12-31,Bihar,Saharsa,852217,42,-0.02971263285314063
2025-12-31,Bihar,Samastipur,848127,24,-0.011926188200551358
2025-12-31,Bihar,Samastipur,848160,32,-0.004158106965390429
2025-12-31,Bihar,Samastipur,848210,18,-0.02009190156756724
2025-12-31,Bihar,Saran,841301,52,-0.0030071291787583387
2025-12-31,Bihar,Saran,841403,62,-0.005301917497216979
2025-12-31,Bihar,Sheikhpura,811105,37,-0.03106198235444868
2025-12-31,Bihar,Sitamarhi,843313,25,-0.038986014423340265
2025-12-31,Bihar,Sitamarhi,843314,52,-0.05312828194676522
2025-12-31,Bihar,Sitamarhi,843320,45,-0.01971689378051189
2025-12-31,Bihar,West Champaran,845105,52,-0.04184606002556868
2025-12-31,Bihar,West Champaran,845450,24,-0.030190741192661186
2025-12-31,Chhattisgarh,Bijapur,494450,50,-0.0281129541632692
2025-12-31,Chhattisgarh,Sukma,494122,32,-0.030253798646259766
2025-12-31,Delhi,North East Delhi,110094,100,-0.11888607134680484
2025-12-31,Delhi,North West Delhi,110040,25,-0.013330814482791387
2025-12-31,Delhi,South Delhi,110017,22,-0.031190291761573175
2025-12-31,Delhi,West Delhi,110018,30,-0.03372222123347535
2025-12-31,Gujarat,Gandhinagar,382721,24,-0.03759307669068657
2025-12-31,Uttar Pradesh,Aligarh,202002,35,-0.03710814114802352
2025-12-31,Uttar Pradesh,Aligarh,202124,30,-0.026900807276856287
2025-12-31,Uttar Pradesh,Bahraich,271825,26,-0.009859282717345041
2025-12-31,Uttar Pradesh,Bahraich,271902,70,-0.09024695915868541
2025-12-31,Uttar Pradesh,Ballia,277208,24,-0.008461695661376556
2025-12-31,Uttar Pradesh,Balrampur,271201,51,-0.01402131442586163
2025-12-31,Uttar Pradesh,Balrampur,271208,67,-0.04380061216649467
2025-12-31,Uttar Pradesh,Balrampur,271215,19,-0.0018813986521957204
2025-12-31,Uttar Pradesh,Banda,210129,35,-0.012357869074083982
2025-12-31,Uttar Pradesh,Bareilly,243001,46,-0.08093076206622829
2025-12-31,Uttar Pradesh,Bareilly,243401,20,-0.0019263201794651463
2025-12-31,Uttar Pradesh,Bareilly,243502,28,-0.014975069648443307
2025-12-31,Uttar Pradesh,Bijnor,246701,48,-0.05164295832472243
2025-12-31,Uttar Pradesh,Bijnor,246762,32,-0.007174909149588293
2025-12-31,Uttar Pradesh,Budaun,243601,95,-0.11511430077169149
2025-12-31,Uttar Pradesh,Chitrakoot,210205,65,-0.02066354378813373
2025-12-31,Uttar Pradesh,Chitrakoot,210208,34,-0.011694916531900024
2025-12-31,Uttar Pradesh,Firozabad,283203,68,-0.06554915547618168
2025-12-31,Uttar Pradesh,Gautam Buddha Nagar,201310,33,-0.027634206717172094
2025-12-31,Uttar Pradesh,Gautam Buddha Nagar,203207,40,-0.022641340507799756
2025-12-31,Uttar Pradesh,Ghaziabad,201204,56,-0.05461662347949581
2025-12-31,Uttar Pradesh,Gonda,271504,33,-0.009730432935254552
2025-12-31,Uttar Pradesh,Gorakhpur,273165,39,-0.013577170695241003
2025-12-31,Uttar Pradesh,Hapur,245205,35,-0.030581464166306582
2025-12-31,Uttar Pradesh,Hardoi,241123,22,-0.03588508781619404
2025-12-31,Uttar Pradesh,Kannauj,209728,25,-0.013767071215310067
2025-12-31,Uttar Pradesh,Kanpur Nagar,208002,27,-0.02156543660373411
2025-12-31,Uttar Pradesh,Kanpur Nagar,209206,38,-0.04860826945042507
2025-12-31,Uttar Pradesh,Kaushambi,212205,21,-0.0028488801745185643
2025-12-31,Uttar Pradesh,Kheri,262701,39,-0.026839860966287543
2025-12-31,Uttar Pradesh,Kushinagar,274304,71,-0.05660578398426375
2025-12-31,Uttar Pradesh,Kushinagar,274305,38,-0.0324340416843244
2025-12-31,Uttar Pradesh,Lucknow,226002,44,-0.04045585873590385
2025-12-31,Uttar Pradesh,Lucknow,226003,54,-0.059025700400807346
2025-12-31,Uttar Pradesh,Lucknow,226010,25,-0.009844223493793436
2025-12-31,Uttar Pradesh,Lucknow,227308,23,-0.009341873410797286
2025-12-31,Uttar Pradesh,Maharajganj,273157,48,-0.059400012814039505
2025-12-31,Uttar Pradesh,Maharajganj,273303,65,-0.06626233252889302
2025-12-31,Uttar Pradesh,Mau,276403,25,-0.007147648200790724
2025-12-31,Uttar Pradesh,Meerut,250001,67,-0.06713765721186615
2025-12-31,Uttar Pradesh,Moradabad,244601,36,-0.06969730538581043
2025-12-31,Uttar Pradesh,Muzaffarnagar,251309,49,-0.09442404967251972
2025-12-31,Uttar Pradesh,Rampur,244901,97,-0.09065980006988328
2025-12-31,Uttar Pradesh,Rampur,244927,26,-0.005789172184055058
2025-12-31,Uttar Pradesh,Saharanpur,247121,37,-0.04223316662492704
2025-12-31,Uttar Pradesh,Saharanpur,247554,59,-0.061602301291070805
2025-12-31,Uttar Pradesh,Shahjahanpur,242001,84,-0.11296701009376786
2025-12-31,Uttar Pradesh,Shamli,247775,47,-0.08093076206622829
2025-12-31,Uttar Pradesh,Shamli,247776,33,-0.05179988556640924
2025-12-31,Uttar Pradesh,Siddharthnagar,272154,23,-0.02923120796084866
2025-12-31,Uttar Pradesh,Siddharthnagar,272189,33,-0.0017315099800336853
2025-12-31,Uttar Pradesh,Sitapur,261136,15,-0.006321513042255145
2025-12-31,Uttar Pradesh,Sitapur,261201,49,-0.0635358238428283
2025-12-31,Uttar Pradesh,Sitapur,261203,45,-0.04181747474469766
2025-12-31,Uttar Pradesh,Sitapur,261207,18,-0.020653587940277496
2025-12-31,Uttarakhand,Uttarkashi,249185,32,-0.006474412550900643
2025-12-31,Gujarat,Valsad,396191,25,-0.015897410836359427
2025-12-31,Haryana,Faridabad,121002,23,-0.0002487159006221429
2025-12-31,Jammu and Kashmir,Kulgam,192231,35,-0.019840553528063798
2025-12-31,Jharkhand,Bokaro,827013,48,-0.03938180800725999
2025-12-31,Jharkhand,Chatra,825103,28,-0.012179797395770908
2025-12-31,Jharkhand,Chatra,825408,47,-0.031824072079526755
2025-12-31,Jharkhand,Giridih,825108,37,-0.0324340416843244
2025-12-31,Jharkhand,Gumla,835324,33,-0.03833780606268067
2025-12-31,Jharkhand,Jamtara,815351,38,-0.02778527337110792
2025-12-31,Jharkhand,Koderma,825318,19,-0.0010733005559910858
2025-12-31,Jharkhand,Sahebganj,816101,55,-0.05312828194676522
2025-12-31,Jharkhand,Sahebganj,816108,88,-0.07979607995792626
2025-12-31,Jharkhand,Seraikela-Kharsawan,831002,38,-0.007252040894668577
2025-12-31,Jharkhand,West Singhbhum,833214,56,-0.05164295832472243
2025-12-31,Karnataka,Bengaluru,560049,12,-0.009970530229051144
2025-12-31,Karnataka,Bengaluru,560064,33,-0.05802717487900255
2025-12-31,Karnataka,Bengaluru,560068,28,-0.05283806867329699
2025-12-31,Karnataka,Bengaluru,560100,28,-0.055871473273075956
2025-12-31,Madhya Pradesh,Ashok Nagar,473443,32,-0.006474412550900643
2025-12-31,Madhya Pradesh,Barwani,451551,60,-0.05710391582896113
2025-12-31,Madhya Pradesh,Betul,460001,37,-0.005859740543928238
2025-12-31,Madhya Pradesh,Bhind,477557,31,-0.0022150476256018736
2025-12-31,Madhya Pradesh,Chhatarpur,471001,48,-0.04868134034743432
2025-12-31,Madhya Pradesh,Chhatarpur,471405,52,-0.049100988455314076
2025-12-31,Madhya Pradesh,Chhatarpur,471525,38,-0.02912269809067025
2025-12-31,Madhya Pradesh,Guna,473001,68,-0.058922094317112705
2025-12-31,Madhya Pradesh,Guna,473222,51,-0.05016064649394891
2025-12-31,Madhya Pradesh,Gwalior,475110,95,-0.11296701009376786
2025-12-31,Madhya Pradesh,Indore,453661,36,-0.04223316662492704
2025-12-31,Madhya Pradesh,Jabalpur,483225,31,-0.0012309491431238273
2025-12-31,Madhya Pradesh,Jhabua,457779,36,-0.01734774550126217
2025-12-31,Madhya Pradesh,Katni,483990,38,-0.013318105859974949
2025-12-31,Madhya Pradesh,Morena,476224,73,-0.08598501307750395
2025-12-31,Madhya Pradesh,Morena,476229,37,-0.04040858206694864
2025-12-31,West Bengal,Jalpaiguri,735204,12,-0.008939078077423113
2025-12-31,West Bengal,Nadia,741152,27,-0.017575072016394633
2025-12-31,West Bengal,North 24 Parganas,743425,34,-0.03581352762855172
2025-12-31,West Bengal,South 24 Parganas,743338,24,-0.007397639569563186
2025-12-31,West Bengal,Uttar Dinajpur,733202,49,-0.03938180800725999
2025-12-31,Madhya Pradesh,Rajgarh,465674,40,-0.031142463599367898
2025-12-31,Madhya Pradesh,Rajgarh,465677,31,-0.0012309491431238273
2025-12-31,Madhya Pradesh,Rajgarh,465679,30,-0.024208217538829735
2025-12-31,Madhya Pradesh,Ratlam,457001,45,-0.07938906334475015
2025-12-31,Madhya Pradesh,Sagar,470226,50,-0.07785049072635164
2025-12-31,Madhya Pradesh,Satna,485001,26,-0.05091359908992232
2025-12-31,Madhya Pradesh,Satna,485772,42,-0.02936663024802111
2025-12-31,Madhya Pradesh,Shajapur,465337,53,-0.05016064649394891
2025-12-31,Madhya Pradesh,Shivpuri,473551,78,-0.1070918376323513
2025-12-31,Madhya Pradesh,Shivpuri,473774,26,-0.011374794735459881
2025-12-31,Madhya Pradesh,Shivpuri,473775,46,-0.04588737904308171
2025-12-31,Madhya Pradesh,Singrauli,486881,45,-0.024514981932093116
2025-12-31,Madhya Pradesh,Singrauli,486886,89,-0.07009912323048895
2025-12-31,Madhya Pradesh,Ujjain,456550,44,-0.030326346853606467
2025-12-31,Madhya Pradesh,Vidisha,464221,41,-0.009597681024274163
2025-12-31,Maharashtra,Hingoli,431513,13,-0.0015697104685827856
2025-12-31,Meghalaya,West Jaintia Hills,793150,31,-0.03001392084327803
2025-12-31,Rajasthan,Alwar,301411,29,-0.05506880194320618
2025-12-31,Rajasthan,Banswara,327001,40,-0.016866910268079516
2025-12-31,Rajasthan,Banswara,327801,31,-0.030030289440109437
2025-12-31,Rajasthan,Barmer,344702,71,-0.10762413920813185
2025-12-31,Rajasthan,Bikaner,334603,36,-0.01734774550126217
2025-12-31,Rajasthan,Bikaner,334803,52,-0.05702999962082855
2025-12-31,Rajasthan,Dholpur,328001,20,-0.0029858428622482336
2025-12-31,Rajasthan,Dholpur,328022,33,-0.008429614146135522
2025-12-31,Rajasthan,Jodhpur,342306,34,-0.03314045764261486
2025-12-31,Rajasthan,Sirohi,307026,71,-0.05114852003949277
2025-12-31,Rajasthan,Udaipur,307025,80,-0.03375945895442867
2025-12-31,Karnataka,Yadgir,585202,23,-0.030253798646259766
2025-12-31,Madhya Pradesh,Alirajpur,457882,37,-0.00038510325494078845
2025-12-31,Madhya Pradesh,Chhatarpur,471501,78,-0.05942179387597002
2025-12-31,Madhya Pradesh,Chhatarpur,471515,52,-0.04801380836135405
2025-12-31,Madhya Pradesh,Chhatarpur,471625,33,-0.013717371137801582
2025-12-31,Madhya Pradesh,Dewas,455001,106,-0.0645418085632935
2025-12-31,Madhya Pradesh,Guna,473105,35,-0.06313752473862233
2025-12-31,Madhya Pradesh,Guna,473287,43,-0.037924358115614565
2025-12-31,Madhya Pradesh,Gwalior,474001,39,-0.04811588369972153
2025-12-31,Madhya Pradesh,Gwalior,474006,68,-0.10922320652993112
2025-12-31,Madhya Pradesh,Jabalpur,482003,51,-0.04382514929707537
2025-12-31,Madhya Pradesh,Jhabua,457661,100,-0.11029105601360367
2025-12-31,Madhya Pradesh,Katni,483501,144,-0.12376181320513846
2025-12-31,Madhya Pradesh,Khargone,451441,34,-0.014994718322723921
2025-12-31,Madhya Pradesh,Mandsaur,458775,39,-0.007252040894668577
2025-12-31,Madhya Pradesh,Morena,476111,48,-0.08609241686476077
2025-12-31,Madhya Pradesh,Panna,488220,49,-0.04426139512893823
2025-12-31,Uttar Pradesh,Agra,283125,56,-0.061602301291070805
2025-12-31,Uttar Pradesh,Aligarh,202133,21,-0.006551629361389755
2025-12-31,Uttar Pradesh,Amroha,244241,81,-0.07825668203178748
2025-12-31,Uttar Pradesh,Azamgarh,276001,36,-0.013108478490288955
2025-12-31,Uttar Pradesh,Azamgarh,276304,18,-0.022731569050397304
2025-12-31,Uttar Pradesh,Baghpat,250611,50,-0.053624060165047505
2025-12-31,Uttar Pradesh,Bahraich,271851,30,-0.022514589702084975
2025-12-31,Uttar Pradesh,Bahraich,271870,14,-0.014232625177879155
2025-12-31,Uttar Pradesh,Bahraich,271901,22,-0.005908877179219396
2025-12-31,Uttar Pradesh,Bahraich,271903,79,-0.1044357252780942
2025-12-31,Uttar Pradesh,Balrampur,271205,33,-0.027634206717172094
2025-12-31,Uttar Pradesh,Balrampur,271604,57,-0.0718324998771459
2025-12-31,Uttar Pradesh,Bareilly,243122,32,-0.010215705989757407
2025-12-31,Uttar Pradesh,Bareilly,243202,31,-0.03090449211182722
2025-12-31,Uttar Pradesh,Bareilly,243505,87,-0.10922320652993112
2025-12-31,Uttar Pradesh,Basti,272155,42,-0.0520643134641221
2025-12-31,Uttar Pradesh,Basti,272194,23,-0.006219275164412119
2025-12-31,Uttar Pradesh,Bijnor,246722,31,-0.01044070550845555
2025-12-31,Uttar Pradesh,Bijnor,246734,35,-0.014975720409390325
2025-12-31,Uttar Pradesh,Bulandshahr,202394,59,-0.07620900593911517
2025-12-31,Uttar Pradesh,Bulandshahr,245408,39,-0.02160330607264438
2025-12-31,Uttar Pradesh,Chandauli,232104,31,-0.00323377655858359
2025-12-31,Uttar Pradesh,Chandauli,232106,34,-0.03736725590125489
2025-12-31,Uttar Pradesh,Etah,207001,78,-0.11457693316909479
2025-12-31,Uttar Pradesh,Etah,207301,23,-0.040769707018176504
2025-12-31,Uttar Pradesh,Firozabad,283204,54,-0.0787694675344861
2025-12-31,Uttar Pradesh,Gonda,271302,29,-0.0229896481065599
2025-12-31,Uttar Pradesh,Hardoi,241303,33,-0.0017315099800336853
2025-12-31,Uttar Pradesh,Hardoi,241405,20,-0.005692818755472118
2025-12-31,Uttar Pradesh,Hathras,204101,76,-0.0870213959887719
2025-12-31,Uttar Pradesh,Jhansi,284202,35,-0.019148075878036797
2025-12-31,Uttar Pradesh,Jhansi,284204,35,-0.04223316662492704
2025-12-31,Uttar Pradesh,Kanpur Nagar,208007,13,-0.01004209315139537
2025-12-31,Uttar Pradesh,Kheri,262722,28,-0.041383250453407516
2025-12-31,Uttar Pradesh,Kheri,262804,59,-0.09128911312247612
2025-12-31,Uttar Pradesh,Kushinagar,274401,36,-0.04174509272271909
2025-12-31,Uttar Pradesh,Lalitpur,284403,55,-0.05553676448438494
2025-12-31,Uttar Pradesh,Lucknow,226016,40,-8.885478129139202e-05
2025-12-31,Uttar Pradesh,Lucknow,226020,27,-0.04249766539894062
2025-12-31,Uttar Pradesh,Lucknow,227107,32,-0.009555406354059937
2025-12-31,Uttar Pradesh,Maharajganj,273163,34,-0.024929340115186882
2025-12-31,Uttar Pradesh,Mathura,281001,36,-0.05378141268124137
2025-12-31,Uttar Pradesh,Mathura,281403,45,-0.03877523191218357
2025-12-31,Uttar Pradesh,Meerut,245206,32,-0.005567484405160528
2025-12-31,Uttar Pradesh,Meerut,250401,38,-0.0444167378025907
2025-12-31,Uttar Pradesh,Meerut,250406,24,-0.012394080213403935
2025-12-31,Uttar Pradesh,Muzaffarnagar,251001,39,-0.02827478915160586
2025-12-31,Uttar Pradesh,Rae Bareli,229001,61,-0.0595996367668834
2025-12-31,Uttar Pradesh,Rampur,243701,61,-0.06504531163046012
2025-12-31,Uttar Pradesh,Sambhal,202412,36,-0.014604573801950682
2025-12-31,Uttar Pradesh,Sambhal,244303,31,-0.022306617496591574
2025-12-31,Uttar Pradesh,Sant Kabir Nagar,272125,34,-0.0035436679894181866
2025-12-31,Uttar Pradesh,Shamli,247773,32,-0.005567484405160528
2025-12-31,Uttar Pradesh,Shamli,247774,51,-0.0923326782550491
2025-12-31,Uttar Pradesh,Shrawasti,271801,24,-0.009555522839679975
2025-12-31,Uttar Pradesh,Siddharthnagar,272206,49,-0.07733832678049302
2025-12-31,Uttar Pradesh,Sitapur,261141,51,-0.0645418085632935
2025-12-31,Uttar Pradesh,Sitapur,261303,37,-0.02397872750911445
2025-12-31,Uttar Pradesh,Sitapur,261403,30,-0.015915298806153277
2025-12-31,Uttar Pradesh,Unnao,209821,61,-0.060025578014619274
2025-12-31,Uttarakhand,Udham Singh Nagar,244713,40,-0.024366289678359077
2025-12-31,West Bengal,Howrah,711316,39,-0.010085531052346108
2025-12-31,West Bengal,Malda,732125,50,-0.05213773125332444
2025-12-31,West Bengal,North 24 Parganas,743423,19,-0.03488368736526448
2025-12-31,West Bengal,South 24 Parganas,743337,31,-0.027757952078841575
2025-12-31,West Bengal,South 24 Parganas,743355,44,-0.05952547008184217
2025-12-31,West Bengal,South 24 Parganas,743368,35,-0.00852724316770026
2025-12-31,Assam,Karbi Anglong,782460,17,-0.02393481663546404
2025-12-31,Bihar,Araria,854312,52,-0.0645418085632935
2025-12-31,Bihar,Araria,854318,107,-0.08857860223865521
2025-12-31,Bihar,Arwal,804419,51,-0.035208446519409575
2025-12-31,Bihar,Banka,813104,41,-0.014863641261977034
2025-12-31,Bihar,Banka,813106,53,-0.043282834749741816
2025-12-31,Bihar,Begusarai,851133,37,-0.020181905656084242
2025-12-31,Bihar,Bhagalpur,813205,44,-0.03840984608636955
2025-12-31,Bihar,Bhagalpur,813210,30,-0.001024979599899556
2025-12-31,Bihar,Bhojpur,802152,60,-0.03231340950208039
2025-12-31,Bihar,Bhojpur,802158,34,-0.023305368509924262
2025-12-31,Bihar,Bhojpur,802210,25,-0.007147648200790724
2025-12-31,Bihar,East Champaran,845302,40,-0.03591366444102129
2025-12-31,Bihar,East Champaran,845422,60,-0.05255937157230861
2025-12-31,Bihar,East Champaran,845457,20,-0.0032507005672463007
2025-12-31,Bihar,Gaya,824211,48,-0.002084355190301368
2025-12-31,Bihar,Gaya,824232,101,-0.07529313271407745
2025-12-31,Bihar,Gopalganj,841428,45,-0.002084355190301368
2025-12-31,Bihar,Khagaria,851212,37,-0.045168554921720894
2025-12-31,Bihar,Kishanganj,855116,42,-0.010997576198363834
2025-12-31,Bihar,Madhepura,852116,59,-0.05710391582896113
2025-12-31,Bihar,Munger,811213,34,-0.023025791104762217
2025-12-31,Bihar,Muzaffarpur,843103,32,-0.0014854935085144572
2025-12-31,Bihar,Muzaffarpur,843115,31,-0.00323377655858359
2025-12-31,Bihar,Muzaffarpur,843128,49,-0.051569590192191206
2025-12-31,Bihar,Nalanda,803111,35,-0.032915813725184706
2025-12-31,Bihar,Nawada,805110,34,-0.05709467852674699
2025-12-31,Bihar,Purnia,854202,37,-0.05477418906493503
2025-12-31,Bihar,Rohtas,802211,12,-0.025230404814440277
2025-12-31,Bihar,Saharsa,852124,42,-0.03212405140266239
2025-12-31,Bihar,Samastipur,848101,48,-0.029142083067775548
2025-12-31,Bihar,Samastipur,848132,37,-0.04040858206694864
2025-12-31,Bihar,Samastipur,848207,35,-0.03710814114802352
2025-12-31,Bihar,Samastipur,848505,28,-0.024684422216454505
2025-12-31,Bihar,Supaul,852125,25,-0.010310706401180036
2025-12-31,Bihar,Supaul,852131,34,-0.014525067348827747
2025-12-31,Bihar,Supaul,854339,44,-0.03889566264278743
2025-12-31,Bihar,Vaishali,844102,43,-0.03833757881857425
2025-12-31,Bihar,Vaishali,844122,61,-0.060025578014619274
2025-12-31,Bihar,Vaishali,844504,42,-0.053054764743372895
2025-12-31,Bihar,West Champaran,845404,31,-0.026900807276856287
2025-12-31,Bihar,West Champaran,845449,54,-0.02066354378813373
2025-12-31,Chhattisgarh,Bastar,494010,97,-0.0787694675344861
2025-12-31,Chhattisgarh,Bastar,494222,63,-0.05295199643561055
2025-12-31,Chhattisgarh,Bastar,494224,59,-0.051467030267765224
2025-12-31,Chhattisgarh,Bastar,494442,100,-0.08391644972954704
2025-12-31,Chhattisgarh,Kondagaon,494226,190,-0.09013897245180891
2025-12-31,Chhattisgarh,Narayanpur,494661,33,-0.0014854935085144572
2025-12-31,Delhi,South Delhi,110025,40,-0.05355049320409078
2025-12-31,Delhi,West Delhi,110059,91,-0.12267574778895729
2025-12-31,Gujarat,Surat,395004,25,-0.03797767346427694
2025-12-31,Jharkhand,Deoghar,815353,90,-0.0870213959887719
2025-12-31,Jharkhand,Dhanbad,826004,16,-0.011157538286543645
2025-12-31,Jharkhand,Giridih,825320,34,-0.014994718322723921
2025-12-31,Jharkhand,Giridih,825412,58,-0.0595996367668834
2025-12-31,Jharkhand,Gumla,835208,35,-0.0035436679894181866
2025-12-31,Jharkhand,Palamu,822124,32,-0.007174909149588293
2025-12-31,Jharkhand,Sahebganj,816102,26,-0.021409829639892575
2025-12-31,Jharkhand,West Singhbhum,833102,42,-0.0345265778465248
2025-12-31,Karnataka,Bengaluru,560037,18,-0.027415203197522997
2025-12-31,Karnataka,Bengaluru,560043,18,-0.028751595422448317
2025-12-31,Karnataka,Bengaluru,560087,17,-0.015845516392511527
2025-12-31,Madhya Pradesh,Alirajpur,457888,30,-0.001024979599899556
2025-12-31,Madhya Pradesh,Alirajpur,457990,73,-0.04181747474469766
2025-12-31,Madhya Pradesh,Betul,460330,37,-0.0254078423853924
2025-12-31,Madhya Pradesh,Chhatarpur,471101,37,-0.0254078423853924
2025-12-31,Madhya Pradesh,Chhatarpur,471313,34,-0.012357869074083982
2025-12-31,Madhya Pradesh,Dhar,454001,33,-0.008429614146135522
2025-12-31,Madhya Pradesh,Indore,452001,50,-0.09128911312247612
2025-12-31,Madhya Pradesh,Katni,483440,33,-0.03186629111860195
2025-12-31,Madhya Pradesh,Katni,483775,48,-0.05016064649394891
2025-12-31,Madhya Pradesh,Katni,483880,43,-0.04106858678061165
2025-12-31,Madhya Pradesh,Khargone,451001,40,-0.024366289678359077
2025-12-31,Madhya Pradesh,Khargone,451224,36,-0.07478269845644503
2025-12-31,Madhya Pradesh,Khargone,451332,68,-0.08391644972954704
2025-12-31,Madhya Pradesh,Morena,476001,87,-0.07928260009823362
2025-12-31,Madhya Pradesh,Morena,476221,74,-0.08495003162280579
2025-12-31,Madhya Pradesh,Raisen,464886,50,-0.04555721526744638
2025-12-31,Madhya Pradesh,Rajgarh,465669,57,-0.046538855359331444
2025-12-31,Madhya Pradesh,Rajgarh,465687,35,-0.019148075878036797
2025-12-31,Madhya Pradesh,Rajgarh,465693,36,-0.0352428553145292
2025-12-31,Madhya Pradesh,Satna,485331,29,-0.04821797336218603
2025-12-31,Madhya Pradesh,Satna,485661,21,-0.02676612908817011
2025-12-31,Madhya Pradesh,Shahdol,484110,46,-0.003420059736781167
2025-12-31,Madhya Pradesh,Sheopur,476339,37,-0.00038510325494078845
2025-12-31,Madhya Pradesh,Shivpuri,473990,33,-0.03930967043499767
2025-12-31,Madhya Pradesh,Tikamgarh,472115,39,-0.02173547051051461
2025-12-31,Madhya Pradesh,Ujjain,456006,51,-0.04040803456410702
2025-12-31,Madhya Pradesh,Umaria,484661,89,-0.07213024147553182
2025-12-31,Maharashtra,Aurangabad,431001,74,-0.07162194646305386
2025-12-31,Maharashtra,Mumbai Suburban,400043,26,-0.040895751398361435
2025-12-31,Maharashtra,Nashik,423203,100,-0.07774424335540031
2025-12-31,Manipur,Churachandpur,795128,35,-0.05156935875867885
2025-12-31,Meghalaya,West Khasi Hills,793119,26,-0.0015867330684777858
2025-12-31,Punjab,Amritsar,143001,23,-0.04766179462333475
2025-12-31,Rajasthan,Banswara,327023,27,-0.017310105929368103
2025-12-31,Rajasthan,Barmer,344031,35,-0.014975720409390325
2025-12-31,Rajasthan,Barmer,344033,42,-0.039868282402329536
2025-12-31,Rajasthan,Barmer,344704,61,-0.06253119947275121
2025-12-31,Rajasthan,Bharatpur,321001,47,-0.03550183927359374
2025-12-31,Rajasthan,Bharatpur,321022,24,-0.012394080213403935
2025-12-31,Rajasthan,Bharatpur,321405,19,-0.0015811547273804072
2025-12-31,Rajasthan,Bhilwara,311001,54,-0.04899877489789661
2025-12-31,Rajasthan,Bikaner,331803,48,-0.03231340950208039
2025-12-31,Rajasthan,Bundi,323024,32,-0.03169566333946028
2025-12-31,Rajasthan,Chittorgarh,312023,45,-0.05088386773982079
2025-12-31,Rajasthan,Chittorgarh,312601,21,-0.00708477995113399
2025-12-31,Rajasthan,Jaipur,302001,21,-0.005100658870354269
2025-12-31,Rajasthan,Jaipur,302012,79,-0.07416686407278938
2025-12-31,Rajasthan,Jaipur,302020,28,-0.04396440742916419
2025-12-31,Rajasthan,Jodhpur,342312,35,-0.008896248699710396
2025-12-31,Rajasthan,Karauli,322230,43,-0.05653191776991151
2025-12-31,Rajasthan,Nagaur,341508,37,-0.04860826945042507
2025-12-31,Rajasthan,Sawai Madhopur,322201,39,-0.031142463599367898
2025-12-31,Rajasthan,Tonk,304001,39,-0.025796192011320107
2025-12-31,Telangana,Hyderabad,500053,45,-0.056265315220699885
2025-12-31,Uttar Pradesh,Agra,282001,75,-0.10762413920813185
2025-12-31,Uttar Pradesh,Agra,282005,23,-0.03432584672764272
2025-12-31,Uttar Pradesh,Agra,282006,50,-0.046222492853883135
2025-12-31,Uttar Pradesh,Agra,282007,44,-0.043771949419206035
2025-12-31,Uttar Pradesh,Ambedkar Nagar,224122,30,-0.0007023449436488471
2025-12-31,Uttar Pradesh,Amroha,244221,61,-0.08030990734861898
2025-12-31,Uttar Pradesh,Auraiya,206122,23,-0.00602751720118222
2025-12-31,Uttar Pradesh,Bahraich,271830,18,-0.029513255269458583
2025-12-31,Uttar Pradesh,Bahraich,271865,80,-0.09181071917329742
2025-12-31,Uttar Pradesh,Balrampur,271306,29,-0.01828939621806036
2025-12-31,Uttar Pradesh,Bareilly,243301,33,-0.02546866511510415
2025-12-31,Uttar Pradesh,Bareilly,243402,20,-0.0019263201794651463
2025-12-31,Uttar Pradesh,Bareilly,243503,45,-0.08196030107391461
2025-12-31,Uttar Pradesh,Basti,272131,31,-0.05255937157230861
2025-12-31,Uttar Pradesh,Basti,272163,27,-0.046378256507846216
2025-12-31,Uttar Pradesh,Bijnor,246763,27,-0.012875431471486065
2025-12-31,Uttar Pradesh,Budaun,243635,34,-0.027857184939712787
2025-12-31,Uttar Pradesh,Budaun,243638,35,-0.06902504573474388
2025-12-31,Uttar Pradesh,Bulandshahr,245405,30,-0.0011626404882080221
2025-12-31,Uttar Pradesh,Chitrakoot,210207,60,-0.043282834749741816
2025-12-31,Uttar Pradesh,Etah,207247,31,-0.0023311335635783914
2025-12-31,Uttar Pradesh,Gautam Buddha Nagar,201301,81,-0.11403992901909688
2025-12-31,Uttar Pradesh,Gautam Buddha Nagar,201306,31,-0.020495071158127764
2025-12-31,Uttar Pradesh,Ghaziabad,201001,64,-0.07416686407278938
2025-12-31,Uttar Pradesh,Ghaziabad,201206,29,-0.026900807276856287
2025-12-31,Uttar Pradesh,Ghaziabad,245304,25,-0.012394080213403935
2025-12-31,Uttar Pradesh,Gonda,271312,64,-0.04426139512893823
2025-12-31,Uttar Pradesh,Hapur,245101,90,-0.062103814854884476
2025-12-31,Uttar Pradesh,Hardoi,241001,62,-0.09076785986380997
2025-12-31,Uttar Pradesh,Hardoi,241204,38,-0.060629855589156234
2025-12-31,Uttar Pradesh,Hardoi,241402,28,-0.017729606781504037
2025-12-31,Uttar Pradesh,Jaunpur,222139,22,-0.02982581464637246
2025-12-31,Uttar Pradesh,Jaunpur,222161,36,-0.004005886584748208
2025-12-31,Uttar Pradesh,Jhansi,284002,27,-0.047852883201862206
2025-12-31,Uttar Pradesh,Kanpur Nagar,209402,49,-0.08144535742707726
2025-12-31,Uttar Pradesh,Kheri,261501,34,-0.04076993503233595
2025-12-31,Uttar Pradesh,Kushinagar,274306,39,-0.007346543077265344
2025-12-31,Uttar Pradesh,Lalitpur,284405,33,-0.010978687644542351
2025-12-31,Uttar Pradesh,Lucknow,226017,44,-0.02942215522055891
2025-12-31,Uttar Pradesh,Mainpuri,205001,62,-0.07009912323048895
2025-12-31,Uttar Pradesh,Meerut,250104,24,-0.02926982136222378
2025-12-31,Uttar Pradesh,Mirzapur,231211,30,-2.8820725781253387e-05
2025-12-31,Uttar Pradesh,Moradabad,202411,31,-0.0022150476256018736
2025-12-31,Uttar Pradesh,Muzaffarnagar,251318,19,-0.019548648968884308
2025-12-31,Uttar Pradesh,Rampur,244922,46,-0.06202939684415343
2025-12-31,Uttar Pradesh,Saharanpur,247001,100,-0.10815680105373704
2025-12-31,Uttar Pradesh,Saharanpur,247341,33,-0.03953555636198591
2025-12-31,Uttar Pradesh,Sambhal,202421,62,-0.08008514773794195
2025-12-31,Uttar Pradesh,Sambhal,244302,75,-0.08495003162280579
2025-12-31,Uttar Pradesh,Shahjahanpur,242221,42,-0.06942650297174824
2025-12-31,Uttar Pradesh,Shrawasti,271831,45,-0.06929546591931024
2025-12-31,Uttar Pradesh,Shrawasti,271840,28,-0.019414119512872308
2025-12-31,Uttar Pradesh,Siddharthnagar,272152,35,-0.024090994095642637
2025-12-31,Uttar Pradesh,Siddharthnagar,272192,33,-0.04834509094981776
2025-12-31,Uttar Pradesh,Siddharthnagar,272205,36,-0.05179988556640924
2025-12-31,Uttar Pradesh,Siddharthnagar,272208,22,-0.02982581464637246
2025-12-31,Uttar Pradesh,Sultanpur,222302,33,-0.013586718142039489
2025-12-31,Uttar Pradesh,Unnao,209801,90,-0.06310786050833073
2025-12-31,Uttar Pradesh,Unnao,241503,25,-0.013330814482791387
2025-12-31,Uttar Pradesh,Unnao,241504,58,-0.05660578398426375
2025-12-31,West Bengal,Malda,732201,56,-0.05461662347949581
2025-12-31,West Bengal,Murshidabad,742202,66,-0.05842273273379084
2025-12-31,West Bengal,Murshidabad,742303,36,-0.022464262416697744
2025-12-31,West Bengal,South 24 Parganas,743329,75,-0.08546734728658945
2025-12-31,West Bengal,Uttar Dinajpur,733201,60,-0.08030990734861898
2025-12-31,West Bengal,Uttar Dinajpur,733207,45,-0.04230559763616204
2025-03-02,Meghalaya,East Khasi Hills,793121,109,-0.12473650751692833
2025-03-09,Karnataka,Bengaluru Urban,560043,86,-0.11985484850896477
2025-03-09,Uttar Pradesh,Kanpur Nagar,208001,123,-0.1395611128795149
2025-03-09,Uttar Pradesh,Aligarh,202133,106,-0.137900529373556
2025-03-09,Karnataka,Bengaluru Urban,560016,51,-0.10220761515749865
2025-03-09,Bihar,Sitamarhi,843331,81,-0.12964798298622116
2025-03-09,Bihar,Sitamarhi,843330,89,-0.12310598386886029
2025-03-09,Uttar Pradesh,Bahraich,271865,100,-0.1362433130333992
2025-03-09,Uttar Pradesh,Firozabad,283204,64,-0.12800750033748975
2025-03-09,Bihar,Purbi Champaran,845418,88,-0.137900529373556
2025-03-09,Uttar Pradesh,Maharajganj,273164,114,-0.1395611128795149
2025-03-09,Bihar,Sitamarhi,843317,145,-0.1395611128795149
2025-03-09,Maharashtra,Aurangabad,431001,100,-0.14122507039275156
2025-03-09,Uttar Pradesh,Ghaziabad,201102,174,-0.1473552253844327
2025-03-09,Haryana,Faridabad,121004,150,-0.1490350191336801
2025-03-09,Karnataka,Bengaluru Urban,560068,66,-0.10432574775981995
2025-03-09,Bihar,Madhubani,847108,160,-0.12964798298622116
2025-03-09,Karnataka,Bengaluru Urban,560032,45,-0.11071464880487669
2025-03-09,Rajasthan,Sikar,332001,94,-0.14011539015597885
2025-03-09,Bihar,Bhagalpur,812005,71,-0.12039578828515807
2025-03-09,Punjab,Amritsar,143001,49,-0.10220761515749865
2025-03-09,Haryana,Gurugram,122001,50,-0.10911255728501335
2025-03-09,Delhi,West Delhi,110018,55,-0.11769474561709847
2025-03-09,Madhya Pradesh,Bhind,477116,66,-0.12473650751692833
2025-03-09,Madhya Pradesh,Gwalior,475110,70,-0.1241926318628046
2025-03-09,Madhya Pradesh,Katni,483501,106,-0.1445631348764933
2025-03-09,Delhi,West Delhi,110059,177,-0.14959570849438542
2025-03-09,Bihar,Purbi Champaran,845304,102,-0.12746141232289776
2025-03-09,West Bengal,Coochbehar,736135,50,-0.10485617720378848
2025-03-09,Uttar Pradesh,Lucknow,226003,142,-0.13514036941540308
2025-03-09,West Bengal,Dinajpur Uttar,733129,71,-0.12364912406304895
2025-03-15,Assam,Marigaon,782104,67,-0.08546734728658945
2025-03-15,Assam,Kokrajhar,783350,44,-0.0875401135835493
2025-03-15,Uttar Pradesh,Agra,282005,93,-0.10804630143509097
2025-03-15,Uttarakhand,Haridwar,247667,60,-0.10115069656738918
2025-03-15,Uttar Pradesh,Ghaziabad,201001,174,-0.13348874985263548
2025-03-15,Uttar Pradesh,Ghaziabad,201206,57,-0.10538696565049432
2025-03-15,Assam,Nagaon,782124,56,-0.10273661101701781
2025-03-15,Delhi,West Delhi,110059,76,-0.12093709417764187
2025-03-15,Uttar Pradesh,Gautam Buddha Nagar,201301,199,-0.14011539015597885
2025-03-15,Uttar Pradesh,Maharajganj,273164,79,-0.10804630143509097
2025-03-15,Maharashtra,Parbhani,431401,68,-0.10115069656738918
2025-03-15,Uttar Pradesh,Ghaziabad,201102,195,-0.12473650751692833
2025-03-15,Assam,Marigaon,782105,182,-0.11500282495330949
2025-03-15,Meghalaya,West Khasi Hills,793119,192,-0.1117845178335034
2025-03-15,Bihar,Purbi Champaran,845303,146,-0.11071464880487669
2025-03-15,Assam,Marigaon,782127,48,-0.09222439890303946
2025-03-15,Uttar Pradesh,Gautam Buddha Nagar,201009,75,-0.12093709417764187
2025-03-15,Bihar,Sitamarhi,843324,155,-0.13184047927947895
2025-03-15,Assam,Kokrajhar,783360,58,-0.11339203829705091
2025-03-15,Delhi,North West Delhi,110086,60,-0.1144655327482168
2025-03-15,Uttar Pradesh,Agra,282001,182,-0.1362433130333992
2025-03-15,Meghalaya,West Jaintia Hills,793150,139,-0.12800750033748975
2025-03-15,Uttar Pradesh,Agra,282010,78,-0.10644962052419682
2025-03-15,Uttar Pradesh,Ghaziabad,201002,89,-0.11339203829705091
2025-03-15,Bihar,Madhubani,847421,84,-0.11554048080596113
2025-03-15,Uttar Pradesh,Unnao,209801,130,-0.11877406631511522
2025-03-15,Bihar,Sitamarhi,843331,63,-0.11124940235451097
2025-03-20,Assam,Dibrugarh,786602,36,-0.07467688152431873
2025-03-20,Assam,Udalguri,784509,90,-0.10326596490900253
2025-03-20,Assam,Chirang,783390,56,-0.09170251305683774
2025-03-20,Assam,Kamrup,781354,46,-0.08598501307750395
2025-03-20,Assam,Dhubri,783331,78,-0.10591811334291612
2025-03-20,Uttar Pradesh,Jaunpur,222001,151,-0.11715563271132345
2025-03-20,Maharashtra,Thane,421503,47,-0.08857860223865521
2025-03-20,Karnataka,Bengaluru Urban,560037,53,-0.0927466379695413
2025-03-20,Assam,Dhemaji,787057,85,-0.11392860394472704
2025-03-20,Uttar Pradesh,Agra,283125,66,-0.11018025693980671
2025-03-20,Assam,Kokrajhar,783360,136,-0.12910078541891545
2025-03-20,Gujarat,Banas Kantha,385545,63,-0.10538696565049432
2025-03-20,Bihar,Sitamarhi,843324,126,-0.1307434894264693
2025-03-20,Karnataka,Bengaluru Urban,560068,92,-0.11931427460143651
2025-03-20,Uttar Pradesh,Firozabad,283203,127,-0.13293895455392246
2025-03-20,Madhya Pradesh,Gwalior,474001,116,-0.12637034409604453
2025-03-20,Uttar Pradesh,Agra,282001,232,-0.1345894570314411
2025-03-20,Maharashtra,Aurangabad,431001,190,-0.13293895455392246
2025-03-20,Assam,Dhubri,783348,163,-0.10751371432672963
2025-03-20,Assam,Tinsukia,786156,65,-0.09641222170530883
2025-03-20,Andhra Pradesh,Spsr Nellore,524311,51,-0.08754011358354918
2025-03-20,Karnataka,Bengaluru Urban,560035,39,-0.07672040554340476
2025-03-20,Uttar Pradesh,Unnao,209821,73,-0.10804630143509097
2025-03-20,Assam,Marigaon,782104,88,-0.11285583555956524
2025-03-20,Assam,Barpeta,783101,68,-0.1117845178335034
2025-03-20,Assam,Kokrajhar,783350,102,-0.12256321103160595
2025-03-20,Karnataka,Bengaluru Urban,560036,53,-0.10538696565049432
2025-03-20,Assam,Dhubri,783334,93,-0.12637034409604453
2025-03-20,Gujarat,Banas Kantha,385310,123,-0.12910078541891534
2025-03-20,Bihar,Sitamarhi,843330,41,-0.07467688152431873
2025-03-20,Assam,Sonitpur,784110,81,-0.09379217671986673
2025-03-20,Assam,Baksa,781366,38,-0.08030990734861898
2025-03-20,Assam,Tinsukia,786152,54,-0.09851464872925653
2025-03-20,Assam,Tinsukia,786151,62,-0.09851464872925653
2025-03-20,Uttar Pradesh,Bahraich,271855,95,-0.11554048080596102
2025-03-20,Gujarat,Banas Kantha,385330,83,-0.1117845178335034
2025-03-20,Karnataka,Bengaluru Urban,560043,93,-0.11661688443859586
2025-03-20,Punjab,Ludhiana,141007,131,-0.11607850055229352
2025-03-20,Gujarat,Patan,384265,143,-0.11715563271132345
2025-03-20,Assam,Tinsukia,786171,79,-0.10485617720378848
2025-03-20,Uttar Pradesh,Bahraich,271865,80,-0.10273661101701781
2025-03-20,Tamil Nadu,Kanchipuram,600069,34,-0.07620900593911517
2025-03-20,Bihar,Patna,800001,80,-0.10115069656738906
2025-03-20,Assam,Lakhimpur,787031,101,-0.11661688443859586
2025-03-20,Assam,Bongaigaon,783384,89,-0.11661688443859586
2025-03-20,Assam,Dhubri,783339,82,-0.11985484850896477
2025-03-20,Gujarat,Vadodara,390019,89,-0.122020805302821
2025-03-20,Uttarakhand,Nainital,263139,75,-0.1144655327482168
2025-03-20,Meghalaya,West Jaintia Hills,793150,160,-0.11392860394472704
2025-03-20,Gujarat,Banas Kantha,385001,111,-0.11715563271132345
2025-03-20,Uttarakhand,Dehradun,248001,176,-0.13184047927947895
2025-03-20,Karnataka,Bengaluru Urban,560066,43,-0.08754011358354918
2025-03-20,Uttar Pradesh,Agra,283111,48,-0.09222439890303935
2025-03-20,Assam,Tinsukia,786174,95,-0.12039578828515807
2025-03-20,Assam,Hojai,782446,89,-0.12147876643420918
2025-03-20,Karnataka,Bengaluru Urban,560100,52,-0.10538696565049432
2025-03-20,Andhra Pradesh,Spsr Nellore,524002,65,-0.11554048080596102
2025-03-20,Karnataka,Bengaluru Urban,560077,59,-0.10538696565049432
2025-03-20,Assam,Marigaon,782105,161,-0.13403891726119188
2025-03-23,Uttar Pradesh,Jaunpur,222001,108,-0.1395611128795149
2025-03-23,Meghalaya,West Khasi Hills,793119,103,-0.14122507039275156
2025-03-23,Madhya Pradesh,Gwalior,474001,47,-0.09746272398071487
2025-03-23,Meghalaya,East Khasi Hills,793015,137,-0.09641222170530894
2025-03-23,Uttar Pradesh,Bahraich,271865,96,-0.12093709417764187
2025-03-23,Bihar,Sitamarhi,843324,85,-0.1367953447723267
2025-03-27,Gujarat,Dohad,389180,61,-0.0911809801920328
2025-03-27,Madhya Pradesh,Bhind,477116,43,-0.08598501307750395
2025-03-27,Uttar Pradesh,Kanpur Nagar,208001,85,-0.10964622651467315
2025-03-27,Gujarat,Banas Kantha,385330,62,-0.09431547688230557
2025-03-27,Uttar Pradesh,Agra,283201,46,-0.09222439890303935
2025-03-27,Gujarat,Patan,384265,47,-0.09379217671986673
2025-03-27,Gujarat,Morbi,363641,71,-0.10857924900652993
2025-03-27,Chhattisgarh,Raipur,492001,100,-0.11661688443859586
2025-03-27,Uttar Pradesh,Maharajganj,273164,89,-0.10326596490900253
2025-03-27,Uttar Pradesh,Gorakhpur,273001,60,-0.10115069656738906
2025-03-27,Uttar Pradesh,Agra,282006,66,-0.10326596490900253
2025-03-27,Uttar Pradesh,Bulandshahr,203205,61,-0.10432574775981995
2025-03-27,Uttar Pradesh,Mathura,281204,71,-0.10857924900652993
2025-03-27,Bihar,Pashchim Champaran,845307,126,-0.12147876643420918
2025-03-27,Gujarat,Banas Kantha,385001,68,-0.10804630143509097
2025-03-27,Bihar,Sitamarhi,843324,120,-0.12910078541891534
2025-03-27,Chhattisgarh,Bijapur,494444,100,-0.11500282495330949
2025-03-27,Jharkhand,Deoghar,815353,55,-0.0911809801920328
2025-03-27,Bihar,Madhubani,847108,86,-0.10379567707577464
2025-03-27,Bihar,Sitamarhi,843330,83,-0.09379217671986673
2025-03-27,Gujarat,Dohad,389170,49,-0.08754011358354918
2025-03-27,Maharashtra,Aurangabad,431001,55,-0.09536313997948875
2025-03-27,Chhattisgarh,Bijapur,494447,60,-0.0995679978770887
2025-03-27,Bihar,Sitamarhi,843317,78,-0.11877406631511522
2025-03-27,Gujarat,Banas Kantha,385535,142,-0.13569165466526878
2025-03-27,Uttar Pradesh,Mathura,281201,50,-0.08754011358354918
2025-03-27,Uttar Pradesh,Jaunpur,222001,75,-0.11661688443859586
2025-03-27,Bihar,Muzaffarpur,842002,74,-0.11715563271132345
2025-03-27,Gujarat,Banas Kantha,385120,69,-0.1117845178335034
2025-03-27,Gujarat,Banas Kantha,385320,85,-0.11018025693980671
2025-03-27,Uttar Pradesh,Banda,210001,66,-0.11392860394472704
2025-03-27,Uttar Pradesh,Agra,282001,95,-0.12637034409604453
2025-03-27,Madhya Pradesh,Gwalior,475110,94,-0.1241926318628046
2025-03-27,Gujarat,Kachchh,370001,56,-0.10538696565049432
2025-03-27,Uttar Pradesh,Aligarh,202001,156,-0.13569165466526878
2025-03-28,Meghalaya,East Khasi Hills,793121,54,-0.10337579370935235
2025-03-28,Meghalaya,West Khasi Hills,793119,137,-0.11888607134680484
2025-03-29,Meghalaya,Ri Bhoi,793105,67,-0.11285583555956524
2025-04-01,Assam,Darrang,784116,250,-0.15308462619569296
2025-04-01,Assam,Kamrup,781102,194,-0.1480308721442687
2025-04-01,Madhya Pradesh,Ashok Nagar,473335,176,-0.14467875885403314
2025-04-01,West Bengal,Darjeeling,734010,147,-0.1480308721442687
2025-04-01,Assam,North Cachar Hills,788831,77,-0.12484934925009838
2025-04-01,Meghalaya,East Khasi Hills,793112,130,-0.13856844938798696
2025-04-01,Maharashtra,Nanded,431806,92,-0.128120801084752
2025-04-01,Madhya Pradesh,Ashok Nagar,473443,213,-0.1480308721442687
2025-04-01,Assam,Jorhat,785112,80,-0.11350328807587384
2025-04-01,Gujarat,Gir Somnath,362265,164,-0.1358060337197351
2025-04-01,Maharashtra,Thane,421004,141,-0.1418957073514412
2025-04-01,Madhya Pradesh,Bhind,477116,234,-0.15252157707939573
2025-04-01,Assam,Sonitpur,784507,55,-0.11619012731880829
2025-04-01,Uttar Pradesh,Lucknow,226005,198,-0.15252157707939573
2025-04-01,Assam,Kamrup Metro,781025,125,-0.13967603492992986
2025-04-01,Assam,Goalpara,783120,115,-0.13912205481466045
2025-04-01,Bihar,Sitamarhi,843313,187,-0.14971203868631866
2025-04-01,Assam,Golaghat,785613,90,-0.13415306438920627
2025-04-01,Bihar,Sitamarhi,843315,245,-0.14971203868631866
2025-04-01,Gujarat,Patan,384240,94,-0.12866733538371444
2025-04-01,Gujarat,Vadodara,390022,132,-0.1358060337197351
2025-04-01,Maharashtra,Ahmadnagar,413201,96,-0.13085717411145836
2025-04-01,West Bengal,North 24 Parganas,700159,77,-0.1319543179036018
2025-04-01,Uttar Pradesh,Kanpur Nagar,208004,133,-0.14691198871100075
2025-04-01,Meghalaya,East Khasi Hills,793016,90,-0.11258827308738006
2025-04-01,Assam,Nagaon,782120,208,-0.1485908818829772
2025-04-01,Karnataka,Bengaluru,560047,173,-0.1253936693805655
2025-04-01,Assam,Udalguri,784507,232,-0.14023038998739012
2025-04-01,Rajasthan,Jalor,343049,95,-0.14134022594412154
2025-04-01,Uttar Pradesh,Bahraich,271824,137,-0.14691198871100075
2025-04-01,Assam,Baksa,781372,96,-0.13912205481466045
2025-04-01,Gujarat,Kheda,387001,156,-0.13635776950135403
2025-04-01,Gujarat,Vadodara,390001,131,-0.13635776950135403
2025-04-01,Assam,Nalbari,781334,76,-0.128120801084752
2025-04-01,Punjab,Ludhiana,141012,84,-0.13470368141597255
2025-04-01,Gujarat,Kheda,387430,48,-0.09337765646725193
2025-04-01,Assam,Dibrugarh,786614,36,-0.08262682525370679
2025-04-01,Assam,Kokrajhar,783350,144,-0.14971203868631866
2025-04-01,Gujarat,Vadodara,390020,64,-0.11888607134680484
2025-04-01,Delhi,Central Delhi,110003,133,-0.1457946182962524
2025-04-01,Gujarat,Sabarkantha,383422,115,-0.14300779829539956
2025-04-01,Assam,Cachar,788005,126,-0.14691198871100075
2025-04-01,Assam,Lakhimpur,787055,201,-0.1491512706448176
2025-04-01,Gujarat,Banaskantha,385555,81,-0.12648341510333883
2025-04-01,Assam,Kamrup Metro,781011,67,-0.10937974801543804
2025-04-01,Karnataka,Bengaluru,560029,142,-0.13635776950135403
2025-04-01,Gujarat,Rajkot,360022,95,-0.12757463643835198
2025-04-01,Gujarat,Rajkot,360370,174,-0.1358060337197351
2025-04-01,Assam,Hojai,782442,165,-0.1452364998313429
2025-04-01,Assam,Chirang,783394,84,-0.1253936693805655
2025-04-01,Gujarat,Banaskantha,385530,79,-0.1297615139402417
2025-04-01,Assam,Dibrugarh,786191,46,-0.10020459105549362
2025-04-01,Assam,Dibrugarh,786610,53,-0.09720036018423672
2025-04-01,Madhya Pradesh,Guna,473101,153,-0.14412139510900646
2025-04-01,Nagaland,Kohima,797005,143,-0.1480308721442687
2025-04-01,Karnataka,Bengaluru,560103,128,-0.14356440834111905
2025-04-01,Assam,Udalguri,784525,122,-0.1358060337197351
2025-04-01,Gujarat,Gir Somnath,362275,149,-0.13635776950135403
2025-04-01,Uttar Pradesh,Kanpur Nagar,208003,78,-0.13305294732562634
2025-04-01,Rajasthan,Jalor,343040,197,-0.1485908818829772
2025-04-01,Uttar Pradesh,Kanpur Nagar,208007,191,-0.15252157707939573
2025-04-01,Assam,Kamrup Metro,781009,72,-0.12159115101288598
2025-04-01,Assam,Hojai,782439,115,-0.14747124117233712
2025-04-01,Gujarat,Bharuch,393001,211,-0.15083471363528544
2025-04-01,Uttar Pradesh,Jaunpur,223104,254,-0.1485908818829772
2025-04-01,West Bengal,Jhargram,721517,62,-0.11403992901909688
2025-04-01,Gujarat,Chhotaudepur,391152,54,-0.11082552286917657
2025-04-01,Gujarat,Vadodara,390009,93,-0.13085717411145836
2025-04-01,Maharashtra,Mumbai Suburban,400058,105,-0.12866733538371444
2025-04-01,Assam,Hailakandi,788155,131,-0.14691198871100075
2025-04-01,Gujarat,Panchmahals,389341,95,-0.1319543179036018
2025-04-01,Assam,West Karbi Anglong,782485,146,-0.1418957073514412
2025-04-01,Assam,South Salmara Mankachar,783135,157,-0.1457946182962524
2025-04-01,Jharkhand,Ranchi,834002,240,-0.1485908818829772
2025-04-01,Uttar Pradesh,Kanpur Dehat,209306,318,-0.15252157707939573
2025-04-01,Maharashtra,Nanded,431604,203,-0.1457946182962524
2025-04-01,Gujarat,Surat,395003,189,-0.1452364998313429
2025-04-01,West Bengal,Darjeeling,734014,132,-0.1452364998313429
2025-04-01,Punjab,Kapurthala,144401,226,-0.15027318626418262
2025-04-01,Assam,Kamrup Metro,781034,67,-0.10778036327440943
2025-04-01,Maharashtra,Thane,400607,128,-0.138015218396486
2025-04-01,Rajasthan,Nagaur,341025,182,-0.14691198871100075
2025-04-01,Assam,Bongaigaon,783380,130,-0.1457946182962524
2025-04-01,Assam,Kamrup Metro,782402,81,-0.12921423958542577
2025-04-01,Assam,Chirang,783375,234,-0.15252157707939573
2025-04-01,Rajasthan,Sikar,332709,180,-0.1418957073514412
2025-04-01,Gujarat,Mahesana,384001,160,-0.13470368141597255
2025-04-01,Assam,Golaghat,785611,122,-0.14747124117233712
2025-04-01,Assam,Kamrup,781380,117,-0.1319543179036018
2025-04-01,Assam,Nalbari,781337,49,-0.08935878251334184
2025-04-01,Tamil Nadu,Kancheepuram,600100,214,-0.14691198871100075
2025-04-01,Uttar Pradesh,Varanasi,221011,163,-0.15195890878558116
2025-04-01,Assam,Marigaon,782127,209,-0.1485908818829772
2025-04-01,Assam,Udalguri,784514,118,-0.1457946182962524
2025-04-01,Meghalaya,North Garo Hills,794110,182,-0.1297615139402417
2025-04-01,Gujarat,Gandhinagar,382305,139,-0.12757463643835198
2025-04-01,Assam,Cachar,788009,88,-0.1297615139402417
2025-04-01,Gujarat,Banaskantha,385320,244,-0.15139662105667695
2025-04-01,Gujarat,Banaskantha,385545,219,-0.15308462619569296
2025-04-01,Assam,Cachar,788030,202,-0.15139662105667695
2025-04-01,Assam,Tinsukia,786174,104,-0.138015218396486
2025-04-01,Haryana,Gurgaon,122002,129,-0.1480308721442687
2025-04-01,Assam,Charaideo,785690,104,-0.12050802089094481
2025-04-01,Madhya Pradesh,Morena,476221,198,-0.14971203868631866
2025-04-01,Maharashtra,Nagpur,440027,105,-0.13085717411145836
2025-04-01,Telangana,Hyderabad,500013,114,-0.12267574778895729
2025-04-01,Madhya Pradesh,Dhar,454010,79,-0.12484934925009838
2025-04-01,Gujarat,Chhotaudepur,391170,47,-0.10178858318873707
2025-04-01,Gujarat,Devbhumi Dwarka,361310,83,-0.1314055604294183
2025-04-01,Gujarat,Tapi,394370,93,-0.12757463643835198
2025-04-01,Meghalaya,South West Khasi Hills,793119,193,-0.1452364998313429
2025-04-01,Chhattisgarh,Bijapur,494447,215,-0.15308462619569296
2025-04-01,Assam,Jorhat,785635,117,-0.14245156471704912
2025-04-01,Uttar Pradesh,Bahraich,271903,257,-0.15252157707939573
2025-04-01,Assam,Cachar,788118,49,-0.09300828295662422
2025-04-01,Assam,Golaghat,785603,158,-0.1418957073514412
2025-04-01,Meghalaya,West Garo Hills,794101,181,-0.14300779829539956
2025-04-01,Gujarat,Sabarkantha,383205,93,-0.12757463643835198
2025-04-01,Assam,Sonitpur,784110,227,-0.15308462619569296
2025-04-01,Assam,Nagaon,782136,100,-0.1457946182962524
2025-04-01,Karnataka,Bengaluru,560048,144,-0.1418957073514412
2025-04-01,Uttar Pradesh,Kanpur Nagar,209402,150,-0.15083471363528544
2025-04-01,West Bengal,Jalpaiguri,735132,99,-0.13085717411145836
2025-04-01,Gujarat,Gandhinagar,382006,47,-0.10337579370935235
2025-04-01,Madhya Pradesh,Jabalpur,482003,159,-0.13525467110874012
2025-04-01,Meghalaya,South Garo Hills,794107,110,-0.14078512024080791
2025-04-01,Assam,Bongaigaon,783381,36,-0.07988532317393471
2025-04-01,Gujarat,Porbandar,360579,92,-0.12484934925009838
2025-04-01,Assam,Sibsagar,785686,102,-0.12321859679280545
2025-04-01,Assam,Cachar,788002,119,-0.14300779829539956
2025-04-01,Madhya Pradesh,Shivpuri,473880,125,-0.1480308721442687
2025-04-01,Rajasthan,Jaipur,302001,180,-0.14691198871100075
2025-04-01,Gujarat,Sabarkantha,383255,121,-0.14078512024080791
2025-04-01,Assam,Jorhat,785630,76,-0.12648341510333883
2025-04-01,Gujarat,Jamnagar,361006,165,-0.14023038998739012
2025-04-01,Telangana,K.v. Rangareddy,500032,54,-0.11457693316909479
2025-04-01,West Bengal,Alipurduar,735204,70,-0.12267574778895729
2025-04-01,Assam,Baksa,781344,76,-0.1319543179036018
2025-04-01,Uttar Pradesh,Kanpur Nagar,209401,136,-0.14467875885403314
2025-04-01,Delhi,South West Delhi,110061,81,-0.13360281977638588
2025-04-01,Gujarat,Surat,395005,161,-0.1374623615869055
2025-04-01,Assam,Kamrup Metro,782403,71,-0.11996700520538883
2025-04-01,Assam,Kamrup Metro,781012,80,-0.1253936693805655
2025-04-01,Uttar Pradesh,Gonda,271311,118,-0.14691198871100075
2025-04-01,Gujarat,Rajkot,360055,157,-0.13360281977638588
2025-04-01,Gujarat,Morbi,363650,111,-0.12267574778895729
2025-04-01,Rajasthan,Bundi,323022,110,-0.14691198871100075
2025-04-01,Assam,Dhubri,783337,112,-0.14635311450425093
2025-04-01,Gujarat,Gandhinagar,382016,75,-0.12321859679280545
2025-04-01,Gujarat,Kachchh,370165,212,-0.14971203868631866
2025-04-01,Jharkhand,Dumka,814119,89,-0.13690987870616467
2025-04-01,Meghalaya,West Jaintia Hills,793161,158,-0.14134022594412154
2025-04-01,Punjab,Ludhiana,141010,244,-0.15252157707939573
2025-04-01,Gujarat,Patan,384245,131,-0.13305294732562634
2025-04-01,Assam,Cachar,788116,146,-0.15027318626418262
2025-04-01,Karnataka,Bengaluru,560087,193,-0.14635311450425093
2025-04-01,Madhya Pradesh,Ashok Nagar,473446,142,-0.1480308721442687
2025-04-01,Gujarat,Dahod,389140,131,-0.15027318626418262
2025-04-01,Delhi,South West Delhi,110037,202,-0.1485908818829772
2025-04-01,Assam,Nalbari,781335,56,-0.09179315589166503
2025-04-01,Nagaland,Phek,797108,206,-0.1485908818829772
2025-04-01,Gujarat,Banaskantha,385575,200,-0.15139662105667695
2025-04-01,Madhya Pradesh,Raisen,464886,173,-0.1457946182962524
2025-04-01,Gujarat,Kheda,387620,201,-0.14635311450425093
2025-04-01,Karnataka,Bengaluru,560102,95,-0.12921423958542577
2025-04-01,Gujarat,Kachchh,370145,63,-0.12213326594509466
2025-04-01,Uttar Pradesh,Kheri,262907,138,-0.14691198871100075
2025-04-01,Assam,Kamrup,781123,87,-0.1374623615869055
2025-04-01,Tripura,Unakoti,799263,50,-0.10390558020993157
2025-04-01,Bihar,Madhubani,847232,271,-0.14971203868631866
2025-04-01,Madhya Pradesh,Chhatarpur,471625,154,-0.1457946182962524
2025-04-01,Assam,Kamrup Metro,781020,84,-0.12702884119449698
2025-04-01,Madhya Pradesh,Bhopal,462003,172,-0.13912205481466045
2025-04-01,Assam,Udalguri,784509,285,-0.15308462619569296
2025-04-01,Gujarat,Surat,394230,116,-0.14467875885403314
2025-04-01,Punjab,Ludhiana,142026,131,-0.13085717411145836
2025-04-01,Punjab,Amritsar,143110,108,-0.13635776950135403
2025-04-01,Maharashtra,Mumbai Suburban,400070,191,-0.14691198871100075
2025-04-01,Rajasthan,Dungarpur,314030,162,-0.14971203868631866
2025-04-01,Madhya Pradesh,Khargone,451335,64,-0.12213326594509466
2025-04-01,Gujarat,Panchmahals,389115,142,-0.12757463643835198
2025-04-01,Assam,Cachar,788011,49,-0.11136035146006862
2025-04-01,Assam,Charaideo,785689,90,-0.10390558020993157
2025-04-01,Meghalaya,South Garo Hills,794103,273,-0.1418957073514412
2025-04-01,Bihar,Patna,800014,136,-0.1418957073514412
2025-04-01,Telangana,K.v. Rangareddy,500005,158,-0.12648341510333883
2025-04-01,Uttar Pradesh,Agra,283201,218,-0.14971203868631866
2025-04-01,Uttar Pradesh,Mainpuri,205261,134,-0.14691198871100075
2025-04-01,Assam,Lakhimpur,784160,137,-0.1418957073514412
2025-04-01,Assam,Cachar,788003,95,-0.13635776950135403
2025-04-01,Assam,Jorhat,785001,102,-0.14300779829539956
2025-04-01,Jharkhand,Godda,814153,136,-0.14691198871100075
2025-04-01,Meghalaya,East Khasi Hills,793004,143,-0.1485908818829772
2025-04-01,Assam,Golaghat,785702,195,-0.15308462619569296
2025-04-01,Tripura,West Tripura,799045,125,-0.1452364998313429
2025-04-01,Assam,Cachar,788114,139,-0.1480308721442687
2025-04-01,Telangana,Medchal-malkajgiri,500072,116,-0.1418957073514412
2025-04-01,Assam,Darrang,784514,114,-0.14747124117233712
2025-04-01,Gujarat,Gandhinagar,382610,40,-0.08920621445541355
2025-04-01,Gujarat,Patan,385360,141,-0.1457946182962524
2025-04-01,Madhya Pradesh,Katni,483332,143,-0.13085717411145836
2025-04-01,Gujarat,Patan,384151,180,-0.13690987870616467
2025-04-01,Assam,Barpeta,781313,124,-0.1457946182962524
2025-04-01,Assam,Sibsagar,785640,152,-0.14635311450425093
2025-04-01,Assam,Marigaon,782121,174,-0.14971203868631866
2025-04-01,Karnataka,Bengaluru,560092,101,-0.1297615139402417
2025-04-01,Assam,Dibrugarh,786001,109,-0.14245156471704912
2025-04-01,Gujarat,Dahod,389152,199,-0.15308462619569296
2025-04-01,Gujarat,Arvalli,383315,109,-0.1319543179036018
2025-04-01,Uttar Pradesh,Kheri,262903,170,-0.1485908818829772
2025-04-01,Gujarat,Surendra Nagar,363427,81,-0.12866733538371444
2025-04-01,Assam,Kamrup Metro,781007,42,-0.08711148855136508
2025-04-01,Gujarat,Panchmahals,389365,120,-0.14412139510900646
2025-04-01,Gujarat,Amreli,365560,164,-0.12921423958542577
2025-04-01,Assam,Baksa,781367,246,-0.15252157707939573
2025-04-01,Rajasthan,Alwar,301405,188,-0.14691198871100075
2025-04-01,Assam,Cachar,788120,176,-0.14691198871100075
2025-04-01,Maharashtra,Hingoli,431701,164,-0.12757463643835198
2025-04-01,Rajasthan,Jaipur,303012,192,-0.1457946182962524
2025-04-01,Uttar Pradesh,Kanpur Dehat,209204,162,-0.15083471363528544
2025-04-01,Gujarat,Gir Somnath,362150,190,-0.14023038998739012
2025-04-01,Tamil Nadu,Madurai,625017,115,-0.12267574778895729
2025-04-01,Gujarat,Dahod,389382,102,-0.12267574778895729
2025-04-01,Madhya Pradesh,Dhar,454660,138,-0.14078512024080791
2025-04-01,Gujarat,Valsad,396001,166,-0.13470368141597255
2025-04-01,Assam,Baksa,781315,164,-0.1452364998313429
2025-04-01,Assam,Cachar,788101,137,-0.1480308721442687
2025-04-01,Bihar,East Champaran,845305,202,-0.14971203868631866
2025-04-01,Assam,Tinsukia,786183,67,-0.11189554203110774
2025-04-01,Assam,Udalguri,784114,112,-0.13967603492992986
2025-04-01,Assam,Baksa,781368,147,-0.1457946182962524
2025-04-01,Assam,Tinsukia,786125,195,-0.1452364998313429
2025-04-01,West Bengal,Darjeeling,734013,80,-0.13030915869868764
2025-04-01,Uttar Pradesh,Gorakhpur,273007,203,-0.1485908818829772
2025-04-01,Gujarat,Surendra Nagar,363310,239,-0.15139662105667695
2025-04-01,Uttar Pradesh,Bahraich,271870,99,-0.13912205481466045
2025-04-01,Assam,Darrang,784146,173,-0.15139662105667695
2025-04-01,Gujarat,Gir Somnath,362550,109,-0.1418957073514412
2025-04-01,Assam,Biswanath,784176,163,-0.15139662105667695
2025-04-01,Assam,Marigaon,782105,205,-0.15083471363528544
2025-04-01,Gujarat,Kheda,387630,101,-0.12866733538371444
2025-04-01,Gujarat,Sabarkantha,383270,171,-0.15252157707939573
2025-04-01,Assam,Darrang,784115,297,-0.15308462619569296
2025-04-01,Assam,Dhubri,783349,246,-0.15252157707939573
2025-04-01,Assam,Udalguri,784510,72,-0.13030915869868764
2025-04-01,Karnataka,Bengaluru,560035,185,-0.14635311450425093
2025-04-01,Assam,Biswanath,784174,87,-0.1358060337197351
2025-04-01,Uttar Pradesh,Mainpuri,205262,241,-0.1485908818829772
2025-04-01,Madhya Pradesh,Burhanpur,450332,153,-0.1418957073514412
2025-04-01,Uttar Pradesh,Kaushambi,212213,113,-0.1457946182962524
2025-04-01,Uttar Pradesh,Gorakhpur,273008,178,-0.15252157707939573
2025-04-01,Maharashtra,Pune,410405,69,-0.11780659918914349
2025-04-01,Karnataka,Bengaluru,560093,98,-0.13470368141597255
2025-04-01,Assam,Darrang,784190,193,-0.14691198871100075
2025-04-01,Assam,North Cachar Hills,788830,103,-0.13305294732562634
2025-04-01,Gujarat,Banaskantha,385540,50,-0.11296701009376786
2025-04-01,Assam,Golaghat,785705,166,-0.14971203868631866
2025-04-01,Madhya Pradesh,Burhanpur,450221,138,-0.14300779829539956
2025-04-01,Assam,Hailakandi,788164,64,-0.11888607134680484
2025-04-01,Punjab,Ludhiana,141015,228,-0.14971203868631866
2025-04-01,Gujarat,Banaskantha,385565,299,-0.15308462619569296
2025-04-01,Jammu and Kashmir,Punch,185121,211,-0.14691198871100075
2025-04-01,Bihar,Jehanabad,804408,164,-0.13967603492992986
2025-04-01,Uttar Pradesh,Jalaun,285203,103,-0.14412139510900646
2025-04-01,Bihar,Jehanabad,804418,113,-0.12066680244291295
2025-04-01,Assam,Kamrup,781366,112,-0.14635311450425093
2025-04-01,Gujarat,Vadodara,390011,87,-0.1319543179036018
2025-04-01,Assam,Sibsagar,785697,81,-0.13030915869868764
2025-04-01,Madhya Pradesh,Chhatarpur,471301,135,-0.1457946182962524
2025-04-01,Assam,Karimganj,788737,182,-0.1485908818829772
2025-04-01,Bihar,Patna,800004,126,-0.13360281977638588
2025-04-01,Tripura,West Tripura,799035,111,-0.1418957073514412
2025-04-01,Assam,Dibrugarh,786602,83,-0.11082552286917657
2025-04-01,Gujarat,Surendra Nagar,363440,117,-0.1418957073514412
2025-04-01,Rajasthan,Sirohi,307024,152,-0.15083471363528544
2025-04-01,Assam,Tinsukia,786190,83,-0.13415306438920627
2025-04-01,Uttar Pradesh,Mainpuri,205247,178,-0.14971203868631866
2025-04-01,Punjab,Sangrur,148001,166,-0.1253936693805655
2025-04-01,Rajasthan,Bundi,323802,127,-0.13250344678521309
2025-04-01,Gujarat,Patan,384285,141,-0.13525467110874012
2025-04-01,Meghalaya,West Garo Hills,794001,216,-0.14971203868631866
2025-04-01,Karnataka,Bengaluru,560024,76,-0.13030915869868764
2025-04-01,Gujarat,Mahesana,384325,119,-0.12376181320513846
2025-04-01,Assam,Tinsukia,786171,171,-0.15139662105667695
2025-04-01,Gujarat,Anand,388550,52,-0.10922320652993112
2025-04-01,Assam,Dibrugarh,786613,56,-0.10762413920813185
2025-04-01,Bihar,Jehanabad,804417,141,-0.13470368141597255
2025-04-01,Bihar,Patna,800026,63,-0.10937974801543804
2025-04-01,Gujarat,Vadodara,391770,97,-0.12213326594509466
2025-04-01,Meghalaya,East Khasi Hills,793019,142,-0.13635776950135403
2025-04-01,Chandigarh,Chandigarh,160036,117,-0.13470368141597255
2025-04-01,Madhya Pradesh,Shivpuri,473660,90,-0.13305294732562634
2025-04-01,Gujarat,Dahod,389380,159,-0.13635776950135403
2025-04-01,Gujarat,Surat,395001,98,-0.1319543179036018
2025-04-01,Sikkim,South Sikkim,737126,49,-0.09877824826020898
2025-04-01,Assam,Tinsukia,786181,108,-0.13856844938798696
2025-04-01,Gujarat,Anand,388001,189,-0.13912205481466045
2025-04-01,Assam,Cachar,788119,141,-0.14691198871100075
2025-04-01,Assam,Hailakandi,788152,75,-0.13085717411145836
2025-04-01,Gujarat,Banaskantha,385505,58,-0.11780659918914349
2025-04-01,Jharkhand,Ranchi,835222,200,-0.15308462619569296
2025-04-01,Assam,North Cachar Hills,788931,113,-0.13912205481466045
2025-04-01,Assam,Dhemaji,787057,156,-0.15195890878558116
2025-04-01,West Bengal,Darjeeling,734003,187,-0.14971203868631866
2025-04-01,Madhya Pradesh,Panna,488441,159,-0.1452364998313429
2025-04-01,Uttar Pradesh,Jaunpur,222132,123,-0.14300779829539956
2025-04-01,Tamil Nadu,Kancheepuram,600045,114,-0.13360281977638588
2025-04-01,Assam,Kamrup,781031,33,-0.08039921096579705
2025-04-01,Madhya Pradesh,Sheopur,476335,86,-0.1358060337197351
2025-04-01,Rajasthan,Jhalawar,326038,173,-0.14691198871100075
2025-04-01,Assam,Marigaon,782410,126,-0.14412139510900646
2025-04-01,Assam,Jorhat,785633,43,-0.0891887104887753
2025-04-01,Assam,Karbi Anglong,782461,135,-0.14134022594412154
2025-04-01,Gujarat,Chhotaudepur,391165,151,-0.15139662105667695
2025-04-01,Gujarat,Patan,385340,218,-0.15083471363528544
2025-04-01,Bihar,Patna,800006,215,-0.138015218396486
2025-04-01,Assam,Kamrup Metro,781005,61,-0.1194263554398397
2025-04-01,Uttar Pradesh,Kanpur Nagar,208011,252,-0.1485908818829772
2025-04-01,West Bengal,Alipurduar,736182,58,-0.11619012731880829
2025-04-01,Assam,Hailakandi,788163,193,-0.15139662105667695
2025-04-01,Gujarat,Jamnagar,361005,151,-0.13360281977638588
2025-04-01,Assam,Dibrugarh,785675,76,-0.128120801084752
2025-04-01,Assam,Dhemaji,787060,251,-0.15252157707939573
2025-04-01,Gujarat,Gir Somnath,362725,83,-0.12648341510333883
2025-04-01,Uttar Pradesh,Balrampur,271205,275,-0.1485908818829772
2025-04-01,Gujarat,Chhotaudepur,391160,101,-0.14300779829539956
2025-04-01,Assam,North Cachar Hills,788819,115,-0.1485908818829772
2025-04-01,Gujarat,Kachchh,370140,97,-0.13415306438920627
2025-04-01,Madhya Pradesh,Bhind,477441,136,-0.1452364998313429
2025-04-01,Tamil Nadu,Thanjavur,614602,56,-0.10815680105373704
2025-04-01,Assam,Karbi Anglong,782460,190,-0.14467875885403314
2025-04-01,Gujarat,Banaskantha,385135,88,-0.13360281977638588
2025-04-01,Assam,Golaghat,785612,148,-0.14971203868631866
2025-04-01,Assam,Tinsukia,786601,64,-0.11672858675580855
2025-04-01,Rajasthan,Jalor,307029,171,-0.14691198871100075
2025-04-01,Gujarat,Mahisagar,389230,138,-0.12757463643835198
2025-04-01,Assam,Jorhat,785634,102,-0.14078512024080791
2025-04-01,Gujarat,Dahod,389175,66,-0.12213326594509466
2025-04-01,Assam,Bongaigaon,783384,203,-0.1491512706448176
2025-04-01,Bihar,Sitamarhi,843332,244,-0.15252157707939573
2025-04-01,Assam,Karimganj,788720,135,-0.1480308721442687
2025-04-01,Uttar Pradesh,Kanpur Nagar,208002,148,-0.1485908818829772
2025-04-01,Gujarat,Panchmahals,389210,157,-0.13525467110874012
2025-04-01,Nagaland,Noklak,798626,128,-0.14300779829539956
2025-04-01,Assam,Hojai,782447,114,-0.1418957073514412
2025-04-01,Sikkim,West Sikkim,737121,127,-0.1480308721442687
2025-04-01,Meghalaya,East Khasi Hills,793010,116,-0.14023038998739012
2025-04-01,Uttar Pradesh,Gonda,271504,218,-0.15083471363528544
2025-04-01,Uttar Pradesh,Basti,272163,289,-0.1485908818829772
2025-04-01,Assam,Karbi Anglong,782448,208,-0.15308462619569296
2025-04-01,Gujarat,Amreli,365565,74,-0.1194263554398397
2025-04-01,Gujarat,Morbi,363330,115,-0.14300779829539956
2025-04-01,Madhya Pradesh,Shivpuri,473885,103,-0.14245156471704912
2025-04-01,Gujarat,Devbhumi Dwarka,361305,201,-0.1452364998313429
2025-04-01,Gujarat,Panchmahals,389350,93,-0.13360281977638588
2025-04-01,Assam,Cachar,788007,65,-0.1253936693805655
2025-04-01,Gujarat,Kheda,387130,149,-0.12648341510333883
2025-04-01,Bihar,Muzaffarpur,842001,276,-0.1485908818829772
2025-04-01,Gujarat,Rajkot,360110,120,-0.12648341510333883
2025-04-01,Rajasthan,Udaipur,307025,132,-0.1480308721442687
2025-04-01,West Bengal,Kolkata,700004,54,-0.09862381078369686
2025-04-01,Assam,Cachar,788099,129,-0.13856844938798696
2025-04-01,Assam,Chirang,783393,153,-0.15083471363528544
2025-04-01,Uttar Pradesh,Kanpur Nagar,209214,241,-0.14971203868631866
2025-04-01,Assam,South Salmara Mankachar,783131,151,-0.1480308721442687
2025-04-01,Gujarat,The Dangs,394716,120,-0.1314055604294183
2025-04-01,Assam,West Karbi Anglong,782450,53,-0.0991326506346556
2025-04-01,Karnataka,Bengaluru,560037,290,-0.15139662105667695
2025-04-01,Assam,Udalguri,784508,60,-0.11029105601360367
2025-04-01,Meghalaya,South West Khasi Hills,793106,206,-0.1418957073514412
2025-04-01,Assam,Tinsukia,786182,151,-0.1491512706448176
2025-04-01,Assam,Charaideo,785692,111,-0.1319543179036018
2025-04-01,Jharkhand,East Singhbhum,832104,120,-0.14635311450425093
2025-04-01,Gujarat,Gandhinagar,382421,129,-0.14691198871100075
2025-04-01,Madhya Pradesh,Alirajpur,457990,254,-0.14971203868631866
2025-04-01,Assam,Goalpara,783330,87,-0.13085717411145836
2025-04-01,Rajasthan,Jodhpur,342311,238,-0.1485908818829772
2025-04-01,Bihar,Madhubani,847421,243,-0.14971203868631866
2025-04-01,Rajasthan,Sikar,332311,155,-0.14412139510900646
2025-04-01,Maharashtra,Thane,421501,207,-0.1480308721442687
2025-04-01,Rajasthan,Jodhpur,342302,190,-0.1485908818829772
2025-04-01,Jharkhand,Ranchi,835205,93,-0.14300779829539956
2025-04-01,Gujarat,Vadodara,390002,63,-0.12159115101288598
2025-04-01,Meghalaya,South West Garo Hills,794106,191,-0.15139662105667695
2025-04-01,Assam,Dibrugarh,786010,55,-0.11403992901909688
2025-04-01,Gujarat,Dahod,389170,309,-0.15308462619569296
2025-04-01,Uttar Pradesh,Lucknow,226010,290,-0.14971203868631866
2025-04-01,Rajasthan,Jalor,343030,161,-0.14412139510900646
2025-04-01,Assam,Karimganj,788722,164,-0.15252157707939573
2025-04-01,West Bengal,Darjeeling,734429,112,-0.1452364998313429
2025-04-01,Uttar Pradesh,Mainpuri,205264,154,-0.1485908818829772
2025-04-01,Maharashtra,Solapur,413203,115,-0.12648341510333883
2025-04-01,Jharkhand,Ranchi,835214,205,-0.1485908818829772
2025-04-01,Gujarat,Surat,394520,75,-0.12593835791519847
2025-04-01,Assam,Lakhimpur,787032,88,-0.13690987870616467
2025-04-01,Gujarat,Mahesana,382870,90,-0.12648341510333883
2025-04-01,Madhya Pradesh,Gwalior,475330,144,-0.14691198871100075
2025-04-01,Gujarat,Chhotaudepur,391150,129,-0.13967603492992986
2025-04-01,Karnataka,Bengaluru,560084,125,-0.1319543179036018
2025-04-01,Meghalaya,East Khasi Hills,793014,86,-0.1319543179036018
2025-04-01,Assam,Goalpara,783132,184,-0.1452364998313429
2025-04-01,Madhya Pradesh,Bhind,477445,171,-0.14691198871100075
2025-04-01,Delhi,South West Delhi,110070,111,-0.14300779829539956
2025-04-01,Rajasthan,Jalor,343032,221,-0.1485908818829772
2025-04-01,Assam,Barpeta,781325,91,-0.13085717411145836
2025-04-01,Maharashtra,Parbhani,431402,161,-0.12376181320513846
2025-04-01,Uttar Pradesh,Kanpur Dehat,209307,92,-0.138015218396486
2025-04-01,Assam,Kamrup Metro,781001,80,-0.1319543179036018
2025-04-01,Assam,Kamrup,781125,52,-0.11296701009376786
2025-04-01,Assam,Sonitpur,784111,90,-0.1319543179036018
2025-04-01,Gujarat,Mahesana,384315,184,-0.13360281977638588
2025-04-01,Gujarat,Gandhinagar,382355,87,-0.1297615139402417
2025-04-01,Karnataka,Bengaluru,560005,96,-0.1297615139402417
2025-04-01,West Bengal,Jalpaiguri,735135,193,-0.15083471363528544
2025-04-01,Assam,Karbi Anglong,782470,178,-0.15252157707939573
2025-04-01,Punjab,Ludhiana,141013,114,-0.13250344678521309
2025-04-01,Rajasthan,Kota,325004,68,-0.12104940274416787
2025-04-01,Gujarat,Banaskantha,385550,200,-0.15308462619569296
2025-04-01,Gujarat,Dahod,389155,164,-0.15027318626418262
2025-04-01,Assam,Chirang,783373,96,-0.138015218396486
2025-04-01,Gujarat,Navsari,396445,176,-0.12702884119449698
2025-04-01,Assam,Darrang,784125,237,-0.15308462619569296
2025-04-01,Assam,Kamrup,781135,60,-0.11672858675580855
2025-04-01,Uttar Pradesh,Lucknow,226018,125,-0.1480308721442687
2025-04-01,Gujarat,Arvalli,383350,97,-0.13250344678521309
2025-04-01,Assam,Udalguri,784113,51,-0.10868982341300304
2025-04-01,Assam,Kamrup Metro,781016,55,-0.10459131643550157
2025-04-01,Assam,Tinsukia,786147,48,-0.10337579370935235
2025-04-01,West Bengal,Cooch Behar,736145,95,-0.14134022594412154
2025-04-01,Nagaland,Chumukedima,797103,86,-0.11796484450152822
2025-04-01,Gujarat,Ahmedabad,382150,122,-0.1418957073514412
2025-04-01,Gujarat,Banaskantha,385566,192,-0.15139662105667695
2025-04-01,Meghalaya,East Khasi Hills,793021,201,-0.1418957073514412
2025-04-01,Uttar Pradesh,Bahraich,271872,72,-0.12757463643835198
2025-04-01,Assam,Goalpara,783101,297,-0.15308462619569296
2025-04-01,Uttar Pradesh,Kanpur Nagar,208020,156,-0.1485908818829772
2025-04-01,Maharashtra,Hingoli,431702,159,-0.13470368141597255
2025-04-01,Assam,Cachar,788117,87,-0.1319543179036018
2025-04-01,Meghalaya,South Garo Hills,794114,208,-0.15252157707939573
2025-04-01,Assam,Karbi Anglong,782450,89,-0.11205261398250788
2025-04-01,Gujarat,Valsad,396191,229,-0.1485908818829772
2025-04-01,West Bengal,North 24 Parganas,700136,78,-0.12757463643835198
2025-04-01,Nagaland,Kohima,797003,118,-0.13470368141597255
2025-04-01,Gujarat,Morbi,363642,163,-0.14635311450425093
2025-04-01,Gujarat,Sabarkantha,383001,196,-0.15083471363528544
2025-04-01,Assam,Udalguri,784523,78,-0.13085717411145836
2025-04-01,Madhya Pradesh,Gwalior,474011,157,-0.1480308721442687
2025-04-01,Meghalaya,East Khasi Hills,793003,82,-0.1314055604294183
2025-04-01,Assam,Kamrup,781354,195,-0.15139662105667695
2025-04-01,Madhya Pradesh,Shivpuri,473670,202,-0.14691198871100075
2025-04-01,West Bengal,North 24 Parganas,700102,77,-0.12757463643835198
2025-04-01,Karnataka,Bengaluru,560001,85,-0.12757463643835198
2025-04-01,Meghalaya,East Khasi Hills,793006,226,-0.1452364998313429
2025-04-01,Rajasthan,Baran,325220,157,-0.13525467110874012
2025-04-01,Uttar Pradesh,Kaushambi,212203,154,-0.14971203868631866
2025-04-01,Meghalaya,Ri Bhoi,793101,145,-0.12921423958542577
2025-04-01,Gujarat,Surat,395007,190,-0.1457946182962524
2025-04-01,Karnataka,Bengaluru,560010,152,-0.13525467110874012
2025-04-01,Meghalaya,North Garo Hills,794112,125,-0.13635776950135403
2025-04-01,Rajasthan,Pali,306421,187,-0.1457946182962524
2025-04-01,Maharashtra,Nanded,431704,88,-0.12648341510333883
2025-04-01,Assam,Karbi Anglong,782482,177,-0.15252157707939573
2025-04-01,Bihar,Patna,800023,78,-0.11473453738395678
2025-05-01,Meghalaya,West Garo Hills,794101,89,-0.11124940235451097
2025-05-01,West Bengal,Kolkata,700014,178,-0.1345894570314411
2025-05-01,Assam,Lakhimpur,787052,90,-0.11823422340271039
2025-05-01,Karnataka,Bengaluru,560048,126,-0.12964798298622116
2025-05-01,Gujarat,Devbhumi Dwarka,361310,62,-0.10432574775981995
2025-05-01,Assam,Tinsukia,786125,105,-0.12528075127438942
2025-05-01,Assam,Kamrup,781121,51,-0.09746272398071476
2025-05-01,Uttar Pradesh,Kanpur Nagar,208010,253,-0.1345894570314411
2025-05-01,Meghalaya,South West Khasi Hills,793119,102,-0.11392860394472704
2025-05-01,Bihar,Bhagalpur,853201,246,-0.13569165466526878
2025-05-01,Chhattisgarh,Bijapur,494447,238,-0.1390072104926342
2025-05-01,Gujarat,Banaskantha,385566,127,-0.13293895455392246
2025-05-01,Gujarat,Dahod,389175,86,-0.11823422340271039
2025-05-01,Uttar Pradesh,Kanpur Nagar,209210,213,-0.1345894570314411
2025-05-01,Meghalaya,East Khasi Hills,793108,162,-0.12855395795277857
2025-05-01,Gujarat,Patan,384240,85,-0.11607850055229352
2025-05-01,West Bengal,Darjeeling,734105,49,-0.07928260009823362
2025-05-01,Assam,Tinsukia,786181,68,-0.10804630143509097
2025-05-01,Meghalaya,Ri Bhoi,793103,317,-0.1367953447723268
2025-05-01,Assam,Sibsagar,785640,80,-0.11285583555956524
2025-05-01,Meghalaya,West Garo Hills,794105,190,-0.1373477501347543
2025-05-01,Assam,Dibrugarh,786001,91,-0.11554048080596102
2025-05-01,Assam,Karimganj,788709,99,-0.11339203829705091
2025-05-01,Punjab,Kapurthala,144401,168,-0.13293895455392246
2025-05-01,Maharashtra,Mumbai Suburban,400095,153,-0.13403891726119188
2025-05-01,Gujarat,Anand,388001,143,-0.12093709417764176
2025-05-01,Gujarat,The Dangs,394710,145,-0.11823422340271039
2025-05-01,Assam,Goalpara,783132,80,-0.11607850055229352
2025-05-01,Assam,Tinsukia,786171,124,-0.13403891726119188
2025-05-01,Gujarat,Banaskantha,385120,257,-0.13569165466526878
2025-05-01,Maharashtra,Mumbai Suburban,400097,132,-0.1362433130333992
2025-05-01,Karnataka,Bengaluru,560032,200,-0.1373477501347543
2025-05-01,Mizoram,Saiha,796911,56,-0.0979885084255201
2025-05-01,Gujarat,Dahod,389180,223,-0.1390072104926342
2025-05-01,Maharashtra,Pune,410502,88,-0.11231999548681315
2025-05-01,Assam,Udalguri,784113,83,-0.09170251305683774
2025-05-01,Meghalaya,East Khasi Hills,793008,109,-0.10326596490900253
2025-05-01,Assam,Kamrup,781380,53,-0.0995679978770887
2025-05-01,Meghalaya,South Garo Hills,794103,126,-0.11071464880487669
2025-05-01,Assam,Kamrup,781137,232,-0.1390072104926342
2025-05-01,Assam,Karbi Anglong,782482,132,-0.12964798298622116
2025-05-01,Uttar Pradesh,Aligarh,202126,147,-0.13293895455392246
2025-05-01,Assam,Golaghat,785615,84,-0.11554048080596102
2025-05-01,Meghalaya,East Jaintia Hills,793160,196,-0.12691569365902045
2025-05-01,Delhi,South Delhi,110017,189,-0.13403891726119188
2025-05-01,Assam,Baksa,781372,82,-0.11715563271132345
2025-05-01,Assam,Karimganj,788724,227,-0.1390072104926342
2025-05-01,Meghalaya,West Garo Hills,794005,145,-0.12528075127438942
2025-05-01,Gujarat,Sabarkantha,383001,142,-0.13184047927947895
2025-05-01,Uttar Pradesh,Banda,210126,221,-0.13569165466526878
2025-05-01,Tamil Nadu,Pudukkottai,614616,190,-0.12910078541891534
2025-05-01,Maharashtra,Mumbai Suburban,400078,91,-0.11931427460143651
2025-05-01,Gujarat,Banaskantha,385310,264,-0.1390072104926342
2025-05-01,Karnataka,Bengaluru,560029,82,-0.11769474561709847
2025-05-01,Assam,Dhemaji,787058,44,-0.0834001830269302
2025-05-01,Karnataka,Bengaluru,560099,158,-0.13569165466526878
2025-05-01,Gujarat,Gir Somnath,362720,106,-0.11500282495330949
2025-05-01,West Bengal,Jalpaiguri,735212,69,-0.11018025693980671
2025-05-01,Assam,Golaghat,785705,115,-0.12039578828515807
2025-05-01,Maharashtra,Mumbai Suburban,400067,174,-0.1373477501347543
2025-05-01,Assam,Kamrup,781102,162,-0.13403891726119188
2025-05-01,Gujarat,Rajkot,360007,211,-0.1373477501347543
2025-05-01,Uttar Pradesh,Maharajganj,273305,260,-0.1345894570314411
2025-05-01,West Bengal,Jalpaiguri,735135,221,-0.13569165466526878
2025-05-01,Assam,Dhemaji,787059,233,-0.1390072104926342
2025-05-01,Karnataka,Bengaluru,560036,169,-0.1390072104926342
2025-05-01,Meghalaya,East Khasi Hills,793004,102,-0.12039578828515807
2025-05-01,Maharashtra,Pune,411037,137,-0.12800750033748975
2025-05-01,Madhya Pradesh,Bhind,477331,101,-0.12528075127438942
2025-05-01,Uttar Pradesh,Aligarh,202132,165,-0.13403891726119188
2025-05-01,Maharashtra,Nandurbar,425432,120,-0.13184047927947895
2025-05-01,Meghalaya,East Khasi Hills,793009,224,-0.11554048080596102
2025-05-01,Madhya Pradesh,Panna,488001,224,-0.13569165466526878
2025-05-01,Gujarat,Banaskantha,385135,86,-0.11823422340271039
2025-05-01,Karnataka,Bangalore Rural,560067,76,-0.11231999548681315
2025-05-01,Assam,Udalguri,784190,73,-0.0995679978770887
2025-05-01,Karnataka,Bangalore Rural,562114,164,-0.12147876643420918
2025-05-01,Meghalaya,East Khasi Hills,793021,141,-0.12528075127438942
2025-05-01,Assam,Goalpara,783101,231,-0.13569165466526878
2025-05-01,Madhya Pradesh,Khandwa,450661,78,-0.11285583555956524
2025-05-01,Assam,Dibrugarh,786612,40,-0.07928260009823362
2025-05-01,Assam,Karimganj,788712,200,-0.1390072104926342
2025-05-01,West Bengal,Kalimpong,734301,78,-0.10326596490900253
2025-05-01,West Bengal,Darjeeling,734429,152,-0.13403891726119188
2025-05-01,Gujarat,Banaskantha,385110,213,-0.1367953447723268
2025-05-01,Maharashtra,Mumbai Suburban,400080,70,-0.10964622651467315
2025-05-01,Bihar,Madhubani,847305,113,-0.13184047927947895
2025-05-01,Jammu and Kashmir,Baramula,193201,187,-0.13184047927947895
2025-05-01,Uttar Pradesh,Agra,283123,178,-0.12800750033748975
2025-05-01,Maharashtra,Parbhani,431506,128,-0.11985484850896477
2025-05-01,West Bengal,Darjeeling,734003,226,-0.1373477501347543
2025-05-01,Madhya Pradesh,Morena,476444,173,-0.1390072104926342
2025-05-01,Gujarat,Dahod,389154,206,-0.12800750033748975
2025-05-01,Gujarat,Chhotaudepur,391160,108,-0.12691569365902045
2025-05-01,Karnataka,Bengaluru,560008,52,-0.09483913122227527
2025-05-01,Punjab,Kapurthala,144601,228,-0.12964798298622116
2025-05-01,Maharashtra,Mumbai Suburban,400070,136,-0.13184047927947895
2025-05-01,Assam,North Cachar Hills,788819,77,-0.11715563271132345
2025-05-01,Gujarat,Navsari,396445,158,-0.12147876643420918
2025-05-01,Uttar Pradesh,Lucknow,226005,182,-0.1345894570314411
2025-05-01,Assam,Sibsagar,785684,46,-0.0823686969280667
2025-05-01,Assam,Udalguri,784114,83,-0.11769474561709847
2025-05-01,Nagaland,Peren,797110,282,-0.13569165466526878
2025-05-01,Uttar Pradesh,Prayagraj,211003,87,-0.11715563271132345
2025-05-01,Maharashtra,Mumbai Suburban,400071,60,-0.10538696565049432
2025-05-01,Uttar Pradesh,Lalitpur,284404,219,-0.1345894570314411
2025-05-01,Assam,Marigaon,782410,124,-0.12800750033748975
2025-05-01,Punjab,Gurdaspur,143521,147,-0.12147876643420918
2025-05-01,Meghalaya,East Khasi Hills,793005,171,-0.12310598386886029
2025-05-01,Assam,Kamrup,781127,138,-0.13403891726119188
2025-05-01,Assam,Udalguri,784514,92,-0.11985484850896477
2025-05-01,Assam,Kamrup Metro,781012,73,-0.11285583555956524
2025-05-01,Assam,Dibrugarh,786610,84,-0.10964622651467315
2025-05-01,Karnataka,Bengaluru,560078,174,-0.13569165466526878
2025-05-01,Meghalaya,East Khasi Hills,793002,112,-0.1241926318628046
2025-05-01,Meghalaya,South Garo Hills,794107,44,-0.08288426550516048
2025-05-01,West Bengal,Alipurduar,735204,113,-0.11071464880487669
2025-05-01,Assam,Lakhimpur,787031,127,-0.13403891726119188
2025-05-01,Gujarat,Jamnagar,361005,150,-0.1241926318628046
2025-05-01,Assam,Dhemaji,787060,135,-0.13403891726119188
2025-05-01,Assam,Karimganj,788710,55,-0.0834001830269302
2025-05-01,Gujarat,Kachchh,370165,150,-0.1345894570314411
2025-05-01,Meghalaya,West Garo Hills,794001,146,-0.13569165466526878
2025-05-01,Assam,Dhemaji,786110,58,-0.0927466379695413
2025-05-01,Meghalaya,Ri Bhoi,793101,70,-0.09851464872925653
2025-05-01,Jammu and Kashmir,Jammu,181221,81,-0.11500282495330949
2025-05-01,Assam,Karimganj,788713,50,-0.08546734728658945
2025-05-01,Gujarat,Dahod,389140,166,-0.12746141232289776
2025-05-01,Gujarat,Bharuch,393001,164,-0.13403891726119188
2025-05-01,Assam,Golaghat,785602,177,-0.13293895455392246
2025-05-01,Karnataka,Bengaluru,560058,141,-0.12910078541891534
2025-05-01,Karnataka,Bengaluru,560067,183,-0.1390072104926342
2025-05-01,Gujarat,Surat,394180,110,-0.12093709417764176
2025-05-01,Uttar Pradesh,Aligarh,202122,232,-0.1345894570314411
2025-05-01,West Bengal,Kolkata,700023,221,-0.13569165466526878
2025-05-01,Bihar,Sitamarhi,843315,233,-0.13569165466526878
2025-05-01,Manipur,Bishnupur,795134,63,-0.10804630143509097
2025-05-01,Assam,Bongaigaon,783384,166,-0.13293895455392246
2025-05-01,Meghalaya,East Khasi Hills,793111,157,-0.12691569365902045
2025-05-01,Uttar Pradesh,Lucknow,226008,189,-0.13569165466526878
2025-05-01,Gujarat,Ahmedabad,380005,89,-0.11715563271132345
2025-05-01,Assam,Kamrup,781123,71,-0.1144655327482168
2025-05-01,Meghalaya,West Garo Hills,794109,259,-0.1390072104926342
2025-05-01,Gujarat,Rajkot,360050,183,-0.12093709417764176
2025-05-01,Karnataka,Bengaluru,560084,50,-0.09693729515415273
2025-05-01,Maharashtra,Pune,410504,73,-0.11071464880487669
2025-05-01,Gujarat,Rajkot,360006,118,-0.12256321103160595
2025-05-01,Karnataka,Bengaluru,560066,198,-0.1390072104926342
2025-05-01,Assam,Nalbari,781369,83,-0.11769474561709847
2025-05-01,Karnataka,Bengaluru,560102,104,-0.12637034409604453
2025-05-01,Gujarat,Gir Somnath,362560,154,-0.13293895455392246
2025-05-01,Meghalaya,South Garo Hills,794102,211,-0.12691569365902045
2025-05-01,Gujarat,Dahod,389155,226,-0.1390072104926342
2025-05-01,West Bengal,Jalpaiguri,735218,142,-0.13403891726119188
2025-05-01,Assam,Kamrup Metro,782402,89,-0.11231999548681315
2025-05-01,Bihar,Sitamarhi,843313,239,-0.1345894570314411
2025-05-01,Gujarat,Ahmedabad,382340,87,-0.122020805302821
2025-05-01,Assam,Udalguri,784507,112,-0.1241926318628046
2025-05-01,Delhi,South West Delhi,110061,77,-0.11607850055229352
2025-05-01,Assam,Dibrugarh,786602,66,-0.09431547688230557
2025-05-01,Meghalaya,South West Khasi Hills,793106,115,-0.10964622651467315
2025-05-01,Karnataka,Bengaluru,560093,49,-0.0870213959887719
2025-05-01,Delhi,Central Delhi,110003,85,-0.11877406631511522
2025-05-01,Assam,Barpeta,781309,183,-0.1345894570314411
2025-05-01,Assam,Kamrup,781354,156,-0.1373477501347543
2025-05-01,Mizoram,Saiha,796901,127,-0.12746141232289787
2025-05-01,Maharashtra,Pune,413801,82,-0.11823422340271039
2025-05-01,Maharashtra,Satara,415523,192,-0.12800750033748975
2025-05-01,Assam,Udalguri,784525,104,-0.12256321103160595
2025-05-01,Punjab,Ludhiana,141015,183,-0.13569165466526878
2025-05-01,Delhi,South West Delhi,110077,156,-0.13184047927947895
2025-05-01,West Bengal,Alipurduar,736182,84,-0.11715563271132345
2025-05-01,West Bengal,Darjeeling,734010,171,-0.13569165466526878
2025-05-01,Assam,Dibrugarh,785675,64,-0.10644962052419671
2025-05-01,Meghalaya,East Khasi Hills,793112,97,-0.10911255728501323
2025-05-01,Gujarat,Banaskantha,385565,157,-0.13403891726119188
2025-05-01,Gujarat,Dahod,389382,152,-0.12637034409604453
2025-05-01,Uttar Pradesh,Bahraich,271851,233,-0.13569165466526878
2025-05-01,Assam,Golaghat,785609,93,-0.122020805302821
2025-05-01,Delhi,South Delhi,110065,144,-0.12800750033748975
2025-05-01,Assam,Karimganj,788711,36,-0.07774424335540031
2025-05-01,Meghalaya,West Jaintia Hills,793161,163,-0.10432574775981995
2025-05-01,Assam,Kokrajhar,783370,252,-0.13569165466526878
2025-05-01,Mizoram,Lawngtlai,796770,135,-0.122020805302821
2025-05-01,Gujarat,Ahmedabad,380018,70,-0.10698148743764391
2025-05-01,Meghalaya,Ri Bhoi,781131,112,-0.0958875033938208
2025-05-01,West Bengal,Kolkata,700016,104,-0.12528075127438942
2025-05-01,Manipur,Bishnupur,795133,122,-0.13184047927947895
2025-05-01,Assam,Golaghat,785702,205,-0.1345894570314411
2025-05-01,Assam,Golaghat,785603,85,-0.11661688443859586
2025-05-01,Meghalaya,East Khasi Hills,793016,49,-0.0834001830269302
2025-05-01,Karnataka,Bengaluru,560043,287,-0.1390072104926342
2025-05-01,Meghalaya,East Khasi Hills,793012,277,-0.12800750033748975
2025-05-01,Meghalaya,East Khasi Hills,793010,289,-0.1390072104926342
2025-05-01,Maharashtra,Nashik,423401,156,-0.12147876643420918
2025-05-01,Assam,Jorhat,785635,54,-0.09431547688230557
2025-05-01,Bihar,Sitamarhi,843332,299,-0.1390072104926342
2025-05-01,Meghalaya,East Khasi Hills,793001,223,-0.1312917988009007
2025-05-01,Karnataka,Bengaluru,560047,79,-0.11769474561709847
2025-05-01,Bihar,Patna,800111,100,-0.11071464880487669
2025-05-01,Gujarat,Panchmahals,389365,80,-0.11339203829705091
2025-05-01,Karnataka,Bengaluru,560075,54,-0.10009520720337506
2025-05-01,Meghalaya,South Garo Hills,794005,227,-0.122020805302821
2025-05-01,Tamil Nadu,Cuddalore,607106,141,-0.11285583555956524
2025-05-01,Meghalaya,East Khasi Hills,793019,48,-0.0823686969280667
2025-05-01,Karnataka,Bengaluru,560100,263,-0.1390072104926342
2025-05-01,Bihar,Muzaffarpur,843108,187,-0.1334887498526356
2025-05-01,Maharashtra,Thane,400601,124,-0.12691569365902045
2025-05-01,West Bengal,North 24 Parganas,743145,138,-0.13293895455392246
2025-05-01,Karnataka,Bengaluru,560076,197,-0.1373477501347543
2025-05-01,Maharashtra,Pune,411006,106,-0.12093709417764176
2025-05-01,West Bengal,Jalpaiguri,735224,180,-0.13293895455392246
2025-05-01,Kerala,Kollam,691532,56,-0.10220761515749865
2025-05-01,Maharashtra,Mumbai Suburban,400064,69,-0.10644962052419671
2025-05-01,Gujarat,Ahmedabad,380026,180,-0.13293895455392246
2025-05-01,Gujarat,Dahod,389130,60,-0.09641222170530883
2025-05-01,Gujarat,Chhotaudepur,391165,108,-0.12910078541891534
2025-05-01,Karnataka,Bengaluru,560097,128,-0.13184047927947895
2025-05-01,Assam,Kamrup,781141,140,-0.13403891726119188
2025-05-01,Gujarat,The Dangs,394716,116,-0.13238953111337326
2025-05-01,Gujarat,Ahmedabad,380051,158,-0.13293895455392246
2025-05-01,Karnataka,Bengaluru,560037,199,-0.1390072104926342
2025-05-01,Assam,Golaghat,785614,253,-0.1390072104926342
2025-05-01,Uttar Pradesh,Gorakhpur,273008,158,-0.12364912406304895
2025-05-01,Meghalaya,East Khasi Hills,793022,100,-0.1006227733529741
2025-05-01,Gujarat,Jamnagar,361006,134,-0.12310598386886029
2025-05-01,Assam,Charaideo,785692,50,-0.09851464872925653
2025-05-01,Karnataka,Bengaluru,560103,118,-0.12800750033748975
2025-05-01,Gujarat,Devbhumi Dwarka,361305,154,-0.11500282495330949
2025-05-01,Kerala,Malappuram,679325,266,-0.1345894570314411
2025-05-01,Assam,Kamrup,781366,87,-0.12310598386886029
2025-05-01,Maharashtra,Dhule,424304,182,-0.13403891726119188
2025-05-01,Assam,Golaghat,785621,112,-0.1307434894264693
2025-05-01,Madhya Pradesh,Alirajpur,457882,133,-0.1362433130333992
2025-05-01,Assam,Lakhimpur,784160,66,-0.10432574775981995
2025-05-01,Meghalaya,South West Garo Hills,794106,105,-0.12800750033748975
2025-05-01,Karnataka,Bengaluru,560087,165,-0.1373477501347543
2025-05-01,Assam,Lakhimpur,787001,58,-0.10379567707577464
2025-05-01,Assam,Kamrup,781103,71,-0.11124940235451097
2025-05-01,Karnataka,Bengaluru,560035,231,-0.1390072104926342
2025-05-01,Maharashtra,Mumbai Suburban,400072,193,-0.1373477501347543
2025-05-01,Karnataka,Bengaluru,560077,238,-0.1390072104926342
2025-05-01,Maharashtra,Mumbai Suburban,400065,52,-0.10220761515749865
2025-05-01,Gujarat,Panchmahals,389120,94,-0.11285583555956524
2025-05-01,Maharashtra,Yavatmal,445205,118,-0.11823422340271039
2025-05-01,Meghalaya,South Garo Hills,794114,77,-0.11607850055229352
2025-05-01,Assam,Karimganj,788722,94,-0.12582536338432593
2025-05-01,Uttar Pradesh,Aligarh,202136,107,-0.13019555090518597
2025-05-01,Assam,Dhemaji,787057,121,-0.13238953111337326
2025-05-01,Uttar Pradesh,Ghaziabad,201012,141,-0.13238953111337326
2025-05-01,Assam,Lakhimpur,787032,118,-0.12473650751692833
2025-05-01,Gujarat,Dahod,389152,175,-0.1373477501347543
2025-05-01,West Bengal,Nadia,741313,89,-0.11607850055229352
2025-05-01,Gujarat,Banaskantha,385575,122,-0.12691569365902045
2025-05-01,Gujarat,Dahod,389170,222,-0.13569165466526878
2025-05-01,Gujarat,Ahmedabad,382345,189,-0.13403891726119188
2025-05-01,Gujarat,Dahod,389146,61,-0.1006227733529741
2025-05-01,Bihar,Muzaffarpur,842004,223,-0.13569165466526878
2025-05-01,Tamil Nadu,Coimbatore,641402,89,-0.11985484850896477
2025-05-01,Assam,Tinsukia,786174,55,-0.0834001830269302
2025-05-01,Assam,Goalpara,783120,94,-0.11931427460143651
2025-05-01,Meghalaya,East Khasi Hills,793113,241,-0.1367953447723268
2025-05-01,Karnataka,Bengaluru,560061,118,-0.13184047927947895
2025-05-01,Karnataka,Bengaluru,560049,166,-0.13569165466526878
2025-05-01,Uttar Pradesh,Siddharthnagar,272201,153,-0.13238953111337326
2025-05-01,Meghalaya,South West Khasi Hills,793114,310,-0.1390072104926342
2025-05-01,Mizoram,Lunglei,796701,183,-0.12691569365902045
2025-05-01,Assam,Tinsukia,786182,127,-0.12528075127438942
2025-05-01,Rajasthan,Jaipur,302013,200,-0.1345894570314411
2025-05-01,Assam,Sibsagar,785685,99,-0.10964622651467315
2025-05-01,Gujarat,Kheda,387001,140,-0.1241926318628046
2025-05-01,Assam,Goalpara,783126,53,-0.09326923049540814
2025-05-01,Manipur,Imphal West,795001,106,-0.12746141232289787
2025-05-01,Assam,Tinsukia,786170,65,-0.10804630143509097
2025-05-01,Gujarat,Jamnagar,361002,52,-0.09746272398071476
2025-05-01,Assam,Nalbari,781126,163,-0.1373477501347543
2025-05-01,Meghalaya,East Khasi Hills,793006,137,-0.12855395795277857
2025-05-01,Maharashtra,Mumbai Suburban,400101,115,-0.13293895455392246
2025-05-01,Madhya Pradesh,Burhanpur,450221,213,-0.13403891726119188
2025-05-01,Karnataka,Bengaluru,560016,196,-0.1390072104926342
2025-05-01,Delhi,Shahdara,110032,133,-0.13569165466526878
2025-05-01,Maharashtra,Nagpur,440023,97,-0.1117845178335034
2025-05-01,Gujarat,Ahmedabad,382418,182,-0.1345894570314411
2025-05-01,Uttar Pradesh,Aligarh,202123,223,-0.1345894570314411
2025-05-01,Kerala,Thiruvananthapuram,695305,58,-0.10538696565049432
2025-05-01,Assam,Tinsukia,786188,56,-0.08805918225430587
2025-05-01,Assam,Dibrugarh,786613,39,-0.07314786379877669
2025-05-01,Maharashtra,Solapur,413113,63,-0.10432574775981995
2025-06-01,Maharashtra,Dhule,425408,197,-0.14512079759773167
2025-06-01,Meghalaya,East Khasi Hills,793001,170,-0.12855395795277846
2025-06-01,Assam,Cachar,788005,109,-0.1307434894264693
2025-06-01,Assam,Baksa,781346,52,-0.1144655327482168
2025-06-01,Meghalaya,West Garo Hills,794109,246,-0.15015677733820132
2025-06-01,Karnataka,Bengaluru Urban,560098,89,-0.12910078541891534
2025-06-01,Karnataka,Bengaluru Urban,560029,113,-0.13514036941540308
2025-06-01,Uttar Pradesh,Sitapur,261208,182,-0.1467960513912424
2025-06-01,West Bengal,24 Paraganas North,743263,182,-0.1467960513912424
2025-06-01,Assam,Dima Hasao,788819,71,-0.1241926318628046
2025-06-01,Assam,Kamrup Metro,781005,70,-0.1241926318628046
2025-06-01,Tamil Nadu,Salem,636006,122,-0.1307434894264693
2025-06-01,Uttar Pradesh,Bahraich,271825,181,-0.14512079759773167
2025-06-01,Gujarat,Dang,394716,147,-0.14122507039275156
2025-06-01,West Bengal,Kolkata,700006,142,-0.14512079759773167
2025-06-01,Gujarat,Anand,388325,38,-0.09431547688230557
2025-06-01,Meghalaya,East Khasi Hills,793112,132,-0.12093709417764176
2025-06-01,Assam,Lakhimpur,784160,182,-0.1490350191336801
2025-06-01,Madhya Pradesh,Alirajpur,457882,192,-0.1467960513912424
2025-06-01,Assam,Sonitpur,784507,284,-0.15015677733820132
2025-06-01,Mizoram,Lawngtlai,796891,173,-0.14400584933460903
2025-06-01,Karnataka,Bengaluru Urban,560084,136,-0.14400584933460903
2025-06-01,Gujarat,Dang,394710,217,-0.1473552253844327
2025-06-01,West Bengal,24 Paraganas North,700129,67,-0.12473650751692833
2025-06-01,Assam,Marigaon,782410,240,-0.15015677733820132
2025-06-01,Assam,Kamrup Metro,781036,36,-0.09170251305683774
2025-06-01,Madhya Pradesh,Burhanpur,450221,225,-0.14847470899941906
2025-06-01,Punjab,Kapurthala,144401,117,-0.14400584933460903
2025-06-01,West Bengal,Nadia,741223,122,-0.14400584933460903
2025-06-01,West Bengal,Alipurduar,736206,121,-0.13845368274177716
2025-06-01,Assam,Goalpara,783134,80,-0.12147876643420918
2025-06-01,West Bengal,Darjeeling,734427,57,-0.1117845178335034
2025-06-01,West Bengal,Nadia,741501,111,-0.14400584933460903
2025-06-01,Meghalaya,East Khasi Hills,793006,106,-0.12093709417764176
2025-06-01,Punjab,Ludhiana,141015,185,-0.1467960513912424
2025-06-01,Rajasthan,Jaisalmer,345028,134,-0.1395611128795149
2025-06-01,Bihar,Muzaffarpur,842004,170,-0.1467960513912424
2025-06-01,Assam,Lakhimpur,787056,132,-0.14400584933460903
2025-06-01,Tamil Nadu,Kallakurichi,605801,75,-0.1241926318628046
2025-06-01,West Bengal,Alipurduar,735217,72,-0.12473650751692833
2025-06-01,West Bengal,Birbhum,731204,221,-0.1467960513912424
2025-06-01,Assam,Barpeta,781308,281,-0.1467960513912424
2025-06-01,Assam,Golaghat,785612,139,-0.14400584933460903
2025-06-01,Tamil Nadu,Salem,636122,62,-0.11554048080596102
2025-06-01,Uttar Pradesh,Farrukhabad,209739,186,-0.1467960513912424
2025-06-01,West Bengal,Medinipur West,721201,122,-0.1395611128795149
2025-06-01,Meghalaya,East Khasi Hills,793113,151,-0.12364912406304895
2025-06-01,Karnataka,Bengaluru Urban,560103,202,-0.14289240876864262
2025-06-01,Gujarat,Ahmadabad,382445,161,-0.1467960513912424
2025-06-01,Assam,Cachar,788009,98,-0.1367953447723267
2025-06-01,Tamil Nadu,Salem,636002,68,-0.11877406631511522
2025-06-01,Bihar,Araria,854328,85,-0.1307434894264693
2025-06-01,Delhi,West Delhi,110027,209,-0.14512079759773167
2025-06-01,West Bengal,Darjeeling,734201,67,-0.11231999548681315
2025-06-01,Punjab,Kapurthala,144601,200,-0.1390072104926342
2025-06-01,West Bengal,24 Paraganas North,743248,77,-0.12364912406304895
2025-06-01,Uttar Pradesh,Aligarh,202122,141,-0.1467960513912424
2025-06-01,Karnataka,Bengaluru Urban,560010,152,-0.1390072104926342
2025-06-01,Assam,Dibrugarh,786613,80,-0.12256321103160595
2025-06-01,Gujarat,Banas Kantha,385330,267,-0.1467960513912424
2025-06-01,Assam,Barpeta,781314,232,-0.1467960513912424
2025-06-01,West Bengal,Nadia,741126,155,-0.1467960513912424
2025-06-01,Assam,Marigaon,782127,170,-0.14512079759773167
2025-06-01,Telangana,Hyderabad,500032,89,-0.12746141232289776
2025-06-01,Uttar Pradesh,Maharajganj,273305,143,-0.13184047927947895
2025-06-01,Mizoram,Champhai,796321,138,-0.13845368274177716
2025-06-01,Maharashtra,Dhule,424305,124,-0.1390072104926342
2025-06-01,Gujarat,Dohad,389382,205,-0.14847470899941906
2025-06-01,West Bengal,Darjeeling,734429,112,-0.1367953447723267
2025-06-01,Chhattisgarh,Gaurella Pendra Marwahi,495118,188,-0.14512079759773167
2025-06-01,Maharashtra,Nanded,431704,181,-0.13348874985263548
2025-06-01,Karnataka,Bengaluru Urban,560092,125,-0.14122507039275156
2025-06-01,Tamil Nadu,Kallakurichi,606401,168,-0.14400584933460903
2025-06-01,West Bengal,Alipurduar,736202,116,-0.1362433130333992
2025-06-01,Karnataka,Bengaluru Urban,560047,180,-0.1467960513912424
2025-06-01,Uttar Pradesh,Shravasti,271803,173,-0.14178047386103787
2025-06-01,Assam,Cachar,788114,83,-0.12364912406304895
2025-06-01,Assam,Dhubri,783334,227,-0.1467960513912424
2025-06-01,Gujarat,Banas Kantha,385545,232,-0.1467960513912424
2025-06-01,Meghalaya,East Khasi Hills,793022,121,-0.12093709417764176
2025-06-01,Karnataka,Bengaluru Urban,560058,196,-0.1473552253844327
2025-06-01,Andhra Pradesh,Spsr Nellore,524345,155,-0.1473552253844327
2025-06-01,Karnataka,Bengaluru Urban,560035,305,-0.15015677733820132
2025-06-01,Andhra Pradesh,Spsr Nellore,524315,217,-0.15015677733820132
2025-06-01,Gujarat,Ahmadabad,382421,219,-0.14512079759773167
2025-06-01,Uttar Pradesh,Bahraich,271841,200,-0.1467960513912424
2025-06-01,West Bengal,24 Paraganas North,743287,68,-0.11931427460143651
2025-06-01,Tripura,Dhalai,799289,68,-0.12364912406304895
2025-06-01,Assam,Cachar,788002,97,-0.13403891726119188
2025-06-01,Bihar,Purnia,854303,293,-0.14847470899941906
2025-06-01,Maharashtra,Thane,421501,265,-0.14847470899941906
2025-06-01,Bihar,Muzaffarpur,843108,207,-0.1467960513912424
2025-06-01,Maharashtra,Dhule,424304,298,-0.15015677733820132
2025-06-01,Assam,Dhemaji,787060,232,-0.15015677733820132
2025-06-01,West Bengal,Dinajpur Uttar,733129,278,-0.15015677733820132
2025-06-01,Gujarat,Anand,388001,191,-0.14512079759773167
2025-06-01,Assam,Golaghat,785621,162,-0.1490350191336801
2025-06-01,Kerala,Ernakulam,686673,139,-0.14512079759773167
2025-06-01,Tamil Nadu,Vellore,632602,138,-0.1307434894264693
2025-06-01,Uttar Pradesh,Kheri,262903,246,-0.1467960513912424
2025-06-01,Maharashtra,Thane,400703,96,-0.12582536338432593
2025-06-01,Delhi,New Delhi,110037,161,-0.14400584933460903
2025-06-01,Gujarat,Dohad,389140,189,-0.1395611128795149
2025-06-01,Rajasthan,Bhilwara,311603,103,-0.13569165466526867
2025-06-01,Jharkhand,Dumka,814119,198,-0.1467960513912424
2025-06-01,Assam,Dhemaji,787061,84,-0.13238953111337326
2025-06-01,Assam,Cachar,788116,119,-0.14400584933460903
2025-06-01,Assam,Barpeta,781313,130,-0.1390072104926342
2025-06-01,Assam,Bongaigaon,783371,61,-0.11661688443859586
2025-06-01,Madhya Pradesh,Gwalior,475330,219,-0.1467960513912424
2025-06-01,Bihar,Purbi Champaran,845440,181,-0.14512079759773167
2025-06-01,Assam,West Karbi Anglong,782486,163,-0.12855395795277846
2025-06-01,Madhya Pradesh,Alirajpur,457887,182,-0.1467960513912424
2025-06-01,West Bengal,Darjeeling,734010,74,-0.11392860394472704
2025-06-01,Assam,Marigaon,782105,165,-0.1456788377536048
2025-06-01,Meghalaya,South West Khasi Hills,793114,239,-0.13514036941540308
2025-06-01,Madhya Pradesh,Chhatarpur,471606,245,-0.1467960513912424
2025-06-01,Assam,Kamrup Metro,781017,68,-0.1006227733529741
2025-06-01,Jharkhand,Ranchi,834002,227,-0.1467960513912424
2025-06-01,Nagaland,Peren,797110,188,-0.1362433130333992
2025-06-01,Tamil Nadu,Ramanathapuram,623536,43,-0.10644962052419682
2025-06-01,West Bengal,Malda,732124,252,-0.1467960513912424
2025-06-01,Assam,Cachar,788098,94,-0.13569165466526867
2025-06-01,Karnataka,Bengaluru Urban,560001,75,-0.12256321103160595
2025-06-01,West Bengal,Alipurduar,736182,100,-0.12910078541891534
2025-06-01,Assam,Karimganj,788724,228,-0.1467960513912424
2025-06-01,Gujarat,Kachchh,370201,133,-0.14512079759773167
2025-06-01,Nagaland,Mon,798621,174,-0.13845368274177716
2025-06-01,Karnataka,Bengaluru Urban,560062,233,-0.1490350191336801
2025-06-01,Assam,Darrang,784114,98,-0.13514036941540308
2025-06-01,Assam,Cachar,788001,59,-0.11931427460143651
2025-06-01,Assam,Marigaon,782126,98,-0.13458945703144098
2025-06-01,Gujarat,Ahmadabad,380016,179,-0.1467960513912424
2025-06-01,Karnataka,Bengaluru Urban,560024,111,-0.14400584933460903
2025-06-01,Assam,Karimganj,788713,75,-0.12855395795277846
2025-06-01,West Bengal,Jalpaiguri,735135,119,-0.1367953447723267
2025-06-01,Haryana,Gurugram,122002,140,-0.14344894071697056
2025-06-01,Gujarat,Vadodara,391770,50,-0.11231999548681315
2025-06-01,Assam,Golaghat,785702,210,-0.15015677733820132
2025-06-01,Karnataka,Bengaluru Rural,560087,271,-0.15015677733820132
2025-06-01,Delhi,New Delhi,110061,78,-0.12364912406304895
2025-06-01,Tamil Nadu,Ramanathapuram,623517,109,-0.13569165466526867
2025-06-01,Delhi,Central Delhi,110005,194,-0.14512079759773167
2025-06-01,Karnataka,Bengaluru Urban,560036,330,-0.15015677733820132
2025-06-01,Punjab,Ludhiana,141012,70,-0.11985484850896477
2025-06-01,Karnataka,Bengaluru Urban,560048,224,-0.14847470899941906
2025-06-01,Haryana,Kurukshetra,136119,93,-0.12364912406304895
2025-06-01,Madhya Pradesh,Bhind,477445,252,-0.15015677733820132
2025-06-01,Karnataka,Bengaluru Urban,560094,137,-0.14400584933460903
2025-06-01,Uttar Pradesh,Aligarh,202136,96,-0.1362433130333992
2025-06-01,Assam,Golaghat,785603,91,-0.13348874985263548
2025-06-01,West Bengal,Darjeeling,734003,112,-0.13458945703144098
2025-06-01,Meghalaya,South Garo Hills,794107,67,-0.10964622651467315
2025-06-01,Assam,Dibrugarh,786612,49,-0.0979885084255201
2025-06-01,Meghalaya,West Jaintia Hills,793109,257,-0.12637034409604453
2025-06-01,Gujarat,Banas Kantha,385570,89,-0.13348874985263548
2025-06-01,Uttar Pradesh,Lucknow,226005,223,-0.1467960513912424
2025-06-01,Maharashtra,Thane,400604,237,-0.1467960513912424
2025-06-01,Assam,Cachar,788119,144,-0.14512079759773167
2025-06-01,Maharashtra,Thane,400701,173,-0.14512079759773167
2025-06-01,West Bengal,Kolkata,700016,75,-0.12964798298622116
2025-06-01,Karnataka,Bengaluru Urban,560066,363,-0.15015677733820132
2025-06-01,Tamil Nadu,Vellore,632001,137,-0.12800750033748975
2025-06-01,Assam,Golaghat,785614,214,-0.1467960513912424
2025-06-01,Bihar,Siwan,841237,104,-0.137900529373556
2025-06-01,Karnataka,Bengaluru Urban,560005,141,-0.1473552253844327
2025-06-01,Assam,Cachar,788030,168,-0.1467960513912424
2025-06-01,Madhya Pradesh,Chhatarpur,471105,210,-0.1467960513912424
2025-06-01,Uttar Pradesh,Aligarh,262907,174,-0.1467960513912424
2025-06-01,Assam,Golaghat,785705,130,-0.14178047386103787
2025-06-01,Andhra Pradesh,Spsr Nellore,524304,62,-0.10751371432672963
2025-06-01,Gujarat,Chhotaudepur,391110,141,-0.137900529373556
2025-06-01,Kerala,Thrissur,680307,47,-0.1006227733529741
2025-06-01,West Bengal,Coochbehar,735224,105,-0.137900529373556
2025-06-01,West Bengal,Kolkata,700023,138,-0.1395611128795149
2025-06-01,West Bengal,24 Paraganas North,700125,161,-0.14512079759773167
2025-06-01,Bihar,Katihar,854114,260,-0.1467960513912424
2025-06-01,Karnataka,Bengaluru Urban,560093,123,-0.1367953447723267
2025-06-01,Tamil Nadu,Salem,636010,117,-0.13348874985263548
2025-06-01,Assam,Karimganj,788710,53,-0.10698148743764391
2025-06-01,Assam,Dibrugarh,785675,70,-0.11931427460143651
2025-06-01,Madhya Pradesh,Morena,476444,276,-0.1467960513912424
2025-06-01,Assam,Karimganj,788709,116,-0.1367953447723267
2025-06-01,Karnataka,Bengaluru Urban,560008,115,-0.14400584933460903
2025-06-01,Madhya Pradesh,Alirajpur,457893,187,-0.14512079759773167
2025-06-01,Bihar,Purbi Champaran,845427,236,-0.1467960513912424
2025-06-01,Assam,Nagaon,782450,156,-0.13514036941540308
2025-06-01,Meghalaya,South Garo Hills,794114,143,-0.12582536338432593
2025-06-01,West Bengal,Darjeeling,734001,103,-0.13348874985263548
2025-06-01,Uttar Pradesh,Mathura,281121,136,-0.1467960513912424
2025-06-01,Assam,Cachar,788099,64,-0.11931427460143651
2025-06-01,Karnataka,Bengaluru Urban,560102,163,-0.1467960513912424
2025-06-01,Meghalaya,East Khasi Hills,793002,129,-0.12473650751692833
2025-06-01,Karnataka,Bengaluru Urban,560085,177,-0.14512079759773167
2025-06-01,West Bengal,24 Paraganas North,700110,121,-0.14344894071697056
2025-06-01,West Bengal,Nadia,741502,140,-0.1473552253844327
2025-06-01,West Bengal,Jalpaiguri,735218,85,-0.13019555090518597
2025-06-01,Assam,Dibrugarh,786611,55,-0.09326923049540814
2025-06-01,Assam,Dibrugarh,786003,45,-0.09904114513277484
2025-06-01,Uttar Pradesh,Aligarh,202126,151,-0.14512079759773167
2025-06-01,Tripura,Dhalai,799275,99,-0.13293895455392246
2025-06-01,Assam,Karimganj,788712,155,-0.14847470899941906
2025-06-01,Maharashtra,Satara,415523,201,-0.14512079759773167
2025-06-01,West Bengal,Purba Bardhaman,713126,58,-0.11931427460143651
2025-06-01,Chhattisgarh,Bijapur,494447,191,-0.13845368274177716
2025-06-01,Karnataka,Bengaluru Urban,560099,214,-0.15015677733820132
2025-06-01,Meghalaya,East Khasi Hills,793004,97,-0.1241926318628046
2025-06-01,Madhya Pradesh,Sagar,470227,201,-0.14512079759773167
2025-06-01,Uttar Pradesh,Gorakhpur,273008,178,-0.1395611128795149
2025-06-01,Maharashtra,Thane,400705,91,-0.13348874985263548
2025-06-01,Maharashtra,Thane,400706,148,-0.14122507039275156
2025-06-01,Uttar Pradesh,Aligarh,202155,113,-0.14344894071697056
2025-06-01,West Bengal,Darjeeling,734013,64,-0.11607850055229363
2025-06-01,Meghalaya,East Khasi Hills,793005,170,-0.12093709417764176
2025-06-01,Meghalaya,South West Khasi Hills,793106,145,-0.13845368274177716
2025-06-01,Assam,West Karbi Anglong,782485,132,-0.1367953447723267
2025-06-01,West Bengal,Darjeeling,734008,45,-0.09379217671986673
2025-06-01,West Bengal,24 Paraganas North,743127,147,-0.14512079759773167
2025-06-01,Uttar Pradesh,Bareilly,243202,254,-0.1467960513912424
2025-06-01,Delhi,New Delhi,110003,124,-0.13569165466526867
2025-06-01,Meghalaya,East Khasi Hills,793108,169,-0.12855395795277846
2025-06-01,West Bengal,Darjeeling,734101,51,-0.11392860394472704
2025-06-01,Andhra Pradesh,Spsr Nellore,524305,183,-0.14512079759773167
2025-06-01,Assam,Cachar,788101,120,-0.14400584933460903
2025-06-01,Assam,Cachar,782448,199,-0.15015677733820132
2025-06-01,Karnataka,Bengaluru Urban,560075,117,-0.14011539015597885
2025-06-01,West Bengal,Kolkata,700004,76,-0.11661688443859586
2025-06-01,Assam,Cachar,788104,131,-0.14400584933460903
2025-06-01,Meghalaya,South West Garo Hills,794106,91,-0.13238953111337326
2025-06-01,Andhra Pradesh,Spsr Nellore,524411,109,-0.142336253234862
2025-06-01,Meghalaya,West Garo Hills,794001,108,-0.12039578828515807
2025-06-01,Karnataka,Bengaluru Urban,560038,70,-0.12093709417764176
2025-06-01,Madhya Pradesh,Bhind,477116,253,-0.1467960513912424
2025-06-01,Assam,Cachar,788107,147,-0.14847470899941906
2025-06-01,Assam,Marigaon,782412,45,-0.10964622651467315
2025-06-01,Delhi,South Delhi,110024,70,-0.11985484850896477
2025-06-01,Uttar Pradesh,Kanpur Nagar,209402,127,-0.13845368274177716
2025-06-01,Karnataka,Bengaluru Urban,560061,256,-0.15015677733820132
2025-06-01,Uttar Pradesh,Ayodhya,224188,82,-0.12746141232289776
2025-06-01,Gujarat,Vadodara,391240,98,-0.12800750033748975
2025-06-01,Tamil Nadu,Salem,636015,125,-0.13514036941540308
2025-06-01,Maharashtra,Pune,411014,236,-0.1467960513912424
2025-06-01,Uttar Pradesh,Agra,282003,196,-0.1467960513912424
2025-06-01,Assam,Dibrugarh,786010,184,-0.1307434894264693
2025-06-01,West Bengal,Alipurduar,735211,224,-0.1467960513912424
2025-06-01,Assam,Lakhimpur,787032,137,-0.14847470899941906
2025-06-01,Assam,Kamrup,781354,207,-0.14847470899941906
2025-06-01,Delhi,South Delhi,110017,191,-0.1467960513912424
2025-06-01,Maharashtra,Thane,400709,132,-0.137900529373556
2025-06-01,Andhra Pradesh,Spsr Nellore,524308,85,-0.12910078541891534
2025-06-01,West Bengal,Jalpaiguri,735202,111,-0.12039578828515807
2025-06-01,West Bengal,Kolkata,700039,205,-0.1467960513912424
2025-06-01,Jharkhand,Khunti,835216,250,-0.1467960513912424
2025-06-01,Assam,Sivasagar,785640,80,-0.12746141232289776
2025-06-01,Gujarat,Dohad,389175,200,-0.14847470899941906
2025-06-01,Andhra Pradesh,Spsr Nellore,524309,80,-0.12256321103160595
2025-06-01,Assam,Marigaon,782104,62,-0.11931427460143651
2025-06-01,Assam,Jorhat,785630,56,-0.11607850055229352
2025-06-01,Tamil Nadu,Sivaganga,630302,93,-0.12691569365902045
2025-06-01,Karnataka,Bengaluru Urban,560034,53,-0.11661688443859586
2025-06-01,Karnataka,Bengaluru Urban,562125,209,-0.1467960513912424
2025-06-01,West Bengal,24 Paraganas North,743423,227,-0.1467960513912424
2025-06-01,Bihar,Jamui,811301,203,-0.1467960513912424
2025-06-01,Tamil Nadu,Madurai,625106,88,-0.12800750033748975
2025-06-01,Andhra Pradesh,Spsr Nellore,524322,125,-0.14344894071697056
2025-06-01,Gujarat,Mahisagar,389260,161,-0.14400584933460903
2025-07-01,Arunachal Pradesh,West Kameng,790101,83,-0.1319543179036018
2025-07-01,Himachal Pradesh,Kullu,175101,114,-0.14078512024080791
2025-07-01,Maharashtra,Solapur,413113,94,-0.13912205481466045
2025-07-01,West Bengal,Alipurduar,736202,200,-0.14747124117233712
2025-07-01,Assam,Kamrup Metro,782402,140,-0.13360281977638588
2025-07-01,Delhi,South Delhi,110029,88,-0.12921423958542577
2025-07-01,West Bengal,Darjeeling,734010,208,-0.15027318626418262
2025-07-01,Assam,Sivasagar,785640,194,-0.1491512706448176
2025-07-01,Assam,Jorhat,785633,46,-0.09092073791261557
2025-07-01,Gujarat,Chhotaudepur,391140,105,-0.14245156471704912
2025-07-01,Andhra Pradesh,Spsr Nellore,524345,130,-0.1452364998313429
2025-07-01,Odisha,Khordha,751024,87,-0.13470368141597255
2025-07-01,Assam,Dibrugarh,786613,112,-0.13250344678521309
2025-07-01,Meghalaya,Kamrup,781131,143,-0.11580984969780661
2025-07-01,Karnataka,Bengaluru Urban,562157,69,-0.11888607134680484
2025-07-01,Gujarat,Kachchh,370421,88,-0.13305294732562634
2025-07-01,Assam,Dibrugarh,786003,162,-0.14747124117233712
2025-07-01,Meghalaya,Ri Bhoi,793101,119,-0.12066680244291295
2025-07-01,Assam,Kamrup,781125,80,-0.12921423958542577
2025-07-01,Gujarat,Patan,384241,122,-0.14356440834111905
2025-07-01,Assam,Tinsukia,786171,202,-0.1491512706448176
2025-07-01,West Bengal,Nadia,741253,102,-0.12866733538371444
2025-07-01,West Bengal,24 Paraganas North,743263,227,-0.15083471363528544
2025-07-01,Assam,Kamrup Metro,781006,60,-0.11511430077169149
2025-07-01,Assam,Dibrugarh,786611,139,-0.12050802089094481
2025-07-01,Delhi,New Delhi,110061,150,-0.1485908818829772
2025-07-01,Meghalaya,East Khasi Hills,793021,198,-0.12648341510333883
2025-07-01,Tamil Nadu,Chengalpattu,600130,58,-0.11403992901909688
2025-07-01,Nagaland,Peren,797110,159,-0.13635776950135403
2025-07-01,Jharkhand,Ranchi,835205,118,-0.14356440834111905
2025-07-01,Meghalaya,North Garo Hills,794108,244,-0.13470368141597255
2025-07-01,Gujarat,Amreli,364522,67,-0.12213326594509466
2025-07-01,West Bengal,24 Paraganas North,700049,134,-0.1457946182962524
2025-07-01,Delhi,South Delhi,110065,201,-0.14691198871100075
2025-07-01,Assam,Cachar,788117,127,-0.14467875885403314
2025-07-01,Kerala,Thiruvananthapuram,695310,51,-0.0734728745457881
2025-07-01,Telangana,Hyderabad,500029,163,-0.1457946182962524
2025-07-01,Gujarat,Devbhumi Dwarka,360510,148,-0.13967603492992986
2025-07-01,Maharashtra,Ahmednagar,414105,172,-0.14747124117233712
2025-07-01,Assam,Tinsukia,786125,169,-0.14635311450425093
2025-07-01,Assam,West Karbi Anglong,782486,197,-0.15027318626418262
2025-07-01,Maharashtra,Mumbai Suburban,400059,205,-0.14635311450425093
2025-07-01,Karnataka,Bengaluru Urban,560004,175,-0.14467875885403314
2025-07-01,Assam,Kamrup,781120,65,-0.11511430077169149
2025-07-01,Assam,Dibrugarh,786001,238,-0.15083471363528544
2025-07-01,West Bengal,24 Paraganas North,700056,98,-0.13360281977638588
2025-07-01,West Bengal,24 Paraganas North,743127,188,-0.14747124117233712
2025-07-01,Assam,Golaghat,785625,177,-0.14467875885403314
2025-07-01,Karnataka,Bengaluru Urban,560048,240,-0.15083471363528544
2025-07-01,West Bengal,Nadia,741402,104,-0.13415306438920627
2025-07-01,Telangana,Hyderabad,500032,165,-0.14691198871100075
2025-07-01,Assam,Dibrugarh,786191,71,-0.12267574778895729
2025-07-01,Gujarat,Chhotaudepur,391135,193,-0.15027318626418262
2025-07-01,Gujarat,Porbandar,360570,65,-0.11619012731880829
2025-07-01,Andhra Pradesh,Spsr Nellore,524411,147,-0.1457946182962524
2025-07-01,West Bengal,Nadia,741201,183,-0.14467875885403314
2025-07-01,Jharkhand,Ranchi,835222,295,-0.15083471363528544
2025-07-01,Assam,Jorhat,785001,158,-0.14023038998739012
2025-07-01,Karnataka,Bengaluru Urban,560001,105,-0.14078512024080791
2025-07-01,West Bengal,Alipurduar,736182,148,-0.13967603492992986
2025-07-01,Uttar Pradesh,Lucknow,226018,215,-0.14747124117233712
2025-07-01,Assam,Tinsukia,786182,173,-0.14747124117233712
2025-07-01,Assam,Dibrugarh,786012,75,-0.12159115101288598
2025-07-01,Karnataka,Bengaluru Urban,562106,158,-0.1418957073514412
2025-07-01,Tamil Nadu,Chennai,600119,162,-0.14635311450425093
2025-07-01,Maharashtra,Mumbai,400022,218,-0.14635311450425093
2025-07-01,West Bengal,Alipurduar,735208,39,-0.08607498381175327
2025-07-01,Assam,Tinsukia,786156,310,-0.15083471363528544
2025-07-01,Gujarat,Porbandar,360579,134,-0.14300779829539956
2025-07-01,Gujarat,Amreli,364515,177,-0.14300779829539956
2025-07-01,Karnataka,Bengaluru Urban,560037,400,-0.15083471363528544
2025-07-01,West Bengal,Jalpaiguri,735206,69,-0.10141518934756666
2025-07-01,Meghalaya,East Khasi Hills,793005,248,-0.1358060337197351
2025-07-01,Gujarat,Sabar Kantha,383205,155,-0.14467875885403314
2025-07-01,West Bengal,Darjeeling,734013,87,-0.12757463643835198
2025-07-01,Maharashtra,Mumbai Suburban,400074,224,-0.14635311450425093
2025-07-01,Meghalaya,East Khasi Hills,793009,235,-0.1131242947345038
2025-07-01,Assam,Jorhat,785636,93,-0.12757463643835198
2025-07-01,West Bengal,24 Paraganas North,743249,155,-0.14747124117233712
2025-07-01,Mizoram,Lunglei,796770,135,-0.14412139510900646
2025-07-01,Assam,West Karbi Anglong,782485,185,-0.15083471363528544
2025-07-01,Delhi,Central Delhi,110054,146,-0.1418957073514412
2025-07-01,Assam,Dibrugarh,785675,228,-0.15083471363528544
2025-07-01,Punjab,Kapurthala,144401,221,-0.1480308721442687
2025-07-01,West Bengal,Jalpaiguri,735202,199,-0.1485908818829772
2025-07-01,Meghalaya,East Khasi Hills,793017,125,-0.12648341510333883
2025-07-01,Assam,Kamrup,781103,175,-0.13967603492992986
2025-07-01,Assam,Dibrugarh,786101,196,-0.14747124117233712
2025-07-01,Meghalaya,West Jaintia Hills,793109,249,-0.12648341510333883
2025-07-01,Uttar Pradesh,Fatehpur,212663,256,-0.14635311450425093
2025-07-01,Karnataka,Bengaluru Urban,560008,146,-0.14747124117233712
2025-07-01,Assam,Kamrup Metro,781038,64,-0.12213326594509466
2025-07-01,Jharkhand,Dumka,814119,188,-0.14635311450425093
2025-07-01,Assam,Kamrup Metro,782403,108,-0.1297615139402417
2025-07-01,Karnataka,Bengaluru Urban,560092,110,-0.1418957073514412
2025-07-01,Assam,Lakhimpur,784161,84,-0.12921423958542577
2025-07-01,Gujarat,Ahmadabad,380015,239,-0.14747124117233712
2025-07-01,Karnataka,Bengaluru Urban,560041,132,-0.14467875885403314
2025-07-01,Haryana,Gurugram,122004,202,-0.14356440834111905
2025-07-01,Assam,Lakhimpur,787032,201,-0.15083471363528544
2025-07-01,Gujarat,Jamnagar,361012,121,-0.14356440834111905
2025-07-01,West Bengal,Darjeeling,734427,137,-0.13856844938798696
2025-07-01,Assam,Kamrup,781380,171,-0.1457946182962524
2025-07-01,Assam,Tinsukia,786150,73,-0.09757173841994782
2025-07-01,Karnataka,Bengaluru Urban,560099,241,-0.1491512706448176
2025-07-01,Uttar Pradesh,Kheri,262906,207,-0.14747124117233712
2025-07-01,Gujarat,Anand,387115,128,-0.13967603492992986
2025-07-01,Meghalaya,East Khasi Hills,793008,255,-0.13525467110874012
2025-07-01,Meghalaya,East Khasi Hills,793006,181,-0.14300779829539956
2025-07-01,Maharashtra,Sangli,416413,222,-0.14635311450425093
2025-07-01,West Bengal,Jalpaiguri,735135,300,-0.15027318626418262
2025-07-01,Madhya Pradesh,Gwalior,475001,272,-0.14635311450425093
2025-07-01,Karnataka,Bengaluru Urban,560103,183,-0.15083471363528544
2025-07-01,Assam,Golaghat,785612,347,-0.15083471363528544
2025-07-01,West Bengal,Nadia,741501,180,-0.14747124117233712
2025-07-01,Maharashtra,Mumbai Suburban,400076,111,-0.138015218396486
2025-07-01,Maharashtra,Pune,412211,128,-0.14467875885403314
2025-07-01,Assam,Jorhat,785108,83,-0.1314055604294183
2025-07-01,Karnataka,Bengaluru Urban,560017,112,-0.13912205481466045
2025-07-01,Punjab,Ludhiana,141012,138,-0.14356440834111905
2025-07-01,Gujarat,Gandhinagar,382735,76,-0.12104940274416787
2025-07-01,Assam,Golaghat,785603,238,-0.1491512706448176
2025-07-01,Assam,Golaghat,785703,92,-0.13912205481466045
2025-07-01,Tamil Nadu,Chennai,600115,108,-0.14356440834111905
2025-07-01,West Bengal,24 Paraganas North,700124,135,-0.1457946182962524
2025-07-01,Gujarat,Anand,388307,116,-0.13856844938798696
2025-07-01,Maharashtra,Pune,411023,141,-0.13856844938798696
2025-07-01,Assam,Karimganj,788709,184,-0.14747124117233712
2025-07-01,Gujarat,Banas Kantha,385560,129,-0.14467875885403314
2025-07-01,West Bengal,24 Paraganas North,743235,186,-0.14747124117233712
2025-07-01,Assam,Jorhat,785006,79,-0.13030915869868764
2025-07-01,Haryana,Gurugram,122002,199,-0.1491512706448176
2025-07-01,Uttar Pradesh,Meerut,250344,250,-0.14747124117233712
2025-07-01,Gujarat,Banas Kantha,385130,190,-0.14635311450425093
2025-07-01,Delhi,New Delhi,110057,100,-0.13415306438920627
2025-07-01,Meghalaya,East Khasi Hills,793014,65,-0.10300164119899546
2025-07-01,Karnataka,Bidar,585437,169,-0.14467875885403314
2025-07-01,Gujarat,Sabar Kantha,383255,226,-0.1485908818829772
2025-07-01,Gujarat,Bhavnagar,364310,149,-0.13250344678521309
2025-07-01,Gujarat,Kachchh,370410,69,-0.11296701009376786
2025-07-01,Delhi,New Delhi,110021,128,-0.14635311450425093
2025-07-01,Assam,Dhemaji,787061,214,-0.15027318626418262
2025-07-01,Gujarat,Ahmadabad,382421,196,-0.14635311450425093
2025-07-01,Assam,Jorhat,785616,85,-0.128120801084752
2025-07-01,West Bengal,Nadia,741222,244,-0.14747124117233712
2025-07-01,Assam,Kamrup,781122,123,-0.13967603492992986
2025-07-01,Uttar Pradesh,Jhansi,284304,167,-0.14747124117233712
2025-07-01,Gujarat,Banas Kantha,385555,289,-0.14747124117233712
2025-07-01,West Bengal,24 Paraganas North,743287,86,-0.1314055604294183
2025-07-01,Assam,Karimganj,788726,99,-0.13856844938798696
2025-07-01,West Bengal,Darjeeling,734008,64,-0.1194263554398397
2025-07-01,Karnataka,Bengaluru Urban,560035,285,-0.15083471363528544
2025-07-01,Meghalaya,East Khasi Hills,793010,167,-0.1131242947345038
2025-07-01,Sikkim,West Sikkim,737111,171,-0.14078512024080791
2025-07-01,Assam,Hailakandi,788165,117,-0.13967603492992986
2025-07-01,West Bengal,Kalimpong,734301,189,-0.15083471363528544
2025-07-01,Sikkim,South Sikkim,737121,260,-0.14747124117233712
2025-07-01,Assam,Dhemaji,787034,155,-0.1480308721442687
2025-07-01,Punjab,Ludhiana,141002,110,-0.13250344678521309
2025-07-01,Assam,Baksa,781344,73,-0.12484934925009838
2025-07-01,Assam,Goalpara,783134,176,-0.15027318626418262
2025-07-01,Assam,Cachar,788802,189,-0.14300779829539956
2025-07-01,Karnataka,Bengaluru Urban,560093,114,-0.14300779829539956
2025-07-01,Karnataka,Bengaluru Urban,560010,178,-0.1485908818829772
2025-07-01,Assam,Lakhimpur,787056,143,-0.14023038998739012
2025-07-01,Assam,Golaghat,785613,134,-0.14635311450425093
2025-07-01,Uttar Pradesh,Varanasi,221112,162,-0.14635311450425093
2025-07-01,West Bengal,24 Paraganas North,700119,261,-0.14747124117233712
2025-07-01,Nagaland,Dimapur,797115,154,-0.14300779829539956
2025-07-01,Goa,North Goa,403001,42,-0.0928549906066678
2025-07-01,Meghalaya,East Khasi Hills,793022,186,-0.11904453093736023
2025-07-01,Assam,Sivasagar,785697,57,-0.11780659918914349
2025-07-01,Assam,Nagaon,782450,236,-0.15083471363528544
2025-07-01,West Bengal,Darjeeling,734105,49,-0.09179315589166503
2025-07-01,Delhi,South Delhi,110016,116,-0.13912205481466045
2025-07-01,Gujarat,Mahesana,384355,205,-0.14467875885403314
2025-07-01,Gujarat,Dang,394716,186,-0.1491512706448176
2025-07-01,Gujarat,Bhavnagar,364130,172,-0.1457946182962524
2025-07-01,Jharkhand,Ranchi,834003,144,-0.1457946182962524
2025-07-01,West Bengal,24 Paraganas North,743271,61,-0.11672858675580855
2025-07-01,West Bengal,Darjeeling,734003,286,-0.15083471363528544
2025-07-01,Uttar Pradesh,Lucknow,226004,297,-0.14747124117233712
2025-07-01,West Bengal,24 Paraganas North,743262,111,-0.14078512024080791
2025-07-01,Uttar Pradesh,Moradabad,244411,86,-0.13250344678521309
2025-07-01,Assam,Chirang,783394,102,-0.14300779829539956
2025-07-01,West Bengal,24 Paraganas North,743145,169,-0.14747124117233712
2025-07-01,West Bengal,Kolkata,700007,104,-0.13525467110874012
2025-07-01,Mizoram,Champhai,796321,172,-0.14691198871100075
2025-07-01,Gujarat,Kachchh,370150,84,-0.13360281977638588
2025-07-01,Kerala,Kannur,670003,70,-0.11888607134680484
2025-07-01,Karnataka,Bengaluru Urban,560046,89,-0.138015218396486
2025-07-01,Assam,Tinsukia,786160,98,-0.1297615139402417
2025-07-01,Delhi,South Delhi,110024,104,-0.1418957073514412
2025-07-01,Delhi,New Delhi,110003,212,-0.14747124117233712
2025-07-01,Assam,Cachar,788102,151,-0.14691198871100075
2025-07-01,West Bengal,Alipurduar,736206,179,-0.14635311450425093
2025-07-01,Chhattisgarh,Sukma,494114,149,-0.13967603492992986
2025-07-01,West Bengal,Darjeeling,734101,116,-0.14412139510900646
2025-07-01,Punjab,Ludhiana,142026,151,-0.14078512024080791
2025-07-01,Meghalaya,West Garo Hills,794101,121,-0.12593835791519847
2025-07-01,Gujarat,Devbhumi Dwarka,360590,89,-0.13305294732562634
2025-07-01,Karnataka,Bengaluru Urban,560085,222,-0.14747124117233712
2025-07-01,Gujarat,Jamnagar,361170,108,-0.13250344678521309
2025-07-01,Assam,Dhemaji,787035,62,-0.1044357252780942
2025-07-01,Assam,Cachar,788098,214,-0.1457946182962524
2025-07-01,Telangana,Hyderabad,500027,160,-0.14467875885403314
2025-07-01,Assam,Jorhat,785630,142,-0.1480308721442687
2025-07-01,Maharashtra,Pune,412218,100,-0.13967603492992986
2025-07-01,Telangana,Hyderabad,500047,172,-0.14467875885403314
2025-07-01,Gujarat,Panch Mahals,389350,217,-0.14747124117233712
2025-07-01,Uttar Pradesh,Lucknow,226005,267,-0.14747124117233712
2025-07-01,Rajasthan,Bundi,323022,223,-0.14747124117233712
2025-07-01,West Bengal,Alipurduar,736207,169,-0.14635311450425093
2025-07-01,Gujarat,Morbi,363650,157,-0.14300779829539956
2025-07-01,Assam,Golaghat,785611,137,-0.1480308721442687
2025-07-01,Maharashtra,Pune,412210,205,-0.14691198871100075
2025-07-01,Assam,Golaghat,785615,93,-0.13360281977638588
2025-07-01,West Bengal,24 Paraganas North,700110,145,-0.14635311450425093
2025-07-01,Karnataka,Mysuru,571104,98,-0.11189554203110774
2025-07-01,Chhattisgarh,Bijapur,494447,313,-0.15083471363528544
2025-07-01,Gujarat,Kachchh,370145,156,-0.13967603492992986
2025-07-01,West Bengal,Coochbehar,736131,209,-0.14635311450425093
2025-07-01,Maharashtra,Mumbai Suburban,400053,179,-0.14635311450425093
2025-07-01,West Bengal,Kolkata,700016,172,-0.14747124117233712
2025-07-01,Andhra Pradesh,Spsr Nellore,524413,65,-0.12321859679280545
2025-07-01,Telangana,Hyderabad,500056,143,-0.14356440834111905
2025-07-01,Assam,Kamrup Metro,781005,82,-0.10778036327440943
2025-07-01,Gujarat,Anand,388180,154,-0.14467875885403314
2025-07-01,Meghalaya,East Khasi Hills,793004,128,-0.1374623615869055
2025-07-01,Assam,Tinsukia,786153,69,-0.11726741063036805
2025-07-01,West Bengal,24 Paraganas North,743248,166,-0.14747124117233712
2025-07-01,Assam,Jorhat,785107,70,-0.12104940274416787
2025-07-01,Madhya Pradesh,Alirajpur,457887,244,-0.14747124117233712
2025-07-01,Gujarat,Chhotaudepur,391152,90,-0.13250344678521309
2025-07-01,Meghalaya,South West Khasi Hills,793106,221,-0.13967603492992986
2025-07-01,Meghalaya,South Garo Hills,794107,89,-0.11634805175711338
2025-07-01,Madhya Pradesh,Khargone,451111,225,-0.14635311450425093
2025-07-01,Gujarat,Chhotaudepur,391125,135,-0.14356440834111905
2025-07-01,Assam,Kamrup,781381,102,-0.1297615139402417
2025-07-01,Assam,Karimganj,788728,208,-0.14747124117233712
2025-07-01,Karnataka,Bengaluru Urban,560075,129,-0.1452364998313429
2025-07-01,Meghalaya,East Khasi Hills,793112,164,-0.1358060337197351
2025-07-01,West Bengal,Kolkata,700004,99,-0.12159115101288598
2025-07-01,Assam,Cachar,788001,190,-0.1457946182962524
2025-07-01,Karnataka,Bengaluru Urban,560038,103,-0.1358060337197351
2025-07-01,Karnataka,Bengaluru Urban,560102,207,-0.15083471363528544
2025-07-01,Gujarat,Banas Kantha,385421,214,-0.14635311450425093
2025-07-01,Assam,Golaghat,785601,366,-0.15083471363528544
2025-07-01,Kerala,Thiruvananthapuram,695005,50,-0.10231729544102897
2025-07-01,Meghalaya,West Garo Hills,794001,181,-0.13967603492992986
2025-07-01,Mizoram,Saiha,796901,153,-0.1457946182962524
2025-07-01,Telangana,Hyderabad,500040,203,-0.14467875885403314
2025-07-01,Maharashtra,Mumbai,400013,89,-0.1297615139402417
2025-07-01,Gujarat,Anand,388625,73,-0.12213326594509466
2025-07-01,Assam,Jorhat,785010,65,-0.11457693316909479
2025-07-01,Karnataka,Bengaluru Urban,560027,112,-0.14467875885403314
2025-07-01,Meghalaya,East Khasi Hills,793108,265,-0.13967603492992986
2025-07-01,Assam,Kamrup Metro,781019,55,-0.11029105601360367
2025-07-01,Assam,Golaghat,785621,254,-0.15083471363528544
2025-07-01,Assam,Golaghat,785619,72,-0.12757463643835198
2025-07-01,Meghalaya,West Garo Hills,794109,235,-0.14747124117233712
2025-07-01,Assam,Golaghat,785702,305,-0.15083471363528544
2025-07-01,Maharashtra,Pune,411052,114,-0.12866733538371444
2025-07-01,Madhya Pradesh,Bhind,477446,142,-0.14635311450425093
2025-07-01,Madhya Pradesh,Bhind,477555,226,-0.14635311450425093
2025-07-01,Maharashtra,Nashik,422303,128,-0.14300779829539956
2025-07-01,Maharashtra,Mumbai Suburban,400050,161,-0.1485908818829772
2025-07-01,West Bengal,Darjeeling,734429,263,-0.14747124117233712
2025-07-01,West Bengal,Nadia,741223,170,-0.15027318626418262
2025-07-01,Rajasthan,Jodhpur,342012,74,-0.13085717411145836
2025-07-01,Maharashtra,Pune,411021,176,-0.14467875885403314
2025-07-01,Assam,Dibrugarh,786610,189,-0.1480308721442687
2025-07-01,Nagaland,Dimapur,797103,158,-0.13856844938798696
2025-07-01,Maharashtra,Mumbai,400026,50,-0.10602831431574455
2025-07-01,Karnataka,Bengaluru Rural,562110,174,-0.13415306438920627
2025-07-01,Assam,Golaghat,785602,183,-0.1480308721442687
2025-07-01,Assam,Dima Hasao,788819,148,-0.1457946182962524
2025-07-01,Gujarat,Sabar Kantha,383430,136,-0.14300779829539956
2025-07-01,Gujarat,Rajkot,360022,147,-0.1457946182962524
2025-07-01,Assam,Chirang,783373,116,-0.14467875885403314
2025-07-01,Madhya Pradesh,Khargone,451335,219,-0.14747124117233712
2025-07-01,Karnataka,Bengaluru Urban,560005,150,-0.1457946182962524
2025-07-01,Assam,Tinsukia,786154,139,-0.14356440834111905
2025-07-01,Assam,Kamrup,781101,170,-0.14356440834111905
2025-07-01,Punjab,Ludhiana,141014,166,-0.14747124117233712
2025-07-01,Karnataka,Bengaluru Urban,560084,166,-0.1457946182962524
2025-07-01,Assam,Kamrup,781129,56,-0.11672858675580855
2025-07-01,Delhi,New Delhi,110070,197,-0.1485908818829772
2025-07-01,Madhya Pradesh,Sagar,470117,211,-0.1457946182962524
2025-07-01,Madhya Pradesh,Barwani,451881,250,-0.14747124117233712
2025-07-01,Karnataka,Bengaluru Urban,560034,84,-0.13085717411145836
2025-07-01,Gujarat,Surendra Nagar,382775,251,-0.14635311450425093
2025-07-01,Gujarat,Surendra Nagar,382750,192,-0.14635311450425093
2025-07-01,Gujarat,Sabar Kantha,383215,94,-0.13856844938798696
2025-07-01,Jharkhand,Ranchi,834005,165,-0.14747124117233712
2025-07-01,Madhya Pradesh,Gwalior,474005,243,-0.14635311450425093
2025-07-01,Assam,Jorhat,785635,194,-0.14635311450425093
2025-07-01,Assam,Tinsukia,786170,215,-0.15027318626418262
2025-07-01,Assam,Tinsukia,786181,174,-0.14747124117233712
2025-07-01,West Bengal,Kolkata,700006,149,-0.1485908818829772
2025-07-01,Uttar Pradesh,Varanasi,221109,147,-0.1457946182962524
2025-07-01,Jharkhand,East Singhbum,832105,205,-0.14747124117233712
2025-07-01,West Bengal,24 Paraganas North,700121,158,-0.14747124117233712
2025-07-01,Madhya Pradesh,Bhind,477227,198,-0.14635311450425093
2025-07-01,Gujarat,Panch Mahals,389341,239,-0.14747124117233712
2025-07-01,Assam,Dibrugarh,786602,170,-0.1485908818829772
2025-07-01,Madhya Pradesh,Bhind,477222,289,-0.14635311450425093
2025-07-01,Gujarat,Patan,384272,92,-0.13470368141597255
2025-07-01,Mizoram,Kolasib,796081,85,-0.12702884119449698
2025-07-01,West Bengal,24 Paraganas North,743251,178,-0.14467875885403314
2025-07-01,Assam,Sivasagar,785684,91,-0.128120801084752
2025-07-01,West Bengal,24 Paraganas North,700162,37,-0.08039921096579705
2025-07-01,Tripura,North Tripura,799271,216,-0.14747124117233712
2025-07-01,Jharkhand,East Singhbum,831011,111,-0.13967603492992986
2025-07-01,Meghalaya,East Khasi Hills,793003,74,-0.1083131308548454
2025-07-01,Maharashtra,Solapur,413109,167,-0.14467875885403314
2025-07-01,West Bengal,Darjeeling,734014,182,-0.1485908818829772
2025-07-01,Gujarat,Kachchh,370140,170,-0.15027318626418262
2025-07-01,Karnataka,Bengaluru Urban,560029,221,-0.1485908818829772
2025-07-01,Gujarat,Panch Mahals,389365,159,-0.1491512706448176
2025-07-01,Gujarat,Ahmadabad,382230,187,-0.14747124117233712
2025-07-01,Assam,Karimganj,788712,276,-0.14747124117233712
2025-07-01,Gujarat,Bhavnagar,364230,76,-0.12484934925009838
2025-07-01,Maharashtra,Ahmednagar,413705,196,-0.14635311450425093
2025-07-01,Assam,Karimganj,788710,67,-0.12267574778895729
2025-07-01,Andhra Pradesh,Prakasam,523105,237,-0.15083471363528544
2025-07-01,Maharashtra,Mumbai Suburban,400080,204,-0.14467875885403314
2025-07-01,Tamil Nadu,Chengalpattu,603204,168,-0.14467875885403314
2025-07-01,Gujarat,Patan,384240,243,-0.15027318626418262
2025-07-01,Gujarat,Ahmadabad,380018,117,-0.1418957073514412
2025-07-01,West Bengal,Alipurduar,735204,199,-0.13635776950135403
2025-07-01,Karnataka,Bengaluru Urban,560024,91,-0.13305294732562634
2025-07-01,Assam,Jorhat,785634,173,-0.1491512706448176
2025-07-01,Assam,Golaghat,785622,44,-0.09405417599743904
2025-07-01,Chhattisgarh,Sukma,494122,214,-0.14747124117233712
2025-07-01,Assam,Tinsukia,786188,71,-0.12050802089094481
2025-07-01,Andhra Pradesh,Spsr Nellore,524223,81,-0.13085717411145836
2025-07-01,Assam,Golaghat,785610,60,-0.11296701009376786
2025-07-01,Tamil Nadu,Chennai,600028,130,-0.1418957073514412
2025-07-01,Karnataka,Bengaluru Urban,562125,255,-0.15027318626418262
2025-07-01,Assam,Jorhat,785112,92,-0.12702884119449698
2025-07-01,Kerala,Ernakulam,682006,136,-0.14747124117233712
2025-07-01,West Bengal,24 Paraganas North,700129,76,-0.12648341510333883
2025-07-01,Delhi,South Delhi,110048,83,-0.12757463643835198
2025-07-01,Maharashtra,Pune,411058,117,-0.13967603492992986
2025-07-01,West Bengal,24 Paraganas North,700102,157,-0.14747124117233712
2025-07-01,Assam,Cachar,782448,335,-0.15083471363528544
2025-07-01,Assam,Tinsukia,786190,102,-0.14134022594412154
2025-07-01,Assam,Karimganj,788725,212,-0.1485908818829772
2025-07-01,Assam,Dhemaji,787026,140,-0.13305294732562634
2025-07-01,Maharashtra,Pune,413106,160,-0.14356440834111905
2025-07-01,Meghalaya,East Khasi Hills,793019,137,-0.1358060337197351
2025-07-01,Karnataka,Mysuru,570023,97,-0.12866733538371444
2025-07-01,West Bengal,Jalpaiguri,735225,75,-0.11473453738395678
2025-07-01,West Bengal,Coochbehar,735224,234,-0.14747124117233712
2025-07-01,Madhya Pradesh,Bhind,477447,197,-0.14635311450425093
2025-07-01,Assam,Golaghat,785609,48,-0.09405417599743904
2025-07-01,Nagaland,Mokokchung,798601,220,-0.14747124117233712
2025-07-01,Gujarat,Sabar Kantha,383220,164,-0.1418957073514412
2025-07-01,Kerala,Ernakulam,682030,88,-0.13360281977638588
2025-07-01,West Bengal,Darjeeling,734201,93,-0.12484934925009838
2025-07-01,Tripura,Gomati,799114,124,-0.14467875885403314
2025-07-01,Gujarat,Ahmadabad,382240,100,-0.14356440834111905
2025-07-01,Assam,Dibrugarh,786612,94,-0.12104940274416787
2025-07-01,Gujarat,Panch Mahals,389360,104,-0.13967603492992986
2025-07-01,Meghalaya,East Khasi Hills,793002,224,-0.14971203868631866
2025-07-01,West Bengal,24 Paraganas North,743245,100,-0.138015218396486
2025-07-01,Assam,Cachar,788112,160,-0.14356440834111905
2025-07-01,Assam,Cachar,788113,194,-0.1457946182962524
2025-07-01,Gujarat,Vadodara,391770,110,-0.14467875885403314
2025-07-01,Madhya Pradesh,Burhanpur,450445,192,-0.14747124117233712
2025-07-01,Assam,Jorhat,785680,91,-0.1297615139402417
2025-07-01,Assam,Tinsukia,786152,200,-0.1491512706448176
2025-07-01,Gujarat,Chhotaudepur,391168,146,-0.14971203868631866
2025-07-01,Kerala,Thiruvananthapuram,695011,79,-0.12648341510333883
2025-07-01,Assam,Kamrup,781135,116,-0.13030915869868764
2025-07-01,Assam,Golaghat,785699,68,-0.12267574778895729
2025-07-01,Assam,Cachar,788011,89,-0.13250344678521309
2025-07-01,Assam,Baksa,781372,147,-0.1485908818829772
2025-07-01,Maharashtra,Buldhana,444301,134,-0.13690987870616467
2025-07-01,West Bengal,Nadia,741313,78,-0.1253936693805655
2025-07-01,Assam,Kokrajhar,783369,66,-0.12213326594509466
2025-09-01,Andhra Pradesh,Sri Potti Sriramulu Nellore,524142,14,-0.042415966139280226
2025-09-01,Assam,Barpeta,781316,24,-0.0009749235088674091
2025-09-01,Assam,Dhubri,783334,46,-0.001069378933981846
2025-09-01,Assam,Sonitpur,784149,58,-0.021481078536418563
2025-09-01,Bihar,Araria,854318,49,-0.05420566721915354
2025-09-01,Bihar,Kishanganj,855101,41,-0.017220853890734578
2025-09-01,Bihar,Madhepura,852128,25,-0.015464352505117906
2025-09-01,Bihar,Purnia,854315,54,-0.05998112508973785
2025-09-01,Bihar,Sitamarhi,843302,35,-0.020703047043332257
2025-09-01,Bihar,West Champaran,845450,20,-0.006803832242519792
2025-09-01,Chhattisgarh,Balrampur,497225,35,-0.01556522408367933
2025-09-01,Gujarat,Banaskantha,385330,28,-0.021528914304026592
2025-09-01,Jharkhand,Giridih,815312,51,-0.08661050571229889
2025-09-01,Madhya Pradesh,Betul,460661,17,-0.010655204604393953
2025-09-01,Madhya Pradesh,Burhanpur,450331,51,-0.05420566721915354
2025-09-01,Madhya Pradesh,Khargone,451331,30,-0.06414297012681847
2025-09-01,Madhya Pradesh,Vidisha,464114,37,-0.00254723969590287
2025-09-01,Meghalaya,Ri Bhoi,793102,16,-0.024568891370766566
2025-09-01,Meghalaya,West Garo Hills,794002,14,-0.01616587464419994
2025-09-01,Punjab,Amritsar,143001,43,-0.009942403332133254
2025-09-01,Rajasthan,Bharatpur,321022,27,-0.05379885621448366
2025-09-01,Uttar Pradesh,Banda,210001,42,-0.035101585043672
2025-09-01,Uttar Pradesh,Ghaziabad,201102,38,-0.01865909106112873
2025-09-01,Uttar Pradesh,Meerut,250001,29,-0.03174566446235616
2025-09-01,Uttar Pradesh,Siddharthnagar,272204,22,-0.03949326949491683
2025-09-01,Uttar Pradesh,Sultanpur,228001,23,-0.0121265491628203
2025-09-01,West Bengal,North 24 Parganas,743423,40,-0.035068365691392156
2025-09-01,West Bengal,South 24 Parganas,743329,36,-0.01931385869701674
2025-09-01,Assam,Dhubri,783348,46,-0.05420566721915354
2025-09-01,Assam,Goalpara,783129,46,-0.0726740593813554
2025-09-01,Assam,Kokrajhar,783370,17,-0.02182291089652877
2025-09-01,Bihar,Katihar,854317,50,-0.014622132125900245
2025-09-01,Bihar,Madhubani,847226,27,-0.023224474900652936
2025-09-01,Bihar,Saharsa,852127,25,-0.04869384649318542
2025-09-01,Delhi,North West Delhi,110086,43,-0.02633268405150413
2025-09-01,Gujarat,Dahod,389151,32,-0.002457100590279926
2025-09-01,Haryana,Gurgaon,122001,34,-0.028332836248709525
2025-09-01,Jharkhand,Bokaro,827013,44,-0.03955739852688367
2025-09-01,Jharkhand,Chatra,825401,68,-0.07091946648503333
2025-09-01,Jharkhand,Chatra,825404,32,-0.005046423593404681
2025-09-01,Jharkhand,Giridih,825167,24,-0.005390352950796595
2025-09-01,Jharkhand,Khunti,835210,20,-0.03427409779592516
2025-09-01,Jharkhand,Sahebganj,816108,33,-0.010412268627106203
2025-09-01,Karnataka,Mysuru,571105,33,-0.07340286755970715
2025-09-01,Madhya Pradesh,Bhind,477116,22,-0.0015431947437030136
2025-09-01,Madhya Pradesh,Morena,476221,38,-0.025165606023492493
2025-09-01,Madhya Pradesh,Satna,485001,28,-0.01364356042825099
2025-09-01,Madhya Pradesh,Umaria,484661,44,-0.017220853890734578
2025-09-01,Maharashtra,Thane,400612,43,-0.032972719609988044
2025-09-01,Meghalaya,East Khasi Hills,793017,8,-0.003699169029806715
2025-09-01,Meghalaya,East Khasi Hills,793021,14,-0.01577990213939695
2025-09-01,Meghalaya,East Khasi Hills,793121,32,-0.06169331223985963
2025-09-01,Meghalaya,South Garo Hills,794005,19,-0.03533213695302184
2025-09-01,Meghalaya,South West Garo Hills,794105,19,-0.027539241841292195
2025-09-01,Uttar Pradesh,Aligarh,202001,57,-0.0683855160380954
2025-09-01,Uttar Pradesh,Hardoi,241123,35,-0.01790873856714381
2025-09-01,Uttar Pradesh,Hathras,204101,26,-0.01284360936427531
2025-09-01,Uttar Pradesh,Jalaun,285123,15,-0.020309968422568936
2025-09-01,Uttar Pradesh,Kheri,261502,35,-0.01570453433618002
2025-09-01,Uttar Pradesh,Shahjahanpur,242127,23,-0.013716781468653627
2025-09-01,Uttar Pradesh,Shahjahanpur,242401,38,-0.019325520316666567
2025-09-01,Uttar Pradesh,Sitapur,261201,63,-0.08041651475580192
2025-09-01,Uttar Pradesh,Unnao,209801,54,-0.09547185978687844
2025-09-01,Rajasthan,Jalor,343041,56,-0.05833500270374126
2025-09-01,Rajasthan,Udaipur,307025,35,-0.0029044881776187914
2025-09-01,Maharashtra,Thane,421302,48,-0.05420566721915354
2025-09-01,Manipur,Churachandpur,795128,22,-0.0027655974634283043
2025-09-01,Meghalaya,East Garo Hills,794110,17,-0.03305081345965133
2025-09-01,Meghalaya,East Jaintia Hills,793200,16,-0.02209303891240777
2025-09-01,Meghalaya,Ri Bhoi,793103,18,-0.04590379367876496
2025-09-01,Meghalaya,South Garo Hills,794103,18,-0.03340047244496369
2025-09-01,Meghalaya,West Jaintia Hills,793151,26,-0.05911639488272924
2025-09-01,Meghalaya,West Khasi Hills,793119,33,-0.0646331805523429
2025-09-01,Rajasthan,Pali,306401,22,-0.00031284236289863543
2025-09-01,Assam,Dhemaji,787060,14,-0.007783285799419892
2025-09-01,Assam,Dibrugarh,786184,18,-0.011025889903194641
2025-09-01,Assam,Goalpara,783101,30,-0.014581986604529917
2025-09-01,Assam,Karbi Anglong,782460,16,-0.00353049770283953
2025-09-01,Assam,Marigaon,782104,20,-0.021412115802776133
2025-09-01,Assam,Nalbari,781126,20,-0.01810090055854152
2025-09-01,Bihar,Araria,854311,44,-0.03961246892200587
2025-09-01,Bihar,East Champaran,845401,40,-0.03249090908040675
2025-09-01,Bihar,Khagaria,852161,37,-0.011264804341789225
2025-09-01,Bihar,Munger,811213,35,-0.011264804341789225
2025-09-01,Bihar,Saharsa,852106,25,-0.04721751457758616
2025-09-01,Bihar,Vaishali,844122,37,-0.02020055544417576
2025-09-01,Delhi,West Delhi,110041,34,-0.0020285233470452857
2025-09-01,Gujarat,Banaskantha,385535,43,-0.04058327140256013
2025-09-01,Gujarat,Surendra Nagar,363520,23,-0.004775804973956133
2025-09-01,Jharkhand,Giridih,815313,34,-0.014133107778228848
2025-09-01,Jharkhand,Giridih,825324,43,-0.038151772836285014
2025-09-01,Madhya Pradesh,Barwani,451666,111,-0.13305294732562634
2025-09-01,Madhya Pradesh,Jhabua,457661,35,-0.046835165690168545
2025-09-01,Madhya Pradesh,Morena,476111,16,-0.018407387259473107
2025-09-01,Madhya Pradesh,Vidisha,464228,50,-0.05420566721915354
2025-09-01,Maharashtra,Nandurbar,425414,32,-0.009479480983255462
2025-09-01,Maharashtra,Nashik,423203,84,-0.12321859679280545
2025-09-01,Uttar Pradesh,Baghpat,250611,30,-0.02531749494330815
2025-09-01,Uttar Pradesh,Bahraich,271851,18,-0.027087469587141033
2025-09-01,Uttar Pradesh,Bulandshahr,203001,24,-0.006317603553070983
2025-09-01,Uttar Pradesh,Chandauli,232101,18,-0.025628639084942395
2025-09-01,Uttar Pradesh,Fatehpur,212601,34,-0.01147209171489938
2025-09-01,Uttar Pradesh,Gautam Buddha Nagar,201301,27,-0.05181728195525137
2025-09-01,Uttar Pradesh,Hardoi,241001,47,-0.04694379836526308
2025-09-01,Uttar Pradesh,Kanpur Nagar,208021,20,-0.007031924016178026
2025-09-01,Uttar Pradesh,Kheri,262701,22,-0.01072436476982419
2025-09-01,Uttar Pradesh,Lalitpur,284403,26,-0.01284360936427531
2025-09-01,Uttar Pradesh,Rae Bareli,229001,33,-0.010412268627106203
2025-09-01,Uttar Pradesh,Siddharthnagar,272206,28,-0.0456302737270361
2025-09-01,Uttar Pradesh,Sitapur,261205,30,-0.06664555347045209
2025-09-01,West Bengal,Birbhum,731221,25,-0.0005101241695080194
2025-09-01,West Bengal,Howrah,711316,35,-0.01570453433618002
2025-09-01,West Bengal,Uttar Dinajpur,733208,36,-0.01931385869701674
2025-09-01,West Bengal,Uttar Dinajpur,733210,88,-0.08299123416861542
2025-09-01,Meghalaya,East Khasi Hills,793015,25,-0.025250657785481856
2025-09-01,Meghalaya,East Khasi Hills,793110,30,-0.06128161024890144
2025-09-01,Meghalaya,North Garo Hills,794002,15,-0.02989127626761834
2025-09-01,Meghalaya,South Garo Hills,794102,18,-0.02377397692460037
2025-09-01,Meghalaya,South West Garo Hills,794115,28,-0.05861437937968472
2025-09-01,Meghalaya,West Jaintia Hills,793150,36,-0.0738527953781053
2025-09-01,Rajasthan,Barmer,344706,35,-0.01790873856714381
2025-09-01,Rajasthan,Tonk,304001,24,-0.0014307665097154088
2025-09-01,Assam,Marigaon,782127,29,-0.05977585776849048
2025-09-01,Assam,Nagaon,782124,39,-0.02271763678839034
2025-09-01,Bihar,Araria,854312,30,-0.0021227757330770647
2025-09-01,Bihar,Bhojpur,802301,26,-0.022404732373371816
2025-09-01,Bihar,Gaya,824232,86,-0.05484933026939087
2025-09-01,Bihar,Gopalganj,841508,99,-0.09615021269224355
2025-09-01,Bihar,Khagaria,851204,36,-0.018532010287737766
2025-09-01,Bihar,West Champaran,845101,25,-0.019277122690128934
2025-09-01,Bihar,West Champaran,845451,15,-0.018776076338032133
2025-09-01,Delhi,West Delhi,110059,41,-0.06366244360373396
2025-09-01,Gujarat,Banaskantha,385550,16,-0.01872647991120946
2025-09-01,Gujarat,Dahod,389155,15,-0.020309968422568936
2025-09-01,Jammu and Kashmir,Bandipore,193502,30,-0.023085211207577783
2025-09-01,Jharkhand,Chatra,825403,27,-0.020107664731683683
2025-09-01,Jharkhand,Pakur,816107,51,-0.04738253547031179
2025-09-01,Madhya Pradesh,Morena,476001,41,-0.08661050571229889
2025-09-01,Madhya Pradesh,Shivpuri,473551,34,-0.011890754982952001
2025-09-01,Maharashtra,Aurangabad,431001,49,-0.04738253547031179
2025-09-01,Maharashtra,Dhule,424304,20,-0.031174109049640908
2025-09-01,Maharashtra,Nashik,423301,33,-0.009793213778916177
2025-09-01,Uttar Pradesh,Agra,282006,33,-0.011004823295866162
2025-09-01,Uttar Pradesh,Bahraich,271865,30,-0.02531749494330815
2025-09-01,Uttar Pradesh,Bahraich,271902,27,-0.02293755220016025
2025-09-01,Uttar Pradesh,Bareilly,243503,37,-0.015691764649799822
2025-09-01,Uttar Pradesh,Deoria,274001,36,-0.015691764649799822
2025-09-01,Uttar Pradesh,Firozabad,283203,30,-0.027721107125899924
2025-09-01,Uttar Pradesh,Kanpur Nagar,208001,40,-0.030630475191770867
2025-09-01,Uttar Pradesh,Maharajganj,273164,37,-0.019325520316666567
2025-09-01,Uttar Pradesh,Maharajganj,273305,15,-0.0029492259133789833
2025-09-01,Uttar Pradesh,Mirzapur,231001,71,-0.07091946648503333
2025-09-01,Uttar Pradesh,Siddharthnagar,272153,51,-0.04743539083073656
2025-09-01,Uttar Pradesh,Siddharthnagar,272205,24,-0.03645906959345113
2025-09-01,Uttar Pradesh,Sitapur,261135,35,-0.039880453752567324
2025-09-01,West Bengal,South 24 Parganas,743376,41,-0.006058432309719031
2025-09-01,West Bengal,Uttar Dinajpur,733201,38,-0.013652481885374157
2025-09-01,West Bengal,Uttar Dinajpur,733202,69,-0.07376286541576516
2025-09-01,Gujarat,Surat,394210,46,-0.043314505393023506
2025-09-01,Jharkhand,Deoghar,815353,38,-0.028232589367201744
2025-09-01,Jharkhand,Dhanbad,828109,32,-0.00700114121915596
2025-09-01,Jharkhand,Garhwa,822114,55,-0.031450360349799644
2025-09-01,Karnataka,Ramanagar,562159,41,-0.015013229825937557
2025-09-01,Madhya Pradesh,Alirajpur,457990,22,-0.012592315973332102
2025-09-01,Madhya Pradesh,Guna,473105,36,-0.0223112554572642
2025-09-01,Madhya Pradesh,Jabalpur,482001,52,-0.014622132125900245
2025-09-01,Madhya Pradesh,Khargone,451332,42,-0.09076785986380997
2025-09-01,Madhya Pradesh,Morena,476224,34,-0.0020285233470452857
2025-09-01,Madhya Pradesh,Sheopur,476337,34,-0.013218216864831378
2025-09-01,Maharashtra,Palghar,401209,19,-0.02985379596815918
2025-09-01,Meghalaya,East Garo Hills,794111,23,-0.05324501705741502
2025-09-01,Meghalaya,Ri Bhoi,793105,17,-0.02694209964679617
2025-09-01,Meghalaya,West Garo Hills,794104,27,-0.06061300242055545
2025-09-01,Meghalaya,West Khasi Hills,793120,13,-0.014957818209288543
2025-09-01,Assam,Barpeta,781314,43,-0.009942403332133254
2025-09-01,Assam,Golaghat,785705,68,-0.010718397839498794
2025-09-01,Assam,Marigaon,782121,27,-0.007680372264509128
2025-09-01,Bihar,Gaya,824201,30,-0.0021227757330770647
2025-09-01,Bihar,Samastipur,848101,33,-0.009793213778916177
2025-09-01,Bihar,Sitamarhi,843324,26,-0.021238901192579762
2025-09-01,Bihar,West Champaran,845438,42,-0.03345485623628386
2025-09-01,Chhattisgarh,Bijapur,494444,18,-0.0340544107802111
2025-09-01,Delhi,North East Delhi,110094,47,-0.046399754505664914
2025-09-01,Gujarat,Bhavnagar,364290,15,-0.021657917735265486
2025-09-01,Gujarat,Kachchh,370145,19,-0.024774075262819384
2025-09-01,West Bengal,South 24 Parganas,743502,44,-0.009942403332133254
2025-09-01,West Bengal,Uttar Dinajpur,733207,88,-0.08350722408840794
2025-09-01,Uttar Pradesh,Agra,282001,51,-0.05420566721915354
2025-09-01,Uttar Pradesh,Agra,282007,35,-0.010941633771493264
2025-09-01,Uttar Pradesh,Bahraich,271855,78,-0.12757463643835198
2025-09-01,Uttar Pradesh,Bareilly,243303,24,-0.016065478153504897
2025-09-01,Uttar Pradesh,Chitrakoot,210205,37,-0.022635366185656314
2025-09-01,Uttar Pradesh,Ghaziabad,201001,34,-0.01147209171489938
2025-09-01,Uttar Pradesh,Ghaziabad,201206,20,-0.006942567612334027
2025-09-01,Uttar Pradesh,Kaushambi,212217,36,-0.021651032389826685
2025-09-01,Uttar Pradesh,Meerut,250002,58,-0.062486595912014886
2025-09-01,Uttar Pradesh,Shahjahanpur,242001,38,-0.028232589367201744
2025-09-01,Uttar Pradesh,Sitapur,261204,36,-0.01454356633164755
2025-09-01,West Bengal,Murshidabad,742202,60,-0.02446333171485593
2025-09-02,Uttar Pradesh,Agra,282006,31,-0.029111475951899002
2025-09-02,Uttar Pradesh,Aligarh,202001,88,-0.07887585877378922
2025-09-02,Uttar Pradesh,Bahraich,271830,49,-0.08452285414989946
2025-09-02,Uttar Pradesh,Bahraich,271851,23,-0.008528186745903499
2025-09-02,Uttar Pradesh,Bahraich,271881,18,-0.012550748420276592
2025-09-02,Uttar Pradesh,Banda,210129,34,-0.00287691309884075
2025-09-02,Uttar Pradesh,Bulandshahr,203001,41,-0.027399769554268927
2025-09-02,Uttar Pradesh,Bulandshahr,203131,40,-0.05154597512906667
2025-09-02,Uttar Pradesh,Gorakhpur,273158,31,-0.024235306599941775
2025-09-02,Uttar Pradesh,Gorakhpur,273209,22,-0.006778450103940736
2025-09-02,Uttar Pradesh,Kheri,261502,54,-0.04733341097163413
2025-09-02,Uttar Pradesh,Sitapur,261135,66,-0.08920621445541355
2025-09-02,Uttar Pradesh,Sitapur,261201,62,-0.06083489537669273
2025-09-02,West Bengal,Paschim Medinipur,721127,60,-0.05713334018937932
2025-09-02,West Bengal,South 24 Parganas,743329,49,-0.008654456997196358
2025-09-02,West Bengal,Uttar Dinajpur,733202,140,-0.08041651475580192
2025-09-02,Assam,Dhemaji,787060,12,-0.00021169232774687075
2025-09-02,Bihar,Darbhanga,848213,44,-0.036452846563783226
2025-09-02,Bihar,East Champaran,845301,24,-0.010913891545902055
2025-09-02,Bihar,East Champaran,845305,39,-0.06917699567604674
2025-09-02,Bihar,East Champaran,845433,33,-0.0008824334280339574
2025-09-02,Bihar,Jamui,811303,24,-0.009158086788455533
2025-09-02,Bihar,Katihar,855113,38,-0.007877055103327812
2025-09-02,Bihar,Madhubani,847409,12,-0.004172018818249912
2025-09-02,Bihar,West Champaran,845449,29,-0.02680890708094885
2025-09-02,Delhi,North East Delhi,110094,44,-0.028320758024888093
2025-09-02,Gujarat,Dahod,389152,9,-0.0023679888989606157
2025-09-02,Gujarat,Sabarkantha,383422,24,-0.03760226374945763
2025-09-02,Gujarat,Surat,394210,37,-0.07020429777185422
2025-09-02,Haryana,Faridabad,121004,36,-0.03202965770864752
2025-09-02,Jharkhand,Deoghar,815353,61,-0.08609241686476077
2025-09-02,Jharkhand,Giridih,815302,38,-0.06664555347045209
2025-09-02,Karnataka,Bengaluru,560068,20,-0.01655443140886681
2025-09-02,Madhya Pradesh,Chhatarpur,471313,38,-0.0175402058301507
2025-09-02,Madhya Pradesh,Chhatarpur,471515,48,-0.03044482275977356
2025-09-02,Madhya Pradesh,Khargone,451332,41,-0.0939006760760619
2025-09-02,Madhya Pradesh,Morena,476111,19,-0.026854001836678076
2025-09-02,Madhya Pradesh,Vidisha,464001,27,-0.031156122859096635
2025-09-02,Manipur,Chandel,795131,37,-0.010095876221954736
2025-09-02,Meghalaya,West Jaintia Hills,793150,21,-0.032091985658732614
2025-09-02,Rajasthan,Barmer,344702,41,-0.03210713777674157
2025-09-02,Rajasthan,Udaipur,307025,34,-0.004263152880225718
2025-09-02,Uttar Pradesh,Deoria,274001,35,-0.003786538149721852
2025-09-02,Uttar Pradesh,Firozabad,283203,54,-0.04728972108916174
2025-09-02,Uttar Pradesh,Jaunpur,222203,20,-0.002517197034911267
2025-09-02,Uttar Pradesh,Kanpur Nagar,208001,39,-0.06731567575023223
2025-09-02,Uttar Pradesh,Lalitpur,284404,24,-0.03477177637026485
2025-09-02,Uttar Pradesh,Mau,275101,33,-0.0008824334280339574
2025-09-02,Uttar Pradesh,Rampur,243701,40,-0.025399525275742296
2025-09-02,Uttar Pradesh,Saharanpur,247001,64,-0.05598995983542454
2025-09-02,Uttar Pradesh,Siddharthnagar,272207,17,-0.026577278756515277
2025-09-02,West Bengal,Howrah,711316,32,-0.0027209074685982104
2025-09-02,Bihar,Araria,854318,42,-0.03210713777674157
2025-09-02,Bihar,Bhagalpur,813209,32,-0.032723426713383685
2025-09-02,Bihar,Madhepura,852128,33,-0.0008824334280339574
2025-09-02,Bihar,Purnia,854315,41,-0.019698869117458995
2025-09-02,Bihar,Sitamarhi,843317,25,-0.014866859737637128
2025-09-02,Bihar,Siwan,841226,41,-0.02411004584012999
2025-09-02,Bihar,West Champaran,845454,47,-0.019643843227780344
2025-09-02,Bihar,West Champaran,845455,37,-0.005652209251739593
2025-09-02,Gujarat,Banaskantha,385535,48,-0.0722357010410315
2025-09-02,Gujarat,Gandhinagar,382721,17,-0.006952896780180073
2025-09-02,Gujarat,Patan,384245,16,-0.006094756704581816
2025-09-02,Madhya Pradesh,Alirajpur,457990,33,-0.03644622093114691
2025-09-02,Madhya Pradesh,Bhind,477116,16,-0.006311113484055331
2025-09-02,Madhya Pradesh,Damoh,470775,55,-0.06709765201832019
2025-09-02,Madhya Pradesh,Dewas,455227,39,-0.018011897495755602
2025-09-02,Madhya Pradesh,Umaria,484661,78,-0.06148339036828154
2025-09-02,Maharashtra,Aurangabad,431001,56,-0.05202033916377047
2025-09-02,Maharashtra,Dhule,424001,52,-0.008654456997196358
2025-09-02,Meghalaya,East Khasi Hills,793121,31,-0.06412741488639728
2025-09-02,Meghalaya,Ri Bhoi,793103,22,-0.03557397232559112
2025-09-02,Meghalaya,South Garo Hills,794005,26,-0.050615465333056164
2025-09-02,Meghalaya,South West Garo Hills,794105,19,-0.017292140128767786
2025-09-02,Meghalaya,West Garo Hills,794104,23,-0.03569341281707561
2025-09-02,Rajasthan,Bharatpur,321001,41,-0.027363753491848053
2025-09-02,Madhya Pradesh,Bhind,477441,25,-0.012879718379369964
2025-09-02,Madhya Pradesh,Burhanpur,450331,38,-0.007877055103327812
2025-09-02,Madhya Pradesh,Panna,488220,30,-0.0298384572299224
2025-09-02,Meghalaya,East Garo Hills,794111,39,-0.06156276633707247
2025-09-02,Meghalaya,South West Garo Hills,794115,17,-0.01116084507814219
2025-09-02,Meghalaya,West Jaintia Hills,793151,15,-0.017332135774501434
2025-09-02,Uttar Pradesh,Bareilly,243503,38,-0.00923347987862888
2025-09-02,Uttar Pradesh,Budaun,243601,29,-0.016923370966255624
2025-09-02,Uttar Pradesh,Chitrakoot,210208,33,-0.0005246400138039231
2025-09-02,Uttar Pradesh,Ghaziabad,245304,15,-0.003995359394751707
2025-09-02,Uttar Pradesh,Hapur,245101,41,-0.03210713777674157
2025-09-02,Uttar Pradesh,Meerut,250002,78,-0.07172733470018733
2025-09-02,Uttar Pradesh,Moradabad,244001,76,-0.09547185978687844
2025-09-02,Assam,Karbi Anglong,782450,13,-0.015272564072210004
2025-09-02,Bihar,Araria,854311,43,-0.028320758024888093
2025-09-02,Delhi,North West Delhi,110086,38,-0.021044635016662316
2025-09-02,Gujarat,Morbi,363621,15,-0.00038703365714398696
2025-09-02,Jharkhand,Chatra,825404,45,-0.026493961765747365
2025-09-02,Uttar Pradesh,Amroha,244221,24,-0.009608817915597423
2025-09-02,Rajasthan,Udaipur,313001,19,-0.0029372784137728924
2025-09-02,Uttar Pradesh,Agra,282001,41,-0.022180095575049075
2025-09-02,Uttar Pradesh,Baghpat,250611,20,-0.03022705080728061
2025-09-02,Uttar Pradesh,Bahraich,271865,58,-0.07157679637425352
2025-09-02,Uttar Pradesh,Banda,210001,42,-0.02874538955314354
2025-09-02,Uttar Pradesh,Bareilly,243001,36,-0.011525402848580835
2025-09-02,Uttar Pradesh,Gautam Buddha Nagar,201301,36,-0.016127044163486315
2025-09-02,Uttar Pradesh,Meerut,250001,44,-0.034035297333986136
2025-09-02,Uttar Pradesh,Mirzapur,231001,39,-0.02098912865676683
2025-09-02,Uttar Pradesh,Rampur,244901,55,-0.04243310916654508
2025-09-02,Uttar Pradesh,Rampur,244922,24,-0.008528186745903499
2025-09-02,Uttar Pradesh,Shahjahanpur,242001,44,-0.06868434910607568
2025-09-02,Uttar Pradesh,Shahjahanpur,242127,43,-0.08350722408840794
2025-09-02,Uttar Pradesh,Shamli,247777,25,-0.038320914657944516
2025-09-02,Uttar Pradesh,Siddharthnagar,272202,22,-0.03659654566794546
2025-09-02,Uttar Pradesh,Sitapur,261136,28,-0.053636651212562336
2025-09-02,Uttar Pradesh,Sitapur,261202,27,-0.04885495774252391
2025-09-02,Uttar Pradesh,Sitapur,261205,50,-0.07631503787223226
2025-09-02,Uttar Pradesh,Unnao,209801,39,-0.016404556357297095
2025-09-02,West Bengal,Malda,732125,39,-0.0050927454564893004
2025-09-02,Madhya Pradesh,Ashok Nagar,473446,33,-0.005032342873451223
2025-09-02,Madhya Pradesh,Jhabua,457661,65,-0.05325770566948007
2025-09-02,Madhya Pradesh,Morena,476224,30,-0.02776516030279952
2025-09-02,Maharashtra,Nashik,423203,69,-0.06767276260407218
2025-09-02,Meghalaya,East Garo Hills,794110,20,-0.038007964596032395
2025-09-02,Meghalaya,East Jaintia Hills,793160,17,-0.025960494035089043
2025-09-02,Meghalaya,Ri Bhoi,793105,22,-0.017115548386761548
2025-09-02,Assam,Barpeta,781308,90,-0.05948104722302916
2025-09-02,Assam,Karbi Anglong,782480,22,-0.03274169411834438
2025-09-02,Assam,Kokrajhar,783370,18,-0.023126955218114698
2025-09-02,Bihar,Madhepura,852210,39,-0.01217323558677752
2025-09-02,Bihar,Saran,841301,25,-0.046234956763679946
2025-09-02,Bihar,West Champaran,845307,15,-0.004385241967403086
2025-09-02,Bihar,West Champaran,845404,53,-0.05088586679404483
2025-09-02,Chhattisgarh,Balrampur,497225,34,-0.003704823509924293
2025-09-02,Delhi,West Delhi,110059,47,-0.028320758024888093
2025-09-02,Jharkhand,Chatra,825401,38,-0.05772596441143074
2025-09-02,Assam,Barpeta,781319,42,-0.020645494718090407
2025-09-02,Assam,Dhubri,783348,36,-0.006483487411040767
2025-09-02,Assam,Marigaon,782127,29,-0.039150124370423534
2025-09-02,Bihar,Madhubani,847225,15,-0.004567147030515861
2025-09-02,Bihar,Purnia,854304,36,-0.016127044163486315
2025-09-02,Bihar,Saharsa,852129,29,-0.05066695620883688
2025-09-02,Bihar,Sitamarhi,843324,27,-0.02009592258000359
2025-09-02,Bihar,West Champaran,845438,51,-0.04733341097163413
2025-09-02,Bihar,West Champaran,845453,29,-0.018810382352695942
2025-09-02,Chhattisgarh,Bijapur,494444,16,-0.01026622846635683
2025-09-02,Gujarat,Dahod,389180,26,-0.04869384649318542
2025-09-02,Gujarat,Junagadh,362225,33,-0.036363154930401875
2025-09-02,Meghalaya,East Jaintia Hills,793200,12,-0.008898550396150284
2025-09-02,Meghalaya,South Garo Hills,794103,23,-0.0412248822850787
2025-09-02,Meghalaya,West Khasi Hills,793119,44,-0.07517347450453749
2025-09-02,Punjab,Amritsar,143001,27,-0.005991766416807653
2025-09-02,Rajasthan,Jalor,343041,45,-0.03756585022506986
2025-09-02,Gujarat,Surat,395010,33,-0.0023197158532143325
2025-09-02,Gujarat,Surendra Nagar,363310,18,-0.006685190614111658
2025-09-02,Jharkhand,Dhanbad,828109,39,-0.0050927454564893004
2025-09-02,Jharkhand,Lohardaga,835302,33,-0.005032342873451223
2025-09-02,Jharkhand,Sahebganj,816108,46,-0.03756585022506986
2025-09-02,Madhya Pradesh,Barwani,451666,87,-0.11511430077169149
2025-09-02,Madhya Pradesh,Guna,473001,40,-0.035890781643547975
2025-09-02,Madhya Pradesh,Morena,476221,30,-0.02299680772527446
2025-09-02,Maharashtra,Beed,431122,22,-0.012427621323182314
2025-09-02,Uttar Pradesh,Bahraich,271855,88,-0.10975695064868751
2025-09-02,Uttar Pradesh,Etah,207001,35,-0.01306583265328587
2025-09-02,Uttar Pradesh,Hardoi,241001,50,-0.07529313271407745
2025-09-02,Uttar Pradesh,Hathras,204101,37,-0.0783630013125799
2025-09-02,Uttar Pradesh,Kheri,262701,34,-0.0008824334280339574
2025-09-02,Uttar Pradesh,Kheri,262902,39,-0.023634229646265048
2025-09-02,Uttar Pradesh,Kushinagar,274302,36,-0.01447277448826012
2025-09-02,Uttar Pradesh,Saharanpur,247341,30,-0.0298384572299224
2025-09-02,Uttar Pradesh,Sambhal,244302,32,-0.038092518835112554
2025-09-02,Uttar Pradesh,Shamli,247776,41,-0.027309507131213384
2025-09-02,Uttar Pradesh,Siddharthnagar,272206,27,-0.05466766532863587
2025-09-02,West Bengal,Murshidabad,742202,118,-0.05948104722302916
2025-09-02,West Bengal,North 24 Parganas,743423,40,-0.03202965770864752
2025-09-02,West Bengal,South 24 Parganas,743349,35,-0.006019593071853957
2025-09-02,West Bengal,Uttar Dinajpur,733207,64,-0.06464620325404857
2025-09-02,West Bengal,Uttar Dinajpur,733208,42,-0.020645494718090407
2025-09-03,Assam,Golaghat,785705,96,-0.04805557959632434
2025-09-03,Assam,Karbi Anglong,782461,18,-0.010232202315687777
2025-09-03,Delhi,North East Delhi,110094,64,-0.05320015663983002
2025-09-03,Gujarat,Dahod,389380,27,-0.007051233151303737
2025-09-03,Uttar Pradesh,Aligarh,202129,21,-0.028802979920919625
2025-09-03,Uttar Pradesh,Bahraich,271865,55,-0.0928549906066678
2025-09-03,Uttar Pradesh,Bahraich,271881,21,-0.0015036258746934372
2025-09-03,Uttar Pradesh,Banda,210001,48,-0.032772832401242735
2025-09-03,Uttar Pradesh,Budaun,243601,40,-0.06263531201739436
2025-09-03,Uttar Pradesh,Budaun,243638,15,-0.006787792930732839
2025-09-03,Uttar Pradesh,Hardoi,241404,29,-0.029269640655535167
2025-09-03,Uttar Pradesh,Kasganj,207242,32,-0.03151373109150135
2025-09-03,Uttar Pradesh,Kheri,261505,49,-0.027970712959399346
2025-09-03,Uttar Pradesh,Lucknow,226002,24,-0.015095702812301548
2025-09-03,Uttar Pradesh,Mau,276403,24,-0.02561046651048071
2025-09-03,Uttar Pradesh,Meerut,250401,22,-0.0032108693570909175
2025-09-03,Uttar Pradesh,Shahjahanpur,242127,45,-0.06498506077904398
2025-09-03,Uttar Pradesh,Shrawasti,271840,22,-0.009427535619551342
2025-09-03,Uttar Pradesh,Sultanpur,228001,38,-0.003516595397604627
2025-09-03,Uttar Pradesh,Varanasi,221001,44,-0.004570117702680898
2025-09-03,Madhya Pradesh,Guna,473001,56,-0.04223175458242967
2025-09-03,Meghalaya,East Khasi Hills,793121,19,-0.0025346000634755006
2025-09-03,Meghalaya,North Garo Hills,794002,17,-0.01695137794329804
2025-09-03,Meghalaya,West Jaintia Hills,793150,29,-0.04245855891736183
2025-09-03,Meghalaya,West Jaintia Hills,793151,30,-0.060025578014619274
2025-09-03,Meghalaya,West Khasi Hills,793119,69,-0.09599629678443422
2025-09-03,West Bengal,Murshidabad,742202,66,-0.0035434472215193358
2025-09-03,Bihar,East Champaran,845401,49,-0.02510499809377509
2025-09-03,Bihar,Katihar,854317,39,-0.00659469468015994
2025-09-03,Bihar,Madhubani,847226,20,-0.02736698072297883
2025-09-03,Bihar,Saharsa,852106,29,-0.017867602661368553
2025-09-03,Bihar,Saharsa,852123,26,-0.017103085911069127
2025-09-03,Bihar,Saran,841403,33,-0.04992604321799554
2025-09-03,Bihar,Vaishali,844508,46,-0.019881306901291085
2025-09-03,Bihar,West Champaran,845307,30,-0.05593098645489303
2025-09-03,Bihar,West Champaran,845438,54,-0.034702795998054925
2025-09-03,Bihar,West Champaran,845449,29,-0.03990967825411573
2025-09-03,Bihar,West Champaran,845450,26,-0.01316598957464754
2025-09-03,Gujarat,Surat,395010,40,-0.00659469468015994
2025-09-03,Uttar Pradesh,Baghpat,250611,29,-0.02186039081826452
2025-09-03,Uttar Pradesh,Bahraich,271801,39,-0.01643783940918997
2025-09-03,Uttar Pradesh,Bahraich,271830,47,-0.08816687710697735
2025-09-03,Uttar Pradesh,Deoria,274001,33,-0.02757702730251832
2025-09-03,Uttar Pradesh,Meerut,250002,46,-0.06666254402750793
2025-09-03,Uttar Pradesh,Saharanpur,247001,54,-0.0722357010410315
2025-09-03,Uttar Pradesh,Sitapur,261208,21,-0.030241896811181945
2025-09-03,Madhya Pradesh,Barwani,451666,48,-0.09128911312247612
2025-09-03,Madhya Pradesh,Barwani,451770,35,-0.05448355606096966
2025-09-03,Madhya Pradesh,Jhabua,457993,25,-0.016506768978672093
2025-09-03,Madhya Pradesh,Khargone,451332,24,-0.03457621297841362
2025-09-03,Madhya Pradesh,Singrauli,486886,39,-0.01606330709698145
2025-09-03,Madhya Pradesh,Umaria,484661,38,-0.010813084546437257
2025-09-03,Maharashtra,Nandurbar,425414,35,-0.0004876608703258123
2025-09-03,Meghalaya,Ri Bhoi,793105,18,-0.012143670949068652
2025-09-03,Meghalaya,West Garo Hills,794104,32,-0.06464620325404857
2025-09-03,Rajasthan,Alwar,301411,34,-0.05117770646966491
2025-09-03,Rajasthan,Bikaner,334001,49,-0.03093202011581697
2025-09-03,Rajasthan,Jalor,343041,41,-0.022585055551247235
2025-09-03,West Bengal,South 24 Parganas,743329,46,-0.013610999943732827
2025-09-03,West Bengal,Uttar Dinajpur,733208,46,-0.021125966256036133
2025-09-03,Madhya Pradesh,Panna,488220,36,-0.008016880195265141
2025-09-03,Maharashtra,Aurangabad,431001,77,-0.054045122022874925
2025-09-03,Bihar,Khagaria,851214,37,-0.03879390958351925
2025-09-03,Bihar,Samastipur,848114,36,-0.0002899348149251191
2025-09-03,Bihar,Sitamarhi,843302,37,-0.0578640344342346
2025-09-03,Bihar,West Champaran,845455,42,-0.06817838474868454
2025-09-03,Delhi,West Delhi,110059,52,-0.05899520171504591
2025-09-03,Gujarat,Banaskantha,385535,52,-0.034702795998054925
2025-09-03,Uttar Pradesh,Aligarh,202001,62,-0.0923326782550491
2025-09-03,Uttar Pradesh,Bahraich,271841,16,-0.0063043639367529325
2025-09-03,Uttar Pradesh,Bahraich,271855,70,-0.10284636553383675
2025-09-03,Uttar Pradesh,Bareilly,243001,27,-0.02280994331074937
2025-09-03,Uttar Pradesh,Chandauli,232101,27,-0.043311706929694105
2025-09-03,Uttar Pradesh,Gautam Buddha Nagar,201301,36,-0.05862981928075128
2025-09-03,Uttar Pradesh,Ghaziabad,201001,37,-0.008927051509216799
2025-09-03,Uttar Pradesh,Hardoi,241001,42,-0.0244874101635979
2025-09-03,Uttar Pradesh,Kaushambi,212217,38,-0.009859091114624685
2025-09-03,Uttar Pradesh,Moradabad,244001,57,-0.027125665769390905
2025-09-03,Uttar Pradesh,Pilibhit,262201,26,-0.01725720670095343
2025-09-03,Uttar Pradesh,Rampur,244901,87,-0.06267847246737535
2025-09-03,Uttar Pradesh,Siddharthnagar,272206,14,-0.023560293222199546
2025-09-03,Uttar Pradesh,Unnao,209801,52,-0.07172733470018733
2025-09-03,West Bengal,Bankura,722144,30,-0.0076450805030583435
2025-09-03,Assam,Karbi Anglong,782486,28,-0.04430304382055039
2025-09-03,West Bengal,Uttar Dinajpur,733202,106,-0.07075526351448769
2025-09-03,West Bengal,Uttar Dinajpur,733210,65,-0.04973874587327376
2025-09-03,Bihar,Araria,854334,34,-0.033440282510268426
2025-09-03,Bihar,Purnia,854304,26,-0.01725720670095343
2025-09-03,Bihar,Samastipur,848503,21,-0.006021277808948344
2025-09-03,Bihar,Sitamarhi,843324,29,-0.048057003034695955
2025-09-03,Bihar,West Champaran,845106,29,-0.038937002516722385
2025-09-03,Gujarat,Surat,394210,37,-3.2258288408471e-05
2025-09-03,Gujarat,Surendra Nagar,363520,30,-0.031190110565167517
2025-09-03,Jharkhand,Sahebganj,816102,25,-0.018547057516473675
2025-09-03,Uttar Pradesh,Budaun,243639,27,-0.02280994331074937
2025-09-03,Uttar Pradesh,Fatehpur,212601,37,-0.010214692140591564
2025-09-03,Uttar Pradesh,Firozabad,283203,43,-0.017860199856676418
2025-09-03,Uttar Pradesh,Hapur,245101,36,-0.0036947811510292805
2025-09-03,Uttar Pradesh,Kasganj,207243,23,-0.009557150129060887
2025-09-03,Uttar Pradesh,Kushinagar,274304,37,-0.0025931324796297783
2025-09-03,Uttar Pradesh,Pilibhit,262122,47,-0.05699958336345068
2025-09-03,Uttar Pradesh,Rae Bareli,229001,41,-0.014096406233839898
2025-09-03,Uttar Pradesh,Sambhal,202421,42,-0.040497516332780426
2025-09-03,Uttar Pradesh,Shahjahanpur,242307,22,-0.001922357262880925
2025-09-03,Uttar Pradesh,Shahjahanpur,242401,38,-0.009859091114624685
2025-09-03,Uttar Pradesh,Sitapur,261201,52,-0.03663798981690092
2025-09-03,Uttar Pradesh,Sitapur,261205,40,-0.07121931219672151
2025-09-03,West Bengal,Jalpaiguri,735210,19,-0.022601313080805485
2025-09-03,Madhya Pradesh,Bhind,477116,17,-0.00964285705190382
2025-09-03,Madhya Pradesh,Jhabua,457661,69,-0.0529075090544433
2025-09-03,Madhya Pradesh,Morena,476224,23,-0.0004213943050701552
2025-09-03,Maharashtra,Thane,421302,59,-0.04614824902690151
2025-09-03,Meghalaya,East Jaintia Hills,793200,21,-0.03738160333168761
2025-09-03,Rajasthan,Alwar,301405,28,-0.0076450805030583435
2025-09-03,Rajasthan,Jaisalmer,345001,27,-0.007051233151303737
2025-09-03,Bihar,East Champaran,845422,18,-0.01863283470932786
2025-09-03,Bihar,East Champaran,845433,23,-0.033610749459466294
2025-09-03,Bihar,Kishanganj,855115,33,-0.027704439868910358
2025-09-03,Bihar,Lakhisarai,811310,23,-0.004693770503242156
2025-09-03,Bihar,Sheikhpura,811105,27,-0.014703717668033689
2025-09-03,Bihar,West Champaran,845453,31,-0.04844721277663222
2025-09-03,Karnataka,Mysuru,571116,13,-0.02341940852077673
2025-09-03,Madhya Pradesh,Morena,476001,34,-0.04366950557843219
2025-09-03,Maharashtra,Nashik,423203,56,-0.039794688732533
2025-09-03,Meghalaya,East Garo Hills,794110,46,-0.07410587496683385
2025-09-03,Rajasthan,Bharatpur,321001,25,-0.014184070889293077
2025-09-03,Tamil Nadu,Karur,621313,82,-0.004468196949834913
2025-09-03,Uttar Pradesh,Bareilly,243202,22,-0.0037335772939169898
2025-09-03,Uttar Pradesh,Bareilly,243303,28,-0.024236683427566352
2025-09-03,Uttar Pradesh,Bareilly,243503,39,-0.012083522935507185
2025-09-03,Uttar Pradesh,Kanpur Nagar,208001,39,-0.039410341040660324
2025-09-03,Uttar Pradesh,Kheri,261502,43,-0.017860199856676418
2025-09-03,Uttar Pradesh,Kheri,262804,42,-0.016446389338003575
2025-09-03,Uttar Pradesh,Lucknow,226003,40,-0.016889734695291314
2025-09-03,Uttar Pradesh,Maharajganj,273163,26,-0.01996513621539575
2025-09-03,Uttar Pradesh,Mirzapur,231001,65,-0.043941790707670014
2025-09-03,Uttar Pradesh,Shahjahanpur,242001,61,-0.043941790707670014
2025-09-03,Uttar Pradesh,Siddharthnagar,272153,49,-0.07614785155202886
2025-09-03,Uttar Pradesh,Sitapur,261135,24,-0.03866468188328154
2025-09-03,Uttar Pradesh,Sitapur,261204,22,-0.0032108693570909175
2025-09-03,Uttar Pradesh,Unnao,241504,38,-0.007399975066064934
2025-09-03,West Bengal,Uttar Dinajpur,733207,172,-0.10337579370935235
2025-09-04,Assam,Karimganj,788736,41,-0.010957602418199874
2025-09-04,Assam,Nagaon,782125,47,-0.02360454629074127
2025-09-04,Delhi,North East Delhi,110094,51,-0.029914597645983254
2025-09-04,Manipur,Churachandpur,795128,26,-0.004376488539706069
2025-09-04,Meghalaya,East Garo Hills,794110,25,-0.04029420989582355
2025-09-04,Meghalaya,West Jaintia Hills,793150,25,-0.03290462904172742
2025-09-04,Rajasthan,Ajmer,305001,20,-0.0014748472237400279
2025-09-04,Rajasthan,Churu,331304,28,-0.007986368462159166
2025-09-04,Uttar Pradesh,Bahraich,271865,30,-0.015338896615148867
2025-09-04,Uttar Pradesh,Hapur,245101,36,-0.0015833939644737116
2025-09-04,Uttar Pradesh,Pilibhit,262201,22,-0.005849730200857217
2025-09-04,Uttar Pradesh,Rampur,244922,26,-0.0120563767640256
2025-09-04,Uttar Pradesh,Shrawasti,271831,36,-0.035222676789413154
2025-09-04,West Bengal,Dakshin Dinajpur,733125,46,-0.039174458443449134
2025-09-04,West Bengal,South 24 Parganas,743329,38,-0.004816195033986004
2025-09-04,Jharkhand,West Singhbhum,833104,29,-0.006693534146153923
2025-09-04,Karnataka,Mysuru,571116,17,-0.010026849924305248
2025-09-04,Madhya Pradesh,Guna,473001,64,-0.038764571875052
2025-09-04,Madhya Pradesh,Morena,476001,39,-0.06605334033110222
2025-09-04,Uttar Pradesh,Bahraich,271902,29,-0.020793517127728367
2025-09-04,Uttar Pradesh,Lucknow,226003,38,-0.010490681977851968
2025-09-04,Uttar Pradesh,Rampur,244901,35,-0.002139910312572879
2025-09-04,Uttar Pradesh,Siddharthnagar,272206,22,-0.0017968053582841925
2025-09-04,Uttar Pradesh,Sitapur,261303,49,-0.06202939684415343
2025-09-04,Uttar Pradesh,Varanasi,221001,31,-0.033773660369708414
2025-09-04,West Bengal,Uttar Dinajpur,733207,68,-0.051612106994594065
2025-09-04,West Bengal,Uttar Dinajpur,733208,56,-0.03779344461635359
2025-09-04,Gujarat,Surat,394210,43,-0.017421940916777068
2025-09-04,Madhya Pradesh,Alirajpur,457990,39,-0.05183564773342497
2025-09-04,Madhya Pradesh,Gwalior,475110,34,-0.034788584245415866
2025-09-04,Madhya Pradesh,Morena,476224,39,-0.052397440785065585
2025-09-04,Madhya Pradesh,Shivpuri,473551,43,-0.02047683272868095
2025-09-04,Maharashtra,Nashik,423203,55,-0.03315484354132181
2025-09-04,Bihar,Araria,854311,38,-0.010024077342637439
2025-09-04,Bihar,Khagaria,851203,20,-0.002291180731874287
2025-09-04,Bihar,Madhepura,852210,44,-0.05553676448438494
2025-09-04,Bihar,Saharsa,852127,35,-0.0448222248318475
2025-09-04,Bihar,West Champaran,845438,43,-0.014129578875991866
2025-09-04,Delhi,South West Delhi,110045,22,-0.006097091444568381
2025-09-04,Gujarat,Banaskantha,385535,35,-0.027935696975455948
2025-09-04,Meghalaya,Ri Bhoi,793105,25,-0.03557508076399141
2025-09-04,Meghalaya,West Garo Hills,794002,18,-0.023451962883374033
2025-09-04,Meghalaya,West Khasi Hills,793119,35,-0.04498728465904589
2025-09-04,Rajasthan,Baran,325216,33,-0.040123635979786965
2025-09-04,Rajasthan,Pali,306401,37,-0.0015833939644737116
2025-09-04,Assam,Goalpara,783129,37,-0.01700099226008045
2025-09-04,Assam,Nalbari,781126,52,-0.025509663733923382
2025-09-04,Bihar,West Champaran,845449,33,-0.01675045690762489
2025-09-04,Delhi,West Delhi,110059,70,-0.07723215127074601
2025-09-04,Madhya Pradesh,Khargone,451442,30,-0.033481926586091615
2025-09-04,Madhya Pradesh,Umaria,484661,36,-0.03812954803371926
2025-09-04,Meghalaya,East Garo Hills,794111,26,-0.018887067866312335
2025-09-04,Uttar Pradesh,Firozabad,283203,47,-0.06605334033110222
2025-09-04,Uttar Pradesh,Gautam Buddha Nagar,201301,29,-0.04762383097780454
2025-09-04,Uttar Pradesh,Kheri,261502,43,-0.07060638757297821
2025-09-04,Uttar Pradesh,Kheri,262804,32,-0.028992868178071785
2025-09-04,Uttar Pradesh,Mirzapur,231301,37,-0.008160812583336674
2025-09-04,Uttar Pradesh,Rae Bareli,229001,40,-0.013660513045633427
2025-09-04,Uttar Pradesh,Sambhal,202421,46,-0.02452972910789364
2025-09-04,Uttar Pradesh,Shahjahanpur,242001,47,-0.03267290983085691
2025-09-04,Uttar Pradesh,Siddharthnagar,272202,34,-0.05852626874273559
2025-09-04,Uttar Pradesh,Sitapur,261001,26,-0.01890114594988357
2025-09-04,Rajasthan,Jalor,343041,52,-0.03315484354132181
2025-09-04,Uttar Pradesh,Chitrakoot,210205,31,-0.030404037982597276
2025-09-04,Bihar,Kishanganj,855117,39,-0.014817609592326031
2025-09-04,Bihar,West Champaran,845106,39,-0.010852772938173882
2025-09-04,Gujarat,Banaskantha,385320,23,-0.04321030566050155
2025-09-04,Haryana,Faridabad,121004,68,-0.07518724416343758
2025-09-04,Jharkhand,Pakur,816107,57,-0.034119689723271174
2025-09-04,Madhya Pradesh,Ashok Nagar,473446,40,-0.013296949182966311
2025-09-04,Madhya Pradesh,Barwani,451666,73,-0.10009520720337506
2025-09-04,Madhya Pradesh,Khargone,451332,30,-0.048506125025911895
2025-09-04,Madhya Pradesh,Sheopur,476332,18,-0.003921372689307812
2025-09-04,Maharashtra,Aurangabad,431001,51,-0.029308488387175258
2025-09-04,Maharashtra,Beed,431122,26,-0.01926224585632308
2025-09-04,Meghalaya,East Jaintia Hills,793200,15,-0.003686597961688687
2025-09-04,Meghalaya,North Garo Hills,794002,31,-0.03077376081729366
2025-09-04,Meghalaya,West Jaintia Hills,793151,18,-0.019877693964758025
2025-09-04,Uttar Pradesh,Hathras,204101,30,-0.019377796907854128
2025-09-04,Uttar Pradesh,Moradabad,244001,80,-0.10591811334291612
2025-09-04,Uttar Pradesh,Sitapur,261151,24,-0.011588713159427666
2025-09-04,Uttar Pradesh,Unnao,209801,33,-0.03748045455733806
2025-09-04,West Bengal,Cooch Behar,736135,26,-0.0073221413966482185
2025-09-04,West Bengal,Murshidabad,742202,91,-0.06217657022958578
2025-09-04,West Bengal,North 24 Parganas,743423,23,-0.01455122865395475
2025-09-04,West Bengal,Uttar Dinajpur,733210,63,-0.04119814700900759
2025-09-04,Rajasthan,Bharatpur,321205,31,-0.032809282108549276
2025-09-04,Rajasthan,Jalor,343040,44,-0.02252876106528845
2025-09-04,Uttar Pradesh,Agra,282001,46,-0.024430963118978744
2025-09-04,Uttar Pradesh,Agra,283111,45,-0.02835014818834014
2025-09-04,Uttar Pradesh,Aligarh,202001,41,-0.01182762297798412
2025-09-04,Uttar Pradesh,Bahraich,271841,18,-0.010110552857530264
2025-09-04,Uttar Pradesh,Bahraich,271851,34,-0.04286491159225525
2025-09-04,Uttar Pradesh,Bahraich,271855,105,-0.11018025693980671
2025-09-04,Uttar Pradesh,Budaun,243601,39,-0.013450227744174148
2025-09-04,Assam,Goalpara,783101,21,-0.018393591724126357
2025-09-04,Bihar,East Champaran,845301,22,-0.03520662554421339
2025-09-04,Bihar,East Champaran,845433,26,-0.030619012731553985
2025-09-04,Uttar Pradesh,Bahraich,271830,41,-0.050581147251373304
2025-09-04,Uttar Pradesh,Bareilly,243201,49,-0.03267290983085691
2025-09-04,Uttar Pradesh,Gorakhpur,273158,23,-0.02694025891033125
2025-09-04,Uttar Pradesh,Kanpur Nagar,208001,22,-0.029761933294033094
2025-09-04,Uttar Pradesh,Kheri,261505,50,-0.016507255397569476
2025-09-04,Uttar Pradesh,Meerut,250002,46,-0.06756794325984139
2025-09-04,Uttar Pradesh,Pilibhit,262122,46,-0.06554915547618168
2025-09-04,Uttar Pradesh,Saharanpur,247001,50,-0.034887935024187744
2025-09-04,West Bengal,Malda,732124,30,-0.03072730050577155
2025-09-04,West Bengal,Uttar Dinajpur,733202,105,-0.06923419765526484
2025-09-04,Delhi,North West Delhi,110086,67,-0.044619012672236
2025-09-04,Delhi,South Delhi,110044,34,-0.0070000055181218546
2025-09-04,Madhya Pradesh,Guna,473105,39,-0.012005181752139271
2025-09-04,Madhya Pradesh,Khargone,451441,36,-0.05952547008184217
2025-09-04,Rajasthan,Barmer,344001,42,-0.018569383517536564
2025-09-04,Rajasthan,Bharatpur,321204,37,-0.01700099226008045
2025-09-05,Madhya Pradesh,Barwani,451551,49,-0.03920956179503299
2025-09-05,Meghalaya,East Khasi Hills,793005,12,-0.011484489715780977
2025-09-05,Meghalaya,West Garo Hills,794002,15,-0.005422907726521875
2025-09-05,Punjab,Amritsar,143001,28,-0.033822291052341136
2025-09-05,Uttar Pradesh,Siddharthnagar,272205,41,-0.06146796744174432
2025-09-05,West Bengal,Howrah,711312,51,-0.03906694651868403
2025-09-05,Assam,Golaghat,785705,59,-0.007669728232048589
2025-09-05,Uttar Pradesh,Bahraich,271855,69,-0.10231729544102897
2025-09-05,West Bengal,Uttar Dinajpur,733202,16,-0.00036924906244006905
2025-09-05,Meghalaya,East Khasi Hills,793110,24,-0.04173823250440967
2025-09-05,Meghalaya,West Khasi Hills,793119,56,-0.06756083738593222
2025-09-05,Madhya Pradesh,Barwani,451666,23,-0.009240992820775618
2025-09-05,Meghalaya,East Khasi Hills,793017,19,-0.025433754466453795
2025-09-05,Meghalaya,East Khasi Hills,793121,18,-0.01878717419966036
2025-09-05,Meghalaya,Ri Bhoi,793105,15,-0.00738550795565418
2025-09-05,Uttar Pradesh,Siddharthnagar,272206,28,-0.039150124370423534
2025-09-05,Bihar,Nawada,805104,20,-0.00016383724719282178
2025-09-05,Haryana,Faridabad,121004,42,-0.05216695720450837
2025-09-05,Assam,Dhubri,783348,31,-0.022591518134524424
2025-09-05,Assam,Goalpara,783101,19,-0.00750683343391223
2025-09-05,Uttar Pradesh,Ghaziabad,201001,32,-0.05068358286100838
2025-09-05,West Bengal,Murshidabad,742202,135,-0.020064993961085964
2025-09-05,Haryana,Mewat,122508,26,-0.0037199311533476775
2025-09-05,Madhya Pradesh,Jhabua,457993,20,-0.0015355346862763186
2025-09-05,Meghalaya,East Khasi Hills,793015,30,-0.048601343941965136
2025-09-05,Meghalaya,West Jaintia Hills,793150,26,-0.046142766613547326
2025-09-05,Meghalaya,West Jaintia Hills,793151,30,-0.031288077668040426
2025-09-06,Assam,Nalbari,781126,20,-0.024458011410431135
2025-09-06,Bihar,Begusarai,851112,33,-0.006930076233261251
2025-09-06,Bihar,East Champaran,845305,28,-0.018125039872767923
2025-09-06,Bihar,East Champaran,845429,20,-0.014968518495540262
2025-09-06,Bihar,East Champaran,845437,40,-0.01556872895464445
2025-09-06,Bihar,Gaya,823003,17,-0.0009798806978632557
2025-09-06,Bihar,Jamui,811307,24,-0.016710692337894573
2025-09-06,Bihar,Kishanganj,855101,38,-0.029311041078685984
2025-09-06,Bihar,Sitamarhi,843332,23,-0.03294456589792205
2025-09-06,Delhi,East Delhi,110092,33,-0.025759513913296006
2025-09-06,Delhi,North East Delhi,110094,48,-0.07365719157537953
2025-09-06,Delhi,South West Delhi,110043,32,-0.00517777343803183
2025-09-06,Haryana,Gurgaon,122001,49,-0.012394299243358553
2025-09-06,Jharkhand,Giridih,825320,31,-0.006801130944766531
2025-09-06,Uttar Pradesh,Agra,282006,25,-0.0375925313294182
2025-09-06,Uttar Pradesh,Bahraich,271801,24,-0.022856415001832664
2025-09-06,Uttar Pradesh,Bahraich,271830,36,-0.05575265838304799
2025-09-06,Uttar Pradesh,Bahraich,271865,26,-0.044401328103176096
2025-09-06,Uttar Pradesh,Deoria,274001,43,-0.027874011684943967
2025-09-06,Uttar Pradesh,Gautam Buddha Nagar,201301,44,-0.07314786379877669
2025-09-06,Uttar Pradesh,Ghaziabad,201001,39,-0.03123162318390882
2025-09-06,Uttar Pradesh,Meerut,250001,44,-0.02821223684111296
2025-09-06,Uttar Pradesh,Pilibhit,262001,42,-0.03557198445549359
2025-09-06,Uttar Pradesh,Saharanpur,247001,69,-0.05503969259422514
2025-09-06,Uttar Pradesh,Sambhal,202421,30,-0.024826189214391614
2025-09-06,Uttar Pradesh,Shahjahanpur,242001,35,-0.021345376821508943
2025-09-06,Uttar Pradesh,Sitapur,261201,32,-0.06202939684415343
2025-09-06,Uttar Pradesh,Unnao,209801,28,-0.032423578897075256
2025-09-06,West Bengal,Malda,732201,33,-0.013800581899340192
2025-09-06,West Bengal,Uttar Dinajpur,733207,59,-0.08391644972954704
2025-09-06,West Bengal,Uttar Dinajpur,733210,47,-0.03253415614123245
2025-09-06,Bihar,East Champaran,845301,24,-0.04339515729557697
2025-09-06,Bihar,Madhubani,847421,14,-0.0014929907943617149
2025-09-06,Bihar,Saran,841301,31,-0.028648217292220446
2025-09-06,Bihar,Siwan,841226,44,-0.01792370126013465
2025-09-06,Bihar,West Champaran,845438,42,-0.023580383072182798
2025-09-06,Bihar,West Champaran,845455,33,-0.05802717487900266
2025-09-06,Delhi,North West Delhi,110042,29,-0.0012524917953876669
2025-09-06,Delhi,West Delhi,110059,77,-0.05702999962082855
2025-09-06,Haryana,Sonipat,131001,23,-0.010526083105807715
2025-09-06,Jharkhand,Bokaro,827013,29,-0.041880604508362396
2025-09-06,Meghalaya,East Khasi Hills,793015,14,-0.013900491146654703
2025-09-06,Rajasthan,Bharatpur,321001,45,-0.04076993503233595
2025-09-06,Uttar Pradesh,Agra,282001,34,-0.008790005683861679
2025-09-06,Uttar Pradesh,Bahraich,271902,23,-0.02143247365582357
2025-09-06,Uttar Pradesh,Budaun,243639,34,-0.015679130493937543
2025-09-06,Uttar Pradesh,Kheri,261502,43,-0.03363967171485016
2025-09-06,Uttar Pradesh,Maharajganj,273157,16,-0.019085383362133612
2025-09-06,Uttar Pradesh,Rampur,244901,34,-0.0050751735887094584
2025-09-06,Uttar Pradesh,Shamli,247776,42,-0.015305781709773925
2025-09-06,West Bengal,Malda,732125,35,-0.007962428959048862
2025-09-06,West Bengal,South 24 Parganas,743611,34,-0.007497534326680433
2025-09-06,Bihar,Sheohar,843329,23,-0.007276428314831107
2025-09-06,Delhi,North East Delhi,110053,55,-0.08495003162280579
2025-09-06,Jharkhand,Jamtara,815352,49,-0.03301599594108395
2025-09-06,Jharkhand,Pakur,816107,37,-0.060025578014619274
2025-09-06,Karnataka,Bengaluru,560064,25,-0.03226538863462547
2025-09-06,Madhya Pradesh,Morena,476001,42,-0.0035582564022741403
2025-09-06,Madhya Pradesh,Vidisha,464221,23,-0.0008749218228553124
2025-09-06,Uttar Pradesh,Bahraich,271855,58,-0.08857860223865521
2025-09-06,Uttar Pradesh,Budaun,243638,21,-0.030818625044989778
2025-09-06,Uttar Pradesh,Firozabad,283203,40,-0.05852626874273559
2025-09-06,Uttar Pradesh,Ghaziabad,201005,29,-0.041880604508362396
2025-09-06,Uttar Pradesh,Meerut,250002,46,-0.03702465474658234
2025-09-06,Uttar Pradesh,Moradabad,244001,64,-0.04910098845531419
2025-09-06,Uttar Pradesh,Siddharthnagar,272207,16,-0.012544833813818768
2025-09-06,Bihar,Araria,854318,36,-0.018840248557296824
2025-09-06,Bihar,East Champaran,845433,20,-0.0032854163546846005
2025-09-06,Bihar,Purnia,854315,37,-0.027874011684943967
2025-09-06,Bihar,Sitamarhi,843302,42,-0.020258922967727577
2025-09-06,Delhi,North West Delhi,110034,29,-0.04546076600618343
2025-09-06,Delhi,North West Delhi,110086,59,-0.04811588369972153
2025-09-06,Jharkhand,Dhanbad,828205,26,-0.029783192374249867
2025-09-06,Jharkhand,Giridih,825324,43,-0.03460517439709321
2025-09-06,Jharkhand,Sahebganj,816108,31,-0.004149603071678665
2025-09-06,Karnataka,Bengaluru,560043,13,-0.0003132368196143709
2025-09-06,Madhya Pradesh,Barwani,451666,30,-0.04383525026520696
2025-09-06,Madhya Pradesh,Bhind,477001,23,-0.032276247288067994
2025-09-06,Madhya Pradesh,Jhabua,457661,47,-0.04076993503233595
2025-09-06,Madhya Pradesh,Panna,488333,26,-0.010406633321776049
2025-09-06,Madhya Pradesh,Shahdol,484774,23,-0.03757781226603374
2025-09-06,Odisha,Malkangiri,764045,60,-0.04076993503233595
2025-09-06,Rajasthan,Dholpur,328001,30,-0.00355895123857064
2025-09-06,Rajasthan,Jalor,343040,33,-0.012725825891452214
2025-09-06,Rajasthan,Karauli,322230,35,-0.02493154906457684
2025-09-06,Uttar Pradesh,Agra,283101,13,-0.004334505670730571
2025-09-06,Uttar Pradesh,Aligarh,202001,88,-0.06756794325984139
2025-09-06,Uttar Pradesh,Budaun,243601,33,-0.0160115238433709
2025-09-06,Uttar Pradesh,Gautam Buddha Nagar,201306,26,-0.015220016482179966
2025-09-06,Uttar Pradesh,Ghaziabad,201102,32,-0.04195693513506871
2025-09-06,Uttar Pradesh,Hapur,245101,46,-0.03702465474658234
2025-09-06,Uttar Pradesh,Mirzapur,231001,53,-0.04384290606647634
2025-09-06,Uttar Pradesh,Rampur,244922,41,-0.023580383072182798
2025-09-06,Uttar Pradesh,Shamli,247774,34,-0.008790005683861679
2025-09-06,West Bengal,South 24 Parganas,743349,23,-0.010526083105807715
2025-09-06,West Bengal,Uttar Dinajpur,733201,34,-0.020732454702555025
2025-09-06,West Bengal,Uttar Dinajpur,733202,77,-0.08857860223865521
2025-09-06,Andhra Pradesh,Sri Potti Sriramulu Nellore,524152,14,-0.013900491146654703
2025-09-06,Assam,Darrang,784115,24,-0.004677468256521822
2025-09-06,Bihar,Nawada,805130,36,-0.041263906015228224
2025-09-06,Assam,Barpeta,781308,34,-0.01836799663025357
2025-09-06,Madhya Pradesh,Gwalior,475110,19,-0.009737782601002887
2025-09-06,Madhya Pradesh,Panna,488220,21,-0.01844877809778256
2025-09-06,Maharashtra,Thane,400612,33,-0.013800581899340192
2025-09-06,Rajasthan,Alwar,301001,39,-0.0035582564022741403
2025-09-06,Rajasthan,Bhilwara,311604,54,-0.032060122797896606
2025-09-06,Rajasthan,Jalor,343041,40,-0.06807349446112287
2025-09-06,Assam,Golaghat,785611,22,-0.04679030037063647
2025-09-06,Assam,Nagaon,782125,40,-0.024532264586538566
2025-09-06,Bihar,Saharsa,852106,26,-0.045871938033927084
2025-09-06,Delhi,North Delhi,110084,42,-0.02582251792957424
2025-09-06,Gujarat,Banaskantha,385535,22,-0.0013395741965377406
2025-09-06,Gujarat,Bhavnagar,364290,19,-0.0070687064477704675
2025-09-06,Jharkhand,Giridih,815312,41,-0.06857938782716766
2025-09-06,Uttar Pradesh,Bahraich,271851,46,-0.06554915547618168
2025-09-06,Uttar Pradesh,Bulandshahr,203001,39,-0.06756794325984139
2025-09-06,Uttar Pradesh,Kanpur Nagar,208001,38,-0.03123162318390882
2025-09-06,Uttar Pradesh,Muzaffarnagar,251309,22,-0.004494551980805839
2025-09-06,Uttar Pradesh,Pilibhit,262122,29,-0.0009199515868943964
2025-09-06,Uttar Pradesh,Shahjahanpur,242127,56,-0.06002968862320279
2025-09-06,Uttar Pradesh,Shahjahanpur,242401,23,-0.007768407951752709
2025-09-06,Uttar Pradesh,Sitapur,261001,22,-0.02843463485650899
2025-09-06,Uttar Pradesh,Varanasi,221001,41,-0.02168047986962507
2025-09-06,West Bengal,Murshidabad,742202,160,-0.06959220198003324
2025-09-06,West Bengal,South 24 Parganas,743337,25,-0.007460088651683683
2025-09-07,Uttar Pradesh,Kannauj,209721,63,-0.011106552981483775
2025-09-07,Uttar Pradesh,Kheri,261502,19,-0.034673176262876915
2025-09-07,Uttar Pradesh,Mirzapur,231001,35,-0.012636547923913777
2025-09-07,Uttar Pradesh,Saharanpur,247001,38,-0.049174108807820915
2025-09-07,West Bengal,Jalpaiguri,735230,10,-0.020658803997177788
2025-09-07,West Bengal,Puruliya,723155,19,-0.0034676825601867023
2025-09-07,Bihar,Bhojpur,802210,17,-0.022305332388352195
2025-09-07,Jharkhand,Jamtara,815352,53,-0.042620252395196845
2025-09-07,Maharashtra,Aurangabad,431001,41,-0.01612106789747947
2025-09-07,Uttar Pradesh,Bahraich,271882,54,-0.05355049320409078
2025-09-07,Uttar Pradesh,Budaun,243631,17,-0.004093079859064708
2025-09-07,Uttar Pradesh,Moradabad,244001,46,-0.05312828194676522
2025-09-07,West Bengal,Uttar Dinajpur,733207,50,-0.06353582384282841
2025-09-07,Maharashtra,Palghar,401209,9,-0.0027900813292858206
2025-09-07,Rajasthan,Alwar,301405,36,-0.012636547923913777
2025-09-07,Uttar Pradesh,Kushinagar,274304,30,-0.02127662742111658
2025-09-07,Uttar Pradesh,Meerut,250002,45,-0.026101800387127172
2025-09-07,West Bengal,North 24 Parganas,743423,64,-0.027279668596297713
2025-09-07,West Bengal,Uttar Dinajpur,733210,40,-0.01612106789747947
2025-09-07,Assam,Karbi Anglong,782441,11,-0.0023295833648108166
2025-09-07,Bihar,Kishanganj,855101,66,-0.052456672772660085
2025-09-07,Bihar,Kishanganj,855108,50,-0.015743590877943858
2025-09-07,Jharkhand,Giridih,815312,30,-0.042933700128736985
2025-09-07,Madhya Pradesh,Indore,452001,10,-0.0001928687427772413
2025-09-07,Rajasthan,Jodhpur,342306,16,-0.002386275131673221
2025-09-07,Uttar Pradesh,Bahraich,271855,40,-0.07825668203178748
2025-09-07,Uttar Pradesh,Ghaziabad,201001,23,-0.02421883343242548
2025-09-07,West Bengal,North 24 Parganas,743425,34,-0.0030332850677154966
2025-09-07,West Bengal,Uttar Dinajpur,733215,31,-0.007040722627497109
2025-09-07,Arunachal Pradesh,Longding,792131,29,-0.01788755001048059
2025-09-07,Assam,Karbi Anglong,782482,29,-0.04153850623026045
2025-09-07,Maharashtra,Thane,421302,12,-0.020423774140624462
2025-09-07,Uttar Pradesh,Hardoi,241404,16,-0.013579528816097919
2025-09-07,Uttar Pradesh,Mirzapur,231304,36,-0.011431231740485326
2025-09-07,Uttar Pradesh,Muzaffarnagar,251001,34,-0.037924358115614565
2025-09-07,Uttar Pradesh,Unnao,209801,21,-0.034820287356505664
2025-09-07,West Bengal,Uttar Dinajpur,733201,34,-0.009366796417818679
2025-09-08,Andhra Pradesh,Tirupati,524406,17,-0.046824639746625984
2025-09-08,Assam,Marigaon,782105,27,-0.010369050882179431
2025-09-08,Bihar,Araria,854311,42,-0.031051573003046062
2025-09-08,Bihar,East Champaran,845305,21,-0.007311694017092307
2025-09-08,Bihar,East Champaran,845401,40,-0.03249090908040675
2025-09-08,Bihar,Purnia,854315,68,-0.06349115988491971
2025-09-08,Bihar,Saharsa,852127,33,-0.044382553127041424
2025-09-08,Bihar,Saharsa,852221,24,-0.013062921171466901
2025-09-08,Bihar,Saran,841211,17,-0.0052113180835348105
2025-09-08,Bihar,West Champaran,845307,30,-0.02402089890739012
2025-09-08,Bihar,West Champaran,845451,28,-0.02361308778475557
2025-09-08,Chhattisgarh,Bijapur,494444,26,-0.04078610151367246
2025-09-08,Delhi,West Delhi,110059,53,-0.030489123788528527
2025-09-08,Jharkhand,Deoghar,815353,44,-0.07794720845926806
2025-09-08,Jharkhand,Giridih,815312,34,-0.0024430145213422128
2025-09-08,Jharkhand,Sahebganj,816102,24,-0.01597599508883374
2025-09-08,Karnataka,Mysuru,571121,14,-0.013818581016309284
2025-09-08,Madhya Pradesh,Ashok Nagar,473335,26,-0.00525462413026323
2025-09-08,Madhya Pradesh,Khargone,451001,21,-0.02093812437407816
2025-09-08,Madhya Pradesh,Morena,476115,19,-0.017629148695049057
2025-09-08,Madhya Pradesh,Sheopur,476337,35,-0.01884128644021177
2025-09-08,Madhya Pradesh,Vidisha,464001,30,-0.01740489629134223
2025-09-08,Uttar Pradesh,Baghpat,250611,27,-0.060112497178886115
2025-09-08,Uttar Pradesh,Bahraich,271851,43,-0.06400308612941752
2025-09-08,Uttar Pradesh,Banda,210001,36,-0.012861384305963619
2025-09-08,Uttar Pradesh,Budaun,243635,15,-0.012398226170641902
2025-09-08,Uttar Pradesh,Gautam Buddha Nagar,201301,41,-0.07442221313140085
2025-09-08,Uttar Pradesh,Ghaziabad,201102,58,-0.05833500270374126
2025-09-08,Uttar Pradesh,Kheri,261502,38,-0.0739123679267445
2025-09-08,Uttar Pradesh,Kheri,262802,34,-0.03430094855942212
2025-09-08,Uttar Pradesh,Mathura,281403,32,-0.00700114121915596
2025-09-08,Uttar Pradesh,Meerut,250002,62,-0.08920621445541355
2025-09-08,Uttar Pradesh,Shrawasti,271803,18,-0.025628639084942395
2025-09-08,Uttarakhand,Dehradun,248001,45,-0.001069378933981846
2025-09-08,West Bengal,Uttar Dinajpur,733207,98,-0.08402356323804772
2025-09-08,West Bengal,Uttar Dinajpur,733210,52,-0.07897270747108354
2025-09-08,Meghalaya,East Khasi Hills,793121,30,-0.057692904482359086
2025-09-08,Meghalaya,Ri Bhoi,793105,20,-0.03918130792989205
2025-09-08,Meghalaya,South Garo Hills,794005,12,-0.028451192904442535
2025-09-08,Meghalaya,South Garo Hills,794102,15,-0.022718108426530437
2025-09-08,Meghalaya,West Jaintia Hills,793151,20,-0.03997138653821042
2025-09-08,Rajasthan,Jhalawar,326034,26,-0.011303043082472652
2025-09-08,Rajasthan,Jodhpur,342001,39,-0.02271763678839034
2025-09-08,Madhya Pradesh,Guna,473001,58,-0.021481078536418563
2025-09-08,Madhya Pradesh,Morena,476001,44,-0.03961246892200587
2025-09-08,Madhya Pradesh,Panna,488220,33,-0.038945981805451946
2025-09-08,Madhya Pradesh,Vidisha,464228,44,-0.009942403332133254
2025-09-08,Maharashtra,Aurangabad,431001,78,-0.08041651475580192
2025-09-08,Maharashtra,Nashik,423203,70,-0.10762413920813185
2025-09-08,Maharashtra,Thane,421301,25,-0.01565944773422301
2025-09-08,Meghalaya,East Garo Hills,794110,14,-0.02034694437288176
2025-09-08,Meghalaya,East Jaintia Hills,793200,13,-0.009182269240715857
2025-09-08,Uttar Pradesh,Agra,282001,38,-0.05559547447413982
2025-09-08,Uttar Pradesh,Aligarh,202001,45,-0.04336706490052955
2025-09-08,Uttar Pradesh,Bahraich,271830,38,-0.07646504699641243
2025-09-08,Uttar Pradesh,Bareilly,243122,31,-0.03673184052543221
2025-09-08,Uttar Pradesh,Bareilly,243303,33,-0.010412268627106203
2025-09-08,Uttar Pradesh,Budaun,243601,24,-0.006781699590296508
2025-09-08,Uttar Pradesh,Etah,207001,37,-0.06106144522477541
2025-09-08,Uttar Pradesh,Gonda,271312,26,-0.022662449234128412
2025-09-08,Uttar Pradesh,Hardoi,241001,36,-0.05772596441143074
2025-09-08,Uttar Pradesh,Kheri,262902,35,-0.01240757753018884
2025-09-08,Uttar Pradesh,Moradabad,244001,55,-0.06971985395593328
2025-09-08,Uttar Pradesh,Pilibhit,262001,43,-0.006685381407463109
2025-09-08,Uttar Pradesh,Pilibhit,262122,43,-0.02968297834834388
2025-09-08,Uttar Pradesh,Rae Bareli,229001,31,-0.03793649657050946
2025-09-08,Uttar Pradesh,Rampur,243701,31,-0.03445081461298194
2025-09-08,Uttar Pradesh,Sitapur,261121,31,-0.03527976397385024
2025-09-08,Uttar Pradesh,Sitapur,261203,37,-0.022786176242021172
2025-09-08,West Bengal,Malda,732124,26,-0.017071659328970035
2025-09-08,West Bengal,Malda,732201,46,-0.046399754505664914
2025-09-08,West Bengal,Murshidabad,742202,82,-0.042018115948033286
2025-09-08,West Bengal,North 24 Parganas,743425,37,-0.04873234504299695
2025-09-08,Assam,Goalpara,783126,26,-0.041358476146307166
2025-09-08,Assam,Marigaon,782127,25,-0.043311706929694105
2025-09-08,Assam,Nagaon,782122,45,-0.04087378285986354
2025-09-08,Assam,Nagaon,782124,50,-0.030489123788528527
2025-09-08,Bihar,East Champaran,845433,28,-0.05451393343379507
2025-09-08,Bihar,Katihar,855113,39,-0.006058432309719031
2025-09-08,Bihar,Khagaria,848203,29,-0.031077992735352278
2025-09-08,Bihar,Nalanda,803101,27,-0.017650204227908084
2025-09-08,Bihar,Nawada,805123,18,-0.0007410228598437874
2025-09-08,Bihar,West Champaran,845438,61,-0.09181071917329742
2025-09-08,Bihar,West Champaran,845459,22,-0.014183887266682293
2025-09-08,Meghalaya,West Khasi Hills,793119,38,-0.071265537678884
2025-09-08,Rajasthan,Bharatpur,321204,44,-0.03731202039880077
2025-09-08,Assam,Barpeta,781314,43,-0.006685381407463109
2025-09-08,Assam,Dhubri,783348,39,-0.02215601654593935
2025-09-08,Assam,Golaghat,785614,15,-0.017561018839093112
2025-09-08,Assam,Karbi Anglong,782441,26,-0.053140864478230854
2025-09-08,Assam,Karbi Anglong,782461,15,-0.014299426818970562
2025-09-08,Assam,Karimganj,788722,42,-0.02633268405150413
2025-09-08,Bihar,East Champaran,845301,34,-0.06513282087183714
2025-09-08,Bihar,Madhepura,852210,48,-0.03732371524463951
2025-09-08,Bihar,Madhubani,847421,15,-0.02465799127613877
2025-09-08,Bihar,Sitamarhi,843302,34,-0.011004823295866162
2025-09-08,Bihar,West Champaran,845455,33,-0.039393971125313954
2025-09-08,Delhi,North West Delhi,110042,24,-0.03543009110487383
2025-09-08,Delhi,North West Delhi,110086,53,-0.06971985395593328
2025-09-08,Jharkhand,Bokaro,827013,33,-0.006750797811251097
2025-09-08,Jharkhand,Dhanbad,828109,31,-0.006072966297942739
2025-09-08,Jharkhand,Jamtara,815352,36,-0.01931385869701674
2025-09-08,Jharkhand,Pakur,816104,22,-0.0006224003715724624
2025-09-08,Madhya Pradesh,Ashok Nagar,473331,35,-0.017579678703176782
2025-09-08,Madhya Pradesh,Barwani,451666,92,-0.13085717411145836
2025-09-08,Madhya Pradesh,Dewas,455001,41,-0.02633268405150413
2025-09-08,Madhya Pradesh,Dhar,454446,32,-0.04604710325470929
2025-09-08,Madhya Pradesh,Jhabua,457770,45,-0.09337765646725193
2025-09-08,Madhya Pradesh,Khargone,451332,27,-0.05861301166098032
2025-09-08,Madhya Pradesh,Ratlam,457001,43,-0.017220853890734578
2025-09-08,Madhya Pradesh,Singrauli,486886,56,-0.0004269078884805433
2025-09-08,Meghalaya,East Khasi Hills,793015,13,-0.02736066319611652
2025-09-08,Meghalaya,West Jaintia Hills,793150,45,-0.09039973380727884
2025-09-08,Odisha,Nabarangapur,764071,36,-0.011408859422892714
2025-09-08,Punjab,Amritsar,143001,46,-0.08144535742707726
2025-09-08,Uttar Pradesh,Hapur,245101,43,-0.03567648194359874
2025-09-08,Uttar Pradesh,Kheri,262804,50,-0.08299123416861542
2025-09-08,Uttar Pradesh,Mainpuri,205001,30,-0.0021227757330770647
2025-09-08,Uttar Pradesh,Saharanpur,247001,59,-0.049482032590828395
2025-09-08,Uttar Pradesh,Shahjahanpur,242001,51,-0.05883430491004071
2025-09-08,Uttar Pradesh,Shrawasti,271831,20,-0.007031924016178026
2025-09-08,Uttar Pradesh,Siddharthnagar,272153,53,-0.03732371524463951
2025-09-08,Uttar Pradesh,Sitapur,261201,33,-0.04394421165896323
2025-09-08,Uttar Pradesh,Sitapur,261205,30,-0.06061300242055545
2025-09-08,Uttar Pradesh,Varanasi,221001,33,-0.03430094855942212
2025-09-08,West Bengal,Howrah,711316,33,-0.009793213778916177
2025-09-08,Rajasthan,Bikaner,334001,42,-0.03366157561877803
2025-09-08,Rajasthan,Nagaur,341001,43,-0.02968297834834388
2025-09-08,Uttar Pradesh,Bahraich,271865,43,-0.08555725716845941
2025-09-08,Uttar Pradesh,Bahraich,271881,21,-0.03196824818302679
2025-09-08,Uttar Pradesh,Bahraich,271902,25,-0.015464352505117906
2025-09-08,Uttar Pradesh,Banda,210129,21,-0.008369435214805931
2025-09-08,Uttar Pradesh,Budaun,243639,40,-0.03897938145130153
2025-09-08,Uttar Pradesh,Firozabad,283203,50,-0.07794720845926806
2025-09-08,Uttar Pradesh,Ghaziabad,201001,58,-0.09599629678443422
2025-09-08,Assam,Barpeta,781308,40,-0.025963552620494323
2025-09-08,Madhya Pradesh,Satna,485331,65,-0.0580770222485828
2025-09-08,Madhya Pradesh,Shivpuri,473775,27,-0.028229041405366417
2025-09-08,Meghalaya,East Garo Hills,794111,28,-0.0632261859824621
2025-09-08,Meghalaya,West Garo Hills,794104,26,-0.05612062276906227
2025-09-08,Rajasthan,Alwar,301001,40,-0.046273325295576595
2025-09-08,Rajasthan,Alwar,301411,24,-0.013627600607612145
2025-09-08,Bihar,Nalanda,803107,26,-0.022404732373371816
2025-09-08,Bihar,Samastipur,848114,27,-0.025128562346294125
2025-09-08,Bihar,West Champaran,845306,14,-0.006414322810089468
2025-09-08,Chhattisgarh,Balrampur,497225,42,-0.006685381407463109
2025-09-08,Delhi,East Delhi,110092,26,-0.05330295977158539
2025-09-08,Delhi,South Delhi,110062,39,-0.0016504311820941808
2025-09-08,Jharkhand,Palamu,822113,46,-0.04087378285986354
2025-09-08,Uttar Pradesh,Hathras,204101,36,-0.0722357010410315
2025-09-08,Uttar Pradesh,Kanpur Nagar,208001,35,-0.07071163329807706
2025-09-08,Uttar Pradesh,Mirzapur,231001,50,-0.0553462733194261
2025-09-08,Uttar Pradesh,Pilibhit,262201,26,-0.005125819075272209
2025-09-08,Uttar Pradesh,Unnao,209801,31,-0.0041208919537707445
2025-09-08,Uttar Pradesh,Unnao,241503,22,-0.037451511546248484
2025-09-08,West Bengal,Paschim Medinipur,721150,31,-0.06364007736507937
2025-09-08,Rajasthan,Pali,306401,39,-0.046273325295576595
2025-09-08,Uttar Pradesh,Bahraich,271855,110,-0.13470368141597255
2025-09-08,Uttar Pradesh,Balrampur,271201,30,-0.0021227757330770647
2025-09-08,Uttar Pradesh,Bareilly,243505,41,-0.06558400269930897
2025-09-08,Uttar Pradesh,Bijnor,246733,41,-0.029468916946867485
2025-09-08,Uttar Pradesh,Bulandshahr,203001,33,-0.009793213778916177
2025-09-08,Uttar Pradesh,Chandauli,232101,21,-0.010200810486660883
2025-09-08,Assam,Goalpara,783129,36,-0.046273325295576595
2025-09-08,Bihar,Katihar,854317,44,-0.04087378285986354
2025-09-08,Bihar,Madhubani,847226,23,-0.008954577965960997
2025-09-08,Bihar,Madhubani,847232,20,-0.0336913415839053
2025-09-08,Bihar,Nawada,805130,15,-0.018776076338032133
2025-09-08,Bihar,Siwan,841226,34,-0.003700010157635214
2025-09-08,Bihar,West Champaran,845454,36,-0.012537887026171646
2025-09-08,Delhi,North East Delhi,110094,54,-0.05310427599083245
2025-09-08,Delhi,West Delhi,110041,37,-0.049225148024139465
2025-09-08,Gujarat,Surat,394210,33,-0.006750797811251097
2025-09-08,Gujarat,Surat,395010,32,-0.002457100590279926
2025-09-08,Haryana,Faridabad,121002,18,-0.010425804781924342
2025-09-08,Haryana,Faridabad,121004,30,-0.023085211207577783
2025-09-08,Jharkhand,Dhanbad,828205,51,-0.03977450645909586
2025-09-08,Jharkhand,Lohardaga,835302,33,-0.011004823295866162
2025-09-08,Jharkhand,Pakur,816107,47,-0.043856236578244445
2025-09-08,Jharkhand,Palamu,822123,24,-0.042966264392755416
2025-09-08,Meghalaya,East Khasi Hills,793110,15,-0.01768762374822941
2025-09-08,Meghalaya,Ri Bhoi,793103,15,-0.036917294149393265
2025-09-08,Meghalaya,South West Garo Hills,794115,28,-0.06312061446036077
2025-09-08,Punjab,Kapurthala,144601,14,-0.014863568650728243
2025-09-08,Rajasthan,Bharatpur,321001,36,-0.019941465433936156
2025-09-08,Rajasthan,Dungarpur,314030,29,-0.029344012402840458
2025-09-08,Rajasthan,Jodhpur,342024,21,-0.04557119733760673
2025-09-08,Uttar Pradesh,Bahraich,271801,30,-0.0021227757330770647
2025-09-08,Uttar Pradesh,Kanpur Nagar,208021,26,-0.022404732373371816
2025-09-08,Uttar Pradesh,Lucknow,226003,36,-0.021651032389826685
2025-09-08,Uttar Pradesh,Siddharthnagar,272202,22,-0.03988063716499801
2025-09-08,Uttar Pradesh,Siddharthnagar,272206,52,-0.06782105621301582
2025-09-08,Uttar Pradesh,Siddharthnagar,272208,20,-0.007031924016178026
2025-09-08,Uttar Pradesh,Sultanpur,228001,28,-0.024088889669486413
2025-09-08,Uttar Pradesh,Varanasi,221302,34,-0.013218216864831378
2025-09-08,West Bengal,South 24 Parganas,743329,33,-0.0060270475652497435
2025-09-08,West Bengal,Uttar Dinajpur,733202,59,-0.08868636998084545
2025-09-08,Madhya Pradesh,Ashok Nagar,473330,38,-0.0274989521518606
2025-09-08,Madhya Pradesh,Burhanpur,450331,37,-0.015691764649799822
2025-09-08,Madhya Pradesh,Datia,475661,43,-0.06718995485951362
2025-09-08,Madhya Pradesh,Dhar,454001,23,-0.004775804973956133
2025-09-08,Madhya Pradesh,Jabalpur,482001,61,-0.029018988658660483
2025-09-08,Madhya Pradesh,Jhabua,457661,77,-0.07785049072635164
2025-09-08,Madhya Pradesh,Morena,476224,33,-0.07020429777185422
2025-09-09,Bihar,Gaya,823311,18,-0.028011673421969308
2025-09-09,Bihar,Madhubani,847226,26,-0.010913891545902055
2025-09-09,Bihar,Nawada,805130,22,-0.004297524217677817
2025-09-09,Bihar,Samastipur,848114,43,-0.026221095514092574
2025-09-09,Bihar,Sitamarhi,843302,54,-0.07887585877378922
2025-09-09,Bihar,Vaishali,844508,44,-0.06198482345136913
2025-09-09,Bihar,West Champaran,845454,44,-0.026016533192509184
2025-09-09,Delhi,North West Delhi,110086,54,-0.033332258798075776
2025-09-09,Haryana,Karnal,132001,43,-0.015599185651955949
2025-09-09,Jharkhand,Dhanbad,828109,34,-0.006422962100808172
2025-09-09,Uttar Pradesh,Agra,282001,39,-0.08972641076865029
2025-09-09,Uttar Pradesh,Bahraich,271865,29,-0.0591158443930867
2025-09-09,Uttar Pradesh,Bijnor,246725,48,-0.04048225295739183
2025-09-09,Uttar Pradesh,Hardoi,241001,41,-0.027878134322972925
2025-09-09,Uttar Pradesh,Meerut,250001,41,-0.060724373829148304
2025-09-09,Uttar Pradesh,Mirzapur,231304,34,-0.0014453020097503488
2025-09-09,Uttar Pradesh,Rae Bareli,229001,47,-0.04532573898096959
2025-09-09,Uttar Pradesh,Sitapur,261135,42,-0.05287294126121833
2025-09-09,Uttar Pradesh,Sitapur,261201,48,-0.03355276812201091
2025-09-09,Uttar Pradesh,Unnao,209801,47,-0.06817838474868454
2025-09-09,Maharashtra,Nanded,431715,31,-0.021518698533387504
2025-09-09,Meghalaya,East Garo Hills,794111,24,-0.049752185952218975
2025-09-09,Meghalaya,Ri Bhoi,793102,17,-0.025960494035089043
2025-09-09,Meghalaya,Ri Bhoi,793103,17,-0.006426936367032843
2025-09-09,Meghalaya,West Garo Hills,794104,23,-0.04489091620106733
2025-09-09,Meghalaya,West Jaintia Hills,793151,29,-0.060557830504479604
2025-09-09,Rajasthan,Ajmer,305001,30,-0.00440506478587277
2025-09-09,Rajasthan,Bharatpur,321204,34,-0.003704823509924293
2025-09-09,Rajasthan,Dungarpur,314030,36,-0.035370656287110114
2025-09-09,Rajasthan,Jalor,343029,35,-0.006947695720991187
2025-09-09,Rajasthan,Nagaur,341001,47,-0.03424793966631279
2025-09-09,Madhya Pradesh,Barwani,451551,51,-0.04536931078339035
2025-09-09,Madhya Pradesh,Barwani,451666,73,-0.09024695915868541
2025-09-09,Madhya Pradesh,Gwalior,475110,40,-0.02692172833115558
2025-09-09,Madhya Pradesh,Khargone,451331,42,-0.035890781643547975
2025-09-09,Madhya Pradesh,Khargone,451332,39,-0.08712894521027059
2025-09-09,Madhya Pradesh,Khargone,451441,33,-0.03831461847907702
2025-09-09,Madhya Pradesh,Shivpuri,473551,42,-0.03210713777674157
2025-09-09,Madhya Pradesh,Ujjain,456224,41,-0.004061014842338895
2025-09-09,West Bengal,Uttar Dinajpur,733207,95,-0.09967730774662042
2025-09-09,Assam,Karbi Anglong,782480,27,-0.031156122859096635
2025-09-09,Bihar,Banka,813106,33,-0.0008824334280339574
2025-09-09,Bihar,East Champaran,845302,22,-0.007133298753738804
2025-09-09,Bihar,Katihar,854317,62,-0.0591293210234064
2025-09-09,Bihar,Patna,800008,23,-0.009158086788455533
2025-09-09,Bihar,Sitamarhi,843332,58,-0.08712894521027059
2025-09-09,Bihar,West Champaran,845449,40,-0.052003682068308965
2025-09-09,Delhi,West Delhi,110059,64,-0.045397640038708276
2025-09-09,Gujarat,Surat,394210,44,-0.036452846563783226
2025-09-09,Uttar Pradesh,Aligarh,202001,64,-0.06464620325404857
2025-09-09,Uttar Pradesh,Budaun,243633,22,-0.033504923823800326
2025-09-09,Uttar Pradesh,Budaun,243638,29,-0.02280187506880471
2025-09-09,Uttar Pradesh,Bulandshahr,203131,35,-0.010591109960625289
2025-09-09,Uttar Pradesh,Chandauli,232101,34,-0.055623155981982975
2025-09-09,Uttar Pradesh,Chandauli,232103,34,-0.009192038978279249
2025-09-09,Uttar Pradesh,Etawah,206242,35,-0.037466251708325626
2025-09-09,Uttar Pradesh,Firozabad,283204,33,-0.004092601771842674
2025-09-09,Uttar Pradesh,Gautam Buddha Nagar,201301,37,-0.035541584869099974
2025-09-09,Uttar Pradesh,Kheri,261502,32,-0.019282933693143156
2025-09-09,Uttar Pradesh,Kheri,262802,41,-0.05862981928075128
2025-09-09,Uttar Pradesh,Kheri,262804,65,-0.06464620325404857
2025-09-09,Uttar Pradesh,Kheri,262905,18,-0.027496378869225846
2025-09-09,Uttar Pradesh,Rampur,244901,41,-0.08764773559600136
2025-09-09,Uttar Pradesh,Sitapur,261203,36,-0.01400564345731925
2025-09-09,Uttar Pradesh,Varanasi,221001,51,-0.03355276812201091
2025-09-09,Maharashtra,Palghar,401209,17,-0.02008687655255814
2025-09-09,Maharashtra,Thane,421302,76,-0.07071163329807706
2025-09-09,Meghalaya,East Khasi Hills,793006,9,-0.0023679888989606157
2025-09-09,Meghalaya,West Jaintia Hills,793150,33,-0.059060415486733575
2025-09-09,Meghalaya,West Khasi Hills,793119,56,-0.09022943149012586
2025-09-09,Nagaland,Kiphire,798611,17,-0.020105137009210794
2025-09-09,Rajasthan,Baran,325216,51,-0.020805997200482484
2025-09-09,Rajasthan,Bikaner,334001,37,-0.017921033444512013
2025-09-09,Jharkhand,East Singhbhum,831002,16,-0.006595843422940728
2025-09-09,Jharkhand,Garhwa,822114,46,-0.0270909288192851
2025-09-09,Jharkhand,Sahebganj,816108,55,-0.05783603820422478
2025-09-09,Madhya Pradesh,Ashok Nagar,473330,37,-0.017921033444512013
2025-09-09,Madhya Pradesh,Bhind,477441,15,-0.004385241967403086
2025-09-09,Madhya Pradesh,Dhar,454446,25,-0.012879718379369964
2025-09-09,Madhya Pradesh,Panna,488220,52,-0.03236847742550453
2025-09-09,Madhya Pradesh,Panna,488442,38,-0.012315435959458165
2025-09-09,West Bengal,South 24 Parganas,743329,37,-0.05772596441143074
2025-09-09,West Bengal,Uttar Dinajpur,733202,74,-0.07172733470018733
2025-09-09,Uttar Pradesh,Ghaziabad,201102,47,-0.039995363298743536
2025-09-09,Uttar Pradesh,Kanpur Nagar,208001,36,-0.06378757047499262
2025-09-09,Uttar Pradesh,Kanpur Nagar,209202,39,-0.018011897495755602
2025-09-09,Uttar Pradesh,Maharajganj,273163,34,-0.024711529611856187
2025-09-09,Uttar Pradesh,Mathura,281403,39,-0.024536367745488064
2025-09-09,Uttar Pradesh,Meerut,250002,64,-0.06083489537669273
2025-09-09,Uttar Pradesh,Pilibhit,262122,62,-0.08350722408840794
2025-09-09,Uttar Pradesh,Unnao,209821,25,-0.010619333634628858
2025-09-09,Madhya Pradesh,Ashok Nagar,473443,35,-0.006947695720991187
2025-09-09,Madhya Pradesh,Guna,473105,56,-0.041146621519448257
2025-09-09,Madhya Pradesh,Morena,476229,39,-0.020757525602197124
2025-09-09,Madhya Pradesh,Sidhi,486661,73,-0.045888186040645595
2025-09-09,Madhya Pradesh,Vidisha,464228,49,-0.06776818039416932
2025-09-09,Meghalaya,South Garo Hills,794005,21,-0.037417945865286795
2025-09-09,Meghalaya,South Garo Hills,794102,9,-0.0006054770819919897
2025-09-09,Punjab,Amritsar,143001,33,-0.036859332528040856
2025-09-09,Rajasthan,Jodhpur,342024,21,-0.03267745445751602
2025-09-09,Rajasthan,Pali,306401,38,-0.020283976910479118
2025-09-09,Telangana,Hyderabad,500008,25,-0.030932869751666314
2025-09-09,Telangana,Hyderabad,500053,40,-0.006019593071853957
2025-09-09,Uttar Pradesh,Banda,210001,43,-0.026362541841372544
2025-09-09,Uttar Pradesh,Bareilly,243001,28,-0.042002152282855754
2025-09-09,Uttar Pradesh,Budaun,243601,45,-0.06817838474868454
2025-09-09,Bihar,East Champaran,845437,31,-0.02591235608193343
2025-09-09,Bihar,Khagaria,848203,37,-0.0175402058301507
2025-09-09,Delhi,South Delhi,110044,29,-0.02280187506880471
2025-09-09,Gujarat,Ahmedabad,382405,17,-0.009279851333948486
2025-09-09,Uttar Pradesh,Etah,207001,38,-0.052260394527044784
2025-09-09,Uttar Pradesh,Firozabad,283203,63,-0.06464620325404857
2025-09-09,Uttar Pradesh,Ghaziabad,201001,35,-0.007372351856349435
2025-09-09,Uttar Pradesh,Hathras,204101,50,-0.09915038106975849
2025-09-09,Uttar Pradesh,Kheri,262903,26,-0.016923370966255624
2025-09-09,Uttar Pradesh,Mainpuri,205001,43,-0.034518153129091234
2025-09-09,Uttar Pradesh,Moradabad,202411,35,-0.009816868480736707
2025-09-09,Uttar Pradesh,Pilibhit,262001,51,-0.03919924228297478
2025-09-09,Uttar Pradesh,Pilibhit,262201,41,-0.027878134322972925
2025-09-09,Uttar Pradesh,Saharanpur,247001,69,-0.08299123416861542
2025-09-09,Uttar Pradesh,Sant Kabir Nagar,272175,37,-0.00923347987862888
2025-09-09,Uttar Pradesh,Siddharthnagar,272153,52,-0.037422158533966465
2025-09-09,Uttar Pradesh,Siddharthnagar,272202,63,-0.07259366928380628
2025-09-09,West Bengal,Uttar Dinajpur,733208,44,-0.06407342260759352
2025-09-09,Odisha,Nabarangapur,764072,36,-0.006483487411040767
2025-09-09,Rajasthan,Alwar,301026,28,-0.0020957478345566827
2025-09-09,Rajasthan,Banswara,327001,26,-0.009295169061612985
2025-09-09,Rajasthan,Bharatpur,321001,41,-0.02313008097609437
2025-09-09,Rajasthan,Jodhpur,342001,61,-0.03865643147068154
2025-09-09,Uttar Pradesh,Baghpat,250101,26,-0.016790926225746627
2025-09-09,Uttar Pradesh,Bahraich,271851,35,-0.03644622093114691
2025-09-09,Uttar Pradesh,Bahraich,271855,80,-0.11457693316909479
2025-09-09,Uttar Pradesh,Bahraich,271881,17,-0.012594407400999263
2025-09-09,Uttar Pradesh,Bahraich,271902,25,-0.01515228090816323
2025-09-09,Bihar,Araria,854311,45,-0.01733790168683913
2025-09-09,Bihar,Darbhanga,847203,41,-0.022180095575049075
2025-09-09,Bihar,Darbhanga,848213,32,-0.0027209074685982104
2025-09-09,Bihar,East Champaran,845305,23,-0.008528186745903499
2025-09-09,Bihar,Gaya,824233,21,-0.026987030772913645
2025-09-09,Bihar,Madhepura,852210,45,-0.037080933097230595
2025-09-09,Bihar,Purnia,854315,57,-0.05400246371021433
2025-09-09,Bihar,Siwan,841226,40,-0.012641294805068815
2025-09-09,Bihar,West Champaran,845438,46,-0.06817838474868454
2025-09-09,Gujarat,Patan,384265,19,-0.015091655663572956
2025-09-09,Jharkhand,Deoghar,815353,44,-0.05649671692028968
2025-09-09,Jharkhand,Lohardaga,835302,35,-0.01306583265328587
2025-09-09,Jharkhand,Pakur,816107,50,-0.04728972108916174
2025-09-09,Madhya Pradesh,Dewas,455118,35,-0.01306583265328587
2025-09-09,Madhya Pradesh,Guna,473001,58,-0.005874386864417547
2025-09-09,Madhya Pradesh,Hoshangabad,461990,47,-0.0270909288192851
2025-09-09,Madhya Pradesh,Indore,452001,32,-0.062366498384696545
2025-09-09,Madhya Pradesh,Jhabua,457661,83,-0.09181071917329742
2025-09-09,Madhya Pradesh,Morena,476001,55,-0.07887585877378922
2025-09-09,Madhya Pradesh,Sheopur,476339,24,-0.0395090054933408
2025-09-09,Madhya Pradesh,Shivpuri,473995,41,-0.01733790168683913
2025-09-09,Maharashtra,Nandurbar,425414,46,-0.028320758024888093
2025-09-09,Maharashtra,Nashik,423203,49,-0.043899720030105005
2025-09-09,Meghalaya,East Khasi Hills,793121,47,-0.0840061773011157
2025-09-09,Meghalaya,South Garo Hills,794103,12,-0.0010450332743934254
2025-09-09,Maharashtra,Thane,400612,37,-0.007646370906841726
2025-09-09,Meghalaya,East Khasi Hills,793110,20,-0.03460313965151984
2025-09-09,Rajasthan,Bharatpur,321203,32,-0.0027209074685982104
2025-09-09,Uttar Pradesh,Bahraich,271801,33,-0.035541584869099974
2025-09-09,Uttar Pradesh,Bahraich,271825,35,-0.03843693591884345
2025-09-09,Uttar Pradesh,Bahraich,271830,42,-0.05876821415262545
2025-09-09,Uttar Pradesh,Hapur,245101,42,-0.03087607635384726
2025-09-09,Uttar Pradesh,Maharajganj,273157,16,-0.006311113484055331
2025-09-09,Uttar Pradesh,Mirzapur,231001,63,-0.06083489537669273
2025-09-09,Uttar Pradesh,Moradabad,244001,86,-0.0845402518538988
2025-09-09,Uttar Pradesh,Sambhal,244302,36,-0.006483487411040767
2025-09-09,Uttar Pradesh,Shahjahanpur,242001,58,-0.05276217523780191
2025-09-09,Uttar Pradesh,Shrawasti,271845,25,-0.010913891545902055
2025-09-09,Uttar Pradesh,Sitapur,261205,33,-0.024711529611856187
2025-09-09,West Bengal,Murshidabad,742202,114,-0.05948104722302916
2025-09-09,West Bengal,Uttar Dinajpur,733210,39,-0.06464620325404857
2025-09-09,Andhra Pradesh,Tirupati,524406,11,-0.015406573517047217
2025-09-09,Bihar,Gaya,823003,30,-0.028333517363908656
2025-09-09,Bihar,Kishanganj,855107,42,-0.01733790168683913
2025-09-09,Chhattisgarh,Bijapur,494444,19,-0.017885912970565965
2025-09-09,Delhi,North East Delhi,110094,54,-0.05088586679404483
2025-09-09,Gujarat,Valsad,396065,34,-0.007489274699883808
2025-09-09,Haryana,Faridabad,121004,32,-0.0053309812206937535
2025-09-09,Karnataka,Bengaluru,560068,17,-0.00649140324533215
2025-09-09,Madhya Pradesh,Burhanpur,450331,38,-0.020283976910479118
2025-09-09,Madhya Pradesh,Datia,475661,61,-0.04816506109154062
2025-09-09,Madhya Pradesh,Jhabua,457777,40,-0.01871077515595132
2025-09-09,Madhya Pradesh,Katni,483501,44,-0.020645494718090407
2025-09-09,Madhya Pradesh,Morena,476224,26,-0.016636908592404964
2025-09-09,Madhya Pradesh,Singrauli,486886,56,-0.00958612748548826
2025-09-09,Madhya Pradesh,Umaria,484661,66,-0.05898130758772724
2025-09-09,Madhya Pradesh,Vidisha,464111,34,-0.005556012491074402
2025-09-09,Maharashtra,Aurangabad,431001,69,-0.08557467843049105
2025-09-10,Bihar,Gaya,823003,28,-0.014703717668033689
2025-09-10,Bihar,Jamui,811307,22,-0.001922357262880925
2025-09-10,Bihar,Munger,811213,28,-0.02138609619540588
2025-09-10,Bihar,Nalanda,803101,44,-0.025581809726156424
2025-09-10,Bihar,Sitamarhi,843302,41,-0.017360986112111676
2025-09-10,Bihar,West Champaran,845438,53,-0.03663798981690092
2025-09-10,Chhattisgarh,Bijapur,494444,11,-0.0025581947081325662
2025-09-10,Manipur,Churachandpur,795128,37,-0.04109791852400291
2025-09-10,Meghalaya,Ri Bhoi,793103,16,-0.0026853885971057645
2025-09-10,Rajasthan,Barmer,344001,45,-0.02411188898803951
2025-09-10,Rajasthan,Barmer,344704,49,-0.03562674957247369
2025-09-10,Rajasthan,Jaipur,302017,21,-0.013687147420622381
2025-09-10,Jharkhand,Garhwa,822114,49,-0.02426337443430948
2025-09-10,Karnataka,Mysuru,571121,18,-0.01863283470932786
2025-09-10,Madhya Pradesh,Ashok Nagar,473335,36,-0.02341184068845059
2025-09-10,Madhya Pradesh,Jhabua,457661,84,-0.05389910209521487
2025-09-10,Madhya Pradesh,Jhabua,457775,65,-0.024640821004968116
2025-09-10,Madhya Pradesh,Katni,483331,29,-0.0017444118420429922
2025-09-10,Maharashtra,Aurangabad,431001,77,-0.05717618061226237
2025-09-10,Uttar Pradesh,Bahraich,271830,35,-0.059490126043299174
2025-09-10,Uttar Pradesh,Bahraich,271855,79,-0.11189554203110774
2025-09-10,Uttar Pradesh,Budaun,243638,22,-0.03168373732199237
2025-09-10,Uttar Pradesh,Budaun,243641,44,-0.019408350846647493
2025-09-10,Uttar Pradesh,Bulandshahr,203001,38,-0.01219923995808081
2025-09-10,Uttar Pradesh,Ghaziabad,201102,45,-0.024152342096235846
2025-09-10,Uttar Pradesh,Kheri,261505,39,-0.00536727427855288
2025-09-10,Uttar Pradesh,Mirzapur,231001,45,-0.027970712959399346
2025-09-10,Uttar Pradesh,Sambhal,244302,47,-0.02735061282425011
2025-09-10,Uttar Pradesh,Sitapur,261303,23,-0.03079104762799323
2025-09-10,West Bengal,Malda,732201,46,-0.06565369152659539
2025-09-10,West Bengal,Uttar Dinajpur,733202,66,-0.04973874587327376
2025-09-10,Meghalaya,East Garo Hills,794111,17,-0.0294709058913748
2025-09-10,Meghalaya,East Jaintia Hills,793200,11,-0.008582792277771256
2025-09-10,Meghalaya,West Garo Hills,794104,15,-0.00030972452746269585
2025-09-10,Meghalaya,West Khasi Hills,793119,21,-0.025677982132568666
2025-09-10,Meghalaya,West Khasi Hills,793120,16,-0.001292071592379429
2025-09-10,Assam,Marigaon,782105,31,-0.019364849197827216
2025-09-10,Bihar,East Champaran,845301,23,-0.0415082601202883
2025-09-10,Bihar,East Champaran,845302,31,-0.0326338776759324
2025-09-10,Bihar,Gaya,824201,37,-0.0024564500104941045
2025-09-10,Bihar,Jamui,811303,30,-0.05068358286100838
2025-09-10,Uttar Pradesh,Agra,282006,33,-0.03408057826202193
2025-09-10,Uttar Pradesh,Bahraich,271865,53,-0.08868636998084545
2025-09-10,Uttar Pradesh,Budaun,243601,43,-0.07376286541576516
2025-09-10,Uttar Pradesh,Gautam Buddha Nagar,201301,46,-0.09024695915868541
2025-09-10,Uttar Pradesh,Maharajganj,273155,15,-0.014849816762126489
2025-09-10,Uttar Pradesh,Pilibhit,262001,57,-0.037365853380197045
2025-09-10,Uttar Pradesh,Pilibhit,262122,36,-0.008016880195265141
2025-09-10,Uttar Pradesh,Rampur,244901,67,-0.05220950875329611
2025-09-10,Uttar Pradesh,Saharanpur,247001,53,-0.037850963346429234
2025-09-10,Uttar Pradesh,Shahjahanpur,242001,62,-0.05270466513186878
2025-09-10,Uttar Pradesh,Siddharthnagar,272153,41,-0.0030874846017794333
2025-09-10,Uttar Pradesh,Siddharthnagar,272206,38,-0.06817838474868454
2025-09-10,Uttar Pradesh,Siddharthnagar,272207,21,-0.006021277808948344
2025-09-10,Uttar Pradesh,Sitapur,261135,43,-0.012667316776527215
2025-09-10,Uttar Pradesh,Sitapur,261203,57,-0.04320889170597342
2025-09-10,Uttar Pradesh,Sitapur,261205,42,-0.04697138096031317
2025-09-10,Uttar Pradesh,Unnao,241504,36,-0.0006136381747352537
2025-09-10,Jharkhand,Sahebganj,816108,57,-0.04629368994911609
2025-09-10,Madhya Pradesh,Barwani,451666,110,-0.11780659918914349
2025-09-10,Madhya Pradesh,Guna,473001,79,-0.02951980060607906
2025-09-10,Madhya Pradesh,Indore,452001,41,-0.08041651475580192
2025-09-10,Madhya Pradesh,Sheopur,476337,27,-0.04478010294602508
2025-09-10,Bihar,Darbhanga,847203,41,-0.017325481599899106
2025-09-10,Bihar,West Champaran,845455,32,-0.041858982779685916
2025-09-10,Chhattisgarh,Kondagaon,494226,39,-0.00659469468015994
2025-09-10,Delhi,North East Delhi,110094,39,-0.00659469468015994
2025-09-10,Gujarat,Banaskantha,385535,31,-0.05438058728094508
2025-09-10,Gujarat,Patan,384265,46,-0.061130710986887826
2025-09-10,Jharkhand,Palamu,822110,31,-0.04871042820873006
2025-09-10,Rajasthan,Nagaur,341001,45,-0.05699958336345068
2025-09-10,Uttar Pradesh,Agra,282001,47,-0.06902504573474388
2025-09-10,Uttar Pradesh,Aligarh,202001,72,-0.0845402518538988
2025-09-10,Uttar Pradesh,Amroha,244221,36,-0.031542089265315765
2025-09-10,Uttar Pradesh,Baghpat,250611,30,-0.03990967825411573
2025-09-10,Uttar Pradesh,Bahraich,271801,40,-0.04955917194591841
2025-09-10,Uttar Pradesh,Bareilly,243503,36,-0.0601293389487203
2025-09-10,Uttar Pradesh,Firozabad,283203,54,-0.0380928260393234
2025-09-10,Uttar Pradesh,Kannauj,209721,42,-0.01610660320457613
2025-09-10,Uttar Pradesh,Kheri,261502,36,-0.03562109930146529
2025-09-10,Uttar Pradesh,Meerut,250002,64,-0.05220950875329611
2025-09-10,Uttar Pradesh,Moradabad,244001,102,-0.0739123679267445
2025-09-10,Uttar Pradesh,Sambhal,202412,41,-0.04857344760826199
2025-09-10,Uttar Pradesh,Sambhal,202522,42,-0.04461989318828963
2025-09-10,Uttar Pradesh,Siddharthnagar,272205,23,-0.01129423321185774
2025-09-10,Uttar Pradesh,Unnao,209801,34,-0.05464594846749582
2025-09-10,Madhya Pradesh,Alirajpur,457990,30,-0.027198006562021426
2025-09-10,Madhya Pradesh,Datia,475661,56,-0.039794688732533
2025-09-10,Madhya Pradesh,Vidisha,464114,22,-0.011194424284074467
2025-09-10,Maharashtra,Jalgaon,425001,28,-0.046970828465573766
2025-09-10,Maharashtra,Nashik,423203,43,-0.05650152208479686
2025-09-10,Meghalaya,East Khasi Hills,793121,33,-0.055998995759117265
2025-09-10,Meghalaya,Ri Bhoi,793105,23,-0.02708964799837421
2025-09-10,Meghalaya,West Jaintia Hills,793150,20,-0.015426605215130285
2025-09-10,Rajasthan,Ajmer,305901,43,-0.03636845407844702
2025-09-10,Rajasthan,Alwar,301001,51,-0.05899520171504591
2025-09-10,Rajasthan,Baran,325220,30,-0.024712907371338688
2025-09-10,Rajasthan,Bharatpur,321001,40,-0.022585055551247235
2025-09-10,Rajasthan,Jalor,343041,45,-0.02735061282425011
2025-09-10,Assam,Karimganj,788728,30,-0.0022054126733715984
2025-09-10,Assam,Marigaon,782127,17,-0.0069197770360790445
2025-09-10,Bihar,Darbhanga,847201,26,-0.01725720670095343
2025-09-10,Bihar,Munger,811211,29,-0.022461295305149176
2025-09-10,Bihar,Purnia,854315,52,-0.036881071521720155
2025-09-10,Delhi,East Delhi,110091,24,-0.028055154332261467
2025-09-10,Gujarat,Banaskantha,385310,22,-0.009557150129060887
2025-09-10,Gujarat,Dahod,389380,23,-0.007645427892670642
2025-09-10,Gujarat,Gandhinagar,382721,25,-0.018085457092086976
2025-09-10,Gujarat,Surendra Nagar,363520,24,-0.015095702812301548
2025-09-10,Haryana,Gurgaon,122001,36,-0.030580728662930268
2025-09-10,Jharkhand,Pakur,816107,39,-0.010813084546437257
2025-09-10,Rajasthan,Bikaner,334803,37,-0.056137373625872455
2025-09-10,Uttar Pradesh,Agra,283111,30,-0.04158500601075443
2025-09-10,Uttar Pradesh,Bahraich,271881,31,-0.06504531163046012
2025-09-10,Uttar Pradesh,Banda,210001,40,-0.04955917194591841
2025-09-10,Uttar Pradesh,Ghaziabad,201001,39,-0.0722357010410315
2025-09-10,Uttar Pradesh,Hardoi,241001,41,-0.017360986112111676
2025-09-10,Uttar Pradesh,Kheri,262802,40,-0.040870810182578876
2025-09-10,Uttar Pradesh,Meerut,250001,41,-0.023060161648083555
2025-09-10,Uttar Pradesh,Pilibhit,262201,36,-0.04317574201613528
2025-09-10,Madhya Pradesh,Ashok Nagar,473330,41,-0.03636845407844702
2025-09-10,Madhya Pradesh,Ashok Nagar,473331,55,-0.04320889170597342
2025-09-10,Madhya Pradesh,Burhanpur,450331,51,-0.037564447315409866
2025-09-10,Madhya Pradesh,Gwalior,475110,43,-0.018776654927076808
2025-09-10,Madhya Pradesh,Khargone,451441,35,-0.061130710986887826
2025-09-10,Madhya Pradesh,Singrauli,486881,32,-0.008692281893182274
2025-09-10,Madhya Pradesh,Vidisha,464228,73,-0.04860684493335499
2025-09-10,Maharashtra,Jalna,431203,34,-0.02436349398148896
2025-09-10,Maharashtra,Latur,413517,35,-0.0004876608703258123
2025-09-10,Maharashtra,Thane,421301,49,-0.037564447315409866
2025-09-10,Mizoram,Lawngtlai,796810,25,-0.033610749459466294
2025-09-10,Rajasthan,Bikaner,331803,27,-0.04402868889388434
2025-09-10,West Bengal,Uttar Dinajpur,733207,86,-0.0697408766029336
2025-09-10,West Bengal,Uttar Dinajpur,733208,54,-0.040625149175933184
2025-09-10,Assam,Karbi Anglong,782461,40,-0.05862981928075128
2025-09-10,Bihar,Araria,854311,54,-0.037850963346429234
2025-09-10,Bihar,Aurangabad,824125,25,-0.014103769077686845
2025-09-10,Bihar,East Champaran,845401,43,-0.017860199856676418
2025-09-10,Bihar,Katihar,855113,49,-0.02426337443430948
2025-09-10,Bihar,West Champaran,845106,22,-0.03193852297680455
2025-09-10,Bihar,West Champaran,845451,30,-0.05216695720450837
2025-09-10,Gujarat,Panchmahals,389001,30,-0.04969633803025342
2025-09-10,Gujarat,Surat,394210,53,-0.040625149175933184
2025-09-10,Haryana,Palwal,121102,28,-0.0017444118420429922
2025-09-10,Jharkhand,Deoghar,815353,58,-0.07631503787223226
2025-09-10,Jharkhand,Koderma,825409,42,-0.02078791756780185
2025-09-10,Madhya Pradesh,Barwani,451551,57,-0.044187351959738774
2025-09-10,Madhya Pradesh,Gwalior,474006,35,-0.047102103614313884
2025-09-10,Madhya Pradesh,Khargone,451331,20,-0.003663072983793647
2025-09-10,Madhya Pradesh,Morena,476001,56,-0.08609241686476077
2025-09-10,Madhya Pradesh,Ratlam,457001,65,-0.047130689430851525
2025-09-10,Madhya Pradesh,Ujjain,456006,39,-0.009157985148924963
2025-09-10,Maharashtra,Thane,421302,70,-0.0783630013125799
2025-09-10,Meghalaya,South Garo Hills,794005,14,-0.0023216413458096996
2025-09-10,Rajasthan,Bikaner,334001,44,-0.026872604848658832
2025-09-10,Uttar Pradesh,Baghpat,250606,22,-0.009427535619551342
2025-09-10,Uttar Pradesh,Bahraich,271825,22,-0.03198248451714791
2025-09-10,Uttar Pradesh,Bahraich,271851,30,-0.0232852016150511
2025-09-10,Uttar Pradesh,Bahraich,271902,28,-0.029100516804793974
2025-09-10,Uttar Pradesh,Bareilly,243001,22,-0.0037335772939169898
2025-09-10,Uttar Pradesh,Bulandshahr,203131,33,-0.03151373109150135
2025-09-10,Uttar Pradesh,Firozabad,283204,39,-0.012683536991186517
2025-09-10,Uttar Pradesh,Ghaziabad,201005,24,-0.006348544876342954
2025-09-10,Uttar Pradesh,Hapur,245101,39,-0.00659469468015994
2025-09-10,Uttar Pradesh,Kheri,262903,24,-0.01090700748180451
2025-09-10,Uttar Pradesh,Kushinagar,274402,23,-0.01129423321185774
2025-09-10,Uttar Pradesh,Sitapur,261136,32,-0.041858982779685916
2025-09-10,Uttar Pradesh,Sultanpur,228001,25,-0.006451396601196535
2025-09-10,West Bengal,Kolkata,700044,21,-0.006021277808948344
2025-09-10,West Bengal,Murshidabad,742202,95,-0.008179734760860202
2025-09-10,West Bengal,Uttar Dinajpur,733210,132,-0.09915038106975849
2025-09-11,Rajasthan,Nagaur,341001,38,-0.010024077342637439
2025-09-11,Uttar Pradesh,Budaun,243601,43,-0.017421940916777068
2025-09-11,Uttar Pradesh,Ghazipur,233227,37,-0.0065505954560131086
2025-09-11,Uttar Pradesh,Kheri,261505,28,-0.04949175820282825
2025-09-11,Uttar Pradesh,Mainpuri,205001,36,-0.03812954803371926
2025-09-11,Uttar Pradesh,Rampur,244901,63,-0.08961849709939085
2025-09-11,Uttar Pradesh,Sambhal,202522,26,-0.020281357099679487
2025-09-11,Uttar Pradesh,Sitapur,261001,37,-0.005159717426453603
2025-09-11,Uttar Pradesh,Varanasi,221001,27,-0.02126741068403648
2025-09-11,West Bengal,Dakshin Dinajpur,733124,26,-0.005266187877704609
2025-09-11,Meghalaya,East Garo Hills,794111,27,-0.043947528674911696
2025-09-11,Meghalaya,West Khasi Hills,793119,44,-0.05554836434624888
2025-09-11,Bihar,Araria,854318,69,-0.044619012672236
2025-09-11,Bihar,Gaya,823003,15,-0.0024856101028346567
2025-09-11,Bihar,Purnia,854304,39,-0.0099594838004059
2025-09-11,Chhattisgarh,Bijapur,494444,24,-0.03953555636198591
2025-09-11,Gujarat,Banaskantha,385110,35,-0.002139910312572879
2025-09-11,Madhya Pradesh,Indore,452001,22,-0.022379456339972514
2025-09-11,Madhya Pradesh,Shahdol,484774,23,-0.004567707882513372
2025-09-11,Maharashtra,Jalna,431203,29,-0.016408776862299246
2025-09-11,Maharashtra,Thane,400612,44,-0.02835014818834014
2025-09-11,Meghalaya,West Jaintia Hills,793150,16,-0.014692762307248697
2025-09-11,Bihar,East Champaran,845305,23,-0.03665855349164937
2025-09-11,Bihar,Kaimur (Bhabua),821105,19,-0.013177254827605012
2025-09-11,Bihar,Sitamarhi,843324,31,-0.033773660369708414
2025-09-11,Delhi,East Delhi,110092,19,-0.013122485336872658
2025-09-11,Delhi,North West Delhi,110086,38,-0.010024077342637439
2025-09-11,Gujarat,Banaskantha,385535,36,-0.07060638757297821
2025-09-11,Gujarat,Surat,395010,45,-0.02298779425968034
2025-09-11,Jharkhand,Sahebganj,816108,39,-0.006689668329910581
2025-09-11,Uttar Pradesh,Baghpat,250611,30,-0.023166194464673828
2025-09-11,Uttar Pradesh,Bahraich,271865,49,-0.0808240825055263
2025-09-11,Uttar Pradesh,Gautam Buddha Nagar,203207,28,-0.024692447239548443
2025-09-11,Uttar Pradesh,Kanpur Nagar,208001,41,-0.06857938782716766
2025-09-11,Uttar Pradesh,Kanpur Nagar,208021,18,-0.010110552857530264
2025-09-11,Uttar Pradesh,Moradabad,244001,65,-0.07518724416343758
2025-09-11,Uttar Pradesh,Shahjahanpur,242127,19,-0.018887067866312335
2025-09-11,Uttar Pradesh,Shrawasti,271831,20,-0.002291180731874287
2025-09-11,West Bengal,North 24 Parganas,743423,33,-0.014649136142104946
2025-09-11,West Bengal,Uttar Dinajpur,733207,73,-0.05359312522748383
2025-09-11,Rajasthan,Bharatpur,321203,26,-0.015518002781993667
2025-09-11,Uttar Pradesh,Aligarh,202001,43,-0.07060638757297821
2025-09-11,Uttar Pradesh,Agra,282001,46,-0.06403864604419363
2025-09-11,Uttar Pradesh,Bahraich,271855,60,-0.07060638757297821
2025-09-11,Uttar Pradesh,Bahraich,271902,35,-0.04347332054837494
2025-09-11,Uttar Pradesh,Ghaziabad,201001,47,-0.06152793361351805
2025-09-11,Uttar Pradesh,Kasganj,207242,18,-0.009320031816984264
2025-09-11,Uttar Pradesh,Kheri,261502,25,-0.02990803257199659
2025-09-11,Uttar Pradesh,Kheri,262804,28,-0.041858982779685916
2025-09-11,Uttar Pradesh,Meerut,250002,47,-0.030748432379801405
2025-09-11,Uttar Pradesh,Saharanpur,247001,38,-0.003428833848817092
2025-09-11,West Bengal,Malda,732125,57,-0.02741994406579662
2025-09-11,West Bengal,Uttar Dinajpur,733201,37,-0.052892724358903465
2025-09-11,West Bengal,Uttar Dinajpur,733202,55,-0.03585512796552448
2025-09-11,Gujarat,Surendra Nagar,363310,35,-0.0008929866720176483
2025-09-11,Gujarat,Surendra Nagar,363520,17,-0.015587783237608455
2025-09-11,Haryana,Faridabad,121004,27,-0.00045748333548323306
2025-09-11,Madhya Pradesh,Burhanpur,450331,50,-0.03315484354132181
2025-09-11,Madhya Pradesh,Morena,476001,54,-0.06857938782716766
2025-09-11,Madhya Pradesh,Shivpuri,473551,38,-0.008409496509639625
2025-09-11,Rajasthan,Banswara,327001,42,-0.01858531744945746
2025-09-11,Rajasthan,Barmer,344702,41,-0.017170036609568062
2025-09-11,Rajasthan,Jalor,343041,45,-0.023954929870311004
2025-09-11,Assam,Dhubri,783348,39,-0.014348078407244724
2025-09-11,Bihar,Araria,854311,46,-0.019514479694614284
2025-09-11,Bihar,Saharsa,852127,25,-0.009863190164647317
2025-09-11,Bihar,Sheikhpura,811105,27,-0.024032696404576837
2025-09-11,Bihar,Sitamarhi,843302,54,-0.042475094537381186
2025-09-11,Bihar,West Champaran,845449,25,-0.016486547305122334
2025-09-11,Delhi,North West Delhi,110042,26,-0.02070909916189534
2025-09-11,Delhi,South West Delhi,110045,19,-0.013122485336872658
2025-09-11,Gujarat,Banaskantha,385120,27,-0.01890114594988357
2025-09-11,Gujarat,Banaskantha,385310,28,-0.03710759615561421
2025-09-11,West Bengal,Uttar Dinajpur,733208,33,-0.03977971730572771
2025-09-11,Uttar Pradesh,Banda,210001,44,-0.021203783432137358
2025-09-11,Uttar Pradesh,Hapur,245101,43,-0.04973874587327376
2025-09-11,Uttar Pradesh,Kheri,262701,29,-0.014399446901627533
2025-09-11,Uttar Pradesh,Lucknow,226003,36,-0.044332399800749545
2025-09-11,Uttar Pradesh,Unnao,209801,47,-0.07518724416343758
2025-09-11,Gujarat,Dahod,389180,22,-0.008897481192096324
2025-09-11,Gujarat,Gandhinagar,382721,31,-0.04369937124117207
2025-09-11,Gujarat,Valsad,396065,40,-0.015798021169042387
2025-09-11,Haryana,Panipat,132103,41,-0.01700099226008045
2025-09-11,Jharkhand,Sahebganj,816102,25,-0.01252435689048359
2025-09-11,Madhya Pradesh,Jhabua,457661,77,-0.056076949289212696
2025-09-11,Madhya Pradesh,Morena,476115,20,-0.0014748472237400279
2025-09-11,Madhya Pradesh,Morena,476224,31,-0.029154253585074064
2025-09-11,Maharashtra,Aurangabad,431001,59,-0.04119814700900759
2025-09-11,Maharashtra,Sangli,416404,20,-0.008042005740436675
2025-09-11,Maharashtra,Thane,421302,60,-0.04168585073001485
2025-09-11,Maharashtra,Thane,421306,17,-0.00699411596081656
2025-09-11,Meghalaya,Ri Bhoi,793103,21,-0.030253258867506516
2025-09-11,Punjab,Amritsar,143001,28,-0.010902676060531302
2025-09-11,Rajasthan,Barmer,344704,39,-0.006670395843878629
2025-09-11,Rajasthan,Bharatpur,321022,30,-0.020658602350164257
2025-09-11,Bihar,Kishanganj,855107,69,-0.044619012672236
2025-09-11,Bihar,Purnia,854315,58,-0.03279987685106045
2025-09-11,Bihar,West Champaran,845438,32,-0.025546911998751143
2025-09-11,Delhi,North East Delhi,110094,45,-0.014234906016915794
2025-09-11,Madhya Pradesh,Barwani,451666,54,-0.09170251305683774
2025-09-11,Madhya Pradesh,Indore,452016,38,-0.040123635979786965
2025-09-11,Madhya Pradesh,Khargone,451441,33,-0.05378085500655039
2025-09-11,Madhya Pradesh,Morena,476221,34,-0.001464481875281698
2025-09-11,Madhya Pradesh,Ratlam,457001,48,-0.02360454629074127
2025-09-11,Madhya Pradesh,Sheopur,476337,36,-0.06857938782716766
2025-09-11,Maharashtra,Nashik,423203,43,-0.02047683272868095
2025-09-11,Rajasthan,Udaipur,313701,36,-0.0015833939644737116
2025-09-11,Uttar Pradesh,Bahraich,271801,32,-0.05852626874273559
2025-09-11,Uttar Pradesh,Bahraich,271881,16,-0.0002844450445377289
2025-09-11,Uttar Pradesh,Faizabad,224001,26,-0.017802603577572462
2025-09-11,Uttar Pradesh,Firozabad,283203,39,-0.06655786642602202
2025-09-11,Uttar Pradesh,Ghaziabad,201102,40,-0.015287458563274403
2025-09-11,Uttar Pradesh,Hardoi,241001,36,-0.007695783772719622
2025-09-11,Uttar Pradesh,Shahjahanpur,242001,47,-0.026437353806426866
2025-09-11,Bihar,East Champaran,845301,21,-0.004601159938860788
2025-09-11,Bihar,Katihar,854317,37,-0.010024077342637439
2025-09-11,Gujarat,Morbi,363621,26,-0.018789708508249015
2025-09-12,Bihar,Araria,854311,43,-0.02119035159423499
2025-09-12,Bihar,Darbhanga,847203,34,-0.00996266814920821
2025-09-12,Bihar,East Champaran,845302,20,-0.0015355346862763186
2025-09-12,Bihar,Madhepura,852210,28,-0.029386846848438175
2025-09-12,Bihar,Saharsa,852202,23,-0.028788435811335944
2025-09-12,Bihar,Sheikhpura,811101,38,-0.007298923668255353
2025-09-12,Bihar,Sheohar,843329,33,-0.0026685754612169044
2025-09-12,Bihar,West Champaran,845451,20,-0.005972471261942225
2025-09-12,Chhattisgarh,Bijapur,494444,43,-0.0850572901724852
2025-09-12,Gujarat,Bhavnagar,364270,19,-0.01704990044547794
2025-09-12,Gujarat,Morbi,363621,21,-0.01928189830546534
2025-09-12,Haryana,Gurgaon,122001,28,-0.02721600745931252
2025-09-12,Jharkhand,Giridih,825108,31,-0.0033127531371387464
2025-09-12,Jharkhand,Gumla,835207,37,-0.022532003476188
2025-09-12,Karnataka,Mysuru,571121,21,-0.030833205344575565
2025-09-12,Madhya Pradesh,Katni,483501,48,-0.007868336555565625
2025-09-12,Madhya Pradesh,Shivpuri,473551,43,-0.028733058006336187
2025-09-12,Maharashtra,Aurangabad,431001,79,-0.05827705485444423
2025-09-12,Maharashtra,Thane,400612,43,-0.02777549593755202
2025-09-12,Meghalaya,Ri Bhoi,793105,22,-0.02793019942691377
2025-09-12,Meghalaya,West Jaintia Hills,793150,24,-0.040276004489921524
2025-09-12,Meghalaya,West Jaintia Hills,793151,33,-0.05006092893448877
2025-09-12,Uttar Pradesh,Chandauli,232101,25,-0.006650045969243457
2025-09-12,Uttar Pradesh,Hapur,245101,37,-0.022532003476188
2025-09-12,Uttar Pradesh,Mirzapur,231001,38,-0.014642534516832395
2025-09-12,Uttar Pradesh,Moradabad,244001,88,-0.05479165621826654
2025-09-12,Uttar Pradesh,Pilibhit,262122,35,-0.010509618353417904
2025-09-12,Uttar Pradesh,Shahjahanpur,242001,44,-0.07478269845644503
2025-09-12,Uttar Pradesh,Shahjahanpur,242127,26,-0.011107184880097876
2025-09-12,Uttar Pradesh,Siddharthnagar,272206,22,-0.03049906290859583
2025-09-12,Uttar Pradesh,Sitapur,261205,53,-0.0845402518538988
2025-09-12,West Bengal,Howrah,711316,38,-0.022532003476188
2025-09-12,Rajasthan,Bharatpur,321405,40,-0.007763683877901051
2025-09-12,Rajasthan,Jalor,343040,36,-0.01685616188918493
2025-09-12,Rajasthan,Karauli,321611,30,-0.01811073522612916
2025-09-12,Rajasthan,Pali,306401,30,-0.03371594049518922
2025-09-12,Uttar Pradesh,Bahraich,271825,21,-0.004768108551653327
2025-09-12,Uttar Pradesh,Bahraich,271865,31,-0.01574916287419892
2025-09-12,Uttar Pradesh,Budaun,243638,27,-0.050189793456551834
2025-09-12,Bihar,East Champaran,845301,21,-0.004446229132299417
2025-09-12,Bihar,Sitamarhi,843333,28,-0.017413988006867775
2025-09-12,Chhattisgarh,Bijapur,494450,18,-0.006220268267868034
2025-09-12,Delhi,West Delhi,110059,72,-0.03386431809230506
2025-09-12,Gujarat,Banaskantha,385310,26,-0.01189975727180037
2025-09-12,Haryana,Faridabad,121004,26,-0.03623911847624073
2025-09-12,Jharkhand,Sahebganj,816108,45,-0.030652073771237798
2025-09-12,Rajasthan,Bhilwara,311604,85,-0.016088256834945525
2025-09-12,Rajasthan,Jaipur,302012,32,-0.006705550475171074
2025-09-12,Uttar Pradesh,Bahraich,271881,15,-0.006832120293697508
2025-09-12,Uttar Pradesh,Bareilly,243503,34,-0.00996266814920821
2025-09-12,Uttar Pradesh,Fatehpur,212601,28,-0.008509216534826836
2025-09-12,Uttar Pradesh,Ghaziabad,201001,40,-0.025864254660467156
2025-09-12,Uttar Pradesh,Jalaun,285001,28,-0.017885594246325076
2025-09-12,Madhya Pradesh,Burhanpur,450331,48,-0.06919065590786044
2025-09-12,Madhya Pradesh,Morena,476001,53,-0.04492385229952345
2025-09-12,Madhya Pradesh,Ratlam,457001,45,-0.028914959431391885
2025-09-12,Madhya Pradesh,Sheopur,476337,36,-0.0054430241447538386
2025-09-12,Meghalaya,East Khasi Hills,793015,22,-0.008800548514161233
2025-09-12,Meghalaya,East Khasi Hills,793110,11,-0.0002898805902581403
2025-09-12,Odisha,Malkangiri,764045,60,-0.007669728232048589
2025-09-12,Uttar Pradesh,Kheri,262723,16,-0.01183062919611333
2025-09-12,Uttar Pradesh,Mainpuri,205262,34,-0.026907005939550532
2025-09-12,Uttar Pradesh,Sitapur,261201,36,-0.04114934162836126
2025-09-12,West Bengal,Dakshin Dinajpur,733125,28,-0.02986739119451831
2025-09-12,West Bengal,Uttar Dinajpur,733207,89,-0.06580158434441752
2025-09-12,Assam,Dhubri,783348,29,-0.017053413395400896
2025-09-12,Assam,Nagaon,782124,55,-0.021901358386333114
2025-09-12,Bihar,East Champaran,845433,20,-0.00016383724719282178
2025-09-12,Bihar,Purnia,854315,37,-0.01685616188918493
2025-09-12,Bihar,Samastipur,848101,28,-0.023655575863940292
2025-09-12,Gujarat,Banaskantha,385545,19,-0.015819194000373904
2025-09-12,Jharkhand,Dhanbad,828109,39,-0.01660446211718325
2025-09-12,Madhya Pradesh,Barwani,451666,66,-0.09757173841994782
2025-09-12,Madhya Pradesh,Jhabua,457661,71,-0.053593870969749324
2025-09-12,Madhya Pradesh,Panna,488220,43,-0.04560026406305029
2025-09-12,Maharashtra,Nandurbar,425414,33,-0.0026685754612169044
2025-09-12,Maharashtra,Pune,411033,21,-0.018279540134729433
2025-09-12,Meghalaya,Ri Bhoi,793103,17,-0.0030059384607726836
2025-09-12,Meghalaya,South West Khasi Hills,793114,17,-0.0062590410791871776
2025-09-12,Meghalaya,West Khasi Hills,793119,34,-0.056047297736812385
2025-09-12,Rajasthan,Barmer,344704,37,-0.019688322395480684
2025-09-12,Rajasthan,Bharatpur,321204,52,-0.032036439886231394
2025-09-12,Rajasthan,Nagaur,341001,32,-0.004699878467161245
2025-09-12,Uttar Pradesh,Agra,282001,47,-0.06919065590786044
2025-09-12,Uttar Pradesh,Bahraich,271851,28,-0.017413988006867775
2025-09-12,Uttar Pradesh,Firozabad,283204,32,-0.0026198986410982394
2025-09-12,Uttar Pradesh,Gautam Buddha Nagar,201301,37,-0.05813065537983719
2025-09-12,Uttar Pradesh,Ghaziabad,201102,54,-0.03209474768792242
2025-09-12,Uttar Pradesh,Hardoi,241123,26,-0.019387556424901642
2025-09-12,Uttar Pradesh,Hardoi,241402,36,-0.012766787516094502
2025-09-12,Uttar Pradesh,Kheri,262701,36,-0.0113633049115478
2025-09-12,Uttar Pradesh,Siddharthnagar,272153,22,-0.007896478244260985
2025-09-12,Uttar Pradesh,Sitapur,261001,34,-0.00996266814920821
2025-09-12,Uttar Pradesh,Sitapur,261203,38,-0.014173121745088335
2025-09-12,West Bengal,Puruliya,723101,26,-0.006428490406192755
2025-09-12,West Bengal,Uttar Dinajpur,733202,66,-0.08868636998084545
2025-09-12,West Bengal,Uttar Dinajpur,733210,70,-0.05479165621826654
2025-09-12,Bihar,East Champaran,845305,45,-0.051701140384318944
2025-09-12,Bihar,Madhubani,847421,17,-0.004843022117974161
2025-09-12,Bihar,Samastipur,848114,37,-0.0026685754612169044
2025-09-12,Bihar,Sitamarhi,843302,38,-0.01685616188918493
2025-09-12,Delhi,North East Delhi,110094,39,-0.023482465391703955
2025-09-12,Delhi,South West Delhi,110043,37,-0.012379248401531373
2025-09-12,Gujarat,Surat,394210,37,-0.01472341264138377
2025-09-12,Jharkhand,Pakur,816107,40,-0.025864254660467156
2025-09-12,Madhya Pradesh,Barwani,451449,37,-0.03530837997179148
2025-09-12,Madhya Pradesh,Datia,475661,60,-0.04198945536381671
2025-09-12,Maharashtra,Thane,421302,71,-0.05528856023362427
2025-09-12,Meghalaya,East Garo Hills,794110,18,-0.016164805751772038
2025-09-12,Meghalaya,East Khasi Hills,793121,31,-0.03940567931513783
2025-09-12,Meghalaya,West Garo Hills,794104,22,-0.029013095083284535
2025-09-12,Rajasthan,Dungarpur,314030,24,-0.011159249654086545
2025-09-12,Uttar Pradesh,Baghpat,250611,35,-0.03165061437966832
2025-09-12,Uttar Pradesh,Bahraich,271801,38,-0.022532003476188
2025-09-12,Uttar Pradesh,Bahraich,271855,95,-0.10922320652993112
2025-09-12,Uttar Pradesh,Budaun,243639,34,-0.010509618353417904
2025-09-12,Uttar Pradesh,Firozabad,283203,47,-0.07427260943484193
2025-09-12,Uttar Pradesh,Meerut,250002,49,-0.03920956179503299
2025-09-12,Uttar Pradesh,Saharanpur,247554,36,-0.012379248401531373
2025-09-12,West Bengal,North 24 Parganas,743423,29,-0.00885038885612921
2025-09-12,West Bengal,Uttar Dinajpur,733201,29,-0.017386463951096
2025-09-12,Delhi,North West Delhi,110034,20,-0.0164513843406906
2025-09-12,Gujarat,Banaskantha,385535,37,-0.07631503787223226
2025-09-12,Gujarat,Kachchh,370001,21,-0.006900510103974744
2025-09-12,Haryana,Panipat,132103,34,-0.01930390901385126
2025-09-12,Madhya Pradesh,Ashok Nagar,473331,32,-0.0026198986410982394
2025-09-12,Bihar,Gaya,823003,18,-0.02124758115423664
2025-09-12,Bihar,West Champaran,845454,30,-0.020721942245542135
2025-09-12,Madhya Pradesh,Guna,473001,87,-0.05379885621448366
2025-09-12,Madhya Pradesh,Shahdol,484774,31,-0.042822903548681235
2025-09-12,Maharashtra,Hingoli,431513,22,-0.023015868110420112
2025-09-12,Maharashtra,Nashik,423203,44,-0.03017183282783298
2025-09-12,Meghalaya,Ri Bhoi,793102,16,-0.012223075117730797
2025-09-12,Meghalaya,South Garo Hills,794005,18,-0.03535634060652426
2025-09-12,Rajasthan,Baran,325216,34,-0.010139747855669845
2025-09-12,Rajasthan,Bikaner,331803,27,-0.027471250595145547
2025-09-12,Rajasthan,Jalor,343041,61,-0.05181728195525137
2025-09-12,West Bengal,Murshidabad,742202,88,-0.020064993961085964
2025-09-12,Uttar Pradesh,Aligarh,202001,67,-0.053593870969749324
2025-09-12,Uttar Pradesh,Bareilly,243001,24,-0.001804011553473206
2025-09-12,Uttar Pradesh,Budaun,243601,49,-0.07580391244140017
2025-09-12,Uttar Pradesh,Kasganj,207243,16,-0.0016222479335408213
2025-09-12,Uttar Pradesh,Kheri,262804,27,-0.027471250595145547
2025-09-12,Uttar Pradesh,Lucknow,226002,45,-0.02443421431684667
2025-09-12,Uttar Pradesh,Mainpuri,206301,21,-0.002092011921911441
2025-09-12,Uttar Pradesh,Saharanpur,247001,61,-0.04085459066729358
2025-09-12,Uttar Pradesh,Shamli,247775,43,-0.02825411500360242
2025-09-12,Uttar Pradesh,Sonbhadra,231216,32,-0.0026685754612169044
2025-09-13,Chhattisgarh,Balrampur,497225,32,-0.0009469158774056963
2025-09-13,Jharkhand,Deoghar,815353,19,-0.00987278004887715
2025-09-13,Jharkhand,Gumla,835208,32,-0.009126392840301367
2025-09-13,Jharkhand,Sahebganj,816108,45,-0.03412225974450245
2025-09-13,Karnataka,Bengaluru,560068,22,-0.017350947386576387
2025-09-13,Madhya Pradesh,Jhabua,457661,96,-0.06857938782716766
2025-09-13,Madhya Pradesh,Umaria,484661,39,-0.024532264586538566
2025-09-13,Madhya Pradesh,Vidisha,464228,30,-0.023378078376650513
2025-09-13,Assam,West Karbi Anglong,782486,10,-0.003687247274275607
2025-09-13,Bihar,East Champaran,845437,21,-0.015295350735401558
2025-09-13,Uttar Pradesh,Bahraich,271825,35,-0.030980238209223687
2025-09-13,Uttar Pradesh,Ghazipur,233311,17,-0.002894695999730912
2025-09-13,Uttar Pradesh,Moradabad,244001,56,-0.04860826945042507
2025-09-13,Uttar Pradesh,Unnao,209801,24,-0.0245527130781652
2025-09-13,West Bengal,Malda,732124,31,-0.004946576798893432
2025-09-13,Rajasthan,Bikaner,334001,29,-0.03930967043499767
2025-09-13,Rajasthan,Jalor,343041,50,-0.04286491159225525
2025-09-13,Bihar,Nawada,805130,19,-0.006773025866844584
2025-09-13,Delhi,West Delhi,110059,64,-0.05802717487900266
2025-09-13,Madhya Pradesh,Guna,473287,35,-0.02643989615624609
2025-09-13,Madhya Pradesh,Indore,452010,28,-0.016598749792005707
2025-09-13,Maharashtra,Aurangabad,431001,80,-0.06152793361351805
2025-09-13,Uttar Pradesh,Bahraich,271801,39,-0.06807349446112287
2025-09-13,Uttar Pradesh,Hardoi,241001,34,-0.017091382080515305
2025-09-13,Uttar Pradesh,Meerut,250002,38,-0.029790699425106815
2025-09-13,Uttar Pradesh,Mirzapur,231001,31,-0.006801130944766531
2025-09-13,Uttar Pradesh,Sitapur,261205,28,-0.03993124154604
2025-09-13,Uttar Pradesh,Unnao,241504,22,-0.019538375578854073
2025-09-13,West Bengal,Uttar Dinajpur,733202,84,-0.06554915547618168
2025-09-13,West Bengal,Uttar Dinajpur,733207,46,-0.03896614082752381
2025-09-13,Meghalaya,West Khasi Hills,793119,27,-0.056038261219618635
2025-09-13,Rajasthan,Bharatpur,321001,37,-0.05802717487900266
2025-09-13,Arunachal Pradesh,Changlang,792103,21,-0.028122318073914965
2025-09-13,Bihar,Araria,854312,20,-0.006270529410910997
2025-09-13,Bihar,Katihar,854317,36,-0.018506503108535854
2025-09-13,Madhya Pradesh,Indore,452001,24,-0.03744628106786785
2025-09-13,Maharashtra,Latur,413517,21,-0.017649396655015304
2025-09-13,Maharashtra,Nashik,423203,50,-0.04286491159225525
2025-09-13,Maharashtra,Thane,421302,53,-0.046149668733069804
2025-09-13,Rajasthan,Banswara,327001,34,-0.018034476912723973
2025-09-13,Rajasthan,Jalor,343040,41,-0.03363967171485016
2025-09-13,Rajasthan,Jodhpur,342025,30,-0.00355895123857064
2025-09-13,Rajasthan,Sirohi,307026,38,-0.05170694814899934
2025-09-13,Gujarat,Banaskantha,385110,32,-0.008790005683861679
2025-09-13,Uttar Pradesh,Amroha,244235,39,-0.0035582564022741403
2025-09-13,Uttar Pradesh,Bahraich,271881,22,-0.04051304470497197
2025-09-13,Uttar Pradesh,Deoria,274001,33,-0.0050751735887094584
2025-09-13,Uttar Pradesh,Ghaziabad,201001,39,-0.06857938782716766
2025-09-13,West Bengal,Puruliya,723153,23,-0.003040325748845496
2025-09-13,Madhya Pradesh,Barwani,451666,58,-0.10115069656738918
2025-09-13,Madhya Pradesh,Guna,473001,43,-0.059025700400807346
2025-09-13,Madhya Pradesh,Ratlam,457001,42,-0.03605588030387885
2025-09-13,Madhya Pradesh,Sheopur,476339,20,-0.006270529410910997
2025-09-13,Madhya Pradesh,Ujjain,456771,42,-0.0017808305717708084
2025-09-13,Maharashtra,Thane,400612,51,-0.045168554921720894
2025-09-13,Maharashtra,Thane,401107,34,-0.06504531163046012
2025-09-13,Meghalaya,East Khasi Hills,793015,14,-0.00433954542840842
2025-09-13,Rajasthan,Barmer,344704,44,-0.03945233389270675
2025-09-13,Bihar,East Champaran,845301,14,-0.006671215550738241
2025-09-13,Bihar,Katihar,855113,50,-0.012394299243358553
2025-09-13,Bihar,Purnia,854315,29,-0.0012524917953876669
2025-09-13,Chhattisgarh,Bijapur,494444,41,-0.059823471258865335
2025-09-13,Uttar Pradesh,Aligarh,202001,31,-0.0009469158774056963
2025-09-13,Uttar Pradesh,Bahraich,271824,15,-0.014375558748203066
2025-09-13,Uttar Pradesh,Basti,272129,25,-0.01428072752521059
2025-09-13,Uttar Pradesh,Farrukhabad,209739,33,-0.015679130493937543
2025-09-13,Uttar Pradesh,Sitapur,261201,25,-0.02882421025338555
2025-09-13,Uttar Pradesh,Gautam Buddha Nagar,201301,33,-0.030980238209223687
2025-09-13,Uttar Pradesh,Ghaziabad,201102,34,-0.020732454702555025
2025-09-13,Uttar Pradesh,Meerut,250001,36,-0.020732454702555025
2025-09-13,Uttar Pradesh,Rampur,244901,32,-0.01239500306953234
2025-09-13,Madhya Pradesh,Alirajpur,457990,32,-0.02906033551875542
2025-09-13,Madhya Pradesh,Burhanpur,450331,33,-0.005641098020851665
2025-09-13,Madhya Pradesh,Morena,476001,23,-0.03372222123347535
2025-09-13,Madhya Pradesh,Panna,488220,48,-0.06202939684415343
2025-09-13,Madhya Pradesh,Shivpuri,473551,34,-0.020732454702555025
2025-09-13,Meghalaya,East Khasi Hills,793012,10,-0.00471712627899723
2025-09-13,Meghalaya,West Garo Hills,794109,15,-0.009947229468144636
2025-09-13,Rajasthan,Jalor,343022,34,-0.030980238209223687
2025-09-13,Rajasthan,Nagaur,341001,43,-0.02821223684111296
2025-09-13,Uttar Pradesh,Bahraich,271851,15,-0.006200576847700923
2025-09-13,Uttar Pradesh,Bahraich,271855,82,-0.11769474561709858
2025-09-13,Uttar Pradesh,Bahraich,271865,46,-0.07060638757297821
2025-09-13,Uttar Pradesh,Budaun,243601,23,-0.007276428314831107
2025-09-13,Bihar,West Champaran,845438,44,-0.029790699425106815
2025-09-14,Bihar,West Champaran,845451,20,-0.034190215616715425
2025-09-14,Madhya Pradesh,Indore,452001,49,-0.09326923049540814
2025-09-14,Maharashtra,Thane,421306,29,-0.002873568220181477
2025-09-14,West Bengal,North 24 Parganas,743423,25,-0.030952016799014936
2025-09-14,West Bengal,Uttar Dinajpur,733202,30,-0.05802717487900266
2025-09-14,Jharkhand,Giridih,815314,28,-0.0126981756312049
2025-09-14,Uttar Pradesh,Farrukhabad,209739,12,-0.0031965403044026397
2025-09-14,Uttar Pradesh,Kannauj,209721,41,-0.009198062524744977
2025-09-14,Uttar Pradesh,Kheri,261505,35,-0.037924358115614565
2025-09-14,Bihar,Kishanganj,855101,45,-0.014803593913568558
2025-09-14,Uttar Pradesh,Mau,275101,30,-0.024602918911856952
2025-09-14,Uttar Pradesh,Meerut,250001,49,-0.014803593913568558
2025-09-14,Uttar Pradesh,Siddharthnagar,272205,36,-0.011431231740485326
2025-09-14,West Bengal,North 24 Parganas,743425,51,-0.015743590877943858
2025-09-14,West Bengal,Uttar Dinajpur,733207,26,-0.03474197961298886
2025-09-14,Bihar,East Champaran,845401,17,-0.0030887015292215825
2025-09-14,Jharkhand,Deoghar,815353,32,-0.031302949941402924
2025-09-14,Jharkhand,Giridih,815316,36,-0.028902793024410678
2025-09-14,Meghalaya,East Khasi Hills,793015,10,-0.0001055205948830018
2025-09-14,Uttar Pradesh,Bahraich,271855,18,-0.010570567610515336
2025-09-14,Uttar Pradesh,Ghaziabad,201102,29,-0.021750847953839303
2025-09-14,Uttar Pradesh,Kheri,261502,12,-0.012308882001664911
2025-09-14,Uttar Pradesh,Meerut,250002,37,-0.018375893411640476
2025-09-14,Uttar Pradesh,Sitapur,261135,23,-0.020866601825383024
2025-09-14,Uttar Pradesh,Unnao,209801,31,-0.024602918911856952
2025-09-14,Jharkhand,Pakur,816107,42,-0.016521948759957272
2025-09-14,Rajasthan,Jodhpur,342012,11,-0.01800037380396846
2025-09-14,Rajasthan,Nagaur,341001,25,-0.030406657113855373
2025-09-14,Uttar Pradesh,Moradabad,244001,42,-0.05312828194676522
2025-09-15,Bihar,East Champaran,845305,26,-0.0217997872394482
2025-09-15,Bihar,Katihar,855102,33,-0.006750797811251097
2025-09-15,Gujarat,Banaskantha,385330,14,-0.002487721998400083
2025-09-15,West Bengal,North 24 Parganas,743425,44,-0.009942403332133254
2025-09-15,West Bengal,Paschim Medinipur,721150,47,-0.034925174545416104
2025-09-15,Madhya Pradesh,Burhanpur,450331,44,-0.06366244360373396
2025-09-15,Madhya Pradesh,Khargone,451441,32,-0.009479480983255462
2025-09-15,Madhya Pradesh,Ratlam,457001,34,-0.0020285233470452857
2025-09-15,Maharashtra,Aurangabad,431001,65,-0.09809759664738826
2025-09-15,Meghalaya,East Jaintia Hills,793200,17,-0.04492301235380347
2025-09-15,Meghalaya,East Khasi Hills,793111,12,-0.003841423693401569
2025-09-15,Rajasthan,Barmer,344704,38,-0.027694812224359655
2025-09-15,Uttar Pradesh,Bahraich,271801,28,-0.02361308778475557
2025-09-15,Uttar Pradesh,Meerut,250002,43,-0.02633268405150413
2025-09-15,Uttar Pradesh,Unnao,209801,31,-0.008055723382092372
2025-09-15,Jharkhand,Sahebganj,816108,38,-0.014688305290807002
2025-09-15,West Bengal,North 24 Parganas,743423,31,-0.016462652814253742
2025-09-15,West Bengal,Uttar Dinajpur,733202,50,-0.055696197805152
2025-09-15,West Bengal,Uttar Dinajpur,733208,28,-0.021528914304026592
2025-09-15,Madhya Pradesh,Alirajpur,457990,16,-0.012245180346704965
2025-09-15,Madhya Pradesh,Guna,473001,48,-0.029049705596030928
2025-09-15,Madhya Pradesh,Khargone,451332,22,-0.0027655974634283043
2025-09-15,Madhya Pradesh,Morena,476001,42,-0.037184248965312916
2025-09-15,Madhya Pradesh,Sheopur,476337,31,-0.04075716489370551
2025-09-15,Meghalaya,South West Garo Hills,794115,14,-0.018763143494388457
2025-09-15,Meghalaya,West Jaintia Hills,793150,34,-0.0739003068450712
2025-09-15,Rajasthan,Alwar,301001,39,-0.02271763678839034
2025-09-15,Rajasthan,Bikaner,331803,22,-0.0027655974634283043
2025-09-15,Rajasthan,Bikaner,334001,35,-0.020703047043332257
2025-09-15,Uttar Pradesh,Banda,210001,32,-0.00700114121915596
2025-09-15,Uttar Pradesh,Ghaziabad,201001,36,-0.018532010287737766
2025-09-15,Uttar Pradesh,Ghaziabad,201102,36,-0.01931385869701674
2025-09-15,Uttar Pradesh,Moradabad,244001,55,-0.05211375775962568
2025-09-15,Uttar Pradesh,Saharanpur,247001,46,-0.03731202039880077
2025-09-15,Andhra Pradesh,Tirupati,524406,11,-0.024426776081340695
2025-09-15,Bihar,East Champaran,845301,26,-0.017818971114293314
2025-09-15,Bihar,East Champaran,845433,22,-0.035151983781375074
2025-09-15,Bihar,West Champaran,845454,28,-0.02436455159530937
2025-09-15,Rajasthan,Baran,325216,38,-0.05865203470327207
2025-09-15,Rajasthan,Bharatpur,321024,33,-0.006750797811251097
2025-09-15,Rajasthan,Sirohi,307026,32,-0.005046423593404681
2025-09-15,Uttar Pradesh,Azamgarh,276203,30,-0.0004910855171273987
2025-09-15,Uttar Pradesh,Gautam Buddha Nagar,201301,24,-0.011658838096595403
2025-09-15,Madhya Pradesh,Morena,476111,15,-0.012398226170641902
2025-09-15,Madhya Pradesh,Vidisha,464221,46,-0.017697739163144877
2025-09-15,Meghalaya,East Garo Hills,794110,20,-0.03498153038811136
2025-09-15,Meghalaya,East Garo Hills,794111,32,-0.06175526641448692
2025-09-15,Meghalaya,South Garo Hills,794005,10,-0.01826343189356816
2025-09-15,Meghalaya,West Jaintia Hills,793151,21,-0.06071345784937454
2025-09-15,Uttar Pradesh,Shahjahanpur,242001,31,-0.0008084638854456427
2025-09-15,Chhattisgarh,Bijapur,494444,31,-0.04127352635600434
2025-09-15,Delhi,North East Delhi,110094,44,-0.043511948306889314
2025-09-15,Madhya Pradesh,Indore,452001,27,-0.055142753865625616
2025-09-15,Madhya Pradesh,Umaria,484661,47,-0.034925174545416104
2025-09-15,Maharashtra,Thane,421302,36,-0.0024897164693735707
2025-09-15,Meghalaya,East Jaintia Hills,793160,12,-0.007481798114527649
2025-09-15,Meghalaya,South West Khasi Hills,793114,10,-0.0009035495774243341
2025-09-15,Meghalaya,West Khasi Hills,793119,33,-0.06928003992565479
2025-09-15,Rajasthan,Bharatpur,321001,28,-0.02451233112571405
2025-09-15,Uttar Pradesh,Bareilly,243001,21,-0.029253682387087143
2025-09-15,Uttar Pradesh,Kanpur Nagar,208001,31,-0.03934310693267706
2025-09-15,Uttar Pradesh,Maharajganj,273164,24,-0.011658838096595403
2025-09-15,Uttar Pradesh,Rampur,244901,34,-0.012749767440988213
2025-09-15,Uttar Pradesh,Shahjahanpur,242401,17,-0.01568236889619512
2025-09-15,West Bengal,Murshidabad,742202,81,-0.0013474375464720412
2025-09-15,Bihar,Vaishali,843114,32,-0.009479480983255462
2025-09-15,Bihar,West Champaran,845438,23,-0.004775804973956133
2025-09-15,Madhya Pradesh,Barwani,451666,66,-0.11672858675580855
2025-09-15,Madhya Pradesh,Jhabua,457661,38,-0.006964178548509281
2025-09-15,Maharashtra,Nashik,423203,54,-0.08712894521027059
2025-09-15,Meghalaya,East Khasi Hills,793121,25,-0.05520362299104298
2025-09-15,Rajasthan,Barmer,344706,34,-0.014764590186306381
2025-09-15,Rajasthan,Jalor,343041,47,-0.04087378285986354
2025-09-15,Uttar Pradesh,Agra,282001,21,-0.022934557957352997
2025-09-15,Uttar Pradesh,Baghpat,250611,39,-0.015013229825937557
2025-09-15,Uttar Pradesh,Bahraich,271855,36,-0.045413892811243306
2025-09-15,Uttar Pradesh,Banda,210129,20,-0.02956584441022836
2025-09-15,Uttar Pradesh,Hapur,245101,36,-0.014218861561657525
2025-09-15,Uttar Pradesh,Sambhal,202522,13,-0.006126943961869302
2025-09-15,West Bengal,Uttar Dinajpur,733207,38,-0.025165606023492493
2025-09-16,Bihar,Darbhanga,848213,37,-0.010095876221954736
2025-09-16,Bihar,Jamui,811307,25,-0.014866859737637128
2025-09-16,Bihar,Purnia,854315,39,-0.017295239925422923
2025-09-16,Delhi,West Delhi,110059,42,-0.062228149255568854
2025-09-16,Jharkhand,Deoghar,815353,37,-0.06919065590786044
2025-09-16,Madhya Pradesh,Alirajpur,457990,35,-0.03843693591884345
2025-09-16,Madhya Pradesh,Indore,452001,40,-0.06993274211418943
2025-09-16,Madhya Pradesh,Jabalpur,482001,56,-0.00033324152098224147
2025-09-16,Madhya Pradesh,Sheopur,476337,36,-0.07020429777185422
2025-09-16,Maharashtra,Aurangabad,431001,70,-0.0601293389487203
2025-09-16,Meghalaya,West Jaintia Hills,793151,22,-0.04490534998929696
2025-09-16,Rajasthan,Bikaner,334001,28,-0.02537695126525863
2025-09-16,Rajasthan,Bikaner,334802,14,-0.007763562091854914
2025-09-16,Uttar Pradesh,Bahraich,271855,70,-0.11834615267895876
2025-09-16,Uttar Pradesh,Balrampur,271604,18,-0.028756911751063652
2025-09-16,Uttar Pradesh,Unnao,209821,23,-0.009158086788455533
2025-09-16,Chhattisgarh,Balrampur,497225,32,-0.03368046058066643
2025-09-16,Gujarat,Banaskantha,385320,30,-0.02776516030279952
2025-09-16,Madhya Pradesh,Barwani,451551,35,-0.006947695720991187
2025-09-16,Madhya Pradesh,Shivpuri,473551,43,-0.028835835373222762
2025-09-16,Maharashtra,Nandurbar,425414,45,-0.06776818039416932
2025-09-16,Maharashtra,Nashik,423203,50,-0.04728972108916174
2025-09-16,Maharashtra,Thane,421302,52,-0.044237679757785586
2025-09-16,Meghalaya,East Garo Hills,794111,20,-0.03587878483517637
2025-09-16,Meghalaya,East Khasi Hills,793005,43,-0.0727272823864551
2025-09-16,Rajasthan,Barmer,344704,56,-0.046841887481001376
2025-09-16,Uttar Pradesh,Agra,282006,33,-0.00287691309884075
2025-09-16,Uttar Pradesh,Bahraich,271881,15,-0.010706318963427774
2025-09-16,Uttar Pradesh,Fatehpur,212601,39,-0.024060263205612498
2025-09-16,Uttar Pradesh,Firozabad,283203,34,-0.03103151723348918
2025-09-16,Uttar Pradesh,Ghaziabad,201001,39,-0.05138813539358
2025-09-16,Uttar Pradesh,Ghaziabad,201102,43,-0.032588688564051504
2025-09-16,Uttar Pradesh,Meerut,250001,34,-0.00287691309884075
2025-09-16,Uttar Pradesh,Rae Bareli,229001,32,-0.0007268838523736276
2025-09-16,West Bengal,Uttar Dinajpur,733201,31,-0.01303443608881949
2025-09-16,West Bengal,Uttar Dinajpur,733207,40,-0.01871077515595132
2025-09-16,Chhattisgarh,Bijapur,494444,31,-0.05886177751000221
2025-09-16,Delhi,North East Delhi,110093,35,-0.006019593071853957
2025-09-16,Delhi,North East Delhi,110094,40,-0.01639574880370742
2025-09-16,Gujarat,Banaskantha,385535,38,-0.04463478075170235
2025-09-16,Meghalaya,East Khasi Hills,793121,19,-0.03171055490735897
2025-09-16,Meghalaya,South Garo Hills,794005,38,-0.06968363590854354
2025-09-16,Meghalaya,West Jaintia Hills,793150,30,-0.06256309174396624
2025-09-16,Rajasthan,Alwar,301001,29,-0.0020957478345566827
2025-09-16,Rajasthan,Banswara,327801,33,-0.005032342873451223
2025-09-16,Rajasthan,Barmer,344702,43,-0.028320758024888093
2025-09-16,Madhya Pradesh,Barwani,451666,81,-0.12376181320513846
2025-09-16,Madhya Pradesh,Guna,473001,45,-0.04661726789336229
2025-09-16,Madhya Pradesh,Khargone,451441,37,-0.006483487411040767
2025-09-16,Maharashtra,Dhule,425405,37,-0.007646370906841726
2025-09-16,Uttar Pradesh,Budaun,243601,41,-0.02313008097609437
2025-09-16,Uttar Pradesh,Lucknow,226002,36,-0.009273454274742132
2025-09-16,Uttar Pradesh,Rampur,244901,69,-0.11296701009376786
2025-09-16,Uttar Pradesh,Siddharthnagar,272153,25,-0.010913891545902055
2025-09-16,Bihar,Nawada,805104,19,-0.007515861873709229
2025-09-16,Bihar,Nawada,805123,17,-0.01848375551126924
2025-09-16,Delhi,North West Delhi,110085,28,-0.03308170515572084
2025-09-16,Gujarat,Kheda,387620,17,-0.004055472014153461
2025-09-16,Gujarat,Surendra Nagar,363520,18,-0.01946947672396704
2025-09-16,Maharashtra,Latur,413517,22,-0.0275605694194484
2025-09-16,Meghalaya,South Garo Hills,794103,19,-0.029618009738229922
2025-09-16,Meghalaya,West Khasi Hills,793119,39,-0.07840707657763446
2025-09-16,Punjab,Amritsar,143001,25,-0.030932869751666314
2025-09-16,Rajasthan,Banswara,327001,39,-0.018011897495755602
2025-09-16,Telangana,Hyderabad,500008,36,-0.012315435959458165
2025-09-16,Uttar Pradesh,Baghpat,250611,33,-0.035541584869099974
2025-09-16,Uttar Pradesh,Bulandshahr,203001,38,-0.017295239925422923
2025-09-16,Uttar Pradesh,Gautam Buddha Nagar,201301,32,-0.060776751161828235
2025-09-16,Uttar Pradesh,Hardoi,241001,31,-0.031462033570833325
2025-09-16,Uttar Pradesh,Kheri,262902,28,-0.02299680772527446
2025-09-16,Uttar Pradesh,Kushinagar,274304,37,-0.009739550876816327
2025-09-16,Uttar Pradesh,Meerut,250002,78,-0.06868434910607568
2025-09-16,Uttar Pradesh,Moradabad,244001,70,-0.05998112508973785
2025-09-16,Uttar Pradesh,Shahjahanpur,242001,38,-0.020283976910479118
2025-09-16,Gujarat,Morbi,363621,19,-0.017178268570342548
2025-09-16,Gujarat,Surendra Nagar,382750,13,-0.006099082998581085
2025-09-16,Haryana,Mewat,122508,34,-0.012315435959458165
2025-09-16,Madhya Pradesh,Barwani,451447,27,-0.021572581704887184
2025-09-16,Madhya Pradesh,Jhabua,457661,63,-0.08712894521027059
2025-09-16,Madhya Pradesh,Katni,483501,35,-0.006019593071853957
2025-09-16,Madhya Pradesh,Morena,476001,54,-0.08972641076865029
2025-09-16,Madhya Pradesh,Ratlam,457001,45,-0.03858519916239522
2025-09-16,Madhya Pradesh,Shahdol,484774,28,-0.02104308582619474
2025-09-16,Meghalaya,East Khasi Hills,793015,9,-0.0006054770819919897
2025-09-16,Meghalaya,Ri Bhoi,793102,23,-0.05117992301284291
2025-09-16,Rajasthan,Jalor,343041,61,-0.057631829092162246
2025-09-16,Rajasthan,Nagaur,341001,36,-0.03977286130965141
2025-09-16,Andhra Pradesh,Tirupati,524403,10,-0.006532055301510686
2025-09-16,Uttar Pradesh,Aligarh,202001,37,-0.06919065590786044
2025-09-16,Uttar Pradesh,Bahraich,271865,28,-0.04760727400842679
2025-09-16,Uttar Pradesh,Balrampur,271307,9,-0.0009019508003396126
2025-09-16,Uttar Pradesh,Ghaziabad,201005,29,-0.028879400376742304
2025-09-16,Uttar Pradesh,Kanpur Nagar,208001,37,-0.04410154063658922
2025-09-16,Uttar Pradesh,Mau,275101,32,-0.0024154580931750047
2025-09-16,Uttar Pradesh,Saharanpur,247001,51,-0.03919924228297478
2025-09-17,Madhya Pradesh,Gwalior,475110,46,-0.03540056698802163
2025-09-17,Meghalaya,East Garo Hills,794110,17,-0.021492957705466664
2025-09-17,Meghalaya,South Garo Hills,794005,14,-0.02771205392445264
2025-09-17,Meghalaya,West Khasi Hills,793119,23,-0.04344751310576134
2025-09-17,Rajasthan,Jodhpur,342008,19,-0.025565661078300272
2025-09-17,Rajasthan,Udaipur,313705,35,-0.0046175982084223355
2025-09-17,Telangana,Hyderabad,500028,16,-0.004270967246888024
2025-09-17,Uttar Pradesh,Kannauj,209731,27,-0.004861536169752267
2025-09-17,Chhattisgarh,Bijapur,494444,29,-0.046251482479191086
2025-09-17,Delhi,North East Delhi,110094,56,-0.039794688732533
2025-09-17,Uttar Pradesh,Meerut,250002,57,-0.07427260943484193
2025-09-17,Uttar Pradesh,Rampur,244901,60,-0.04924559551638319
2025-09-17,Madhya Pradesh,Khargone,451332,45,-0.025581809726156424
2025-09-17,Madhya Pradesh,Morena,476224,38,-0.010346261851833294
2025-09-17,Madhya Pradesh,Panna,488442,46,-0.024607289376787023
2025-09-17,Madhya Pradesh,Ratlam,457001,39,-0.007399975066064934
2025-09-17,Madhya Pradesh,Sheopur,476339,22,-0.007878744406077831
2025-09-17,Maharashtra,Nandurbar,425414,33,-0.028183010843129797
2025-09-17,Meghalaya,East Jaintia Hills,793200,19,-0.005771916829156454
2025-09-17,Rajasthan,Bikaner,334001,29,-0.022461295305149176
2025-09-17,Uttar Pradesh,Aligarh,202001,41,-0.022585055551247235
2025-09-17,Uttar Pradesh,Bahraich,271855,53,-0.09076785986380997
2025-09-17,Uttar Pradesh,Bulandshahr,203001,37,-0.046605995989853266
2025-09-17,Uttar Pradesh,Ghaziabad,201001,30,-0.02232943201481641
2025-09-17,Delhi,North West Delhi,110034,16,-0.0013939307628469955
2025-09-17,Madhya Pradesh,Indore,452001,38,-0.06488005242639228
2025-09-17,Madhya Pradesh,Katni,483501,43,-0.0601293389487203
2025-09-17,Madhya Pradesh,Khargone,451441,19,-0.00964285705190382
2025-09-17,Madhya Pradesh,Shivpuri,473551,39,-0.03782274265268437
2025-09-17,Maharashtra,Nashik,423203,46,-0.06565369152659539
2025-09-17,Meghalaya,East Khasi Hills,793121,26,-0.050820774323683704
2025-09-17,Uttar Pradesh,Moradabad,244001,62,-0.04614824902690151
2025-09-17,West Bengal,South 24 Parganas,743329,38,-3.2258288408471e-05
2025-09-17,Rajasthan,Barmer,344704,46,-0.02735061282425011
2025-09-17,Uttar Pradesh,Bahraich,271865,36,-0.06599300789469609
2025-09-17,Uttar Pradesh,Bahraich,271902,27,-0.01996513621539575
2025-09-17,Uttar Pradesh,Gautam Buddha Nagar,201301,40,-0.07785049072635164
2025-09-17,Uttar Pradesh,Hapur,245101,44,-0.06464620325404857
2025-09-17,Uttar Pradesh,Kanpur Nagar,208001,44,-0.026872604848658832
2025-09-17,Delhi,South Delhi,110062,45,-0.021125966256036133
2025-09-17,Delhi,West Delhi,110059,47,-0.024607289376787023
2025-09-17,Uttar Pradesh,Muzaffarnagar,251001,66,-0.05220950875329611
2025-09-17,Uttar Pradesh,Sambhal,202410,17,-0.016275467507071095
2025-09-17,Uttar Pradesh,Sitapur,261201,28,-0.01490448529149202
2025-09-17,Uttar Pradesh,Sitapur,261205,17,-0.007495272850588264
2025-09-17,West Bengal,Uttar Dinajpur,733207,51,-0.037564447315409866
2025-09-17,Rajasthan,Jalor,343041,70,-0.0529075090544433
2025-09-17,Uttar Pradesh,Agra,282001,39,-0.015007914217171847
2025-09-17,Uttar Pradesh,Ghaziabad,201102,54,-0.03663798981690092
2025-09-17,Madhya Pradesh,Barwani,451666,83,-0.11403992901909688
2025-09-17,Madhya Pradesh,Jhabua,457661,51,-0.03663798981690092
2025-09-17,Madhya Pradesh,Morena,476001,38,-0.03588434681845054
2025-09-17,Madhya Pradesh,Raisen,464551,26,-0.005788245426183836
2025-09-17,Madhya Pradesh,Sheopur,476337,29,-0.022461295305149176
2025-09-17,Maharashtra,Aurangabad,431001,45,-0.010336644242907811
2025-09-17,Maharashtra,Dhule,425405,46,-0.026872604848658832
2025-09-17,Maharashtra,Thane,421302,67,-0.07631503787223226
2025-09-17,Punjab,Amritsar,143001,45,-0.05352022066068651
2025-09-17,Assam,Karbi Anglong,782410,25,-0.016506768978672093
2025-09-17,Gujarat,Ahmedabad,382150,14,-0.002375101396823953
2025-09-17,Gujarat,Banaskantha,385535,41,-0.04955917194591841
2025-09-17,Haryana,Gurgaon,122001,19,-0.007520113518258542
2025-09-17,Uttar Pradesh,Budaun,243601,38,-0.04562426510654671
2025-09-17,Uttar Pradesh,Etah,207001,42,-0.0244874101635979
2025-09-17,Uttar Pradesh,Firozabad,283203,39,-0.050189793456551834
2025-09-17,Uttar Pradesh,Kasganj,207242,44,-0.06464620325404857
2025-09-17,Uttar Pradesh,Mau,275101,38,-0.0030547077380299603
2025-09-17,Uttar Pradesh,Meerut,250001,35,-0.002458410296327207
2025-09-17,Uttar Pradesh,Sambhal,202421,20,-0.001461547878196967
2025-09-17,Uttar Pradesh,Sambhal,202522,26,-0.011624017993276836
2025-09-17,West Bengal,Murshidabad,742202,96,-0.016275046975816276
2025-09-17,West Bengal,Uttar Dinajpur,733202,53,-0.03663798981690092
2025-09-17,Rajasthan,Banswara,327001,43,-0.01078457718524195
2025-09-17,Rajasthan,Jodhpur,342001,37,-0.06615794713310919
2025-09-17,Rajasthan,Sirohi,307026,37,-0.0055459429172791674
2025-09-17,Delhi,North West Delhi,110086,27,-0.004861536169752267
2025-09-17,Delhi,West Delhi,110041,39,-0.05498025154944208
2025-09-18,Bihar,Araria,854311,46,-0.00938267598009046
2025-09-18,Bihar,West Champaran,845454,32,-0.02101504765979778
2025-09-18,Uttar Pradesh,Hardoi,241402,22,-0.03302724034099769
2025-09-18,Uttar Pradesh,Kheri,261505,22,-0.002528487441908922
2025-09-18,Uttar Pradesh,Meerut,250002,55,-0.03315484354132181
2025-09-18,West Bengal,Uttar Dinajpur,733202,74,-0.08185347705963764
2025-09-18,Haryana,Faridabad,121004,42,-0.025666502211763587
2025-09-18,Madhya Pradesh,Morena,476001,38,-0.07416686407278938
2025-09-18,Meghalaya,Ri Bhoi,793105,30,-0.05752841858113866
2025-09-18,Rajasthan,Jalor,343041,68,-0.04934521884694143
2025-09-18,Rajasthan,Nagaur,341001,38,-0.003428833848817092
2025-09-18,Uttar Pradesh,Agra,282001,22,-0.008897481192096324
2025-09-18,Uttar Pradesh,Chandauli,232101,20,-0.0012291539433838539
2025-09-18,Uttar Pradesh,Firozabad,283203,34,-0.001464481875281698
2025-09-18,Uttar Pradesh,Hardoi,241001,43,-0.06253119947275121
2025-09-18,Uttar Pradesh,Sitapur,261205,16,-0.0016572693563102758
2025-09-18,Uttar Pradesh,Unnao,209801,35,-0.0448222248318475
2025-09-18,Assam,Nalbari,781126,31,-0.032809282108549276
2025-09-18,Bihar,Gaya,823003,21,-0.004601159938860788
2025-09-18,Madhya Pradesh,Bhind,477116,18,-0.009320031816984264
2025-09-18,Madhya Pradesh,Jhabua,457661,44,-0.0635358238428283
2025-09-18,West Bengal,Uttar Dinajpur,733207,74,-0.052601945946228024
2025-09-18,Jharkhand,Pakur,816107,42,-0.010957602418199874
2025-09-18,Madhya Pradesh,Indore,452001,23,-0.026465787343617708
2025-09-18,Uttar Pradesh,Baghpat,250611,36,-0.005159717426453603
2025-09-18,Uttar Pradesh,Bareilly,243505,19,-0.011511490095022281
2025-09-18,Uttar Pradesh,Mainpuri,205265,26,-0.0017547853948490788
2025-09-18,Uttar Pradesh,Moradabad,244001,57,-0.0009060646205999445
2025-09-18,Uttar Pradesh,Saharanpur,247001,51,-0.03343959736048674
2025-09-18,Maharashtra,Aurangabad,431001,48,-0.029308488387175258
2025-09-18,Maharashtra,Chandrapur,442401,22,-0.011272430460339544
2025-09-18,Maharashtra,Thane,421302,61,-0.04168585073001485
2025-09-18,Rajasthan,Barmer,344704,42,-0.01768198284547018
2025-09-18,Rajasthan,Bundi,323021,27,-0.006248027656580057
2025-09-18,Bihar,West Champaran,845306,20,-0.005564179381530199
2025-09-18,Bihar,West Champaran,845438,48,-0.019783193127786092
2025-09-18,Chhattisgarh,Bijapur,494444,19,-0.007577057285716782
2025-09-18,Delhi,North East Delhi,110094,46,-0.06756794325984139
2025-09-18,Uttar Pradesh,Gorakhpur,273158,16,-0.0016572693563102758
2025-09-18,West Bengal,Malda,732125,71,-0.026941889197501512
2025-09-18,West Bengal,Uttar Dinajpur,733210,45,-0.019514479694614284
2025-09-18,Maharashtra,Hingoli,431513,26,-0.0073221413966482185
2025-09-18,Rajasthan,Alwar,301001,34,-0.05702999962082855
2025-09-18,Rajasthan,Jodhpur,342001,36,-0.00476081883729651
2025-09-18,Bihar,Purnia,854315,45,-0.010957602418199874
2025-09-18,Delhi,South Delhi,110062,27,-0.010919449424959704
2025-09-18,Delhi,West Delhi,110059,38,-0.003428833848817092
2025-09-18,Jharkhand,Dhanbad,828109,38,-0.003428833848817092
2025-09-18,Jharkhand,Dhanbad,828205,50,-0.024556460524235324
2025-09-18,Rajasthan,Banswara,327001,40,-0.012005181752139271
2025-09-18,Rajasthan,Bharatpur,321203,38,-0.010490681977851968
2025-09-18,Rajasthan,Jalor,307029,51,-0.0015632842896066146
2025-09-18,Tamil Nadu,Karur,639102,36,-0.00476081883729651
2025-09-18,Uttar Pradesh,Bulandshahr,203001,35,-0.004298089637888913
2025-09-18,Uttar Pradesh,Ghaziabad,201001,43,-0.06253119947275121
2025-09-18,Uttar Pradesh,Rampur,244901,38,-0.010024077342637439
2025-09-18,Madhya Pradesh,Barwani,451666,56,-0.0927466379695413
2025-09-18,Maharashtra,Nandurbar,425414,40,-0.010024077342637439
2025-09-18,Maharashtra,Nashik,423203,54,-0.03315484354132181
2025-09-18,Meghalaya,West Khasi Hills,793119,20,-0.025092591803072217
2025-09-19,Uttar Pradesh,Bahraich,271865,14,-0.0016325197866472463
2025-09-19,Uttar Pradesh,Bahraich,271902,26,-0.01647173223543874
2025-09-19,Uttar Pradesh,Meerut,250001,33,-0.000825190316885438
2025-09-19,Uttar Pradesh,Moradabad,244001,54,-0.04492385229952345
2025-09-19,West Bengal,Murshidabad,742202,77,-0.0052806638156962515
2025-09-19,Delhi,North West Delhi,110086,34,-0.008645041329026104
2025-09-19,Maharashtra,Aurangabad,431001,58,-0.04443395853192733
2025-09-19,Maharashtra,Latur,413517,26,-0.019387556424901642
2025-09-19,Meghalaya,Ri Bhoi,793105,22,-0.03639120882256386
2025-09-19,Uttar Pradesh,Fatehpur,212601,33,-0.0026685754612169044
2025-09-19,Uttar Pradesh,Kanpur Nagar,208001,34,-0.045973712806467004
2025-09-19,Jharkhand,Sahebganj,816108,38,-0.023007073666570843
2025-09-19,Karnataka,Raichur,584139,26,-0.01694270074181936
2025-09-19,Madhya Pradesh,Bhind,477001,24,-0.001804011553473206
2025-09-19,Bihar,Sitamarhi,843302,36,-0.012847447052437788
2025-09-19,Chhattisgarh,Balrampur,497225,45,-0.02119035159423499
2025-09-19,Rajasthan,Jodhpur,342008,21,-0.028163685346939804
2025-09-19,Rajasthan,Jodhpur,342001,27,-0.05068358286100838
2025-09-19,Uttar Pradesh,Banda,210001,21,-0.002092011921911441
2025-09-19,Bihar,Jamui,811307,22,-0.004795900158680366
2025-09-19,Gujarat,Banaskantha,385535,36,-0.05597465126715806
2025-09-19,Uttar Pradesh,Pilibhit,262122,41,-0.022278251826368223
2025-09-19,West Bengal,Uttar Dinajpur,733202,47,-0.030652073771237798
2025-09-19,Madhya Pradesh,Indore,452001,38,-0.05239688416307264
2025-09-19,Maharashtra,Nandurbar,425414,37,-0.012379248401531373
2025-09-19,Maharashtra,Thane,421302,57,-0.04443395853192733
2025-09-19,Meghalaya,East Garo Hills,794111,30,-0.05553676448438494
2025-09-19,Meghalaya,West Khasi Hills,793119,58,-0.07990261526039166
2025-09-19,Uttar Pradesh,Saharanpur,247001,51,-0.03551411903328083
2025-09-19,West Bengal,North 24 Parganas,743423,24,-0.006529863846317596
2025-09-19,West Bengal,Uttar Dinajpur,733210,51,-0.020953034534631265
2025-09-19,Rajasthan,Jodhpur,342012,15,-0.017340587215503578
2025-09-19,Uttar Pradesh,Aligarh,202001,35,-0.048057003034695955
2025-09-19,Uttar Pradesh,Etah,207001,20,-0.014983126017783177
2025-09-19,Uttar Pradesh,Ghaziabad,201001,36,-0.05448355606096966
2025-09-19,Bihar,Gaya,824231,16,-0.003913638299736122
2025-09-19,Bihar,Khagaria,852161,33,-0.006553764057910971
2025-09-19,Bihar,Saran,841301,36,-0.05139231983728054
2025-09-19,Bihar,West Champaran,845438,25,-0.0158472393781921
2025-09-19,Gujarat,Banaskantha,385310,34,-0.026907005939550532
2025-09-19,Gujarat,Surendra Nagar,363520,26,-0.011107184880097876
2025-09-19,Madhya Pradesh,Gwalior,475110,30,-0.02069428752379443
2025-09-19,Madhya Pradesh,Khargone,451332,20,-0.002136773160097749
2025-09-19,Maharashtra,Nashik,423203,53,-0.07478269845644503
2025-09-19,Meghalaya,East Garo Hills,794110,16,-0.012223075117730797
2025-09-19,Meghalaya,East Khasi Hills,793110,16,-0.003495048787397259
2025-09-19,Meghalaya,West Garo Hills,794104,15,-0.0015080666341167337
2025-09-19,Meghalaya,West Jaintia Hills,793150,26,-0.04862126185821125
2025-09-19,Meghalaya,West Jaintia Hills,793151,27,-0.042695340232197454
2025-09-19,Odisha,Nabarangapur,764071,48,-0.019060232231258745
2025-09-19,Rajasthan,Jalor,343040,55,-0.00488625852632163
2025-09-19,Rajasthan,Jalor,343041,45,-0.014062959413876364
2025-09-19,Bihar,West Champaran,845455,22,-0.0053272275724111084
2025-09-19,Madhya Pradesh,Barwani,451666,31,-0.04598860423481388
2025-09-19,Madhya Pradesh,Jhabua,457661,49,-0.0325762900894313
2025-09-19,Uttar Pradesh,Meerut,250002,46,-0.03243499127430538
2025-09-19,West Bengal,Uttar Dinajpur,733207,54,-0.040182606601832926
2025-09-20,Bihar,Gaya,824206,32,-0.0050751735887094584
2025-09-20,Bihar,West Champaran,845438,39,-0.05556589353501751
2025-09-20,Delhi,West Delhi,110059,51,-0.07979607995792626
2025-09-20,Jharkhand,Sahebganj,816108,33,-0.0050751735887094584
2025-09-20,Jharkhand,West Singhbhum,833102,39,-0.0017808305717708084
2025-09-20,Madhya Pradesh,Barwani,451666,30,-0.0027635935352834373
2025-09-20,Madhya Pradesh,Jhabua,457661,48,-0.037509533784375715
2025-09-20,Uttar Pradesh,Bahraich,271825,22,-0.020484783857017463
2025-09-20,Uttar Pradesh,Bahraich,271830,18,-0.023827182048994033
2025-09-20,Uttar Pradesh,Ghaziabad,201001,43,-0.07162194646305398
2025-09-20,Uttar Pradesh,Kanpur Nagar,209206,15,-0.014375558748203066
2025-09-20,Uttar Pradesh,Shamli,247774,34,-0.007497534326680433
2025-09-20,West Bengal,Uttar Dinajpur,733207,39,-0.03123162318390882
2025-09-20,Maharashtra,Nashik,423203,56,-0.08495003162280579
2025-09-20,Maharashtra,Thane,401107,39,-0.06554915547618168
2025-09-20,Bihar,Saran,841301,20,-0.009388125274920167
2025-09-20,Gujarat,Banaskantha,385535,36,-0.018506503108535854
2025-09-20,Jharkhand,Lohardaga,835302,23,-0.007768407951752709
2025-09-20,Madhya Pradesh,Indore,452001,18,-0.012720129758238885
2025-09-20,Madhya Pradesh,Umaria,484661,32,-0.010388407933352162
2025-09-20,Maharashtra,Thane,421302,64,-0.0808240825055263
2025-09-20,Uttar Pradesh,Aligarh,202001,23,-0.007276428314831107
2025-09-20,Uttar Pradesh,Bahraich,271855,20,-0.014825496426523532
2025-09-20,Uttar Pradesh,Bahraich,271902,20,-0.007237430140837664
2025-09-20,Uttar Pradesh,Siddharthnagar,272206,11,-0.004612191720600567
2025-09-20,West Bengal,Uttar Dinajpur,733202,51,-0.04418876782888648
2025-09-20,Jharkhand,Jamtara,815351,56,-0.04811588369972153
2025-09-20,Bihar,East Champaran,845433,19,-0.012155479279745696
2025-09-20,Chhattisgarh,Bijapur,494444,24,-0.012405958375311776
2025-09-20,Nagaland,Shamator,798628,22,-0.017334711122360735
2025-09-20,Uttar Pradesh,Kanpur Nagar,208001,36,-0.021345376821508943
2025-09-20,Uttar Pradesh,Meerut,250001,34,-0.018034476912723973
2025-09-20,Uttar Pradesh,Shahjahanpur,242001,32,-0.004149603071678665
2025-09-20,Jharkhand,Gumla,835207,33,-0.0160115238433709
2025-09-20,Bihar,Purnia,854330,26,-0.009787583530938226
2025-09-20,Bihar,West Champaran,845455,35,-0.047760447466979494
2025-09-20,Rajasthan,Jalor,343041,42,-0.023580383072182798
2025-09-20,Uttar Pradesh,Kheri,261501,25,-0.02110275404358819
2025-09-20,Uttar Pradesh,Meerut,250002,35,-0.02168047986962507
2025-09-20,Madhya Pradesh,Bhind,477001,23,-0.007768407951752709
2025-09-20,Madhya Pradesh,Sheopur,476337,21,-0.010458431961801407
2025-09-20,Maharashtra,Aurangabad,431001,44,-0.03736725590125489
2025-09-20,Maharashtra,Thane,400612,31,-0.005538428730386347
2025-09-20,Uttar Pradesh,Gautam Buddha Nagar,201301,48,-0.03896614082752381
2025-09-20,Uttar Pradesh,Ghaziabad,201102,38,-0.008790005683861679
2025-09-20,Uttar Pradesh,Shahjahanpur,242127,13,-0.000428227015764282
2025-09-20,Assam,Karimganj,788720,31,-0.004946576798893432
2025-09-21,West Bengal,Uttar Dinajpur,733207,26,-0.01373257272356787
2025-09-21,West Bengal,Uttar Dinajpur,733210,27,-0.018438032231845924
2025-09-21,Nagaland,Shamator,798628,18,-0.03270047998208769
2025-09-21,Maharashtra,Thane,421302,14,-0.01715134262257667
2025-09-22,Uttar Pradesh,Moradabad,244001,38,-0.025165606023492493
2025-09-22,Uttar Pradesh,Pilibhit,262001,26,-0.017071659328970035
2025-09-22,Uttar Pradesh,Saharanpur,247001,47,-0.043314505393023506
2025-09-22,Andhra Pradesh,Tirupati,517541,12,-0.028451192904442535
2025-09-22,Bihar,Katihar,855102,43,-0.041901534101976834
2025-09-22,Bihar,Nawada,805124,19,-0.004432331934445921
2025-09-22,Bihar,Saran,841301,28,-0.023545143008720126
2025-09-22,Gujarat,Banaskantha,385330,16,-0.011512815809612387
2025-09-22,Nagaland,Wokha,797111,26,-0.02211980512867151
2025-09-22,Madhya Pradesh,Chhatarpur,471405,13,-0.004098220160607902
2025-09-22,Meghalaya,West Khasi Hills,793119,27,-0.051747750339804166
2025-09-22,Uttar Pradesh,Kheri,261502,7,-0.0009317852076393685
2025-09-22,Uttar Pradesh,Meerut,250002,33,-0.0441759370661009
2025-09-22,West Bengal,Uttar Dinajpur,733210,42,-0.037184248965312916
2025-09-22,Uttar Pradesh,Bulandshahr,203001,33,-0.006750797811251097
2025-09-22,Maharashtra,Aurangabad,431001,41,-0.03364073159639902
2025-09-22,West Bengal,Uttar Dinajpur,733202,59,-0.062486595912014886
2025-09-22,West Bengal,Uttar Dinajpur,733207,33,-0.011813818896823758
2025-09-22,Bihar,Katihar,854317,39,-0.018455311366221028
2025-09-22,Bihar,Sitamarhi,843324,18,-0.013244447394460845
2025-09-22,Bihar,West Champaran,845307,15,-0.018776076338032133
2025-09-22,Uttar Pradesh,Gautam Buddha Nagar,201301,22,-0.025314490554029567
2025-09-22,Uttar Pradesh,Hardoi,241001,35,-0.020703047043332257
2025-09-22,Meghalaya,East Garo Hills,794111,18,-0.03764905880488323
2025-09-22,Nagaland,Shamator,798628,32,-0.005106651173225285
2025-09-22,Bihar,East Champaran,845302,16,-0.005820957198179877
2025-09-22,Bihar,East Champaran,845401,24,-0.020981706904399045
2025-09-22,Bihar,Sitamarhi,843302,23,-0.03470536811960756
2025-09-22,Gujarat,Banaskantha,385001,31,-0.008055723382092372
2025-09-22,Uttar Pradesh,Rampur,244901,25,-0.019277122690128934
2025-09-22,Madhya Pradesh,Jhabua,457661,66,-0.07631503787223226
2025-09-22,Maharashtra,Nashik,423203,41,-0.028031567428167925
2025-09-22,Meghalaya,West Jaintia Hills,793150,34,-0.07425544556614572
2025-09-22,Bihar,Purnia,854315,46,-0.043314505393023506
2025-09-22,Uttar Pradesh,Bahraich,271830,17,-0.03037132732606429
2025-09-22,Uttar Pradesh,Agra,282001,32,-0.009479480983255462
2025-09-22,Uttar Pradesh,Aligarh,202001,40,-0.033652814161745925
2025-09-22,Madhya Pradesh,Barwani,451666,28,-0.056635188443295514
2025-09-22,Madhya Pradesh,Morena,476001,39,-0.08350722408840794
2025-09-22,Meghalaya,East Khasi Hills,793015,8,-0.003699169029806715
2025-09-22,Meghalaya,East Khasi Hills,793110,14,-0.016357122416354897
2025-09-22,Meghalaya,East Khasi Hills,793121,17,-0.021822905785413682
2025-09-23,Bihar,Gaya,824206,37,-0.002115253639746295
2025-09-23,Bihar,Sheikhpura,811105,33,-0.00287691309884075
2025-09-23,Delhi,East Delhi,110092,27,-0.005991766416807653
2025-09-23,Madhya Pradesh,Burhanpur,450331,37,-0.006483487411040767
2025-09-23,Madhya Pradesh,Morena,476001,55,-0.04728972108916174
2025-09-23,Maharashtra,Nashik,423203,49,-0.07478269845644503
2025-09-23,Meghalaya,West Garo Hills,794104,16,-0.011997998619566519
2025-09-23,Meghalaya,West Jaintia Hills,793150,25,-0.04191085875940059
2025-09-23,Meghalaya,West Khasi Hills,793119,26,-0.06059322561637859
2025-09-23,Rajasthan,Alwar,301001,35,-0.010124437400193198
2025-09-23,Rajasthan,Bikaner,331803,40,-0.02098912865676683
2025-09-23,Uttar Pradesh,Bahraich,271830,20,-0.0019346857875650603
2025-09-23,Uttar Pradesh,Gautam Buddha Nagar,201301,47,-0.06817838474868454
2025-09-23,Uttar Pradesh,Hardoi,241001,33,-0.00287691309884075
2025-09-23,Uttar Pradesh,Kanpur Nagar,208001,43,-0.05649671692028968
2025-09-23,Bihar,East Champaran,845433,28,-0.05066695620883688
2025-09-23,Bihar,Kishanganj,855107,42,-0.020645494718090407
2025-09-23,Bihar,Nawada,805103,22,-0.021796788297091307
2025-09-23,Bihar,Samastipur,848114,33,-0.0008824334280339574
2025-09-23,Delhi,West Delhi,110059,29,-0.0489392687839022
2025-09-23,Madhya Pradesh,Jhabua,457661,64,-0.05524318349241719
2025-09-23,Maharashtra,Aurangabad,431001,58,-0.05400246371021433
2025-09-23,Meghalaya,East Garo Hills,794111,23,-0.044013004214780604
2025-09-23,Meghalaya,East Khasi Hills,793121,21,-0.03539788698769131
2025-09-23,Meghalaya,South Garo Hills,794102,25,-0.011243940476488024
2025-09-23,Bihar,Araria,854311,42,-0.05850242893005464
2025-09-23,Bihar,Katihar,854317,41,-0.006019593071853957
2025-09-23,Bihar,Nawada,805104,21,-0.005044316215443545
2025-09-23,Uttar Pradesh,Bahraich,271855,23,-0.035317036993558926
2025-09-23,Uttar Pradesh,Bareilly,243001,24,-0.011433703957643426
2025-09-23,Manipur,Churachandpur,795128,27,-0.02009592258000359
2025-09-23,Meghalaya,East Garo Hills,794110,19,-0.03298103208347747
2025-09-23,Uttar Pradesh,Maharajganj,273305,16,-0.000805909819121875
2025-09-23,Uttar Pradesh,Meerut,250002,36,-0.00472585843390283
2025-09-23,Uttar Pradesh,Saharanpur,247001,65,-0.04816506109154062
2025-09-23,Uttar Pradesh,Varanasi,221001,28,-0.016277460936002908
2025-09-23,Madhya Pradesh,Singrauli,486886,46,-0.0067948938921892355
2025-09-23,Bihar,Saran,841301,23,-0.008528186745903499
2025-09-23,Bihar,Sitamarhi,843302,26,-0.038320914657944516
2025-09-23,Bihar,West Champaran,845438,20,-0.002517197034911267
2025-09-23,Chhattisgarh,Bijapur,494444,12,-2.8040632499171103e-05
2025-09-23,Rajasthan,Banswara,327001,34,-0.007489274699883808
2025-09-23,Rajasthan,Barmer,344704,33,-0.03906405106679556
2025-09-23,Rajasthan,Jodhpur,342001,40,-0.08972641076865029
2025-09-23,Uttar Pradesh,Aligarh,202001,37,-0.05772596441143074
2025-09-23,Uttar Pradesh,Azamgarh,276001,16,-0.02008687655255814
2025-09-23,Uttar Pradesh,Moradabad,244001,57,-0.07887585877378922
2025-09-23,Uttar Pradesh,Shahjahanpur,242127,16,-0.02499158429666859
2025-09-23,West Bengal,Uttar Dinajpur,733202,50,-0.046841887481001376
2025-09-23,Maharashtra,Nandurbar,425414,37,-0.006483487411040767
2025-09-23,Maharashtra,Thane,421302,42,-0.006019593071853957
2025-09-23,Rajasthan,Jalor,343041,55,-0.03790730660838548
2025-09-23,Delhi,North East Delhi,110094,42,-0.020645494718090407
2025-09-23,Madhya Pradesh,Barwani,451666,34,-0.003704823509924293
2025-09-23,Bihar,East Champaran,845302,22,-0.0025559968660796573
2025-09-23,Bihar,Purnia,854315,78,-0.06349115988491971
2025-09-23,Bihar,Sitamarhi,843330,12,-0.014271046869083537
2025-09-23,Uttar Pradesh,Agra,282001,40,-0.07529313271407745
2025-09-23,West Bengal,Uttar Dinajpur,733207,40,-0.020757525602197124
2025-09-24,Uttar Pradesh,Saharanpur,247001,52,-0.03382143796036963
2025-09-24,West Bengal,Malda,732123,36,-0.005080543656103442
2025-09-24,Bihar,Araria,854311,65,-0.047622408387048454
2025-09-24,Bihar,East Champaran,845401,41,-0.018935714679370053
2025-09-24,Bihar,Kishanganj,855101,46,-0.019991665187048757
2025-09-24,Bihar,Saran,841301,23,-0.0036728627092310617
2025-09-24,Madhya Pradesh,Burhanpur,450331,36,-0.0291411247231943
2025-09-24,Madhya Pradesh,Morena,476001,42,-0.07172733470018733
2025-09-24,Maharashtra,Thane,421302,48,-0.031286055834198856
2025-09-24,Punjab,Amritsar,143001,36,-0.011841378611569087
2025-09-24,Rajasthan,Alwar,301001,29,-0.013496844760962357
2025-09-24,Rajasthan,Bharatpur,321204,22,-0.022079598719340177
2025-09-24,Uttar Pradesh,Bahraich,271855,22,-0.003970738384936223
2025-09-24,Uttar Pradesh,Kheri,262802,24,-0.006126065468122555
2025-09-24,Uttar Pradesh,Moradabad,244001,48,-0.028387544692656808
2025-09-24,Uttar Pradesh,Rae Bareli,229001,36,-0.008816384420801349
2025-09-24,Bihar,Nawada,805104,21,-0.023371561132396135
2025-09-24,Chhattisgarh,Bijapur,494444,23,-0.03372082584489067
2025-09-24,Rajasthan,Barmer,344001,30,-0.013496844760962357
2025-09-24,Rajasthan,Jodhpur,342001,24,-0.029492551775311626
2025-09-24,Maharashtra,Nashik,423203,42,-0.007523576067818061
2025-09-24,Meghalaya,East Jaintia Hills,793200,20,-0.0048454041358497735
2025-09-24,Bihar,Nawada,805103,16,-0.008344149104346443
2025-09-24,Bihar,West Champaran,845106,20,-0.000966054073921363
2025-09-24,Delhi,North West Delhi,110086,28,-0.008911490938450672
2025-09-24,Delhi,South Delhi,110044,22,-0.013492144680750218
2025-09-24,Uttar Pradesh,Bahraich,271825,20,-0.001461547878196967
2025-09-24,Uttar Pradesh,Meerut,250002,51,-0.037564447315409866
2025-09-24,Uttar Pradesh,Rampur,244901,41,-0.023060161648083555
2025-09-24,Maharashtra,Aurangabad,431001,66,-0.044027273337973294
2025-09-24,Meghalaya,West Jaintia Hills,793150,19,-0.03158568542370532
2025-09-24,Meghalaya,West Khasi Hills,793119,26,-0.05192670188139492
2025-09-24,Uttar Pradesh,Agra,282001,38,-0.046119701865748874
2025-09-24,Uttar Pradesh,Bahraich,271830,17,-0.024784173354252648
2025-09-24,Uttar Pradesh,Bahraich,271851,20,-0.031202798605226012
2025-09-24,Uttar Pradesh,Ghaziabad,201001,39,-0.05813065537983719
2025-09-24,Uttar Pradesh,Hapur,245101,37,-0.006935460853595421
2025-09-24,Uttar Pradesh,Shahjahanpur,242127,15,-0.014849816762126489
2025-09-24,West Bengal,Uttar Dinajpur,733207,68,-0.05568264906456721
2025-09-24,Jharkhand,Palamu,822123,22,-0.03072218517495917
2025-09-24,Madhya Pradesh,Barwani,451666,35,-0.056635188443295514
2025-09-24,Madhya Pradesh,Jhabua,457661,55,-0.0385784280317385
2025-09-24,Bihar,Kishanganj,855107,59,-0.0347871867702102
2025-09-24,Bihar,Purnia,854315,86,-0.05812921222970391
2025-09-24,Maharashtra,Thane,421301,44,-0.018268893423593835
2025-09-24,Meghalaya,East Garo Hills,794111,27,-0.04895498489514549
2025-09-24,Rajasthan,Jalor,343041,52,-0.03663798981690092
2025-09-24,Bihar,Nawada,805110,16,-0.008344149104346443
2025-09-24,Bihar,Purnia,854304,39,-0.00659469468015994
2025-09-24,Bihar,Samastipur,848114,28,-0.022461295305149176
2025-09-24,Delhi,North East Delhi,110094,41,-0.0601293389487203
2025-09-24,Delhi,North West Delhi,110034,16,-0.008492862132879808
2025-09-24,Uttar Pradesh,Pilibhit,262122,29,-0.011711334359376546
2025-09-24,West Bengal,Uttar Dinajpur,733202,48,-0.03562674957247369
2025-09-24,Maharashtra,Hingoli,431513,18,-0.0059234212068129954
2025-09-24,Maharashtra,Nandurbar,425414,48,-0.03562674957247369
2025-09-24,Uttar Pradesh,Aligarh,202001,45,-0.056635188443295514
2025-09-25,Uttar Pradesh,Bahraich,271801,27,-0.01890114594988357
2025-09-25,Uttar Pradesh,Gautam Buddha Nagar,201301,27,-0.024032696404576837
2025-09-25,Uttar Pradesh,Rae Bareli,229001,35,-0.002139910312572879
2025-09-25,Uttar Pradesh,Shahjahanpur,242001,41,-0.015538682052135822
2025-09-25,West Bengal,Uttar Dinajpur,733207,39,-0.014817609592326031
2025-09-25,Bihar,Madhepura,852112,22,-0.03457621297841362
2025-09-25,Bihar,Nawada,805103,26,-0.002734536216135286
2025-09-25,Bihar,Purnia,854304,36,-0.0014327407363243783
2025-09-25,Bihar,Purnia,854315,115,-0.048650614004966064
2025-09-25,Madhya Pradesh,Sheopur,476337,26,-0.015518002781993667
2025-09-25,Maharashtra,Hingoli,431513,22,-0.0017968053582841925
2025-09-25,Maharashtra,Thane,421301,36,-0.03575564265699749
2025-09-25,Maharashtra,Thane,421302,51,-0.029914597645983254
2025-09-25,Meghalaya,West Jaintia Hills,793150,17,-0.015632609195811553
2025-09-25,Punjab,Amritsar,143001,38,-0.05190249219997867
2025-09-25,Uttar Pradesh,Aligarh,202001,37,-0.005623029788689338
2025-09-25,Uttar Pradesh,Bahraich,271830,15,-0.0018713211736295365
2025-09-25,Uttar Pradesh,Bulandshahr,203001,28,-0.02546192093595223
2025-09-25,Madhya Pradesh,Jhabua,457661,52,-0.03566973824475039
2025-09-25,Maharashtra,Thane,400612,35,-0.002847851850233729
2025-09-25,Rajasthan,Alwar,301021,46,-0.029308488387175258
2025-09-25,Rajasthan,Jodhpur,342001,31,-0.0520643134641221
2025-09-25,Maharashtra,Aurangabad,431001,51,-0.02646415766519339
2025-09-25,Maharashtra,Dhule,424002,30,-0.009505043763159082
2025-09-25,Maharashtra,Nashik,423203,41,-0.07928260009823362
2025-09-25,Meghalaya,East Garo Hills,794111,21,-0.01697548458464615
2025-09-25,Rajasthan,Barmer,344704,45,-0.02298779425968034
2025-09-25,Uttar Pradesh,Bahraich,271855,53,-0.08598501307750395
2025-09-25,Bihar,Araria,854311,55,-0.031836815395972606
2025-09-25,Madhya Pradesh,Barwani,451666,36,-0.044518308368808546
2025-09-25,Andhra Pradesh,Tirupati,517541,12,-0.007046654157011667
2025-09-25,Bihar,Araria,854318,39,-0.010024077342637439
2025-09-25,Delhi,West Delhi,110059,48,-0.06756794325984139
2025-09-25,Uttar Pradesh,Lucknow,226003,36,-0.0015833939644737116
2025-09-25,Uttar Pradesh,Meerut,250002,35,-0.004298089637888913
2025-09-25,Uttar Pradesh,Rampur,244901,39,-0.014817609592326031
2025-09-25,Uttar Pradesh,Saharanpur,247001,58,-0.03973701412608244
2025-09-25,Delhi,North East Delhi,110094,37,-0.0015833939644737116
2025-09-25,Madhya Pradesh,Morena,476111,19,-0.011511490095022281
2025-09-25,West Bengal,Malda,732125,67,-0.044619012672236
2025-09-25,West Bengal,Uttar Dinajpur,733202,52,-0.07723215127074601
2025-09-25,Meghalaya,West Khasi Hills,793119,44,-0.06974650710121388
2025-09-25,Rajasthan,Jalor,343041,43,-0.021203783432137358
2025-09-26,Madhya Pradesh,Jhabua,457661,50,-0.03354035285875778
2025-09-26,Meghalaya,West Khasi Hills,793119,35,-0.06868434910607568
2025-09-26,Rajasthan,Bharatpur,321001,20,-0.013324108790333189
2025-09-26,Uttar Pradesh,Hapur,245101,23,-0.0049606560171704395
2025-09-26,Uttar Pradesh,Meerut,250002,24,-0.011159249654086545
2025-09-26,Meghalaya,West Jaintia Hills,793150,16,-0.00036924906244006905
2025-09-26,Uttar Pradesh,Agra,282001,34,-0.036775121477605754
2025-09-26,Uttar Pradesh,Aligarh,202001,20,-0.002136773160097749
2025-09-26,Madhya Pradesh,Barwani,451666,30,-0.010715522374520559
2025-09-26,Bihar,Buxar,802123,39,-0.01660446211718325
2025-09-26,Bihar,Purnia,854315,55,-0.0315552626164467
2025-09-26,West Bengal,Uttar Dinajpur,733207,33,-0.03241293809514734
2025-09-26,Uttar Pradesh,Ghaziabad,201102,23,-0.007182813285960377
2025-09-26,Uttar Pradesh,Moradabad,244001,54,-0.032036439886231394
2025-09-26,Andhra Pradesh,Tirupati,517541,25,-0.03573973756960136
2025-09-26,Rajasthan,Jalor,343041,41,-0.021582826829930513
2025-09-26,Uttar Pradesh,Bahraich,271855,37,-0.03867785435700577
2025-09-26,Uttar Pradesh,Saharanpur,247001,44,-0.03243499127430538
2025-09-27,Uttar Pradesh,Bahraich,271851,22,-0.014082684621348873
2025-09-27,Uttar Pradesh,Bahraich,271855,53,-0.03171258140958966
2025-09-28,Bihar,West Champaran,845449,11,-0.014472293883213916
2025-09-29,Uttar Pradesh,Bahraich,271855,50,-0.08624436682536585
2025-09-29,Uttar Pradesh,Bahraich,271825,12,-0.00662743157648038
2025-09-29,Uttar Pradesh,Kheri,261502,24,-0.01597599508883374
2025-09-29,Uttar Pradesh,Bahraich,271865,17,-0.029032496017429188
2025-09-30,Meghalaya,West Khasi Hills,793119,24,-0.010249404315916255
2025-09-30,Meghalaya,West Jaintia Hills,793150,23,-0.00542607318021715
2025-09-30,Uttar Pradesh,Bahraich,271825,12,-0.004172018818249912
2025-10-13,Rajasthan,Tonk,304001,26,-0.051397531958374376
2025-10-13,Madhya Pradesh,Jhabua,457779,16,-0.0033992774285146465
2025-10-13,Madhya Pradesh,Singrauli,486886,42,-0.019124694392063324
2025-10-13,Maharashtra,Chhatrapati Sambhajinagar,431001,18,-0.016870188863318147
2025-10-13,Meghalaya,Ri Bhoi,793105,57,-0.005449359647897056
2025-10-13,Meghalaya,West Garo Hills,794101,10,-0.005877332178075179
2025-10-13,Meghalaya,West Jaintia Hills,793151,42,-0.030888953148624942
2025-10-13,Uttar Pradesh,Aligarh,202001,43,-0.042994148844762936
2025-10-13,Uttar Pradesh,Firozabad,283203,26,-0.009092147309097687
2025-10-13,Uttar Pradesh,Gautam Buddha Nagar,201306,32,-0.043109494688501004
2025-10-13,Uttar Pradesh,Kheri,262802,32,-0.001772402645990212
2025-10-13,Uttar Pradesh,Lucknow,226003,41,-0.04006756969579528
2025-10-13,Uttar Pradesh,Siddharthnagar,272153,35,-0.060951395143829856
2025-10-13,Uttar Pradesh,Siddharthnagar,272192,25,-0.009443113333832853
2025-10-13,West Bengal,North 24 Parganas,743423,38,-0.069685311791441
2025-10-13,West Bengal,Uttar Dinajpur,733201,59,-0.06936815332958735
2025-10-13,Assam,Darrang,784125,24,-0.0016792828780703983
2025-10-13,Assam,Dhemaji,787110,12,-0.002073753716396287
2025-10-13,Assam,Udalguri,784507,9,-0.00178560477370715
2025-10-13,Bihar,Araria,854333,43,-0.0371007393622117
2025-10-13,Bihar,Aurangabad,824120,39,-0.0369121900348679
2025-10-13,Bihar,Begusarai,851112,46,-0.07376286541576516
2025-10-13,Bihar,Bhagalpur,812005,23,-0.008009036366712574
2025-10-13,Bihar,Gopalganj,841508,12,-0.001711378362093674
2025-10-13,Bihar,Jamui,811308,46,-0.04233183117251438
2025-10-13,Bihar,Kishanganj,855115,44,-0.02102310694423859
2025-10-13,Bihar,Madhepura,852220,24,-0.0016792828780703983
2025-10-13,Bihar,Munger,813212,14,-0.01877636799445459
2025-10-13,Bihar,Nawada,805110,16,-0.04474454324130317
2025-10-13,Bihar,Nawada,805130,36,-0.05198031656368285
2025-10-13,Bihar,Patna,804452,25,-0.009443113333832853
2025-10-13,Bihar,Purnia,854326,39,-0.010260859011080647
2025-10-13,Bihar,Purnia,854330,98,-0.06764291718898796
2025-10-13,Bihar,Saharsa,852124,25,-0.010957935995487889
2025-10-13,Bihar,Sheikhpura,811105,52,-0.042475094537381186
2025-10-13,Bihar,Sitamarhi,843302,38,-0.06172655159725293
2025-10-13,Bihar,Supaul,852137,45,-0.02102310694423859
2025-10-13,Bihar,Vaishali,844122,48,-0.05184550807584587
2025-10-13,Delhi,West Delhi,110059,55,-0.08764773559600136
2025-10-13,Gujarat,Banaskantha,385310,27,-0.04769851435601635
2025-10-13,Gujarat,Surat,395009,16,-0.0011715766333432187
2025-10-13,Gujarat,Surendra Nagar,363310,26,-0.006038028568805198
2025-10-13,Jharkhand,Deoghar,815357,23,-0.04810066375827138
2025-10-13,Jharkhand,Dumka,814119,14,-0.006496163525186893
2025-10-13,Jharkhand,Giridih,815312,39,-0.02671044405218781
2025-10-13,Karnataka,Bengaluru,560068,29,-0.06368329625813285
2025-10-13,Madhya Pradesh,Katni,483501,43,-0.01049401437753239
2025-10-13,Madhya Pradesh,Panna,488333,18,-0.026407115687055227
2025-10-13,Maharashtra,Thane,421301,44,-0.021491716655913096
2025-10-13,Maharashtra,Thane,421302,69,-0.06865446327765568
2025-10-13,Meghalaya,West Jaintia Hills,793150,17,-0.02000638932228682
2025-10-13,Rajasthan,Alwar,301001,43,-0.035989408474359386
2025-10-13,Rajasthan,Udaipur,307025,35,-0.010964149674347334
2025-10-13,Assam,Dhemaji,786110,54,-0.017123710305794182
2025-10-13,Assam,Kamrup,781127,27,-0.015420559984964388
2025-10-13,Assam,Kamrup Metro,781022,12,-0.002073753716396287
2025-10-13,Assam,Karbi Anglong,782441,10,-0.010375448940975973
2025-10-13,Assam,Kokrajhar,783350,13,-0.004382996137120676
2025-10-13,Bihar,Araria,854311,94,-0.07068166647874163
2025-10-13,Bihar,Araria,854312,58,-0.06612816223558438
2025-10-13,Bihar,Araria,854318,39,-0.054843452107676494
2025-10-13,Bihar,Araria,854329,37,-0.006728139509030617
2025-10-13,Bihar,Begusarai,851129,17,-0.0038613982981110517
2025-10-13,Bihar,Bhagalpur,813204,24,-0.006590432841118821
2025-10-13,Bihar,East Champaran,845418,23,-0.008009036366712574
2025-10-13,Bihar,Gaya,823003,33,-0.06568460214003968
2025-10-13,Bihar,Gaya,824232,51,-0.05967214643097574
2025-10-13,Bihar,Jamui,811301,14,-0.015340296178893875
2025-10-13,Bihar,Jamui,811314,40,-0.06273008640282995
2025-10-13,Bihar,Kaimur (Bhabua),821109,20,-0.02627328350792868
2025-10-13,Bihar,Katihar,855113,45,-0.027843302813970405
2025-10-13,Bihar,Khagaria,851201,15,-0.00752129104513688
2025-10-13,Bihar,Kishanganj,855117,38,-0.021071114767914678
2025-10-13,Bihar,Madhubani,847108,33,-0.025750509419912526
2025-10-13,Bihar,Munger,813321,17,-0.017654552994328943
2025-10-13,Bihar,Purnia,854315,113,-0.06865446327765568
2025-10-13,Bihar,Saharsa,852126,22,-0.03491976173821898
2025-10-13,Bihar,Saharsa,852127,34,-0.01037162991519558
2025-10-13,Bihar,Samastipur,848211,19,-0.02296445820696469
2025-10-13,Bihar,Sitamarhi,843324,43,-0.04196484075752138
2025-10-13,Bihar,West Champaran,845105,29,-0.025840572721135047
2025-10-13,Bihar,West Champaran,845106,33,-0.007237581401429716
2025-10-13,Bihar,West Champaran,845454,25,-0.04656677459617986
2025-10-13,Delhi,North East Delhi,110053,32,-0.03957448926001095
2025-10-13,Gujarat,Banaskantha,385535,27,-0.05512738691664876
2025-10-13,Gujarat,Rajkot,360370,15,-0.016791618009256992
2025-10-13,Haryana,Faridabad,121004,35,-0.004353296594600153
2025-10-13,Uttar Pradesh,Bahraich,271830,18,-0.029247929513256055
2025-10-13,Uttar Pradesh,Bulandshahr,203001,33,-0.007702300093693659
2025-10-13,Uttar Pradesh,Kanpur Nagar,208001,36,-0.009098344194331864
2025-10-13,Uttar Pradesh,Kheri,262724,17,-0.017654552994328943
2025-10-13,Uttar Pradesh,Meerut,250002,70,-0.09704623586065408
2025-10-13,West Bengal,Murshidabad,742202,71,-0.00939296780674137
2025-10-13,West Bengal,South 24 Parganas,743329,50,-0.04926716387100283
2025-10-13,West Bengal,Uttar Dinajpur,733202,68,-0.0747525689962254
2025-10-13,West Bengal,Uttar Dinajpur,733210,69,-0.06865446327765568
2025-10-13,Madhya Pradesh,Gwalior,475110,20,-0.02011902512708308
2025-10-13,Maharashtra,Aurangabad,431001,78,-0.08764773559600136
2025-10-13,Meghalaya,Ri Bhoi,793103,45,-0.017123710305794182
2025-10-13,Meghalaya,Ri Bhoi,793116,13,-0.004382996137120676
2025-10-13,Meghalaya,West Garo Hills,794109,17,-0.010911689287603332
2025-10-13,Meghalaya,West Khasi Hills,793119,58,-0.08097498668737702
2025-10-13,Gujarat,Bhavnagar,364290,16,-0.021244086747438384
2025-10-13,Jharkhand,Chatra,825401,37,-0.02575561707830265
2025-10-13,Jharkhand,Deoghar,814149,19,-0.028284926134379273
2025-10-13,Jharkhand,Jamtara,815352,48,-0.0342866256567842
2025-10-13,Karnataka,Bengaluru,560037,15,-0.018392129316006756
2025-10-13,Uttar Pradesh,Bahraich,271825,13,-0.009659229035181016
2025-10-13,Uttar Pradesh,Bareilly,243001,15,-0.0006331085539488246
2025-10-13,Uttar Pradesh,Gorakhpur,273015,23,-0.006126466168590361
2025-10-13,Uttar Pradesh,Moradabad,244001,105,-0.08495003162280579
2025-10-13,Uttar Pradesh,Rampur,244901,50,-0.05531692035313329
2025-10-13,Assam,Cachar,788815,18,-0.02865040783540984
2025-10-13,Assam,Cachar,788817,18,-0.02529136329720716
2025-10-13,Assam,Dibrugarh,786612,19,-0.02291687121891428
2025-10-13,Assam,Nalbari,781126,15,-7.028182768520352e-05
2025-10-13,Bihar,Araria,854334,29,-0.014437466808276622
2025-10-13,Bihar,Gaya,823001,23,-0.008009036366712574
2025-10-13,Bihar,Gaya,824236,24,-0.039304668751564575
2025-10-13,Bihar,Jamui,811307,23,-0.03777931282501734
2025-10-13,Bihar,Jamui,811316,28,-0.05016236358480686
2025-10-13,Bihar,Jehanabad,804432,11,-0.00536021492388894
2025-10-13,Bihar,Katihar,854105,32,-0.03617745849848819
2025-10-13,Bihar,Madhubani,847408,40,-0.06273008640282995
2025-10-13,Bihar,Munger,811213,26,-0.02203370050047715
2025-10-13,Bihar,Muzaffarpur,843125,32,-0.001772402645990212
2025-10-13,Bihar,Nawada,805107,26,-0.009217518265811964
2025-10-13,Bihar,Purnia,854204,49,-0.056809708805808046
2025-10-13,Bihar,Sitamarhi,843327,37,-0.023416446716804873
2025-10-13,Bihar,Siwan,841226,27,-0.024090193405507776
2025-10-13,Bihar,Siwan,841241,12,-0.0010537096240493815
2025-10-13,Bihar,Siwan,841406,33,-0.026618036605552176
2025-10-13,Bihar,Supaul,852131,39,-0.08661050571229889
2025-10-13,Bihar,Vaishali,844505,34,-0.03648330404122768
2025-10-13,Bihar,West Champaran,845451,26,-0.007984217827301854
2025-10-13,Bihar,West Champaran,845455,39,-0.07721492000143981
2025-10-13,West Bengal,Murshidabad,742224,57,-0.05570440796303067
2025-10-13,West Bengal,Uttar Dinajpur,733208,52,-0.0266620497221407
2025-10-13,Gujarat,Morbi,363621,28,-0.06663865420905879
2025-10-13,Jharkhand,Palamu,822123,29,-0.011829271542529662
2025-10-13,Karnataka,Bengaluru,560043,16,-0.019614164682853263
2025-10-13,Bihar,Aurangabad,824124,36,-0.03793782596995088
2025-10-13,Bihar,Banka,813106,45,-0.04196484075752138
2025-10-13,Bihar,Begusarai,851133,26,-0.014436563932520685
2025-10-13,Bihar,Darbhanga,847203,48,-0.04686196358048511
2025-10-13,Bihar,East Champaran,845302,26,-0.05552138929240302
2025-10-13,Bihar,East Champaran,845303,31,-0.014437466808276622
2025-10-13,Bihar,Gaya,824201,48,-0.04428769975845537
2025-10-13,Bihar,Gaya,824206,41,-0.029322257872373192
2025-10-13,Bihar,Kishanganj,855101,70,-0.00939296780674137
2025-10-13,Bihar,Kishanganj,855107,74,-0.06663273897111022
2025-10-13,Bihar,Lakhisarai,811311,31,-0.032696552501726095
2025-10-13,Bihar,Madhepura,852101,44,-0.07436887018550875
2025-10-13,Bihar,Muzaffarpur,843321,17,-0.016537570909867627
2025-10-13,Bihar,Patna,804451,20,-0.02092337618465201
2025-10-13,Bihar,Purnia,854304,48,-0.047499183185748306
2025-10-13,Bihar,Saharsa,852129,31,-0.001169159547489973
2025-10-13,Bihar,Samastipur,848114,39,-0.06373498008342804
2025-10-13,Bihar,Saran,841101,46,-0.03566973824475039
2025-10-13,Bihar,Sitamarhi,843330,14,-0.009264069779285622
2025-10-13,Bihar,Vaishali,844508,35,-0.006621375646658101
2025-10-13,Bihar,West Champaran,845306,19,-0.02618412871063258
2025-10-13,Chhattisgarh,Balrampur,497225,42,-0.01259784474923109
2025-10-13,Chhattisgarh,Mahasamund,493445,19,-0.032770627580680056
2025-10-13,Chhattisgarh,Raigarh,496001,29,-0.04968466467107624
2025-10-13,Delhi,North East Delhi,110094,38,-0.02671044405218781
2025-10-13,Uttar Pradesh,Bahraich,271801,23,-0.004298419997278424
2025-10-13,Uttar Pradesh,Deoria,274001,34,-0.012847728710638329
2025-10-13,Assam,Kamrup Metro,781029,12,-0.005877332178075179
2025-10-13,Assam,Karbi Anglong,782482,11,-0.0024574060183439883
2025-10-13,Uttar Pradesh,Hardoi,241001,49,-0.05531692035313329
2025-10-13,Uttar Pradesh,Kheri,261505,40,-0.034149802798636664
2025-10-13,Uttar Pradesh,Maharajganj,273164,29,-0.025840572721135047
2025-10-13,Uttar Pradesh,Pilibhit,262122,37,-0.020188318114852777
2025-10-13,Uttar Pradesh,Saharanpur,247001,74,-0.06814851913376818
2025-10-13,Maharashtra,Chhatrapati Sambhajinagar,431007,10,-0.005877332178075179
2025-10-13,Punjab,Amritsar,143001,33,-0.021314142567285033
2025-10-13,Rajasthan,Banswara,327001,37,-0.017396064101911968
2025-10-13,Rajasthan,Bikaner,334001,35,-0.01331624443616275
2025-10-13,Rajasthan,Jalor,343041,35,-0.01331624443616275
2025-10-13,Gujarat,Banaskantha,385001,26,-0.0042909967277163785
2025-10-13,Gujarat,Banaskantha,385565,13,-0.015072928984800837
2025-10-13,Gujarat,Rajkot,360003,27,-0.05976402302627204
2025-10-13,Gujarat,Surat,394210,18,-0.018744698469264076
2025-10-13,Gujarat,Surendra Nagar,363530,18,-0.023805566893950525
2025-10-13,Jharkhand,Deoghar,814150,17,-0.02399351921752324
2025-10-13,Jharkhand,Deoghar,815353,55,-0.11457693316909479
2025-10-13,Jharkhand,Dhanbad,828109,47,-0.043447682988117964
2025-10-13,Jharkhand,Gumla,835231,11,-0.0032335062259322145
2025-10-13,Karnataka,Bengaluru,560035,13,-0.009316500292327445
2025-10-13,Karnataka,Bengaluru,560087,11,-0.007232502302155885
2025-10-13,Madhya Pradesh,Bhind,477001,26,-0.04820275128494167
2025-10-13,Madhya Pradesh,Jhabua,457661,49,-0.09168495223949158
2025-10-13,Madhya Pradesh,Morena,476221,23,-0.03439076410438835
2025-10-13,Uttar Pradesh,Agra,282001,29,-0.027429841842917746
2025-10-13,Uttar Pradesh,Bahraich,271855,80,-0.115652032072877
2025-10-13,Uttar Pradesh,Bahraich,271865,38,-0.07052999744467514
2025-10-13,Uttar Pradesh,Gautam Buddha Nagar,201301,50,-0.09915038106975849
2025-10-13,Uttar Pradesh,Ghaziabad,201102,52,-0.054819997156196454
2025-10-13,Uttar Pradesh,Mirzapur,231001,36,-0.019242310734714163
2025-10-13,Uttar Pradesh,Shahjahanpur,242001,39,-0.02862397851159426
2025-10-13,Assam,Dhemaji,787057,24,-0.03826735342900667
2025-10-13,Bihar,Gopalganj,841405,26,-0.02203370050047715
2025-10-13,Bihar,Jamui,811303,42,-0.03299451504739592
2025-10-13,Bihar,Katihar,854103,36,-0.056305154109290934
2025-10-13,Bihar,Katihar,854317,63,-0.08920621445541355
2025-10-13,Bihar,Madhepura,852128,35,-0.010964149674347334
2025-10-13,Bihar,Samastipur,848117,39,-0.015546569983008629
2025-10-13,Bihar,Sheohar,843329,36,-0.004353296594600153
2025-10-13,Bihar,West Champaran,845438,67,-0.07132193991073743
2025-10-13,Delhi,East Delhi,110092,24,-0.03198499007665556
2025-10-13,West Bengal,Uttar Dinajpur,733207,77,-0.09809759664738826
2025-10-13,West Bengal,Uttar Dinajpur,733209,32,-0.005720562369332383
2025-10-15,Delhi,West Delhi,110059,38,-0.03802501761478594
2025-10-15,Madhya Pradesh,Jhabua,457661,26,-0.04749278430280579
2025-10-15,Uttar Pradesh,Bahraich,271801,32,-0.028023164701752368
2025-10-15,Uttar Pradesh,Hapur,245101,39,-0.018457825490715063
2025-10-15,Maharashtra,Nashik,423203,72,-0.05858348770639987
2025-10-15,Maharashtra,Thane,421302,48,-0.04527023098943983
2025-10-15,Assam,Dhubri,783348,39,-0.03908759688271923
2025-10-15,Bihar,Katihar,855113,32,-0.026111254053664434
2025-10-15,Bihar,Supaul,852130,21,-0.008658984450960805
2025-10-15,Bihar,West Champaran,845455,28,-0.03661291997971705
2025-10-15,West Bengal,Uttar Dinajpur,733210,58,-0.044244875041586695
2025-10-15,Madhya Pradesh,Shivpuri,473551,45,-0.05694097963939304
2025-10-15,Manipur,Churachandpur,795128,20,-0.018981354773323078
2025-10-15,Meghalaya,West Garo Hills,794104,19,-0.015491528773386665
2025-10-15,Meghalaya,West Khasi Hills,793119,55,-0.02124343528831507
2025-10-15,Rajasthan,Alwar,301001,30,-0.01294126827136155
2025-10-15,Uttar Pradesh,Bahraich,271855,54,-0.0923326782550491
2025-10-15,Uttar Pradesh,Bareilly,243001,25,-0.04186614146235956
2025-10-15,Uttar Pradesh,Deoria,274001,29,-0.03661291997971705
2025-10-15,Bihar,Bhagalpur,853204,25,-0.03253309404982374
2025-10-15,Bihar,Darbhanga,847422,21,-0.013711903664594738
2025-10-15,Bihar,Katihar,854317,52,-0.03985186260470752
2025-10-15,Bihar,Kishanganj,855101,70,-0.02511304279882709
2025-10-15,Bihar,Kishanganj,855115,28,-0.002795857154701986
2025-10-15,Bihar,Lakhisarai,811311,19,-0.014793662667558771
2025-10-15,Bihar,Purnia,854330,55,-0.041801010449248
2025-10-15,Bihar,Siwan,841406,21,-0.012327879695247734
2025-10-15,Bihar,Vaishali,843114,35,-0.04560160766555843
2025-10-15,Gujarat,Banaskantha,385320,20,-0.009091731925585766
2025-10-15,Haryana,Faridabad,121004,32,-0.004644582827286636
2025-10-15,Jharkhand,Giridih,815312,20,-0.005408026560566936
2025-10-15,Assam,Dhubri,783371,43,-0.016734443727663306
2025-10-15,West Bengal,Uttar Dinajpur,733202,61,-0.05063775013860072
2025-10-15,Bihar,Gaya,824201,35,-0.022658200097146586
2025-10-15,Bihar,Gopalganj,841409,20,-0.021953928039416204
2025-10-15,Bihar,Kishanganj,855107,47,-0.002513984967754568
2025-10-15,Bihar,Madhepura,852210,34,-0.0188662140375776
2025-10-15,Bihar,Nalanda,803101,34,-0.04677949531148451
2025-10-15,Bihar,Nawada,805106,35,-0.04835704642631222
2025-10-15,Bihar,Patna,801503,17,-0.009879036884246628
2025-10-15,Bihar,Purnia,854315,88,-0.06008291323693549
2025-10-15,Bihar,Samastipur,848114,43,-0.028942262617689507
2025-10-15,Bihar,Sitamarhi,843302,36,-0.04609229171589624
2025-10-15,Bihar,West Champaran,845438,49,-0.07604184307665485
2025-10-15,Jharkhand,Garhwa,822112,21,-0.013256577678157577
2025-10-15,Uttar Pradesh,Ghaziabad,201102,33,-0.028023164701752368
2025-10-15,Uttar Pradesh,Meerut,250001,31,-0.04120035881050499
2025-10-15,Uttar Pradesh,Moradabad,244001,71,-0.05212103135824486
2025-10-15,Uttar Pradesh,Shamli,247776,19,-0.0021724291423990127
2025-10-15,Uttar Pradesh,Sultanpur,228001,24,-0.020064750155595057
2025-10-15,Uttar Pradesh,Unnao,209801,39,-0.01932384033340473
2025-10-15,West Bengal,Uttar Dinajpur,733207,60,-0.07172733470018733
2025-10-15,West Bengal,Uttar Dinajpur,733208,29,-0.01294126827136155
2025-10-15,Uttar Pradesh,Bareilly,243123,19,-0.004932371757249254
2025-10-15,Uttar Pradesh,Fatehpur,212601,19,-0.015491528773386665
2025-10-15,Uttar Pradesh,Gautam Buddha Nagar,201301,36,-0.04560160766555843
2025-10-15,Bihar,Araria,854311,91,-0.06008291323693549
2025-10-15,Bihar,Araria,854312,32,-0.025227954394422714
2025-10-15,Bihar,East Champaran,845301,14,-0.008059454048288561
2025-10-15,Bihar,Jamui,811307,25,-0.027393876192272293
2025-10-15,Bihar,Nawada,805126,22,-0.02490855554630067
2025-10-15,Bihar,Nawada,805130,49,-0.007888477047686582
2025-10-15,Bihar,Siwan,841226,35,-0.024336726346383064
2025-10-15,Bihar,West Champaran,845451,24,-0.02460368008399283
2025-10-15,Bihar,West Champaran,845454,27,-0.04089708628211497
2025-10-15,Delhi,North East Delhi,110094,43,-0.023216427416656416
2025-10-15,Jharkhand,Deoghar,815353,42,-0.026550078251483922
2025-10-15,Maharashtra,Aurangabad,431001,55,-0.041801010449248
2025-10-15,Meghalaya,East Garo Hills,794111,13,-0.006090357991560658
2025-10-15,Uttar Pradesh,Rampur,244901,45,-0.026551927792219154
2025-10-15,West Bengal,Uttar Dinajpur,733201,28,-0.007007463121007307
2025-10-15,Bihar,Araria,854318,28,-0.010266014076201424
2025-10-15,Bihar,Araria,854333,45,-0.08402356323804772
2025-10-15,Bihar,East Champaran,845302,30,-0.038553290255027184
2025-10-15,Bihar,Gaya,823003,30,-0.03363835575655749
2025-10-15,Bihar,Gaya,824206,42,-0.004815533627942847
2025-10-15,Bihar,Gaya,824232,55,-0.05852626874273559
2025-10-15,Bihar,Gopalganj,841405,18,-0.0006035447394213689
2025-10-15,Bihar,Jamui,811314,29,-0.015818352534016422
2025-10-15,Bihar,Madhepura,852128,37,-0.013773013014841462
2025-10-15,Bihar,Muzaffarpur,843111,19,-0.018187053392592523
2025-10-15,Bihar,Nawada,805104,30,-0.04076282892862071
2025-10-15,Bihar,Purnia,854204,40,-0.05414947908741419
2025-10-15,Bihar,Saharsa,852127,31,-0.017230886994761496
2025-10-15,Bihar,Vaishali,844122,40,-0.05224038529633179
2025-10-15,Bihar,West Champaran,845449,21,-0.01850900740803474
2025-10-15,Gujarat,Banaskantha,385535,17,-0.010709097197584172
2025-10-15,Uttar Pradesh,Meerut,250002,52,-0.04131322883910293
2025-10-16,Madhya Pradesh,Jhabua,457661,17,-0.004266962610619429
2025-10-16,Maharashtra,Nashik,423203,34,-0.02925499569488843
2025-10-16,Maharashtra,Thane,421302,33,-0.05713334018937932
2025-10-16,Uttar Pradesh,Bareilly,243005,25,-0.009919777899491278
2025-10-16,Bihar,Kishanganj,855115,26,-0.0034379433190646624
2025-10-16,Bihar,Vaishali,844508,22,-0.02682754078047611
2025-10-16,Bihar,West Champaran,845453,20,-0.0026747555759826236
2025-10-16,West Bengal,Uttar Dinajpur,733202,49,-0.026550078251483922
2025-10-16,West Bengal,Uttar Dinajpur,733210,52,-0.0601293389487203
2025-10-16,Jharkhand,West Singhbhum,833214,19,-0.0021765850601568326
2025-10-16,Madhya Pradesh,Indore,452002,18,-0.003607232850641018
2025-10-16,Uttar Pradesh,Bareilly,243001,27,-0.016822252590605435
2025-10-16,Uttar Pradesh,Bareilly,243202,17,-0.0012871800669213007
2025-10-16,Uttar Pradesh,Moradabad,244001,32,-0.027903861166005295
2025-10-16,Bihar,Sitamarhi,843302,22,-0.012409022185158602
2025-10-16,West Bengal,Uttar Dinajpur,733201,28,-0.007143889566979977
2025-10-16,Bihar,West Champaran,845449,21,-0.006803593241131889
2025-10-16,Punjab,Amritsar,143001,27,-0.03247785586685337
2025-10-16,Uttar Pradesh,Bahraich,271855,42,-0.004903250984516161
2025-10-16,Madhya Pradesh,Shivpuri,473551,30,-0.006596345850358398
2025-10-16,Uttar Pradesh,Siddharthnagar,272192,25,-0.005912737707152282
2025-10-16,West Bengal,Uttar Dinajpur,733207,41,-0.0180049124888908
2025-10-16,Uttar Pradesh,Bareilly,243123,30,-0.04769680306414492
2025-10-16,Uttar Pradesh,Deoria,274001,21,-0.0018225423002957708
2025-10-16,Jharkhand,Deoghar,815353,26,-0.008871477321719445
2025-10-16,Assam,Dhubri,783348,19,-0.005328057194043834
2025-10-16,Bihar,Araria,854311,55,-0.00713464529403296
2025-10-16,Bihar,Katihar,854317,42,-0.0180049124888908
2025-10-16,Bihar,Sitamarhi,843324,30,-0.037310573415386794
2025-10-16,Bihar,West Champaran,845452,23,-0.007811347886420572
2025-10-17,Bihar,Araria,854329,88,-0.05004163183329813
2025-10-17,Bihar,Aurangabad,824124,37,-0.027770924471697933
2025-10-17,Bihar,Banka,813104,37,-0.009770854111004645
2025-10-17,Bihar,Darbhanga,847201,37,-0.012574193222712804
2025-10-17,Bihar,East Champaran,845301,18,-0.005223921704260559
2025-10-17,Bihar,East Champaran,845418,44,-0.011322207654225536
2025-10-17,Bihar,East Champaran,845433,26,-0.02611681506048802
2025-10-17,Bihar,Gaya,823001,42,-0.043708831056204156
2025-10-17,Bihar,Jamui,811305,30,-0.02057886230233985
2025-10-17,Bihar,Katihar,854105,33,-0.005587125690378558
2025-10-17,Bihar,Khagaria,848203,41,-0.0061435481615733645
2025-10-17,Bihar,Kishanganj,855116,37,-0.0011049053373241025
2025-10-17,Bihar,Madhubani,847108,28,-0.032278107516026666
2025-10-17,Bihar,Madhubani,847226,31,-0.023558235276739947
2025-10-17,Bihar,Madhubani,847235,41,-0.016340864544209244
2025-10-17,Bihar,Madhubani,847408,67,-0.044143342840521904
2025-10-17,Bihar,Sitamarhi,843302,63,-0.048562567012855884
2025-10-17,Bihar,Vaishali,843114,42,-0.021636467915381985
2025-10-17,Bihar,Vaishali,844102,38,-0.026417658268689914
2025-10-17,Bihar,Vaishali,844503,35,-0.001520990681883716
2025-10-17,Bihar,Vaishali,844505,47,-0.033112677629757004
2025-10-17,Bihar,West Champaran,845454,48,-0.05852626874273559
2025-10-17,Bihar,West Champaran,845455,21,-0.007700437111645142
2025-10-17,Gujarat,Panchmahals,389001,34,-0.04125734893294675
2025-10-17,Gujarat,Rajkot,360003,28,-0.031415483749609674
2025-10-17,Jharkhand,Dhanbad,828109,57,-0.03975094678276658
2025-10-17,Jharkhand,Garhwa,822114,57,-0.03975094678276658
2025-10-17,Jharkhand,Giridih,815312,37,-0.016909441271390158
2025-10-17,Jharkhand,Hazaribagh,825301,41,-0.017271788720400916
2025-10-17,Uttar Pradesh,Bareilly,243001,47,-0.059025700400807346
2025-10-17,Uttar Pradesh,Bijnor,246731,40,-0.017271788720400916
2025-10-17,Uttar Pradesh,Bijnor,246763,50,-0.031187011624248084
2025-10-17,Uttar Pradesh,Budaun,243601,72,-0.1016789770882871
2025-10-17,Uttar Pradesh,Gautam Buddha Nagar,203207,34,-0.000600226335362386
2025-10-17,Uttar Pradesh,Hardoi,241001,48,-0.027100563161817637
2025-10-17,Uttar Pradesh,Hathras,204101,46,-0.02974617832432247
2025-10-17,Uttar Pradesh,Kanpur Nagar,208021,33,-0.04992739483736086
2025-10-17,Uttar Pradesh,Kheri,262802,50,-0.033594908981775196
2025-10-17,Uttar Pradesh,Meerut,250001,43,-0.026395585413502398
2025-10-17,Uttar Pradesh,Mirzapur,231001,65,-0.04981193023916353
2025-10-17,Uttar Pradesh,Rampur,244901,77,-0.05847994366912035
2025-10-17,Uttar Pradesh,Sitapur,261151,46,-0.018340120962747397
2025-10-17,Uttar Pradesh,Unnao,209801,66,-0.04882586410720824
2025-10-17,West Bengal,Cooch Behar,736135,36,-0.014557894340870181
2025-10-17,West Bengal,Malda,732125,96,-0.05350448050166212
2025-10-17,West Bengal,North 24 Parganas,743423,41,-0.039298163376601525
2025-10-17,Rajasthan,Alwar,301707,29,-0.0352732743378954
2025-10-17,Madhya Pradesh,Alirajpur,457990,34,-0.001520990681883716
2025-10-17,Madhya Pradesh,Dhar,454775,22,-0.022464542578255142
2025-10-17,Madhya Pradesh,Singrauli,486886,98,-0.04905525508563824
2025-10-17,Maharashtra,Aurangabad,431001,110,-0.06612816223558438
2025-10-17,Maharashtra,Palghar,401209,32,-0.029635119827602474
2025-10-17,Maharashtra,Parbhani,431401,60,-0.03334197825440999
2025-10-17,Maharashtra,Thane,400612,62,-0.04072472467279642
2025-10-17,Meghalaya,West Jaintia Hills,793150,19,-0.005407113974083444
2025-10-17,Nagaland,Kiphire,798611,25,-0.004399227579137799
2025-10-17,Assam,Hojai,782435,45,-0.05008742713000769
2025-10-17,West Bengal,South 24 Parganas,743502,61,-0.027720652758673192
2025-10-17,Telangana,Hyderabad,500053,60,-0.03334197825440999
2025-10-17,Uttar Pradesh,Agra,282007,46,-0.023437625249945304
2025-10-17,Uttar Pradesh,Bahraich,271801,40,-0.022110931993639227
2025-10-17,Uttar Pradesh,Bahraich,271855,71,-0.08609241686476077
2025-10-17,Uttar Pradesh,Bahraich,271903,42,-0.008001346112669006
2025-10-17,Uttar Pradesh,Budaun,243638,31,-0.020236879818548492
2025-10-17,Uttar Pradesh,Bulandshahr,203131,36,-0.010704036299880593
2025-10-17,Uttar Pradesh,Fatehpur,212601,62,-0.048562567012855884
2025-10-17,Uttar Pradesh,Firozabad,283203,40,-0.022110931993639227
2025-10-17,Uttar Pradesh,Gautam Buddha Nagar,201301,60,-0.08754011358354918
2025-10-17,Uttar Pradesh,Lucknow,226003,69,-0.049548276617222275
2025-10-17,Uttar Pradesh,Meerut,250002,117,-0.07434825632889974
2025-10-17,Uttar Pradesh,Pilibhit,262122,44,-0.02544118420957442
2025-10-17,Uttar Pradesh,Saharanpur,247554,42,-0.026395585413502398
2025-10-17,Uttar Pradesh,Sitapur,261135,40,-0.018324192628381364
2025-10-17,West Bengal,Howrah,711312,44,-0.02974617832432247
2025-10-17,West Bengal,Howrah,711401,38,-0.011638482100102765
2025-10-17,West Bengal,Murshidabad,742202,80,-0.016793390378522455
2025-10-17,West Bengal,North 24 Parganas,743425,48,-0.027100563161817637
2025-10-17,West Bengal,South 24 Parganas,743337,51,-0.029015154848192615
2025-10-17,West Bengal,Uttar Dinajpur,733201,69,-0.03866622353342808
2025-10-17,West Bengal,Uttar Dinajpur,733202,114,-0.07434825632889974
2025-10-17,Bihar,Banka,813106,54,-0.03975094678276658
2025-10-17,Bihar,Begusarai,851211,41,-0.020688502263807473
2025-10-17,Bihar,Buxar,802114,25,-0.0020444129463006444
2025-10-17,Bihar,Darbhanga,847203,58,-0.04169982114434789
2025-10-17,Bihar,Gaya,823003,64,-0.07227718431866181
2025-10-17,Bihar,Gaya,824232,73,-0.05486534775800711
2025-10-17,Bihar,Jamui,811303,57,-0.039524485784474206
2025-10-17,Bihar,Katihar,854317,150,-0.07536888204073067
2025-10-17,Bihar,Katihar,855102,78,-0.05004163183329813
2025-10-17,Bihar,Kishanganj,855115,47,-0.02782961091073366
2025-10-17,Bihar,Kishanganj,855117,79,-0.05102934422244898
2025-10-17,Bihar,Nawada,805130,45,-0.05295199643561055
2025-10-17,Bihar,Purnia,854102,44,-0.016811744477340573
2025-10-17,Bihar,Purnia,854304,86,-0.06461647875137178
2025-10-17,Bihar,Saharsa,852127,41,-0.016340864544209244
2025-10-17,Bihar,Samastipur,848114,63,-0.044143342840521904
2025-10-17,Bihar,Siwan,841226,51,-0.031667939656145006
2025-10-17,Bihar,Supaul,847452,27,-0.003995926130883176
2025-10-17,Bihar,Supaul,852137,48,-0.004653781303827875
2025-10-17,Bihar,Vaishali,844122,63,-0.04538512146408524
2025-10-17,Bihar,West Champaran,845453,41,-0.008932132230969891
2025-10-17,Chhattisgarh,Kondagaon,494226,59,-0.04561342859157902
2025-10-17,Delhi,South Delhi,110044,47,-0.016331292091180116
2025-10-17,Haryana,Gurgaon,122001,38,-0.03688247309417236
2025-10-17,Jammu and Kashmir,Bandipore,193502,26,-0.0008152249959405555
2025-10-17,Jharkhand,Giridih,815314,57,-0.04072472467279642
2025-10-17,Jharkhand,Jamtara,815351,52,-0.036837506783241714
2025-10-17,Jharkhand,Ranchi,834001,39,-0.014449418290851335
2025-10-17,Rajasthan,Bikaner,334001,37,-0.002904475472576107
2025-10-17,Rajasthan,Jaipur,302012,33,-0.029586607485484806
2025-10-17,Rajasthan,Tonk,304001,26,-0.03217693016455858
2025-10-17,Rajasthan,Udaipur,307025,51,-0.0259343250791898
2025-10-17,Rajasthan,Udaipur,313001,34,-0.001520990681883716
2025-10-17,Madhya Pradesh,Dhar,454010,26,-0.02249200937261342
2025-10-17,Madhya Pradesh,Indore,452001,40,-0.07723215127074601
2025-10-17,Madhya Pradesh,Jhabua,457661,49,-0.0808240825055263
2025-10-17,Assam,Sibsagar,785640,25,-0.010519460660316615
2025-10-17,Bihar,Araria,854318,109,-0.09547185978687844
2025-10-17,Bihar,Banka,813102,41,-0.022110931993639227
2025-10-17,Bihar,Begusarai,851111,40,-0.017271788720400916
2025-10-17,Bihar,Bhagalpur,813209,33,-0.005587125690378558
2025-10-17,Bihar,Gaya,824233,46,-0.015070944687136767
2025-10-17,Bihar,Katihar,854104,37,-0.012574193222712804
2025-10-17,Bihar,Khagaria,851204,37,-0.009770854111004645
2025-10-17,Bihar,Muzaffarpur,843125,39,-0.018796414908208048
2025-10-17,Bihar,Purnia,854202,49,-0.033594908981775196
2025-10-17,Bihar,Purnia,854204,86,-0.08661050571229889
2025-10-17,Bihar,Purnia,854330,103,-0.08546734728658945
2025-10-17,Bihar,Saharsa,852129,40,-0.02021500025654077
2025-10-17,Bihar,Saran,841301,47,-0.04460559725768587
2025-10-17,Bihar,Sitamarhi,843317,34,-0.001520990681883716
2025-10-17,Bihar,West Champaran,845451,22,-0.011897073330248475
2025-10-17,Chhattisgarh,Bijapur,494444,56,-0.04072472467279642
2025-10-17,Gujarat,Banaskantha,385535,26,-0.026273753136383027
2025-10-17,Haryana,Faridabad,121004,49,-0.018216698937522757
2025-10-17,Jammu and Kashmir,Doda,182203,68,-0.038180562159868536
2025-10-17,Jharkhand,Bokaro,827013,38,-0.011649546292660795
2025-10-17,Jharkhand,Deoghar,815353,105,-0.0939006760760619
2025-10-17,Jharkhand,Dhanbad,828205,44,-0.01868727630229483
2025-10-17,Jharkhand,West Singhbhum,833214,61,-0.04538512146408524
2025-10-17,Madhya Pradesh,Dewas,455001,51,-0.018216698937522757
2025-10-17,Madhya Pradesh,Morena,476001,53,-0.009364385640308281
2025-10-17,Madhya Pradesh,Morena,476221,29,-0.01157654235107175
2025-10-17,Madhya Pradesh,Ratlam,457001,61,-0.007901158537600872
2025-10-17,Madhya Pradesh,Sheopur,476337,33,-0.0022550279762653114
2025-10-17,Madhya Pradesh,Shivpuri,473774,20,-0.0039007831934559922
2025-10-17,Madhya Pradesh,Vidisha,464001,26,-0.019009720853564227
2025-10-17,Maharashtra,Aurangabad,431103,40,-0.022110931993639227
2025-10-17,Maharashtra,Dhule,424001,47,-0.004653781303827875
2025-10-17,Maharashtra,Jalgaon,425001,30,-0.031560070847041044
2025-10-17,Uttar Pradesh,Agra,282001,56,-0.029974395524952402
2025-10-17,Uttar Pradesh,Balrampur,271604,55,-0.024630821886639453
2025-10-17,Uttar Pradesh,Bulandshahr,203001,58,-0.04169982114434789
2025-10-17,Uttar Pradesh,Lucknow,226002,35,-0.000600226335362386
2025-10-17,Uttar Pradesh,Lucknow,226017,34,-0.008373446361754633
2025-10-17,Uttar Pradesh,Muzaffarnagar,251001,45,-0.02353625184507202
2025-10-17,Uttar Pradesh,Pilibhit,262001,56,-0.06303334172902109
2025-10-17,Uttar Pradesh,Rae Bareli,229001,50,-0.033112677629757004
2025-10-17,Uttar Pradesh,Rampur,244924,43,-4.126936113868496e-05
2025-10-17,Uttar Pradesh,Shamli,247774,49,-0.027100563161817637
2025-10-17,Uttarakhand,Dehradun,248001,47,-0.027100563161817637
2025-10-17,Maharashtra,Nanded,431715,25,-0.020913598789727206
2025-10-17,Maharashtra,Nandurbar,425414,57,-0.01916131754843786
2025-10-17,Odisha,Balangir,767026,23,-0.020036806702022347
2025-10-17,Punjab,Bathinda,151001,28,-0.008315175800348018
2025-10-17,Rajasthan,Alwar,301001,41,-0.04369937124117207
2025-10-17,Rajasthan,Banswara,327001,34,-0.00605072732904588
2025-10-17,West Bengal,Malda,732201,54,-0.037807339617435765
2025-10-17,West Bengal,South 24 Parganas,743329,81,-0.05400051333686395
2025-10-17,West Bengal,South 24 Parganas,743338,61,-0.037322259156439164
2025-10-17,West Bengal,South 24 Parganas,743355,33,-0.0022550279762653114
2025-10-17,West Bengal,South 24 Parganas,743399,55,-0.03635308227593881
2025-10-17,West Bengal,South 24 Parganas,743503,49,-0.027100563161817637
2025-10-17,West Bengal,Uttar Dinajpur,733207,129,-0.07536888204073067
2025-10-17,Madhya Pradesh,Dhar,454446,26,-0.029962829588557338
2025-10-17,Madhya Pradesh,Indore,452002,34,-0.051467030267765224
2025-10-17,Madhya Pradesh,Katni,483501,72,-0.021587593251512938
2025-10-17,Madhya Pradesh,Morena,476224,37,-0.015027567532575392
2025-10-17,Madhya Pradesh,Shahdol,484774,35,-0.008838933824747097
2025-10-17,Maharashtra,Solapur,413304,55,-0.0018825300712776993
2025-10-17,Maharashtra,Thane,421301,54,-0.03635308227593881
2025-10-17,Rajasthan,Bharatpur,321022,41,-0.017271788720400916
2025-10-17,Delhi,North East Delhi,110053,41,-0.020688502263807473
2025-10-17,Delhi,North East Delhi,110094,90,-0.05400051333686395
2025-10-17,Delhi,North West Delhi,110086,53,-0.029015154848192615
2025-10-17,Gujarat,Morbi,363641,20,-0.00095722718075264
2025-10-17,Jammu and Kashmir,Doda,182202,46,-0.0028050307706455335
2025-10-17,Jammu and Kashmir,Kupwara,193222,30,-0.01064556827934482
2025-10-17,Jharkhand,Chatra,825401,37,-0.05008742713000769
2025-10-17,Jharkhand,Gumla,835207,34,-0.024986495788364094
2025-10-17,Jharkhand,Sahebganj,816109,33,-0.0022550279762653114
2025-10-17,Rajasthan,Nagaur,341001,30,-0.022132870849494557
2025-10-17,Uttar Pradesh,Aligarh,202001,102,-0.11834615267895876
2025-10-17,Uttar Pradesh,Amroha,244221,46,-0.05008742713000769
2025-10-17,Bihar,Araria,854312,94,-0.06814851913376818
2025-10-17,Bihar,Aurangabad,824125,49,-0.009691222425158186
2025-10-17,Bihar,Banka,813101,51,-0.034418658472831765
2025-10-17,Bihar,Begusarai,851112,56,-0.04121210797434627
2025-10-17,Bihar,Buxar,802119,19,-0.010139459115236948
2025-10-17,Bihar,East Champaran,845303,26,-0.003995926130883176
2025-10-17,Bihar,Gaya,823002,26,-0.02290009802926274
2025-10-17,Bihar,Gaya,824201,39,-0.0011352160002107148
2025-10-17,Bihar,Jamui,811307,34,-0.001520990681883716
2025-10-17,Bihar,Jamui,811308,50,-0.027845756247860565
2025-10-17,Bihar,Katihar,854103,41,-0.021636467915381985
2025-10-17,Bihar,Katihar,855113,90,-0.04905525508563824
2025-10-17,Bihar,Madhepura,852210,48,-0.02782961091073366
2025-10-17,Bihar,Madhubani,847402,39,-0.014460527489987718
2025-10-17,Bihar,Muzaffarpur,843109,43,-0.009397997821079196
2025-10-17,Bihar,Purnia,854326,59,-0.03975094678276658
2025-10-17,Bihar,Saharsa,852201,26,-0.0012273400598813433
2025-10-17,Bihar,Samastipur,848207,36,-0.014557894340870181
2025-10-17,Bihar,Samastipur,848210,35,-0.008384458277036821
2025-10-17,Bihar,Sitamarhi,843324,77,-0.08857860223865521
2025-10-17,Bihar,Supaul,852131,56,-0.03843520998419292
2025-10-17,Bihar,West Champaran,845449,51,-0.033112677629757004
2025-10-17,Uttar Pradesh,Deoria,274001,37,-0.041586890570991075
2025-10-17,Uttar Pradesh,Hardoi,241406,18,-0.001139459517588537
2025-10-17,Uttar Pradesh,Maharajganj,273302,36,-0.003366261452662389
2025-10-17,Uttar Pradesh,Saharanpur,247001,125,-0.06814851913376818
2025-10-17,Uttar Pradesh,Shahjahanpur,242001,74,-0.05561053081259448
2025-10-17,Uttar Pradesh,Shamli,247776,47,-0.025918223377846106
2025-10-17,Uttarakhand,Udham Singh Nagar,262401,29,-0.010178858885621422
2025-10-17,West Bengal,Howrah,711303,50,-0.033594908981775196
2025-10-17,West Bengal,South 24 Parganas,743376,44,-0.008046252122567932
2025-10-17,Bihar,Araria,854333,101,-0.05897934397367577
2025-10-17,Bihar,Begusarai,848201,36,-0.001520990681883716
2025-10-17,Bihar,Darbhanga,848213,36,-0.014557894340870181
2025-10-17,Bihar,East Champaran,845305,31,-0.03610692326410636
2025-10-17,Bihar,Jamui,811314,50,-0.033594908981775196
2025-10-17,Bihar,Kishanganj,855101,136,-0.07365719157537953
2025-10-17,Bihar,Kishanganj,855107,122,-0.06814851913376818
2025-10-17,Bihar,Madhepura,852128,67,-0.04882586410720824
2025-10-17,Bihar,Madhubani,847223,35,-0.008838933824747097
2025-10-17,Bihar,Purnia,854315,163,-0.06198285184978958
2025-10-17,Bihar,Saharsa,852106,42,-0.01869845335479947
2025-10-17,Bihar,Saharsa,852221,33,-0.029635119827602474
2025-10-17,Bihar,Samastipur,848101,37,-0.012574193222712804
2025-10-17,Bihar,Sheikhpura,811105,60,-0.03709656296583308
2025-10-17,Bihar,Sheohar,843329,77,-0.04905525508563824
2025-10-17,Bihar,Sitamarhi,843314,37,-0.016909441271390158
2025-10-17,Bihar,Sitamarhi,843327,50,-0.033594908981775196
2025-10-17,Bihar,Supaul,852214,34,-0.000600226335362386
2025-10-17,Bihar,Vaishali,844508,80,-0.06371465704403456
2025-10-17,Bihar,West Champaran,845438,77,-0.08196030107391461
2025-10-17,Chhattisgarh,Balrampur,497225,56,-0.01916131754843786
2025-10-17,Chhattisgarh,Dakshin Bastar Dantewada,494441,19,-0.0006791796516524284
2025-10-17,Delhi,East Delhi,110092,32,-0.024805972841827728
2025-10-17,Delhi,South Delhi,110062,78,-0.04256336653735604
2025-10-17,Delhi,West Delhi,110059,67,-0.0391522136100122
2025-10-17,Jharkhand,Chatra,825408,41,-0.021636467915381985
2025-10-17,Jharkhand,Jamtara,815352,52,-0.0345603510513125
2025-10-17,Jharkhand,Ramgarh,829110,35,-0.008838933824747097
2025-10-17,Jharkhand,West Singhbhum,833201,39,-0.018796414908208048
2025-10-17,Karnataka,Bengaluru,560068,23,-0.021891429713279176
2025-10-17,Madhya Pradesh,Barwani,451666,53,-0.0350435622107812
2025-10-17,Madhya Pradesh,Burhanpur,450331,50,-0.009364385640308281
2025-10-17,Madhya Pradesh,Dhar,454001,88,-0.07825668203178748
2025-10-17,Madhya Pradesh,Indore,452009,23,-0.012425584098095799
2025-10-17,Madhya Pradesh,Indore,452010,35,-0.06403864604419363
2025-10-17,Madhya Pradesh,Indore,452015,19,-0.011578509237392343
2025-10-17,Madhya Pradesh,Indore,452016,41,-0.020105639900592442
2025-10-17,Madhya Pradesh,Satna,485115,29,-0.007850042585014094
2025-10-17,Madhya Pradesh,Shivpuri,473670,38,-0.050478726014374864
2025-10-17,Madhya Pradesh,Shivpuri,473770,31,-0.004548008346715426
2025-10-17,Madhya Pradesh,Shivpuri,473995,43,-0.051540388106088075
2025-10-17,Maharashtra,Amravati,444601,30,-0.01064556827934482
2025-10-17,Maharashtra,Nashik,423203,115,-0.07434825632889974
2025-10-17,Uttar Pradesh,Agra,283201,25,-0.0020444129463006444
2025-10-17,Uttar Pradesh,Balrampur,271206,41,-0.007481636041550943
2025-10-17,Uttar Pradesh,Bareilly,243201,47,-0.02782961091073366
2025-10-17,Uttar Pradesh,Bijnor,246762,63,-0.007901158537600872
2025-10-17,Uttar Pradesh,Ghaziabad,201001,58,-0.04072472467279642
2025-10-17,Uttar Pradesh,Ghaziabad,201102,63,-0.0473492644994431
2025-10-17,Uttar Pradesh,Hapur,245101,68,-0.05152370184766808
2025-10-17,Uttar Pradesh,Kanpur Nagar,208001,59,-0.04281956971345624
2025-10-17,Uttar Pradesh,Kheri,262701,40,-0.022110931993639227
2025-10-17,Uttar Pradesh,Mau,275101,45,-0.0220125053836967
2025-10-17,Uttar Pradesh,Moradabad,244001,152,-0.07068166647874163
2025-10-17,Uttar Pradesh,Rampur,244921,44,-0.021064031232633562
2025-10-17,Uttar Pradesh,Siddharthnagar,272153,48,-0.015070944687136767
2025-10-17,Uttar Pradesh,Sitapur,261001,47,-0.0283082666026232
2025-10-17,Uttar Pradesh,Varanasi,221001,60,-0.04184295905349855
2025-10-17,West Bengal,Uttar Dinajpur,733208,62,-0.04072472467279642
2025-10-17,West Bengal,Uttar Dinajpur,733209,44,-0.026395585413502398
2025-10-17,West Bengal,Uttar Dinajpur,733210,141,-0.07536888204073067
2025-10-17,West Bengal,Uttar Dinajpur,733215,57,-0.04316494209841837
2025-10-18,Bihar,Araria,854311,108,-0.08324730523211343
2025-10-18,Bihar,Araria,854333,32,-0.03280958219975416
2025-10-18,Bihar,Gaya,824232,45,-0.03536324433238103
2025-10-18,Bihar,Katihar,854317,59,-0.03743301496602103
2025-10-18,Bihar,Madhubani,847408,49,-0.03452896557859997
2025-10-18,Bihar,West Champaran,845455,20,-0.008738840088318267
2025-10-18,Uttar Pradesh,Amroha,244221,36,-0.04600425667554564
2025-10-18,Uttar Pradesh,Bareilly,243001,24,-0.021688346567840466
2025-10-18,Uttar Pradesh,Fatehpur,212601,23,-0.029251569317898074
2025-10-18,Uttar Pradesh,Kheri,262723,20,-0.009197377828221054
2025-10-18,Uttar Pradesh,Pilibhit,262122,24,-0.020745272779794655
2025-10-18,Bihar,Kishanganj,855107,51,-0.02730889530701397
2025-10-18,Bihar,Madhubani,847108,26,-0.009531794078445843
2025-10-18,Bihar,Purnia,854204,27,-0.012334160749189693
2025-10-18,Bihar,Saran,841403,33,-0.04911132952106123
2025-10-18,Bihar,Sitamarhi,843302,42,-0.049838894417807866
2025-10-18,Bihar,Sitamarhi,843324,47,-0.06087841582150999
2025-10-18,Gujarat,Surat,395010,19,-0.008960996932309118
2025-10-18,Madhya Pradesh,Umaria,484661,38,-0.006649590236498248
2025-10-18,Uttar Pradesh,Deoria,274001,26,-0.017757777313991085
2025-10-18,Uttar Pradesh,Hapur,245101,41,-0.01875454429523571
2025-10-18,Uttar Pradesh,Meerut,250002,64,-0.049167824037105956
2025-10-18,Uttar Pradesh,Moradabad,244001,83,-0.05361773700786965
2025-10-18,Uttar Pradesh,Saharanpur,247001,63,-0.056882406930537144
2025-10-18,West Bengal,Uttar Dinajpur,733202,55,-0.04229937211504986
2025-10-18,Jharkhand,Giridih,815312,51,-0.035012155495902086
2025-10-18,Madhya Pradesh,Ratlam,457001,48,-0.007086484905652557
2025-10-18,Bihar,Darbhanga,847203,32,-0.0004782675435989203
2025-10-18,Bihar,Nawada,805130,43,-0.03536324433238103
2025-10-18,Bihar,Purnia,854315,65,-0.04425515273659708
2025-10-18,Bihar,West Champaran,845454,33,-0.02392731001374282
2025-10-18,Rajasthan,Alwar,301411,24,-0.008134871071314054
2025-10-18,Uttar Pradesh,Aligarh,202001,54,-0.03597951664276111
2025-10-18,Uttar Pradesh,Budaun,243601,31,-0.0543378335212642
2025-10-18,Uttar Pradesh,Ghaziabad,201102,40,-0.010657525087145348
2025-10-18,Uttar Pradesh,Hardoi,241001,31,-2.5101566585306045e-06
2025-10-18,Uttar Pradesh,Meerut,250001,22,-0.013410398127951528
2025-10-18,Maharashtra,Nashik,423203,52,-0.03452896557859997
2025-10-18,Maharashtra,Thane,421302,35,-0.0006419218210874655
2025-10-18,Bihar,Purnia,854330,48,-0.015055619074026305
2025-10-18,Bihar,Samastipur,848101,26,-0.04231584223980678
2025-10-18,Bihar,Vaishali,844508,29,-0.010931555382101554
2025-10-18,Delhi,North East Delhi,110094,52,-0.03452896557859997
2025-10-18,Gujarat,Surat,394210,18,-0.0038570106512301194
2025-10-18,Madhya Pradesh,Dhar,454001,30,-0.01623650684412692
2025-10-18,Bihar,Araria,854312,42,-0.028277155974182788
2025-10-18,Bihar,Araria,854318,48,-0.03452896557859997
2025-10-18,Bihar,Araria,854329,42,-0.027798521324199577
2025-10-18,Bihar,Madhepura,852128,32,-0.0009224651425273622
2025-10-18,Bihar,Madhepura,852210,37,-0.006932611994693416
2025-10-18,Uttar Pradesh,Bahraich,271855,63,-0.09641222170530883
2025-10-18,Uttar Pradesh,Rae Bareli,229001,30,-0.010931555382101554
2025-10-18,West Bengal,South 24 Parganas,743329,40,-0.049838894417807866
2025-10-18,West Bengal,Uttar Dinajpur,733207,72,-0.05015435321309769
2025-10-18,West Bengal,Uttar Dinajpur,733210,82,-0.05361773700786965
2025-10-18,Bihar,Aurangabad,824125,22,-0.014463828477613294
2025-10-18,Bihar,Gaya,823003,37,-0.05103253467408764
2025-10-18,Bihar,Saharsa,852129,22,-0.017170468533996064
2025-10-18,Bihar,Samastipur,848114,38,-0.004769749721842853
2025-10-18,Bihar,Supaul,852137,45,-0.012242226988600113
2025-10-18,Bihar,West Champaran,845438,47,-0.024949583277501852
2025-10-18,Chhattisgarh,Kondagaon,494226,32,-0.0004782675435989203
2025-10-18,Haryana,Panipat,132103,42,-0.01512869166514852
2025-10-18,Jharkhand,Deoghar,815353,46,-0.06238250423357783
2025-10-18,Madhya Pradesh,Singrauli,486886,54,-0.01693756883281916
2025-10-18,Meghalaya,West Khasi Hills,793119,29,-0.038826262331518646
2025-10-18,Odisha,Balangir,767026,17,-0.0036492182712488663
2025-10-18,Uttar Pradesh,Bahraich,271865,33,-0.038826262331518646
2025-10-18,Uttar Pradesh,Bijnor,246762,34,-0.03527538481327819
2025-10-18,Uttar Pradesh,Kanpur Nagar,208001,27,-0.0461599679041691
2025-10-18,Uttar Pradesh,Pilibhit,262001,21,-0.004512615027505551
2025-10-19,Assam,Darrang,784146,16,-0.016112504280450413
2025-10-19,Bihar,Araria,854318,50,-0.05007077404102178
2025-10-19,Bihar,Madhubani,847401,29,-0.0001820881580097966
2025-10-19,Bihar,Purnia,854203,30,-0.002023730488597719
2025-10-19,Bihar,Saharsa,852129,32,-0.013847943621512426
2025-10-19,Bihar,Saran,841403,18,-0.002408951724128694
2025-10-19,Bihar,Vaishali,843114,31,-0.013847943621512426
2025-10-19,Bihar,Vaishali,844122,37,-0.010535458780015605
2025-10-19,Bihar,West Champaran,845101,36,-0.004795556091813258
2025-10-19,Jharkhand,Giridih,815312,41,-0.03887926504895989
2025-10-19,Jharkhand,West Singhbhum,833102,32,-0.01443656190071152
2025-10-19,Maharashtra,Nashik,423203,79,-0.0928549906066678
2025-10-19,Nagaland,Zunheboto,798620,13,-0.006340506450981498
2025-10-19,Rajasthan,Alwar,301001,39,-0.011103349945941754
2025-10-19,Uttar Pradesh,Bulandshahr,203001,35,-0.04604360501948712
2025-10-19,Uttar Pradesh,Deoria,274001,31,-0.002023730488597719
2025-10-19,Uttar Pradesh,Gautam Buddha Nagar,201301,33,-0.051569590192191206
2025-10-19,Uttar Pradesh,Kanpur Nagar,208001,34,-0.019499261958904723
2025-10-19,Uttar Pradesh,Moradabad,244001,110,-0.06301639309963991
2025-10-19,West Bengal,South 24 Parganas,743349,47,-0.02053835604810661
2025-10-19,West Bengal,South 24 Parganas,743503,42,-0.008702346004503814
2025-10-19,West Bengal,Uttar Dinajpur,733201,67,-0.06000869804903697
2025-10-19,Delhi,West Delhi,110059,57,-0.0591293210234064
2025-10-19,Jharkhand,Deoghar,815353,49,-0.044244875041586695
2025-10-19,Jharkhand,West Singhbhum,833201,17,-0.005556247640387979
2025-10-19,Uttar Pradesh,Azamgarh,276404,24,-0.03458818201959135
2025-10-19,Uttar Pradesh,Bahraich,271881,15,-0.019172096709766273
2025-10-19,Uttar Pradesh,Bahraich,271902,24,-0.018621857106503548
2025-10-19,Uttar Pradesh,Kheri,262723,24,-0.013126776075802704
2025-10-19,Uttar Pradesh,Pilibhit,262122,25,-0.026545159205733193
2025-10-19,Uttar Pradesh,Rampur,244901,59,-0.03741135731557221
2025-10-19,Uttar Pradesh,Saharanpur,247001,87,-0.05401807096761102
2025-10-19,Uttar Pradesh,Shahjahanpur,242001,29,-0.0017487896972793182
2025-10-19,West Bengal,Cooch Behar,736135,31,-0.013967288440087433
2025-10-19,West Bengal,North 24 Parganas,743425,61,-0.025668015954982137
2025-10-19,West Bengal,Uttar Dinajpur,733208,66,-0.007540102761087297
2025-10-19,Bihar,Araria,854311,98,-0.07109686213826982
2025-10-19,Bihar,Jamui,811303,32,-0.002946422385838421
2025-10-19,Bihar,Kishanganj,855107,46,-0.034507395669556185
2025-10-19,Bihar,Madhubani,847408,37,-0.010535458780015605
2025-10-19,Bihar,Purnia,854202,29,-0.0017487896972793182
2025-10-19,Bihar,Purnia,854204,42,-0.041801010449248
2025-10-19,Bihar,Supaul,854339,36,-0.027298858294797612
2025-10-19,Bihar,West Champaran,845306,18,-0.018897594650238214
2025-10-19,Jammu and Kashmir,Doda,182203,50,-0.01949380216289187
2025-10-19,Rajasthan,Alwar,301707,29,-0.05852626874273559
2025-10-19,Telangana,Hyderabad,500053,39,-0.007840842657013236
2025-10-19,Uttar Pradesh,Hapur,245101,35,-0.004397806842201923
2025-10-19,Uttar Pradesh,Kheri,261505,21,-0.008778263242273265
2025-10-19,Uttar Pradesh,Meerut,250001,28,-0.029926582159843118
2025-10-19,Uttar Pradesh,Mirzapur,231001,32,-0.012442268756322483
2025-10-19,Uttar Pradesh,Muzaffarnagar,251001,45,-0.044244875041586695
2025-10-19,Uttar Pradesh,Siddharthnagar,272206,18,-0.000976626563174765
2025-10-19,Uttar Pradesh,Unnao,209801,38,-0.03548551915686471
2025-10-19,Uttar Pradesh,Varanasi,221001,25,-0.021814808639540217
2025-10-19,West Bengal,Murshidabad,742201,41,-0.0014421246236635543
2025-10-19,West Bengal,South 24 Parganas,743329,58,-0.04269352450572439
2025-10-19,West Bengal,South 24 Parganas,743399,35,-0.004397806842201923
2025-10-19,Maharashtra,Aurangabad,431001,57,-0.03257796017855619
2025-10-19,Maharashtra,Thane,421302,53,-0.02044015008470168
2025-10-19,Assam,Kamrup,781136,27,-0.022278158874526666
2025-10-19,Bihar,Araria,854333,77,-0.05401807096761102
2025-10-19,Bihar,Begusarai,851129,33,-0.024435865306710935
2025-10-19,Bihar,Kishanganj,855117,43,-0.009634081338753653
2025-10-19,Bihar,Madhubani,847421,20,-0.030484699143096372
2025-10-19,Bihar,Purnia,854315,80,-0.06301639309963991
2025-10-19,Bihar,Purnia,854326,35,-0.004397806842201923
2025-10-19,Bihar,Purnia,854330,58,-0.014147143484908753
2025-10-19,Bihar,Saharsa,852106,31,-0.023289979370889058
2025-10-19,Bihar,Saharsa,852216,36,-0.017870552285454977
2025-10-19,Bihar,Supaul,852131,53,-0.047680204550367034
2025-10-19,Bihar,Supaul,852137,40,-0.0014421246236635543
2025-10-19,Bihar,West Champaran,845449,29,-0.023289979370889058
2025-10-19,Bihar,West Champaran,845455,23,-0.026904728306000436
2025-10-19,Uttar Pradesh,Bahraich,271855,71,-0.10073223123775199
2025-10-19,Uttar Pradesh,Bijnor,246762,34,-0.0011669826177969078
2025-10-19,Uttar Pradesh,Gorakhpur,273001,17,-0.01852322715944832
2025-10-19,Uttar Pradesh,Lucknow,226003,42,-0.015418258227558601
2025-10-19,Uttar Pradesh,Meerut,250002,83,-0.06654083733578087
2025-10-19,Uttar Pradesh,Shamli,247774,37,-0.010535458780015605
2025-10-19,West Bengal,South 24 Parganas,743355,39,-0.011103349945941754
2025-10-19,West Bengal,Uttar Dinajpur,733202,86,-0.09547185978687844
2025-10-19,West Bengal,Uttar Dinajpur,733210,103,-0.08093076206622829
2025-10-19,Uttar Pradesh,Agra,282001,35,-0.050581147251373304
2025-10-19,Uttar Pradesh,Aligarh,202001,57,-0.09442404967251972
2025-10-19,Uttar Pradesh,Bahraich,271801,34,-0.05519734335106663
2025-10-19,Uttar Pradesh,Bahraich,271865,36,-0.07111399523971085
2025-10-19,Uttar Pradesh,Bareilly,243201,36,-0.06817838474868454
2025-10-19,Uttar Pradesh,Meerut,250401,22,-0.005697623386376471
2025-10-19,West Bengal,Howrah,711316,30,-0.02570813630290092
2025-10-19,Bihar,West Champaran,845438,47,-0.025556834890844482
2025-10-19,Bihar,West Champaran,845451,29,-0.016595838395355167
2025-10-19,Bihar,West Champaran,845453,25,-0.03059176713481737
2025-10-19,West Bengal,South 24 Parganas,743337,55,-0.02044015008470168
2025-10-19,West Bengal,Uttar Dinajpur,733207,103,-0.07887585877378922
2025-10-20,Assam,Kamrup Metro,781034,10,-0.002073753716396287
2025-10-20,Assam,Kamrup Metro,781025,12,-0.002073753716396287
2025-10-20,Manipur,Tamenglong,795141,12,-0.012453114895802586
2025-10-20,Bihar,Araria,854311,40,-0.0035802619684497383
2025-10-24,Bihar,Kishanganj,855107,36,-0.015027567532575392
2025-10-24,Bihar,West Champaran,845454,23,-0.014639400057774532
2025-10-24,Uttar Pradesh,Bahraich,271855,55,-0.08071741791292542
2025-10-24,Maharashtra,Nashik,423203,29,-0.0352732743378954
2025-10-24,Meghalaya,East Khasi Hills,793121,28,-0.03491910024885592
2025-10-24,West Bengal,Uttar Dinajpur,733201,38,-0.05686844426696436
2025-10-24,Assam,Nagaon,782123,30,-0.01064556827934482
2025-10-24,Bihar,Araria,854318,37,-0.015027567532575392
2025-10-24,Bihar,Madhubani,847108,20,-0.0030673814889256024
2025-10-24,Delhi,North West Delhi,110086,28,-0.00822969429633702
2025-10-24,Uttar Pradesh,Bahraich,271803,29,-0.013199888465070142
2025-10-24,Uttar Pradesh,Banda,210121,20,-0.017294036437949023
2025-10-24,Uttar Pradesh,Shamli,247775,30,-0.01298045821577698
2025-10-24,West Bengal,South 24 Parganas,743329,58,-0.04316494209841837
2025-10-24,West Bengal,Uttar Dinajpur,733207,75,-0.07774424335540031
2025-10-24,Manipur,Churachandpur,795128,27,-0.014639400057774532
2025-10-24,Uttar Pradesh,Bahraich,271865,20,-0.015923219653737886
2025-10-24,Bihar,Araria,854311,71,-0.04659514480128446
2025-10-24,Bihar,Sitamarhi,843302,30,-0.020236879818548492
2025-10-24,Bihar,Kishanganj,855117,40,-0.018324192628381364
2025-10-24,Bihar,Purnia,854315,58,-0.03975094678276658
2025-10-24,Madhya Pradesh,Morena,476001,23,-0.014549182957538709
2025-10-24,Uttar Pradesh,Aligarh,202001,26,-0.003891102197026264
2025-10-24,Uttar Pradesh,Meerut,250002,42,-0.0368674881643094
2025-10-24,Uttar Pradesh,Moradabad,244001,40,-0.020105639900592442
2025-10-24,West Bengal,Uttar Dinajpur,733202,59,-0.04281956971345624
2025-10-24,Meghalaya,West Khasi Hills,793119,23,-0.02700216304103542
2025-10-24,Bihar,West Champaran,845451,24,-0.013308908725951807
2025-10-24,West Bengal,Uttar Dinajpur,733210,74,-0.05549062708703956
2025-10-25,Assam,Kamrup,781123,26,-0.01779604812164548
2025-10-25,Bihar,Araria,854311,65,-0.045725465665270915
2025-10-25,Bihar,Khagaria,851204,33,-0.007509600241706216
2025-10-25,Bihar,Madhubani,847408,35,-0.010770535011169868
2025-10-25,Bihar,Purnia,854204,45,-0.028277155974182788
2025-10-25,Bihar,Vaishali,844102,44,-0.026364558867334686
2025-10-25,Uttar Pradesh,Bahraich,271865,38,-0.04134125399649857
2025-10-25,Uttar Pradesh,Budaun,243601,32,-0.031406568639387844
2025-10-25,Uttar Pradesh,Ghaziabad,201102,35,-0.032369047502255444
2025-10-25,West Bengal,Uttar Dinajpur,733210,80,-0.05809482939812882
2025-10-25,Jammu and Kashmir,Doda,182203,50,-0.0024575691787629417
2025-10-25,Jharkhand,Deoghar,815353,44,-0.05987738495137329
2025-10-25,Meghalaya,West Garo Hills,794104,53,-0.09270021788205252
2025-10-25,Telangana,Mahabubnagar,509001,39,-0.02493350405668504
2025-10-25,West Bengal,Uttar Dinajpur,733202,55,-0.0403488773552082
2025-10-25,Uttar Pradesh,Aligarh,202001,51,-0.07401583681708479
2025-10-25,Uttar Pradesh,Meerut,250002,44,-0.06188080217611769
2025-10-25,Uttar Pradesh,Moradabad,244001,54,-0.036463688315146014
2025-10-25,Assam,Darrang,784115,18,-0.0007330341314329969
2025-10-25,Bihar,Banka,813101,27,-0.010040656087395128
2025-10-25,Bihar,Sitamarhi,843317,33,-0.007509600241706216
2025-10-25,Bihar,Jamui,811303,35,-0.010770535011169868
2025-10-25,Bihar,Katihar,854317,46,-0.031155774444961093
2025-10-25,Bihar,Samastipur,848114,37,-0.002946312250131977
2025-10-25,Delhi,North West Delhi,110086,29,-0.011909015242741128
2025-10-25,Maharashtra,Thane,421302,35,-0.03522297789752504
2025-10-25,Uttar Pradesh,Bahraich,271855,87,-0.11243109482728764
2025-10-25,West Bengal,Murshidabad,742202,59,-0.011746825430951846
2025-10-25,West Bengal,Uttar Dinajpur,733207,68,-0.04425515273659708
2025-10-25,Uttar Pradesh,Maharajganj,273164,17,-0.0027255760129978324
2025-10-25,West Bengal,South 24 Parganas,743329,44,-0.01875454429523571
2025-10-25,West Bengal,Uttar Dinajpur,733201,43,-0.01875454429523571
2025-10-25,West Bengal,Uttar Dinajpur,733208,53,-0.036463688315146014
2025-10-26,Bihar,East Champaran,845305,16,-0.017108072220063386
2025-10-26,Bihar,West Champaran,845452,21,-0.007382868169902523
2025-10-26,Jharkhand,Giridih,815312,40,-0.03248946281064735
2025-10-26,Maharashtra,Nashik,423203,28,-0.028116273132138492
2025-10-26,Uttar Pradesh,Bahraich,271855,81,-0.11082552286917657
2025-10-26,Uttar Pradesh,Bahraich,271865,37,-0.058604437820577227
2025-10-26,Uttar Pradesh,Bulandshahr,203001,23,-0.014908858435321859
2025-10-26,Uttar Pradesh,Mirzapur,231001,22,-0.014384396240262998
2025-10-26,Meghalaya,West Garo Hills,794104,36,-0.025329232106820587
2025-10-26,Bihar,Madhubani,847108,25,-0.011110224967228799
2025-10-26,Bihar,Nalanda,803118,13,-0.006340506450981498
2025-10-26,Bihar,Purnia,854315,32,-0.0021841451051933802
2025-10-26,Bihar,Saharsa,852106,18,-0.02611942423806579
2025-10-26,Bihar,Saran,841301,17,-0.0028978614728824015
2025-10-26,Uttar Pradesh,Bahraich,271830,27,-0.026029703442710828
2025-10-26,Uttar Pradesh,Budaun,243601,17,-0.021102263405639476
2025-10-26,Uttar Pradesh,Meerut,250002,34,-0.017138968644756503
2025-10-26,Uttar Pradesh,Moradabad,244001,33,-0.004493761604817403
2025-10-26,Bihar,Gaya,824233,18,-0.013265735345701746
2025-10-26,Bihar,Nawada,805126,24,-0.006136902762992391
2025-10-26,Bihar,Nawada,805130,33,-0.03137065802182859
2025-10-26,Uttar Pradesh,Bahraich,271851,12,-0.001600960113615546
2025-10-26,Uttar Pradesh,Kheri,261502,14,-0.005330069524212777
2025-10-26,Uttar Pradesh,Kheri,262723,41,-0.017852932498234053
2025-10-26,Bihar,Araria,854311,32,-0.013847943621512426
2025-10-26,Bihar,Patna,801110,14,-0.011526907873058545
2025-10-26,Bihar,West Champaran,845453,18,-0.004137939809681912
2025-10-26,Delhi,East Delhi,110092,16,-0.002089295192126972
2025-10-26,Uttar Pradesh,Aligarh,202001,36,-0.006649700969951433
2025-10-26,Uttar Pradesh,Maharajganj,273164,16,-0.022380949737682565
2025-10-26,Uttar Pradesh,Pilibhit,262122,14,-0.009825451352305725
