date,state,district,pincode,total,zscore
2025-10-26,Delhi,North East Delhi,110094,31,3.1855853382638624
2025-10-26,West Bengal,Uttar Dinajpur,733202,30,3.066105712928867
2025-10-27,Uttar Pradesh,Bahraich,271851,33,3.4245445889338533
2025-10-27,Uttar Pradesh,Bahraich,271865,64,7.128412974318714
2025-10-27,Uttar Pradesh,Kheri,261502,30,3.066105712928867
2025-10-27,Uttar Pradesh,Kheri,262723,38,4.021942715608831
2025-10-27,West Bengal,Uttar Dinajpur,733210,38,4.021942715608831
2025-10-27,West Bengal,Uttar Dinajpur,733202,32,3.305064963598858
2025-10-27,Meghalaya,West Garo Hills,794104,36,3.7829834649388396
2025-10-27,Bihar,Araria,854311,35,3.663503839603844
2025-10-27,Uttar Pradesh,Bahraich,271855,99,11.310199861043555
2025-10-27,Uttar Pradesh,Meerut,250002,30,3.066105712928867
2025-10-28,Uttar Pradesh,Saharanpur,247001,35,3.663503839603844
2025-10-28,Meghalaya,East Khasi Hills,793121,78,8.80112772900865
2025-10-28,Odisha,Khorda,751024,38,4.021942715608831
2025-10-28,Chhattisgarh,Balrampur,497225,30,3.066105712928867
2025-10-28,Madhya Pradesh,Sidhi,486661,35,3.663503839603844
2025-10-28,Uttar Pradesh,Moradabad,244001,36,3.7829834649388396
2025-10-28,Uttar Pradesh,Bahraich,271865,31,3.1855853382638624
2025-10-28,West Bengal,Uttar Dinajpur,733210,32,3.305064963598858
2025-10-28,Meghalaya,West Khasi Hills,793119,81,9.159566605013637
2025-10-28,Uttar Pradesh,Bahraich,271855,50,5.455698219628776
2025-10-28,Madhya Pradesh,Morena,476224,32,3.305064963598858
2025-10-28,West Bengal,Uttar Dinajpur,733202,36,3.7829834649388396
2025-10-28,West Bengal,Uttar Dinajpur,733207,32,3.305064963598858
2025-10-28,Madhya Pradesh,Jhabua,457661,37,3.9024630902738355
2025-10-28,Uttar Pradesh,Rampur,244901,31,3.1855853382638624
2025-10-29,Madhya Pradesh,Katni,483501,33,3.4245445889338533
2025-10-29,Madhya Pradesh,Umaria,484661,33,3.4245445889338533
2025-10-29,Delhi,South Delhi,110044,36,3.7829834649388396
2025-10-29,West Bengal,South 24 Parganas,743337,30,3.066105712928867
2025-10-29,Bihar,Araria,854311,36,3.7829834649388396
2025-10-29,Uttar Pradesh,Moradabad,244001,49,5.336218594293781
2025-10-29,Uttar Pradesh,Meerut,250002,47,5.09725934362379
2025-10-29,West Bengal,Uttar Dinajpur,733207,35,3.663503839603844
2025-10-29,Uttar Pradesh,Bahraich,271855,46,4.977779718288795
2025-10-29,Uttar Pradesh,Muzaffarnagar,251001,40,4.260901966278822
2025-10-29,Uttar Pradesh,Rampur,244901,38,4.021942715608831
2025-10-29,Uttar Pradesh,Saharanpur,247001,38,4.021942715608831
2025-10-29,Maharashtra,Aurangabad,431001,31,3.1855853382638624
2025-10-29,Assam,Baksa,781372,31,3.1855853382638624
2025-10-29,West Bengal,Uttar Dinajpur,733215,33,3.4245445889338533
2025-10-30,Madhya Pradesh,Barwani,451770,41,4.380381591613817
2025-10-30,Madhya Pradesh,Damoh,470775,45,4.858300092953799
2025-10-30,Madhya Pradesh,Dewas,455001,128,14.775108995758425
2025-10-30,Madhya Pradesh,Guna,473287,33,3.4245445889338533
2025-10-30,Madhya Pradesh,Harda,461331,41,4.380381591613817
2025-10-30,Madhya Pradesh,Hoshangabad,461775,35,3.663503839603844
2025-10-30,Madhya Pradesh,Indore,452010,55,6.053096346303755
2025-10-30,Madhya Pradesh,Indore,453441,41,4.380381591613817
2025-10-30,Madhya Pradesh,Indore,453661,33,3.4245445889338533
2025-10-30,Madhya Pradesh,Jhabua,457775,32,3.305064963598858
2025-10-30,Madhya Pradesh,Jhabua,457777,51,5.575177844963772
2025-10-30,Madhya Pradesh,Katni,483442,40,4.260901966278822
2025-10-30,Madhya Pradesh,Katni,483501,92,10.473842483698586
2025-10-30,Madhya Pradesh,Khargone,451441,74,8.323209227668668
2025-10-30,Madhya Pradesh,Morena,476111,34,3.5440242142688487
2025-10-30,Madhya Pradesh,Panna,488220,77,8.681648103673655
2025-10-30,Madhya Pradesh,Panna,488442,43,4.619340842283808
2025-10-30,Madhya Pradesh,Sagar,470002,41,4.380381591613817
2025-10-30,Madhya Pradesh,Sagar,470335,44,4.738820467618804
2025-10-30,Madhya Pradesh,Shajapur,465001,47,5.09725934362379
2025-10-30,Madhya Pradesh,Shajapur,465106,32,3.305064963598858
2025-10-30,Madhya Pradesh,Shajapur,465337,44,4.738820467618804
2025-10-30,Madhya Pradesh,Ujjain,456665,40,4.260901966278822
2025-10-30,Madhya Pradesh,Vidisha,464001,35,3.663503839603844
2025-10-30,Maharashtra,Aurangabad,431001,108,12.385516489058515
2025-10-30,Maharashtra,Jalna,431203,44,4.738820467618804
2025-10-30,Maharashtra,Mumbai Suburban,400043,30,3.066105712928867
2025-10-30,Maharashtra,Nanded,431604,35,3.663503839603844
2025-10-30,Maharashtra,Thane,400612,65,7.247892599653709
2025-10-30,Maharashtra,Thane,401105,37,3.9024630902738355
2025-10-30,Maharashtra,Thane,401107,53,5.814137095633764
2025-10-30,Maharashtra,Thane,421302,80,9.040086979678641
2025-10-30,Manipur,Chandel,795131,34,3.5440242142688487
2025-10-30,Punjab,Amritsar,143001,36,3.7829834649388396
2025-10-30,Rajasthan,Alwar,301411,35,3.663503839603844
2025-10-30,Rajasthan,Barmer,344702,35,3.663503839603844
2025-10-30,Rajasthan,Bharatpur,321001,56,6.17257597163875
2025-10-30,Rajasthan,Bikaner,334001,54,5.933616720968759
2025-10-30,Rajasthan,Churu,331023,34,3.5440242142688487
2025-10-30,Rajasthan,Jodhpur,342027,32,3.305064963598858
2025-10-30,Rajasthan,Nagaur,341303,30,3.066105712928867
2025-10-30,Chhattisgarh,Kawardha,491995,58,6.411535222308741
2025-10-30,Delhi,North Delhi,110084,35,3.663503839603844
2025-10-30,Delhi,North West Delhi,110085,33,3.4245445889338533
2025-10-30,Delhi,South West Delhi,110043,38,4.021942715608831
2025-10-30,Haryana,Bhiwani,127021,36,3.7829834649388396
2025-10-30,Haryana,Jhajjar,124507,35,3.663503839603844
2025-10-30,Haryana,Jind,126102,45,4.858300092953799
2025-10-30,Haryana,Palwal,121103,54,5.933616720968759
2025-10-30,Jharkhand,Dhanbad,828109,36,3.7829834649388396
2025-10-30,Rajasthan,Sirohi,307026,37,3.9024630902738355
2025-10-30,Rajasthan,Udaipur,313704,31,3.1855853382638624
2025-10-30,Tamil Nadu,Chennai,600012,34,3.5440242142688487
2025-10-30,Tamil Nadu,Dharmapuri,636808,32,3.305064963598858
2025-10-30,Telangana,Hyderabad,500013,36,3.7829834649388396
2025-10-30,Telangana,Hyderabad,500064,37,3.9024630902738355
2025-10-30,Telangana,K.v. Rangareddy,500052,41,4.380381591613817
2025-10-30,Uttar Pradesh,Aligarh,202001,127,14.655629370423428
2025-10-30,Uttar Pradesh,Amroha,244231,30,3.066105712928867
2025-10-30,Uttar Pradesh,Banda,210121,31,3.1855853382638624
2025-10-30,Uttar Pradesh,Bareilly,243123,30,3.066105712928867
2025-10-30,Uttar Pradesh,Basti,272130,32,3.305064963598858
2025-10-30,Uttar Pradesh,Basti,272163,37,3.9024630902738355
2025-10-30,Uttar Pradesh,Bijnor,246701,58,6.411535222308741
2025-10-30,Uttar Pradesh,Bijnor,246725,46,4.977779718288795
2025-10-30,Uttar Pradesh,Bijnor,246731,42,4.499861216948813
2025-10-30,Uttar Pradesh,Bijnor,246763,55,6.053096346303755
2025-10-30,Uttar Pradesh,Bulandshahr,203001,64,7.128412974318714
2025-10-30,Uttar Pradesh,Deoria,274001,35,3.663503839603844
2025-10-30,Uttar Pradesh,Etah,207001,47,5.09725934362379
2025-10-30,Uttar Pradesh,Gautam Buddha Nagar,201306,41,4.380381591613817
2025-10-30,Uttar Pradesh,Gautam Buddha Nagar,203207,53,5.814137095633764
2025-10-30,Uttar Pradesh,Ghaziabad,201005,34,3.5440242142688487
2025-10-30,Uttar Pradesh,Hardoi,241001,77,8.681648103673655
2025-10-30,Uttar Pradesh,Jaunpur,222001,58,6.411535222308741
2025-10-30,Uttar Pradesh,Jaunpur,222142,31,3.1855853382638624
2025-10-30,Uttar Pradesh,Jaunpur,223101,31,3.1855853382638624
2025-10-30,Uttar Pradesh,Jhansi,284204,51,5.575177844963772
2025-10-30,Uttar Pradesh,Kheri,262724,30,3.066105712928867
2025-10-30,Uttar Pradesh,Muzaffarnagar,251001,98,11.19072023570856
2025-10-30,Uttar Pradesh,Pilibhit,262122,56,6.17257597163875
2025-10-30,Uttar Pradesh,Pratapgarh,230204,37,3.9024630902738355
2025-10-30,Uttar Pradesh,Saharanpur,247001,154,17.881579254468306
2025-10-30,Uttar Pradesh,Saharanpur,247451,30,3.066105712928867
2025-10-30,Uttar Pradesh,Sitapur,261135,53,5.814137095633764
2025-10-30,Uttar Pradesh,Unnao,229501,32,3.305064963598858
2025-10-30,Uttar Pradesh,Varanasi,221001,59,6.531014847643736
2025-10-30,Uttar Pradesh,Varanasi,221101,30,3.066105712928867
2025-10-30,Uttar Pradesh,Varanasi,221104,32,3.305064963598858
2025-10-30,Uttarakhand,Dehradun,248197,30,3.066105712928867
2025-10-30,West Bengal,Howrah,711315,51,5.575177844963772
2025-10-30,West Bengal,Howrah,711316,30,3.066105712928867
2025-10-30,West Bengal,Malda,732102,33,3.4245445889338533
2025-10-30,West Bengal,Malda,732210,30,3.066105712928867
2025-10-30,West Bengal,Murshidabad,742148,45,4.858300092953799
2025-10-30,West Bengal,Murshidabad,742166,40,4.260901966278822
2025-10-30,West Bengal,Murshidabad,742189,33,3.4245445889338533
2025-10-30,West Bengal,Murshidabad,742224,75,8.442688853003665
2025-10-30,West Bengal,Nadia,741156,30,3.066105712928867
2025-10-30,West Bengal,South 24 Parganas,700135,39,4.141422340943826
2025-10-30,West Bengal,South 24 Parganas,743337,49,5.336218594293781
2025-10-30,West Bengal,South 24 Parganas,743375,55,6.053096346303755
2025-10-30,West Bengal,Uttar Dinajpur,733208,82,9.279046230348632
2025-10-30,Assam,Nagaon,782122,44,4.738820467618804
2025-10-30,Madhya Pradesh,Alirajpur,457990,61,6.769974098313727
2025-10-30,Madhya Pradesh,Balaghat,481115,30,3.066105712928867
2025-10-30,Madhya Pradesh,Balaghat,481222,33,3.4245445889338533
2025-10-30,Madhya Pradesh,Bhopal,462001,54,5.933616720968759
2025-10-30,Madhya Pradesh,Chhatarpur,471201,37,3.9024630902738355
2025-10-30,Madhya Pradesh,Damoh,470661,38,4.021942715608831
2025-10-30,Madhya Pradesh,Dhar,454116,31,3.1855853382638624
2025-10-30,Madhya Pradesh,Dhar,454446,54,5.933616720968759
2025-10-30,Madhya Pradesh,Indore,452002,35,3.663503839603844
2025-10-30,Madhya Pradesh,Mandsaur,458883,56,6.17257597163875
2025-10-30,Bihar,Madhubani,847408,48,5.2167389689587855
2025-10-30,Chhattisgarh,Bastar,494001,56,6.17257597163875
2025-10-30,Chhattisgarh,Mahasamund,493445,32,3.305064963598858
2025-10-30,Chhattisgarh,Raipur,492001,41,4.380381591613817
2025-10-30,Chhattisgarh,Rajnandgaon,491441,57,6.2920555969737455
2025-10-30,Delhi,East Delhi,110092,43,4.619340842283808
2025-10-30,Delhi,North West Delhi,110086,53,5.814137095633764
2025-10-30,Delhi,South Delhi,110044,51,5.575177844963772
2025-10-30,Delhi,West Delhi,110059,77,8.681648103673655
2025-10-30,Gujarat,Surat,395010,44,4.738820467618804
2025-10-30,Haryana,Hisar,125001,60,6.650494472978732
2025-10-30,Haryana,Kaithal,136027,34,3.5440242142688487
2025-10-30,Haryana,Rohtak,124001,48,5.2167389689587855
2025-10-30,Haryana,Sirsa,125055,43,4.619340842283808
2025-10-30,Haryana,Sonipat,131001,40,4.260901966278822
2025-10-30,Haryana,Sonipat,131301,34,3.5440242142688487
2025-10-30,Jammu and Kashmir,Pulwama,192301,34,3.5440242142688487
2025-10-30,Jharkhand,Jamtara,815352,69,7.725811100993691
2025-10-30,Madhya Pradesh,Panna,488333,51,5.575177844963772
2025-10-30,Madhya Pradesh,Panna,488441,48,5.2167389689587855
2025-10-30,Madhya Pradesh,Ratlam,457001,59,6.531014847643736
2025-10-30,Madhya Pradesh,Shajapur,465333,33,3.4245445889338533
2025-10-30,Madhya Pradesh,Sidhi,486670,61,6.769974098313727
2025-10-30,Madhya Pradesh,Tikamgarh,472111,30,3.066105712928867
2025-10-30,Madhya Pradesh,Ujjain,456224,60,6.650494472978732
2025-10-30,Madhya Pradesh,Ujjain,456335,51,5.575177844963772
2025-10-30,Madhya Pradesh,Umaria,484555,34,3.5440242142688487
2025-10-30,Madhya Pradesh,Umaria,484661,77,8.681648103673655
2025-10-30,Maharashtra,Latur,413512,47,5.09725934362379
2025-10-30,Maharashtra,Pune,411048,32,3.305064963598858
2025-10-30,Punjab,Bathinda,151001,42,4.499861216948813
2025-10-30,Punjab,Ludhiana,141007,32,3.305064963598858
2025-10-30,Rajasthan,Ajmer,305001,35,3.663503839603844
2025-10-30,Rajasthan,Alwar,301001,76,8.56216847833866
2025-10-30,Rajasthan,Barmer,344033,42,4.499861216948813
2025-10-30,Rajasthan,Barmer,344706,30,3.066105712928867
2025-10-30,Rajasthan,Churu,331001,40,4.260901966278822
2025-10-30,Rajasthan,Churu,331022,44,4.738820467618804
2025-10-30,Rajasthan,Churu,331507,31,3.1855853382638624
2025-10-30,Rajasthan,Jalor,343041,61,6.769974098313727
2025-10-30,Telangana,Hyderabad,500023,34,3.5440242142688487
2025-10-30,Uttar Pradesh,Agra,282001,73,8.203729602333674
2025-10-30,Uttar Pradesh,Agra,282007,32,3.305064963598858
2025-10-30,Uttar Pradesh,Amroha,244221,44,4.738820467618804
2025-10-30,Uttar Pradesh,Azamgarh,276001,31,3.1855853382638624
2025-10-30,Uttar Pradesh,Baghpat,250611,50,5.455698219628776
2025-10-30,Uttar Pradesh,Bahraich,271801,39,4.141422340943826
2025-10-30,Uttar Pradesh,Bahraich,271865,81,9.159566605013637
2025-10-30,Uttar Pradesh,Bareilly,243001,52,5.694657470298767
2025-10-30,Uttar Pradesh,Bareilly,243503,43,4.619340842283808
2025-10-30,Uttar Pradesh,Bijnor,246762,54,5.933616720968759
2025-10-30,Uttar Pradesh,Chitrakoot,210205,61,6.769974098313727
2025-10-30,Uttar Pradesh,Chitrakoot,210209,65,7.247892599653709
2025-10-30,Uttar Pradesh,Firozabad,283203,66,7.367372224988705
2025-10-30,Uttar Pradesh,Hapur,245101,80,9.040086979678641
2025-10-30,Uttar Pradesh,Hardoi,241303,33,3.4245445889338533
2025-10-30,Uttar Pradesh,Hathras,204101,46,4.977779718288795
2025-10-30,Uttar Pradesh,Jhansi,284003,31,3.1855853382638624
2025-10-30,Uttar Pradesh,Kanpur Nagar,208011,31,3.1855853382638624
2025-10-30,Uttar Pradesh,Kheri,262804,42,4.499861216948813
2025-10-30,Uttar Pradesh,Lucknow,226003,100,11.42967948637855
2025-10-30,Uttar Pradesh,Meerut,250001,68,7.6063314756586955
2025-10-30,Uttar Pradesh,Muzaffarnagar,251002,56,6.17257597163875
2025-10-30,Uttar Pradesh,Muzaffarnagar,251309,55,6.053096346303755
2025-10-30,Uttar Pradesh,Rampur,244921,43,4.619340842283808
2025-10-30,Uttar Pradesh,Saharanpur,247341,48,5.2167389689587855
2025-10-30,Uttar Pradesh,Sambhal,202421,33,3.4245445889338533
2025-10-30,Uttar Pradesh,Shahjahanpur,242001,86,9.756964731688614
2025-10-30,Uttar Pradesh,Shamli,247774,43,4.619340842283808
2025-10-30,Uttar Pradesh,Unnao,209801,60,6.650494472978732
2025-10-30,West Bengal,Howrah,711312,30,3.066105712928867
2025-10-30,West Bengal,Howrah,711401,38,4.021942715608831
2025-10-30,West Bengal,Malda,732124,40,4.260901966278822
2025-10-30,West Bengal,Murshidabad,742213,55,6.053096346303755
2025-10-30,West Bengal,Murshidabad,742304,40,4.260901966278822
2025-10-30,West Bengal,North 24 Parganas,743423,31,3.1855853382638624
2025-10-30,West Bengal,South 24 Parganas,743312,58,6.411535222308741
2025-10-30,West Bengal,South 24 Parganas,743368,52,5.694657470298767
2025-10-30,West Bengal,South 24 Parganas,743376,59,6.531014847643736
2025-10-30,West Bengal,South 24 Parganas,743399,47,5.09725934362379
2025-10-30,West Bengal,South 24 Parganas,743502,64,7.128412974318714
2025-10-30,West Bengal,Uttar Dinajpur,733129,31,3.1855853382638624
2025-10-30,West Bengal,Uttar Dinajpur,733201,66,7.367372224988705
2025-10-30,West Bengal,Uttar Dinajpur,733209,42,4.499861216948813
2025-10-30,Jammu and Kashmir,Doda,182203,99,11.310199861043555
2025-10-30,Jammu and Kashmir,Kupwara,193224,37,3.9024630902738355
2025-10-30,Jammu and Kashmir,Ramban,182144,35,3.663503839603844
2025-10-30,Jharkhand,Deoghar,815353,32,3.305064963598858
2025-10-30,Karnataka,Raichur,584111,35,3.663503839603844
2025-10-30,Madhya Pradesh,Alirajpur,457888,39,4.141422340943826
2025-10-30,Madhya Pradesh,Barwani,451551,36,3.7829834649388396
2025-10-30,Madhya Pradesh,Chhatarpur,471515,47,5.09725934362379
2025-10-30,Madhya Pradesh,Chhindwara,480001,65,7.247892599653709
2025-10-30,Madhya Pradesh,Chhindwara,480441,44,4.738820467618804
2025-10-30,Madhya Pradesh,Dewas,455336,70,7.845290726328686
2025-10-30,Madhya Pradesh,Gwalior,474001,32,3.305064963598858
2025-10-30,Madhya Pradesh,Hoshangabad,461990,34,3.5440242142688487
2025-10-30,Madhya Pradesh,Mandla,481661,39,4.141422340943826
2025-10-30,Madhya Pradesh,Morena,476001,53,5.814137095633764
2025-10-30,Madhya Pradesh,Panna,488001,62,6.889453723648723
2025-10-30,Madhya Pradesh,Panna,488058,31,3.1855853382638624
2025-10-30,Madhya Pradesh,Rewa,486223,30,3.066105712928867
2025-10-30,Madhya Pradesh,Sagar,470113,34,3.5440242142688487
2025-10-30,Madhya Pradesh,Satna,485773,50,5.455698219628776
2025-10-30,Madhya Pradesh,Satna,485775,30,3.066105712928867
2025-10-30,Madhya Pradesh,Singrauli,486886,111,12.743955365063501
2025-10-30,Madhya Pradesh,Tikamgarh,472001,35,3.663503839603844
2025-10-30,Madhya Pradesh,Ujjain,456550,31,3.1855853382638624
2025-10-30,Madhya Pradesh,Vidisha,464228,31,3.1855853382638624
2025-10-30,Maharashtra,Jalna,431114,31,3.1855853382638624
2025-10-30,Maharashtra,Nashik,423203,90,10.234883233028595
2025-10-30,Maharashtra,Parbhani,431514,35,3.663503839603844
2025-10-30,Maharashtra,Pune,411014,33,3.4245445889338533
2025-10-30,Maharashtra,Thane,421503,40,4.260901966278822
2025-10-30,Odisha,Bargarh,768036,49,5.336218594293781
2025-10-30,Punjab,Ludhiana,141003,48,5.2167389689587855
2025-10-30,Rajasthan,Bikaner,331803,35,3.663503839603844
2025-10-30,Rajasthan,Jaisalmer,345001,38,4.021942715608831
2025-10-30,Rajasthan,Pali,306401,35,3.663503839603844
2025-10-30,Telangana,Hyderabad,500005,33,3.4245445889338533
2025-10-30,Telangana,Hyderabad,500006,30,3.066105712928867
2025-10-30,Uttar Pradesh,Amroha,244241,36,3.7829834649388396
2025-10-30,Uttar Pradesh,Basti,272194,32,3.305064963598858
2025-10-30,Uttar Pradesh,Chitrakoot,210207,41,4.380381591613817
2025-10-30,Uttar Pradesh,Fatehpur,212601,64,7.128412974318714
2025-10-30,Uttar Pradesh,Gautam Buddha Nagar,201301,71,7.964770351663682
2025-10-30,Uttar Pradesh,Ghaziabad,201102,79,8.920607354343646
2025-10-30,Uttar Pradesh,Ghaziabad,201204,32,3.305064963598858
2025-10-30,Uttar Pradesh,Ghaziabad,245304,35,3.663503839603844
2025-10-30,Uttar Pradesh,Gonda,271001,40,4.260901966278822
2025-10-30,Uttar Pradesh,Hardoi,241301,36,3.7829834649388396
2025-10-30,Uttar Pradesh,Jaunpur,222161,30,3.066105712928867
2025-10-30,Uttar Pradesh,Kanpur Nagar,208021,44,4.738820467618804
2025-10-30,Uttar Pradesh,Lalitpur,284403,34,3.5440242142688487
2025-10-30,Uttar Pradesh,Lucknow,226010,47,5.09725934362379
2025-10-30,Uttar Pradesh,Lucknow,226020,30,3.066105712928867
2025-10-30,Uttar Pradesh,Lucknow,226021,43,4.619340842283808
2025-10-30,Uttar Pradesh,Mainpuri,205001,53,5.814137095633764
2025-10-30,Uttar Pradesh,Meerut,250002,147,17.045221877123335
2025-10-30,Uttar Pradesh,Meerut,250004,33,3.4245445889338533
2025-10-30,Uttar Pradesh,Meerut,250404,34,3.5440242142688487
2025-10-30,Uttar Pradesh,Moradabad,244001,166,19.31533475848825
2025-10-30,Uttar Pradesh,Moradabad,244501,31,3.1855853382638624
2025-10-30,Uttar Pradesh,Rampur,244927,31,3.1855853382638624
2025-10-30,Uttar Pradesh,Shamli,247775,67,7.4868518503237
2025-10-30,Uttar Pradesh,Sultanpur,228001,36,3.7829834649388396
2025-10-30,Uttar Pradesh,Unnao,241504,40,4.260901966278822
2025-10-30,Uttar Pradesh,Varanasi,221002,36,3.7829834649388396
2025-10-30,Uttarakhand,Udham Singh Nagar,263148,32,3.305064963598858
2025-10-30,West Bengal,Birbhum,731219,50,5.455698219628776
2025-10-30,West Bengal,Dakshin Dinajpur,733124,41,4.380381591613817
2025-10-30,West Bengal,Howrah,711303,50,5.455698219628776
2025-10-30,West Bengal,Malda,732201,59,6.531014847643736
2025-10-30,West Bengal,Malda,732206,43,4.619340842283808
2025-10-30,West Bengal,Murshidabad,742201,72,8.084249976998677
2025-10-30,West Bengal,Murshidabad,742202,103,11.788118362383537
2025-10-30,West Bengal,Nadia,741123,32,3.305064963598858
2025-10-30,West Bengal,Nadia,741137,33,3.4245445889338533
2025-10-30,West Bengal,South 24 Parganas,743355,77,8.681648103673655
2025-10-30,West Bengal,Uttar Dinajpur,733202,156,18.120538505138295
2025-10-30,West Bengal,Uttar Dinajpur,733210,114,13.102394241068488
2025-10-30,West Bengal,Uttar Dinajpur,733215,77,8.681648103673655
2025-10-30,Assam,Sonitpur,784027,45,4.858300092953799
2025-10-30,Bihar,Darbhanga,847203,33,3.4245445889338533
2025-10-30,Bihar,Sheikhpura,811105,31,3.1855853382638624
2025-10-30,Bihar,Sitamarhi,843302,37,3.9024630902738355
2025-10-30,Chhattisgarh,Bilaspur,495001,48,5.2167389689587855
2025-10-30,Chhattisgarh,Korba,495445,32,3.305064963598858
2025-10-30,Chhattisgarh,Mungeli,495334,39,4.141422340943826
2025-10-30,Chhattisgarh,Raipur,493661,36,3.7829834649388396
2025-10-30,Delhi,North East,110094,32,3.305064963598858
2025-10-30,Delhi,North East Delhi,110053,47,5.09725934362379
2025-10-30,Haryana,Fatehabad,125051,40,4.260901966278822
2025-10-30,Haryana,Hisar,125033,42,4.499861216948813
2025-10-30,Haryana,Yamuna Nagar,135001,63,7.008933348983718
2025-10-30,Assam,Goalpara,783129,42,4.499861216948813
2025-10-30,Assam,Marigaon,782127,33,3.4245445889338533
2025-10-30,Assam,Sonitpur,784507,35,3.663503839603844
2025-10-30,Bihar,Araria,854311,69,7.725811100993691
2025-10-30,Bihar,Araria,854333,35,3.663503839603844
2025-10-30,Bihar,Banka,813106,32,3.305064963598858
2025-10-30,Chhattisgarh,Bilaspur,495551,45,4.858300092953799
2025-10-30,Chhattisgarh,Kondagaon,494226,51,5.575177844963772
2025-10-30,Chhattisgarh,Mungeli,495115,50,5.455698219628776
2025-10-30,Delhi,East Delhi,110091,36,3.7829834649388396
2025-10-30,Delhi,North East Delhi,110093,30,3.066105712928867
2025-10-30,Delhi,North East Delhi,110094,112,12.863434990398497
2025-10-30,Delhi,North West Delhi,110042,36,3.7829834649388396
2025-10-30,Delhi,South West Delhi,110045,33,3.4245445889338533
2025-10-30,Haryana,Faridabad,121001,47,5.09725934362379
2025-10-30,Haryana,Faridabad,121004,86,9.756964731688614
2025-10-30,Haryana,Faridabad,121005,36,3.7829834649388396
2025-10-30,Haryana,Karnal,132001,46,4.977779718288795
2025-10-30,Haryana,Mahendragarh,123001,35,3.663503839603844
2025-10-30,Haryana,Palwal,121102,57,6.2920555969737455
2025-10-30,Haryana,Panipat,132103,83,9.398525855683628
2025-10-30,Jammu and Kashmir,Punch,185102,44,4.738820467618804
2025-10-30,Madhya Pradesh,Anuppur,484881,31,3.1855853382638624
2025-10-30,Madhya Pradesh,Barwani,451666,84,9.518005481018623
2025-10-30,Madhya Pradesh,Betul,460001,45,4.858300092953799
2025-10-30,Madhya Pradesh,Chhatarpur,471501,34,3.5440242142688487
2025-10-30,Madhya Pradesh,Chhatarpur,471525,49,5.336218594293781
2025-10-30,Madhya Pradesh,Dewas,455116,33,3.4245445889338533
2025-10-30,Madhya Pradesh,East Nimar,450117,36,3.7829834649388396
2025-10-30,Madhya Pradesh,Guna,473001,70,7.845290726328686
2025-10-30,Madhya Pradesh,Gwalior,475110,35,3.663503839603844
2025-10-30,Madhya Pradesh,Indore,452016,54,5.933616720968759
2025-10-30,Madhya Pradesh,Jabalpur,482002,30,3.066105712928867
2025-10-30,Madhya Pradesh,Jabalpur,483119,44,4.738820467618804
2025-10-30,Madhya Pradesh,Jabalpur,483225,38,4.021942715608831
2025-10-30,Madhya Pradesh,Jabalpur,483334,51,5.575177844963772
2025-10-30,Madhya Pradesh,Jhabua,457661,159,18.47897738114328
2025-10-30,Madhya Pradesh,Jhabua,457993,47,5.09725934362379
2025-10-30,Madhya Pradesh,Raisen,464881,39,4.141422340943826
2025-10-30,Madhya Pradesh,Rajgarh,465667,33,3.4245445889338533
2025-10-30,Madhya Pradesh,Sagar,470001,70,7.845290726328686
2025-10-30,Madhya Pradesh,Sagar,470227,33,3.4245445889338533
2025-10-30,Madhya Pradesh,Sehore,466001,36,3.7829834649388396
2025-10-30,Madhya Pradesh,Shahdol,484001,36,3.7829834649388396
2025-10-30,Madhya Pradesh,Sidhi,486771,42,4.499861216948813
2025-10-30,Madhya Pradesh,Singrauli,486892,34,3.5440242142688487
2025-10-30,Madhya Pradesh,Ujjain,456010,56,6.17257597163875
2025-10-30,Maharashtra,Akola,444001,34,3.5440242142688487
2025-10-30,Maharashtra,Beed,431122,32,3.305064963598858
2025-10-30,Maharashtra,Dhule,424001,42,4.499861216948813
2025-10-30,Maharashtra,Nandurbar,425414,51,5.575177844963772
2025-10-30,Maharashtra,Palghar,401209,38,4.021942715608831
2025-10-30,Maharashtra,Parbhani,431509,36,3.7829834649388396
2025-10-30,Maharashtra,Pune,412105,36,3.7829834649388396
2025-10-30,Maharashtra,Pune,412301,30,3.066105712928867
2025-10-30,Meghalaya,West Garo Hills,794104,40,4.260901966278822
2025-10-30,Nagaland,Kiphire,798611,31,3.1855853382638624
2025-10-30,Punjab,Patiala,147001,41,4.380381591613817
2025-10-30,Rajasthan,Banswara,327001,33,3.4245445889338533
2025-10-30,Rajasthan,Jodhpur,342001,75,8.442688853003665
2025-10-30,Rajasthan,Udaipur,307025,38,4.021942715608831
2025-10-30,Uttar Pradesh,Saharanpur,247554,44,4.738820467618804
2025-10-30,Uttar Pradesh,Shamli,247776,60,6.650494472978732
2025-10-30,Uttar Pradesh,Sultanpur,228151,31,3.1855853382638624
2025-10-30,Uttar Pradesh,Unnao,209861,32,3.305064963598858
2025-10-30,Uttarakhand,Dehradun,248001,83,9.398525855683628
2025-10-30,Uttarakhand,Haridwar,247667,35,3.663503839603844
2025-10-30,Uttarakhand,Udham Singh Nagar,244713,42,4.499861216948813
2025-10-30,West Bengal,Birbhum,731224,30,3.066105712928867
2025-10-30,West Bengal,Birbhum,731237,37,3.9024630902738355
2025-10-30,West Bengal,Cooch Behar,736135,45,4.858300092953799
2025-10-30,West Bengal,Murshidabad,742133,33,3.4245445889338533
2025-10-30,West Bengal,Murshidabad,742135,59,6.531014847643736
2025-10-30,West Bengal,Murshidabad,742301,40,4.260901966278822
2025-10-30,West Bengal,North 24 Parganas,743425,55,6.053096346303755
2025-10-30,West Bengal,Paschim Medinipur,721211,33,3.4245445889338533
2025-10-30,West Bengal,South 24 Parganas,743347,43,4.619340842283808
2025-10-30,West Bengal,South 24 Parganas,743349,63,7.008933348983718
2025-10-30,West Bengal,South 24 Parganas,743503,51,5.575177844963772
2025-10-30,West Bengal,Uttar Dinajpur,733134,37,3.9024630902738355
2025-10-30,West Bengal,Uttar Dinajpur,733207,148,17.164701502458332
2025-10-30,Assam,Baksa,781367,33,3.4245445889338533
2025-10-30,Assam,Dhubri,783348,34,3.5440242142688487
2025-10-30,Assam,Nagaon,782123,39,4.141422340943826
2025-10-30,Bihar,Araria,854318,32,3.305064963598858
2025-10-30,Bihar,Katihar,855113,39,4.141422340943826
2025-10-30,Bihar,Kishanganj,855107,39,4.141422340943826
2025-10-30,Bihar,Kishanganj,855117,42,4.499861216948813
2025-10-30,Bihar,Purnia,854330,31,3.1855853382638624
2025-10-30,Chhattisgarh,Bemetara,491335,35,3.663503839603844
2025-10-30,Chhattisgarh,Bijapur,494444,31,3.1855853382638624
2025-10-30,Chhattisgarh,Kawardha,491559,41,4.380381591613817
2025-10-30,Chhattisgarh,Surguja,497001,34,3.5440242142688487
2025-10-30,Delhi,South Delhi,110062,51,5.575177844963772
2025-10-30,Delhi,West Delhi,110041,39,4.141422340943826
2025-10-30,Haryana,Ambala,134003,32,3.305064963598858
2025-10-30,Haryana,Fatehabad,125050,31,3.1855853382638624
2025-10-30,Haryana,Gurgaon,122001,41,4.380381591613817
2025-10-30,Haryana,Jind,126116,33,3.4245445889338533
2025-10-30,Haryana,Mewat,122107,36,3.7829834649388396
2025-10-30,Haryana,Mewat,122508,75,8.442688853003665
2025-10-30,Haryana,Rewari,123401,34,3.5440242142688487
2025-10-30,Jammu and Kashmir,Doda,182201,33,3.4245445889338533
2025-10-30,Jammu and Kashmir,Kulgam,192231,49,5.336218594293781
2025-10-30,Jammu and Kashmir,Reasi,182315,30,3.066105712928867
2025-10-30,Jharkhand,Sahebganj,816108,45,4.858300092953799
2025-10-30,Madhya Pradesh,Barwani,451447,32,3.305064963598858
2025-10-30,Madhya Pradesh,Betul,460220,37,3.9024630902738355
2025-10-30,Madhya Pradesh,Burhanpur,450331,75,8.442688853003665
2025-10-30,Madhya Pradesh,Dewas,455227,37,3.9024630902738355
2025-10-30,Madhya Pradesh,Dhar,454001,52,5.694657470298767
2025-10-30,Madhya Pradesh,Dhar,454331,34,3.5440242142688487
2025-10-30,Madhya Pradesh,Indore,452001,59,6.531014847643736
2025-10-30,Madhya Pradesh,Jabalpur,482001,83,9.398525855683628
2025-10-30,Madhya Pradesh,Jabalpur,482003,42,4.499861216948813
2025-10-30,Madhya Pradesh,Jhabua,457779,66,7.367372224988705
2025-10-30,Madhya Pradesh,Katni,483775,35,3.663503839603844
2025-10-30,Madhya Pradesh,Morena,476115,35,3.663503839603844
2025-10-30,Madhya Pradesh,Morena,476224,30,3.066105712928867
2025-10-30,Madhya Pradesh,Rewa,486331,52,5.694657470298767
2025-10-30,Madhya Pradesh,Sagar,470226,35,3.663503839603844
2025-10-30,Madhya Pradesh,Satna,485001,45,4.858300092953799
2025-10-30,Madhya Pradesh,Satna,485331,32,3.305064963598858
2025-10-30,Madhya Pradesh,Satna,485446,36,3.7829834649388396
2025-10-30,Madhya Pradesh,Satna,485771,35,3.663503839603844
2025-10-30,Madhya Pradesh,Seoni,480661,41,4.380381591613817
2025-10-30,Madhya Pradesh,Shivpuri,473551,33,3.4245445889338533
2025-10-30,Madhya Pradesh,Sidhi,486661,93,10.593322109033583
2025-10-30,Madhya Pradesh,Tikamgarh,472101,30,3.066105712928867
2025-10-30,Madhya Pradesh,Ujjain,456006,62,6.889453723648723
2025-10-30,Madhya Pradesh,Ujjain,456222,30,3.066105712928867
2025-10-30,Madhya Pradesh,Ujjain,456443,31,3.1855853382638624
2025-10-30,Madhya Pradesh,Umaria,484660,49,5.336218594293781
2025-10-30,Madhya Pradesh,Vidisha,464221,50,5.455698219628776
2025-10-30,Maharashtra,Palghar,401208,31,3.1855853382638624
2025-10-30,Maharashtra,Parbhani,431401,44,4.738820467618804
2025-10-30,Maharashtra,Raigarh,410206,33,3.4245445889338533
2025-10-30,Maharashtra,Thane,421301,52,5.694657470298767
2025-10-30,Punjab,Ludhiana,141001,34,3.5440242142688487
2025-10-30,Punjab,Ludhiana,141008,34,3.5440242142688487
2025-10-30,Rajasthan,Barmer,344001,35,3.663503839603844
2025-10-30,Rajasthan,Barmer,344704,40,4.260901966278822
2025-10-30,Rajasthan,Jalor,307029,30,3.066105712928867
2025-10-30,Rajasthan,Nagaur,341001,40,4.260901966278822
2025-10-30,Rajasthan,Udaipur,313001,36,3.7829834649388396
2025-10-30,Telangana,Bhadradri Kothagudem,507101,32,3.305064963598858
2025-10-30,Telangana,Hyderabad,500008,59,6.531014847643736
2025-10-30,Telangana,Hyderabad,500028,30,3.066105712928867
2025-10-30,Telangana,Nizamabad,503001,32,3.305064963598858
2025-10-30,Uttar Pradesh,Balrampur,271604,42,4.499861216948813
2025-10-30,Uttar Pradesh,Banda,210001,46,4.977779718288795
2025-10-30,Uttar Pradesh,Bareilly,243201,66,7.367372224988705
2025-10-30,Uttar Pradesh,Bareilly,243301,36,3.7829834649388396
2025-10-30,Uttar Pradesh,Bareilly,243505,37,3.9024630902738355
2025-10-30,Uttar Pradesh,Bijnor,246734,34,3.5440242142688487
2025-10-30,Uttar Pradesh,Budaun,243601,55,6.053096346303755
2025-10-30,Uttar Pradesh,Bulandshahr,203131,44,4.738820467618804
2025-10-30,Uttar Pradesh,Ghaziabad,201002,34,3.5440242142688487
2025-10-30,Uttar Pradesh,Jaunpur,222203,30,3.066105712928867
2025-10-30,Uttar Pradesh,Kanpur Nagar,208001,86,9.756964731688614
2025-10-30,Uttar Pradesh,Kheri,262723,36,3.7829834649388396
2025-10-30,Uttar Pradesh,Lucknow,226002,41,4.380381591613817
2025-10-30,Uttar Pradesh,Meerut,250401,44,4.738820467618804
2025-10-30,Uttar Pradesh,Mirzapur,231001,48,5.2167389689587855
2025-10-30,Uttar Pradesh,Moradabad,244402,39,4.141422340943826
2025-10-30,Uttar Pradesh,Rae Bareli,229001,68,7.6063314756586955
2025-10-30,Uttar Pradesh,Rampur,244901,112,12.863434990398497
2025-10-30,Uttar Pradesh,Siddharthnagar,272153,46,4.977779718288795
2025-10-30,Uttar Pradesh,Sitapur,261001,45,4.858300092953799
2025-10-30,Uttarakhand,Nainital,263139,67,7.4868518503237
2025-10-30,West Bengal,Birbhum,731220,41,4.380381591613817
2025-10-30,West Bengal,Birbhum,731221,36,3.7829834649388396
2025-10-30,West Bengal,Malda,732125,31,3.1855853382638624
2025-10-30,West Bengal,Malda,732139,33,3.4245445889338533
2025-10-30,West Bengal,Malda,732207,45,4.858300092953799
2025-10-30,West Bengal,Murshidabad,742223,39,4.141422340943826
2025-10-30,West Bengal,Murshidabad,742303,35,3.663503839603844
2025-10-30,West Bengal,Paschim Medinipur,721127,31,3.1855853382638624
2025-10-30,West Bengal,Paschim Medinipur,721150,47,5.09725934362379
2025-10-30,West Bengal,South 24 Parganas,743329,115,13.221873866403483
2025-10-30,West Bengal,South 24 Parganas,743338,63,7.008933348983718
2025-10-30,West Bengal,South 24 Parganas,743372,45,4.858300092953799
2025-10-31,Karnataka,Dharwad,580024,34,3.5440242142688487
2025-10-31,Madhya Pradesh,Burhanpur,450331,43,4.619340842283808
2025-10-31,Madhya Pradesh,Dewas,455001,56,6.17257597163875
2025-10-31,Madhya Pradesh,Dewas,455332,35,3.663503839603844
2025-10-31,Madhya Pradesh,Indore,452015,31,3.1855853382638624
2025-10-31,Madhya Pradesh,Jhabua,457779,41,4.380381591613817
2025-10-31,Madhya Pradesh,Morena,476001,33,3.4245445889338533
2025-10-31,Madhya Pradesh,Neemuch,458441,30,3.066105712928867
2025-10-31,Madhya Pradesh,Sehore,466001,30,3.066105712928867
2025-10-31,Maharashtra,Aurangabad,431001,38,4.021942715608831
2025-10-31,Maharashtra,Thane,400612,34,3.5440242142688487
2025-10-31,Maharashtra,Thane,421302,52,5.694657470298767
2025-10-31,Punjab,Gurdaspur,143505,34,3.5440242142688487
2025-10-31,Rajasthan,Barmer,344001,32,3.305064963598858
2025-10-31,Rajasthan,Udaipur,307025,42,4.499861216948813
2025-10-31,Uttar Pradesh,Bahraich,271865,37,3.9024630902738355
2025-10-31,Assam,Sonitpur,784027,39,4.141422340943826
2025-10-31,Bihar,Gaya,824232,36,3.7829834649388396
2025-10-31,Bihar,Madhubani,847108,33,3.4245445889338533
2025-10-31,Haryana,Faridabad,121004,45,4.858300092953799
2025-10-31,Haryana,Jind,126102,35,3.663503839603844
2025-10-31,Haryana,Yamuna Nagar,135001,33,3.4245445889338533
2025-10-31,Uttar Pradesh,Bareilly,243505,31,3.1855853382638624
2025-10-31,Uttar Pradesh,Bijnor,246762,38,4.021942715608831
2025-10-31,Uttar Pradesh,Firozabad,283204,38,4.021942715608831
2025-10-31,Uttar Pradesh,Gautam Buddha Nagar,201301,47,5.09725934362379
2025-10-31,Uttar Pradesh,Ghaziabad,201001,44,4.738820467618804
2025-10-31,Uttar Pradesh,Ghaziabad,201102,54,5.933616720968759
2025-10-31,Uttar Pradesh,Mainpuri,205001,31,3.1855853382638624
2025-10-31,Uttar Pradesh,Meerut,250001,56,6.17257597163875
2025-10-31,Uttar Pradesh,Meerut,250401,35,3.663503839603844
2025-10-31,Uttar Pradesh,Moradabad,244001,87,9.87644435702361
2025-10-31,Uttar Pradesh,Muzaffarnagar,251002,30,3.066105712928867
2025-10-31,Uttar Pradesh,Rampur,244922,33,3.4245445889338533
2025-10-31,Uttar Pradesh,Saharanpur,247001,86,9.756964731688614
2025-10-31,Uttarakhand,Dehradun,248001,32,3.305064963598858
2025-10-31,Karnataka,Bengaluru,560068,31,3.1855853382638624
2025-10-31,Madhya Pradesh,Betul,460001,30,3.066105712928867
2025-10-31,Madhya Pradesh,Damoh,470775,33,3.4245445889338533
2025-10-31,Madhya Pradesh,Dhar,454446,37,3.9024630902738355
2025-10-31,Madhya Pradesh,Jabalpur,482001,33,3.4245445889338533
2025-10-31,Madhya Pradesh,Morena,476224,41,4.380381591613817
2025-10-31,Madhya Pradesh,Panna,488442,32,3.305064963598858
2025-10-31,Madhya Pradesh,Ratlam,457001,45,4.858300092953799
2025-10-31,Madhya Pradesh,Rewa,486001,31,3.1855853382638624
2025-10-31,Madhya Pradesh,Satna,485001,31,3.1855853382638624
2025-10-31,Madhya Pradesh,Sidhi,486661,54,5.933616720968759
2025-10-31,Madhya Pradesh,Singrauli,486886,42,4.499861216948813
2025-10-31,Madhya Pradesh,Ujjain,456771,35,3.663503839603844
2025-10-31,Bihar,Araria,854333,31,3.1855853382638624
2025-10-31,Rajasthan,Churu,331022,30,3.066105712928867
2025-10-31,Uttar Pradesh,Balrampur,271604,36,3.7829834649388396
2025-10-31,Uttar Pradesh,Kheri,261505,31,3.1855853382638624
2025-10-31,Uttar Pradesh,Muzaffarnagar,251001,43,4.619340842283808
2025-10-31,Uttar Pradesh,Rampur,244901,71,7.964770351663682
2025-10-31,Uttar Pradesh,Shahjahanpur,242001,40,4.260901966278822
2025-10-31,Uttarakhand,Nainital,263139,35,3.663503839603844
2025-10-31,West Bengal,Uttar Dinajpur,733202,50,5.455698219628776
2025-10-31,Delhi,North East Delhi,110094,61,6.769974098313727
2025-10-31,Haryana,Hisar,125001,32,3.305064963598858
2025-10-31,Haryana,Panipat,132103,47,5.09725934362379
2025-10-31,Madhya Pradesh,Alirajpur,457990,53,5.814137095633764
2025-10-31,Madhya Pradesh,Chhindwara,480001,37,3.9024630902738355
2025-10-31,Madhya Pradesh,Dewas,455336,31,3.1855853382638624
2025-10-31,Madhya Pradesh,Katni,483501,50,5.455698219628776
2025-10-31,Madhya Pradesh,Morena,476221,33,3.4245445889338533
2025-10-31,Maharashtra,Nashik,423203,52,5.694657470298767
2025-10-31,Rajasthan,Alwar,301001,44,4.738820467618804
2025-10-31,Rajasthan,Jalor,343041,33,3.4245445889338533
2025-10-31,Bihar,Saharsa,852106,30,3.066105712928867
2025-10-31,Bihar,Sitamarhi,843324,33,3.4245445889338533
2025-10-31,Uttar Pradesh,Bareilly,243201,35,3.663503839603844
2025-10-31,Uttar Pradesh,Bareilly,243503,32,3.305064963598858
2025-10-31,Uttar Pradesh,Bijnor,246701,40,4.260901966278822
2025-10-31,Uttar Pradesh,Bulandshahr,203001,36,3.7829834649388396
2025-10-31,Uttar Pradesh,Hardoi,241001,58,6.411535222308741
2025-10-31,Uttar Pradesh,Pilibhit,262122,33,3.4245445889338533
2025-10-31,Uttar Pradesh,Shamli,247776,36,3.7829834649388396
2025-10-31,West Bengal,Malda,732201,43,4.619340842283808
2025-10-31,West Bengal,Uttar Dinajpur,733207,59,6.531014847643736
2025-10-31,Chhattisgarh,Raipur,492001,38,4.021942715608831
2025-10-31,Delhi,North East Delhi,110053,36,3.7829834649388396
2025-10-31,Haryana,Gurgaon,122001,33,3.4245445889338533
2025-10-31,Jammu and Kashmir,Doda,182203,49,5.336218594293781
2025-10-31,Jharkhand,Jamtara,815352,36,3.7829834649388396
2025-10-31,Madhya Pradesh,Barwani,451666,52,5.694657470298767
2025-10-31,Madhya Pradesh,Guna,473001,35,3.663503839603844
2025-10-31,Madhya Pradesh,Jhabua,457661,86,9.756964731688614
2025-10-31,Madhya Pradesh,Jhabua,457993,33,3.4245445889338533
2025-10-31,Madhya Pradesh,Panna,488220,40,4.260901966278822
2025-10-31,Madhya Pradesh,Shajapur,465001,32,3.305064963598858
2025-10-31,Maharashtra,Nandurbar,425414,40,4.260901966278822
2025-10-31,Meghalaya,Ri Bhoi,793102,30,3.066105712928867
2025-10-31,Punjab,Amritsar,143001,52,5.694657470298767
2025-10-31,Uttar Pradesh,Agra,282001,51,5.575177844963772
2025-10-31,Uttar Pradesh,Bareilly,243122,30,3.066105712928867
2025-10-31,Uttar Pradesh,Hapur,245101,55,6.053096346303755
2025-10-31,Uttar Pradesh,Kanpur Nagar,208001,41,4.380381591613817
2025-10-31,Uttar Pradesh,Lucknow,226003,38,4.021942715608831
2025-10-31,Uttar Pradesh,Saharanpur,247341,30,3.066105712928867
2025-10-31,Uttar Pradesh,Sitapur,261001,30,3.066105712928867
2025-10-31,West Bengal,South 24 Parganas,743312,30,3.066105712928867
2025-10-31,West Bengal,South 24 Parganas,743329,62,6.889453723648723
2025-10-31,West Bengal,South 24 Parganas,743355,31,3.1855853382638624
2025-10-31,West Bengal,South 24 Parganas,743502,34,3.5440242142688487
2025-10-31,West Bengal,Uttar Dinajpur,733201,43,4.619340842283808
2025-10-31,Bihar,Araria,854311,45,4.858300092953799
2025-10-31,Bihar,West Champaran,845438,36,3.7829834649388396
2025-10-31,Haryana,Mewat,122508,49,5.336218594293781
2025-10-31,Karnataka,Raichur,584111,32,3.305064963598858
2025-10-31,Madhya Pradesh,Bhopal,462001,38,4.021942715608831
2025-10-31,Madhya Pradesh,Indore,452001,36,3.7829834649388396
2025-10-31,Madhya Pradesh,Indore,452016,41,4.380381591613817
2025-10-31,Madhya Pradesh,Khargone,451441,50,5.455698219628776
2025-10-31,Madhya Pradesh,Morena,476115,30,3.066105712928867
2025-10-31,Madhya Pradesh,Ujjain,456006,40,4.260901966278822
2025-10-31,Uttar Pradesh,Aligarh,202001,52,5.694657470298767
2025-10-31,Uttar Pradesh,Amroha,244221,38,4.021942715608831
2025-10-31,Uttar Pradesh,Budaun,243601,41,4.380381591613817
2025-10-31,Uttar Pradesh,Firozabad,283203,43,4.619340842283808
2025-10-31,Uttar Pradesh,Kheri,262802,31,3.1855853382638624
2025-10-31,Uttar Pradesh,Mau,275101,37,3.9024630902738355
2025-10-31,Uttar Pradesh,Meerut,250002,109,12.50499611439351
2025-10-31,Uttar Pradesh,Pilibhit,262001,39,4.141422340943826
2025-10-31,Uttar Pradesh,Saharanpur,247554,33,3.4245445889338533
2025-10-31,West Bengal,Murshidabad,742202,35,3.663503839603844
2025-10-31,West Bengal,South 24 Parganas,743338,31,3.1855853382638624
2025-10-31,West Bengal,Uttar Dinajpur,733210,51,5.575177844963772
2025-10-31,Maharashtra,Thane,401107,32,3.305064963598858
2025-10-31,Bihar,Madhubani,847408,33,3.4245445889338533
2025-10-31,Delhi,North West Delhi,110042,31,3.1855853382638624
2025-10-31,Delhi,South Delhi,110062,46,4.977779718288795
2025-10-31,Delhi,West Delhi,110041,33,3.4245445889338533
2025-10-31,Delhi,West Delhi,110059,59,6.531014847643736
2025-11-01,Meghalaya,Ri Bhoi,793122,32,3.305064963598858
2025-11-01,Uttar Pradesh,Aligarh,202001,30,3.066105712928867
2025-11-01,Meghalaya,West Jaintia Hills,793150,51,5.575177844963772
2025-11-01,Punjab,Amritsar,143001,51,5.575177844963772
2025-11-02,Delhi,East Delhi,110096,30,3.066105712928867
2025-11-02,Delhi,North West Delhi,110086,65,7.247892599653709
2025-11-02,Gujarat,Surat,395004,32,3.305064963598858
2025-11-02,Gujarat,Surat,395010,40,4.260901966278822
2025-11-02,Haryana,Faridabad,121001,45,4.858300092953799
2025-11-02,Haryana,Gurgaon,122001,53,5.814137095633764
2025-11-02,Jharkhand,Garhwa,822128,43,4.619340842283808
2025-11-02,Jharkhand,Ranchi,834001,42,4.499861216948813
2025-11-02,Jharkhand,Ranchi,835204,41,4.380381591613817
2025-11-02,Jharkhand,Sahebganj,816101,34,3.5440242142688487
2025-11-02,Punjab,Bathinda,151001,33,3.4245445889338533
2025-11-02,Punjab,Ludhiana,141003,32,3.305064963598858
2025-11-02,Rajasthan,Banswara,327801,36,3.7829834649388396
2025-11-02,Telangana,Hyderabad,500064,32,3.305064963598858
2025-11-02,Telangana,Medchal-malkajgiri,500090,31,3.1855853382638624
2025-11-02,Madhya Pradesh,Bhind,477001,35,3.663503839603844
2025-11-02,Madhya Pradesh,Guna,473001,40,4.260901966278822
2025-11-02,Madhya Pradesh,Katni,483330,34,3.5440242142688487
2025-11-02,Madhya Pradesh,Khargone,451441,31,3.1855853382638624
2025-11-02,Madhya Pradesh,Mandla,481661,30,3.066105712928867
2025-11-02,Madhya Pradesh,Mandsaur,458002,33,3.4245445889338533
2025-11-02,Madhya Pradesh,Mandsaur,458775,52,5.694657470298767
2025-11-02,Madhya Pradesh,Mandsaur,458883,68,7.6063314756586955
2025-11-02,Madhya Pradesh,Panna,488220,54,5.933616720968759
2025-11-02,Madhya Pradesh,Shivpuri,473551,34,3.5440242142688487
2025-11-02,Madhya Pradesh,Umaria,484661,36,3.7829834649388396
2025-11-02,Maharashtra,Palghar,401209,40,4.260901966278822
2025-11-02,Odisha,Bargarh,768036,40,4.260901966278822
2025-11-02,Uttar Pradesh,Balrampur,271201,31,3.1855853382638624
2025-11-02,Uttar Pradesh,Bareilly,243122,33,3.4245445889338533
2025-11-02,Uttar Pradesh,Bareilly,243301,38,4.021942715608831
2025-11-02,Uttar Pradesh,Etawah,206001,40,4.260901966278822
2025-11-02,Uttar Pradesh,Gautam Buddha Nagar,201301,63,7.008933348983718
2025-11-02,Uttar Pradesh,Hardoi,241124,31,3.1855853382638624
2025-11-02,Uttar Pradesh,Kanpur Nagar,208001,67,7.4868518503237
2025-11-02,Uttar Pradesh,Kheri,262802,38,4.021942715608831
2025-11-02,Uttar Pradesh,Mathura,281001,31,3.1855853382638624
2025-11-02,Uttar Pradesh,Meerut,250004,46,4.977779718288795
2025-11-02,Uttar Pradesh,Mirzapur,231001,48,5.2167389689587855
2025-11-02,Uttar Pradesh,Moradabad,244402,34,3.5440242142688487
2025-11-02,Uttar Pradesh,Muzaffarnagar,251002,31,3.1855853382638624
2025-11-02,Uttar Pradesh,Muzaffarnagar,251318,31,3.1855853382638624
2025-11-02,Uttar Pradesh,Pilibhit,262122,65,7.247892599653709
2025-11-02,Uttar Pradesh,Saharanpur,247001,128,14.775108995758425
2025-11-02,Uttar Pradesh,Saharanpur,247554,48,5.2167389689587855
2025-11-02,Uttar Pradesh,Unnao,209861,31,3.1855853382638624
2025-11-02,Uttar Pradesh,Unnao,241501,30,3.066105712928867
2025-11-02,Uttar Pradesh,Varanasi,221001,33,3.4245445889338533
2025-11-02,Uttarakhand,Dehradun,248001,54,5.933616720968759
2025-11-02,West Bengal,Birbhum,731237,32,3.305064963598858
2025-11-02,West Bengal,Murshidabad,742135,56,6.17257597163875
2025-11-02,West Bengal,Murshidabad,742189,68,7.6063314756586955
2025-11-02,West Bengal,Murshidabad,742213,33,3.4245445889338533
2025-11-02,West Bengal,Murshidabad,742226,30,3.066105712928867
2025-11-02,West Bengal,Paschim Medinipur,721211,33,3.4245445889338533
2025-11-02,West Bengal,South 24 Parganas,743337,62,6.889453723648723
2025-11-02,West Bengal,South 24 Parganas,743338,83,9.398525855683628
2025-11-02,West Bengal,South 24 Parganas,743349,67,7.4868518503237
2025-11-02,West Bengal,South 24 Parganas,743375,49,5.336218594293781
2025-11-02,West Bengal,Uttar Dinajpur,733215,41,4.380381591613817
2025-11-02,Bihar,Bhagalpur,853205,42,4.499861216948813
2025-11-02,Uttar Pradesh,Hardoi,241001,64,7.128412974318714
2025-11-02,Uttar Pradesh,Kheri,262804,41,4.380381591613817
2025-11-02,Uttar Pradesh,Meerut,250001,67,7.4868518503237
2025-11-02,Uttar Pradesh,Muzaffarnagar,251203,53,5.814137095633764
2025-11-02,Uttar Pradesh,Saharanpur,247341,30,3.066105712928867
2025-11-02,Uttar Pradesh,Shahjahanpur,242001,69,7.725811100993691
2025-11-02,Uttar Pradesh,Shamli,247774,40,4.260901966278822
2025-11-02,Uttar Pradesh,Sitapur,261001,34,3.5440242142688487
2025-11-02,Uttar Pradesh,Unnao,209801,93,10.593322109033583
2025-11-02,West Bengal,Hooghly,712149,35,3.663503839603844
2025-11-02,West Bengal,Malda,732125,38,4.021942715608831
2025-11-02,West Bengal,Murshidabad,742202,96,10.951760985038568
2025-11-02,West Bengal,Murshidabad,742303,40,4.260901966278822
2025-11-02,West Bengal,Paschim Medinipur,721127,46,4.977779718288795
2025-11-02,West Bengal,South 24 Parganas,743329,111,12.743955365063501
2025-11-02,West Bengal,South 24 Parganas,743354,31,3.1855853382638624
2025-11-02,West Bengal,South 24 Parganas,743504,36,3.7829834649388396
2025-11-02,West Bengal,Uttar Dinajpur,733201,36,3.7829834649388396
2025-11-02,West Bengal,Uttar Dinajpur,733210,41,4.380381591613817
2025-11-02,Rajasthan,Udaipur,313001,30,3.066105712928867
2025-11-02,Uttar Pradesh,Agra,282001,67,7.4868518503237
2025-11-02,Uttar Pradesh,Baghpat,250611,36,3.7829834649388396
2025-11-02,Uttar Pradesh,Bareilly,243201,48,5.2167389689587855
2025-11-02,Uttar Pradesh,Budaun,243639,35,3.663503839603844
2025-11-02,Uttar Pradesh,Bulandshahr,203131,40,4.260901966278822
2025-11-02,Uttar Pradesh,Gautam Buddha Nagar,203207,37,3.9024630902738355
2025-11-02,Madhya Pradesh,Alirajpur,457990,94,10.712801734368577
2025-11-02,Madhya Pradesh,Anuppur,484336,32,3.305064963598858
2025-11-02,Madhya Pradesh,Bhind,477557,48,5.2167389689587855
2025-11-02,Madhya Pradesh,Chhindwara,480441,34,3.5440242142688487
2025-11-02,Madhya Pradesh,Dhar,454331,34,3.5440242142688487
2025-11-02,Madhya Pradesh,Indore,452016,39,4.141422340943826
2025-11-02,Madhya Pradesh,Jabalpur,483336,51,5.575177844963772
2025-11-02,Madhya Pradesh,Jhabua,457777,36,3.7829834649388396
2025-11-02,Madhya Pradesh,Morena,476001,70,7.845290726328686
2025-11-02,Madhya Pradesh,Morena,476111,36,3.7829834649388396
2025-11-02,Madhya Pradesh,Neemuch,458226,38,4.021942715608831
2025-11-02,Madhya Pradesh,Panna,488333,30,3.066105712928867
2025-11-02,Madhya Pradesh,Singrauli,486886,52,5.694657470298767
2025-11-02,Madhya Pradesh,Ujjain,456224,58,6.411535222308741
2025-11-02,Manipur,Bishnupur,795133,37,3.9024630902738355
2025-11-02,Chhattisgarh,Bijapur,494444,30,3.066105712928867
2025-11-02,Chhattisgarh,Raipur,492001,38,4.021942715608831
2025-11-02,Delhi,North East Delhi,110093,32,3.305064963598858
2025-11-02,Delhi,North West Delhi,110042,42,4.499861216948813
2025-11-02,Gujarat,Surat,394210,48,5.2167389689587855
2025-11-02,Jammu and Kashmir,Doda,182203,88,9.995923982358605
2025-11-02,Jharkhand,Garhwa,822114,39,4.141422340943826
2025-11-02,Jharkhand,Garhwa,822121,31,3.1855853382638624
2025-11-02,Jharkhand,Jamtara,815352,45,4.858300092953799
2025-11-02,Jharkhand,Lohardaga,835302,37,3.9024630902738355
2025-11-02,Jharkhand,Ranchi,835202,32,3.305064963598858
2025-11-02,Jharkhand,West Singhbhum,833102,34,3.5440242142688487
2025-11-02,Bihar,Araria,854311,35,3.663503839603844
2025-11-02,Bihar,Jamui,811308,37,3.9024630902738355
2025-11-02,Bihar,Lakhisarai,811311,39,4.141422340943826
2025-11-02,Punjab,Amritsar,143001,87,9.87644435702361
2025-11-02,Rajasthan,Barmer,344704,32,3.305064963598858
2025-11-02,Rajasthan,Bharatpur,321001,32,3.305064963598858
2025-11-02,Rajasthan,Bikaner,334001,41,4.380381591613817
2025-11-02,Rajasthan,Nagaur,341001,58,6.411535222308741
2025-11-02,Uttar Pradesh,Agra,282007,37,3.9024630902738355
2025-11-02,Uttar Pradesh,Agra,283125,30,3.066105712928867
2025-11-02,Uttar Pradesh,Aligarh,202001,88,9.995923982358605
2025-11-02,Uttar Pradesh,Bijnor,246761,39,4.141422340943826
2025-11-02,Uttar Pradesh,Bijnor,246762,40,4.260901966278822
2025-11-02,Uttar Pradesh,Bijnor,246763,50,5.455698219628776
2025-11-02,Uttar Pradesh,Budaun,243601,53,5.814137095633764
2025-11-02,Uttar Pradesh,Chandauli,232101,30,3.066105712928867
2025-11-02,Uttar Pradesh,Firozabad,283203,55,6.053096346303755
2025-11-02,Uttar Pradesh,Firozabad,283204,40,4.260901966278822
2025-11-02,Uttar Pradesh,Ghaziabad,201001,103,11.788118362383537
2025-11-02,Uttar Pradesh,Ghaziabad,201009,42,4.499861216948813
2025-11-02,Bihar,Banka,813106,39,4.141422340943826
2025-11-02,Bihar,Begusarai,851129,37,3.9024630902738355
2025-11-02,Bihar,Bhagalpur,853204,30,3.066105712928867
2025-11-02,Bihar,Samastipur,848117,47,5.09725934362379
2025-11-02,Chhattisgarh,Kawardha,491995,44,4.738820467618804
2025-11-02,Chhattisgarh,Mungeli,495115,31,3.1855853382638624
2025-11-02,Delhi,East Delhi,110091,33,3.4245445889338533
2025-11-02,Delhi,North East Delhi,110094,76,8.56216847833866
2025-11-02,Delhi,South Delhi,110062,42,4.499861216948813
2025-11-02,Gujarat,Surat,395006,32,3.305064963598858
2025-11-02,Haryana,Hisar,125001,39,4.141422340943826
2025-11-02,Haryana,Sirsa,125055,32,3.305064963598858
2025-11-02,Jharkhand,Bokaro,827013,46,4.977779718288795
2025-11-02,Jharkhand,Deoghar,815353,66,7.367372224988705
2025-11-02,Jharkhand,Giridih,815314,41,4.380381591613817
2025-11-02,Jharkhand,Gumla,835208,30,3.066105712928867
2025-11-02,Jharkhand,Hazaribagh,825301,34,3.5440242142688487
2025-11-02,Jharkhand,Ramgarh,829110,32,3.305064963598858
2025-11-02,Jharkhand,West Singhbhum,833214,53,5.814137095633764
2025-11-02,Madhya Pradesh,Barwani,451449,32,3.305064963598858
2025-11-02,Madhya Pradesh,Barwani,451551,43,4.619340842283808
2025-11-02,Madhya Pradesh,Barwani,451666,76,8.56216847833866
2025-11-02,Madhya Pradesh,Barwani,451770,36,3.7829834649388396
2025-11-02,Madhya Pradesh,Bhopal,462001,47,5.09725934362379
2025-11-02,Madhya Pradesh,Burhanpur,450331,64,7.128412974318714
2025-11-02,Madhya Pradesh,Chhindwara,480001,62,6.889453723648723
2025-11-02,Madhya Pradesh,Dhar,454001,41,4.380381591613817
2025-11-02,Madhya Pradesh,Gwalior,474001,57,6.2920555969737455
2025-11-02,Madhya Pradesh,Gwalior,475110,43,4.619340842283808
2025-11-02,Madhya Pradesh,Jhabua,457779,73,8.203729602333674
2025-11-02,Madhya Pradesh,Khargone,451001,37,3.9024630902738355
2025-11-02,Madhya Pradesh,Morena,476224,47,5.09725934362379
2025-11-02,Madhya Pradesh,Neemuch,458118,37,3.9024630902738355
2025-11-02,Madhya Pradesh,Neemuch,458441,37,3.9024630902738355
2025-11-02,Madhya Pradesh,Ratlam,457118,30,3.066105712928867
2025-11-02,Madhya Pradesh,Ratlam,457226,39,4.141422340943826
2025-11-02,Maharashtra,Akola,444001,41,4.380381591613817
2025-11-02,Maharashtra,Nashik,423203,83,9.398525855683628
2025-11-02,Maharashtra,Pune,411057,31,3.1855853382638624
2025-11-02,Maharashtra,Thane,401107,48,5.2167389689587855
2025-11-02,Maharashtra,Thane,421301,50,5.455698219628776
2025-11-02,Uttar Pradesh,Hardoi,241402,31,3.1855853382638624
2025-11-02,Uttar Pradesh,Mainpuri,205001,48,5.2167389689587855
2025-11-02,Uttar Pradesh,Moradabad,244001,186,21.70492726518816
2025-11-02,Uttar Pradesh,Pilibhit,262001,48,5.2167389689587855
2025-11-02,Gujarat,Valsad,396065,33,3.4245445889338533
2025-11-02,Haryana,Mewat,122508,46,4.977779718288795
2025-11-02,Haryana,Palwal,121103,38,4.021942715608831
2025-11-02,Jammu and Kashmir,Doda,182202,31,3.1855853382638624
2025-11-02,Jharkhand,Garhwa,822112,32,3.305064963598858
2025-11-02,Jharkhand,Sahebganj,816108,51,5.575177844963772
2025-11-02,Madhya Pradesh,Alirajpur,457888,30,3.066105712928867
2025-11-02,Madhya Pradesh,Barwani,451447,32,3.305064963598858
2025-11-02,Madhya Pradesh,Betul,460554,31,3.1855853382638624
2025-11-02,Madhya Pradesh,Dewas,455001,111,12.743955365063501
2025-11-02,Madhya Pradesh,Dewas,455227,32,3.305064963598858
2025-11-02,Madhya Pradesh,Dhar,454446,32,3.305064963598858
2025-11-02,Madhya Pradesh,Indore,452001,63,7.008933348983718
2025-11-02,Madhya Pradesh,Indore,452010,37,3.9024630902738355
2025-11-02,Madhya Pradesh,Jabalpur,482001,57,6.2920555969737455
2025-11-02,Madhya Pradesh,Jhabua,457661,140,16.208864499778368
2025-11-02,Madhya Pradesh,Katni,483501,63,7.008933348983718
2025-11-02,Madhya Pradesh,Morena,476115,37,3.9024630902738355
2025-11-02,Madhya Pradesh,Panna,488442,40,4.260901966278822
2025-11-02,Madhya Pradesh,Satna,485001,31,3.1855853382638624
2025-11-02,Madhya Pradesh,Seoni,480661,42,4.499861216948813
2025-11-02,Madhya Pradesh,Ujjain,456006,61,6.769974098313727
2025-11-02,Madhya Pradesh,Ujjain,456222,40,4.260901966278822
2025-11-02,Madhya Pradesh,Ujjain,456771,59,6.531014847643736
2025-11-02,Maharashtra,Aurangabad,431001,123,14.177710869083446
2025-11-02,Maharashtra,Palghar,401208,30,3.066105712928867
2025-11-02,Maharashtra,Thane,421302,82,9.279046230348632
2025-11-02,Maharashtra,Thane,421306,42,4.499861216948813
2025-11-02,Punjab,Patiala,147001,32,3.305064963598858
2025-11-02,Rajasthan,Alwar,301405,32,3.305064963598858
2025-11-02,Rajasthan,Bhilwara,311001,33,3.4245445889338533
2025-11-02,Rajasthan,Jalor,343041,49,5.336218594293781
2025-11-02,Rajasthan,Jodhpur,342001,50,5.455698219628776
2025-11-02,Rajasthan,Pali,306401,30,3.066105712928867
2025-11-02,Uttar Pradesh,Agra,282005,31,3.1855853382638624
2025-11-02,Uttar Pradesh,Bareilly,243001,54,5.933616720968759
2025-11-02,Uttar Pradesh,Bareilly,243505,57,6.2920555969737455
2025-11-02,Uttar Pradesh,Bijnor,246701,41,4.380381591613817
2025-11-02,Uttar Pradesh,Chitrakoot,210205,31,3.1855853382638624
2025-11-02,Uttar Pradesh,Chitrakoot,210209,32,3.305064963598858
2025-11-02,Uttar Pradesh,Farrukhabad,209625,33,3.4245445889338533
2025-11-02,Uttar Pradesh,Gautam Buddha Nagar,201306,48,5.2167389689587855
2025-11-02,Uttar Pradesh,Ghaziabad,201102,69,7.725811100993691
2025-11-02,Uttar Pradesh,Hathras,204101,43,4.619340842283808
2025-11-02,Uttar Pradesh,Kannauj,209721,33,3.4245445889338533
2025-11-02,Uttar Pradesh,Kheri,262701,45,4.858300092953799
2025-11-02,Uttar Pradesh,Meerut,250002,173,20.15169213583322
2025-11-02,Uttar Pradesh,Moradabad,244501,32,3.305064963598858
2025-11-02,Uttar Pradesh,Rampur,243701,34,3.5440242142688487
2025-11-02,Uttar Pradesh,Rampur,244901,117,13.460833117073474
2025-11-02,Uttar Pradesh,Saharanpur,247451,32,3.305064963598858
2025-11-02,Uttar Pradesh,Sitapur,261135,34,3.5440242142688487
2025-11-02,West Bengal,Birbhum,731224,41,4.380381591613817
2025-11-02,West Bengal,Howrah,711303,42,4.499861216948813
2025-11-02,West Bengal,Howrah,711312,42,4.499861216948813
2025-11-02,West Bengal,Howrah,711316,33,3.4245445889338533
2025-11-02,West Bengal,Malda,732201,53,5.814137095633764
2025-11-02,West Bengal,Murshidabad,742148,33,3.4245445889338533
2025-11-02,West Bengal,Murshidabad,742224,36,3.7829834649388396
2025-11-02,West Bengal,North 24 Parganas,743423,65,7.247892599653709
2025-11-02,West Bengal,North 24 Parganas,743425,38,4.021942715608831
2025-11-02,West Bengal,Paschim Medinipur,721260,32,3.305064963598858
2025-11-02,West Bengal,South 24 Parganas,743368,44,4.738820467618804
2025-11-02,West Bengal,Uttar Dinajpur,733202,61,6.769974098313727
2025-11-02,West Bengal,Uttar Dinajpur,733208,34,3.5440242142688487
2025-11-02,Bihar,Banka,813101,36,3.7829834649388396
2025-11-02,Bihar,Jamui,811314,31,3.1855853382638624
2025-11-02,Bihar,Madhepura,852128,35,3.663503839603844
2025-11-02,Bihar,Saharsa,852106,37,3.9024630902738355
2025-11-02,Bihar,Samastipur,848114,47,5.09725934362379
2025-11-02,Chhattisgarh,Bilaspur,495001,30,3.066105712928867
2025-11-02,Chhattisgarh,Kondagaon,494226,39,4.141422340943826
2025-11-02,Delhi,North East Delhi,110053,61,6.769974098313727
2025-11-02,Delhi,West Delhi,110041,46,4.977779718288795
2025-11-02,Telangana,Hyderabad,500008,49,5.336218594293781
2025-11-02,Uttar Pradesh,Amroha,244221,36,3.7829834649388396
2025-11-02,Uttar Pradesh,Bulandshahr,203001,41,4.380381591613817
2025-11-02,Uttar Pradesh,Deoria,274001,40,4.260901966278822
2025-11-02,Uttar Pradesh,Etawah,206242,32,3.305064963598858
2025-11-02,Uttar Pradesh,Fatehpur,212601,40,4.260901966278822
2025-11-02,Uttar Pradesh,Ghaziabad,201002,44,4.738820467618804
2025-11-02,Uttar Pradesh,Hapur,245101,71,7.964770351663682
2025-11-02,Uttar Pradesh,Kanpur Nagar,208021,39,4.141422340943826
2025-11-02,Uttar Pradesh,Kaushambi,212207,63,7.008933348983718
2025-11-02,Uttar Pradesh,Lalitpur,284403,30,3.066105712928867
2025-11-02,Uttar Pradesh,Lucknow,226003,85,9.637485106353619
2025-11-02,Uttar Pradesh,Maharajganj,273164,34,3.5440242142688487
2025-11-02,Uttar Pradesh,Muzaffarnagar,251001,51,5.575177844963772
2025-11-02,Uttar Pradesh,Rae Bareli,229001,44,4.738820467618804
2025-11-02,Uttar Pradesh,Shamli,247775,36,3.7829834649388396
2025-11-02,Uttar Pradesh,Siddharthnagar,272153,31,3.1855853382638624
2025-11-02,Uttar Pradesh,Unnao,209821,40,4.260901966278822
2025-11-02,Uttar Pradesh,Unnao,209859,33,3.4245445889338533
2025-11-02,Uttar Pradesh,Unnao,241504,37,3.9024630902738355
2025-11-02,Uttarakhand,Nainital,263139,34,3.5440242142688487
2025-11-02,Madhya Pradesh,Morena,476221,51,5.575177844963772
2025-11-02,Madhya Pradesh,Morena,476229,33,3.4245445889338533
2025-11-02,Madhya Pradesh,Ratlam,457001,102,11.668638737048543
2025-11-02,Madhya Pradesh,Shajapur,465337,34,3.5440242142688487
2025-11-02,Madhya Pradesh,Ujjain,456335,44,4.738820467618804
2025-11-02,Maharashtra,Jalna,431203,36,3.7829834649388396
2025-11-02,Maharashtra,Thane,400604,34,3.5440242142688487
2025-11-02,Maharashtra,Thane,400612,56,6.17257597163875
2025-11-02,Manipur,Churachandpur,795128,37,3.9024630902738355
2025-11-02,Punjab,Ludhiana,141008,31,3.1855853382638624
2025-11-02,Punjab,Tarn Taran,143401,35,3.663503839603844
2025-11-02,Rajasthan,Banswara,327001,42,4.499861216948813
2025-11-02,Rajasthan,Barmer,344702,54,5.933616720968759
2025-11-02,Bihar,Sheohar,843329,31,3.1855853382638624
2025-11-02,Bihar,West Champaran,845438,32,3.305064963598858
2025-11-02,Delhi,East Delhi,110092,39,4.141422340943826
2025-11-02,Delhi,South Delhi,110044,62,6.889453723648723
2025-11-02,Delhi,West Delhi,110059,85,9.637485106353619
2025-11-02,Gujarat,Dahod,389151,33,3.4245445889338533
2025-11-02,Haryana,Faridabad,121004,76,8.56216847833866
2025-11-02,Haryana,Palwal,121102,30,3.066105712928867
2025-11-02,Haryana,Panipat,132103,56,6.17257597163875
2025-11-02,Jharkhand,Chatra,825401,37,3.9024630902738355
2025-11-02,Jharkhand,Dhanbad,828109,34,3.5440242142688487
2025-11-02,Jharkhand,Giridih,815312,45,4.858300092953799
2025-11-02,Jharkhand,Palamu,822124,31,3.1855853382638624
2025-11-02,Assam,Sonitpur,784027,43,4.619340842283808
2025-11-02,Bihar,Araria,854318,51,5.575177844963772
2025-11-02,Bihar,Banka,813102,36,3.7829834649388396
2025-11-02,Bihar,Katihar,854317,36,3.7829834649388396
2025-11-02,West Bengal,Birbhum,731219,53,5.814137095633764
2025-11-02,West Bengal,Birbhum,731222,33,3.4245445889338533
2025-11-02,West Bengal,Dakshin Dinajpur,733132,39,4.141422340943826
2025-11-02,West Bengal,Malda,732207,30,3.066105712928867
2025-11-02,West Bengal,Murshidabad,742133,66,7.367372224988705
2025-11-02,West Bengal,Murshidabad,742304,34,3.5440242142688487
2025-11-02,West Bengal,North 24 Parganas,743445,30,3.066105712928867
2025-11-02,West Bengal,Paschim Medinipur,721150,38,4.021942715608831
2025-11-02,West Bengal,Purba Medinipur,721631,30,3.066105712928867
2025-11-02,West Bengal,South 24 Parganas,743372,45,4.858300092953799
2025-11-02,West Bengal,South 24 Parganas,743376,54,5.933616720968759
2025-11-02,West Bengal,Uttar Dinajpur,733207,60,6.650494472978732
2025-11-03,Delhi,North East Delhi,110094,39,4.141422340943826
2025-11-03,Madhya Pradesh,Jhabua,457661,30,3.066105712928867
2025-11-03,West Bengal,Murshidabad,742202,31,3.1855853382638624
2025-11-03,West Bengal,South 24 Parganas,743329,36,3.7829834649388396
2025-11-03,Madhya Pradesh,Singrauli,486886,37,3.9024630902738355
2025-11-03,Meghalaya,West Garo Hills,794002,31,3.1855853382638624
2025-11-03,Meghalaya,East Khasi Hills,793015,107,12.266036863723519
2025-11-03,Chhattisgarh,Bijapur,494444,57,6.2920555969737455
2025-11-03,Madhya Pradesh,Barwani,451666,30,3.066105712928867
2025-11-05,Bihar,Kishanganj,855101,64,7.128412974318714
2025-11-05,Bihar,Lakhisarai,811106,31,3.1855853382638624
2025-11-05,Bihar,Muzaffarpur,843128,30,3.066105712928867
2025-11-05,Bihar,Nalanda,803107,31,3.1855853382638624
2025-11-05,Bihar,Purnia,854204,65,7.247892599653709
2025-11-05,Bihar,Purnia,854315,81,9.159566605013637
2025-11-05,Bihar,Saharsa,852127,31,3.1855853382638624
2025-11-05,Bihar,Supaul,854339,42,4.499861216948813
2025-11-05,Bihar,West Champaran,845101,35,3.663503839603844
2025-11-05,Bihar,West Champaran,845438,57,6.2920555969737455
2025-11-05,Chhattisgarh,Dakshin Bastar Dantewada,494441,35,3.663503839603844
2025-11-05,Delhi,South Delhi,110044,36,3.7829834649388396
2025-11-05,Delhi,West Delhi,110059,48,5.2167389689587855
2025-11-05,Haryana,Faridabad,121004,67,7.4868518503237
2025-11-05,Jharkhand,Chatra,825403,30,3.066105712928867
2025-11-05,Jharkhand,Sahebganj,816108,102,11.668638737048543
2025-11-05,Madhya Pradesh,Dewas,455227,40,4.260901966278822
2025-11-05,Madhya Pradesh,Hoshangabad,461221,31,3.1855853382638624
2025-11-05,Madhya Pradesh,Katni,483501,48,5.2167389689587855
2025-11-05,Manipur,Churachandpur,795128,34,3.5440242142688487
2025-11-05,Rajasthan,Barmer,344001,30,3.066105712928867
2025-11-05,Uttar Pradesh,Agra,282001,34,3.5440242142688487
2025-11-05,Uttar Pradesh,Budaun,243638,30,3.066105712928867
2025-11-05,Uttar Pradesh,Kheri,261505,30,3.066105712928867
2025-11-05,Uttar Pradesh,Lalitpur,284403,40,4.260901966278822
2025-11-05,Uttar Pradesh,Saharanpur,247554,47,5.09725934362379
2025-11-05,West Bengal,Howrah,711303,34,3.5440242142688487
2025-11-05,West Bengal,Murshidabad,742213,63,7.008933348983718
2025-11-05,West Bengal,Uttar Dinajpur,733209,30,3.066105712928867
2025-11-05,West Bengal,Uttar Dinajpur,733210,104,11.907597987718534
2025-11-05,Bihar,Araria,854334,34,3.5440242142688487
2025-11-05,Bihar,Bhojpur,802161,34,3.5440242142688487
2025-11-05,Bihar,East Champaran,845417,37,3.9024630902738355
2025-11-05,Bihar,East Champaran,845433,37,3.9024630902738355
2025-11-05,Bihar,Gaya,823001,40,4.260901966278822
2025-11-05,Bihar,Gaya,823003,49,5.336218594293781
2025-11-05,Bihar,Katihar,855113,61,6.769974098313727
2025-11-05,Bihar,Khagaria,848203,31,3.1855853382638624
2025-11-05,Bihar,Kishanganj,855107,43,4.619340842283808
2025-11-05,Bihar,Madhepura,852210,43,4.619340842283808
2025-11-05,Bihar,Madhubani,847108,42,4.499861216948813
2025-11-05,Bihar,Sheohar,843329,34,3.5440242142688487
2025-11-05,Bihar,Sitamarhi,843327,40,4.260901966278822
2025-11-05,Bihar,West Champaran,845106,32,3.305064963598858
2025-11-05,Bihar,West Champaran,845449,54,5.933616720968759
2025-11-05,Bihar,West Champaran,845454,37,3.9024630902738355
2025-11-05,Bihar,West Champaran,845455,38,4.021942715608831
2025-11-05,Chhattisgarh,Bilaspur,495001,30,3.066105712928867
2025-11-05,Delhi,South Delhi,110062,32,3.305064963598858
2025-11-05,Gujarat,Surat,394210,33,3.4245445889338533
2025-11-05,Jharkhand,Chatra,825401,42,4.499861216948813
2025-11-05,Jharkhand,Garhwa,822114,51,5.575177844963772
2025-11-05,Jharkhand,Giridih,825108,45,4.858300092953799
2025-11-05,Jharkhand,Ranchi,835225,33,3.4245445889338533
2025-11-05,Madhya Pradesh,Burhanpur,450331,40,4.260901966278822
2025-11-05,Madhya Pradesh,Gwalior,475110,30,3.066105712928867
2025-11-05,Madhya Pradesh,Neemuch,458441,31,3.1855853382638624
2025-11-05,Madhya Pradesh,Ratlam,457001,69,7.725811100993691
2025-11-05,Madhya Pradesh,Sidhi,486661,43,4.619340842283808
2025-11-05,Madhya Pradesh,Ujjain,456006,31,3.1855853382638624
2025-11-05,Maharashtra,Aurangabad,431001,79,8.920607354343646
2025-11-05,Meghalaya,East Garo Hills,794111,36,3.7829834649388396
2025-11-05,Meghalaya,Ri Bhoi,793105,43,4.619340842283808
2025-11-05,Punjab,Amritsar,143001,42,4.499861216948813
2025-11-05,Rajasthan,Jaipur,302012,49,5.336218594293781
2025-11-05,Rajasthan,Jodhpur,342001,41,4.380381591613817
2025-11-05,Rajasthan,Pali,306401,31,3.1855853382638624
2025-11-05,Uttar Pradesh,Amroha,244221,32,3.305064963598858
2025-11-05,Uttar Pradesh,Bahraich,271865,40,4.260901966278822
2025-11-05,Uttar Pradesh,Bareilly,243503,31,3.1855853382638624
2025-11-05,Uttar Pradesh,Bulandshahr,203001,35,3.663503839603844
2025-11-05,Uttar Pradesh,Chandauli,232101,45,4.858300092953799
2025-11-05,Uttar Pradesh,Etawah,206242,31,3.1855853382638624
2025-11-05,Uttar Pradesh,Firozabad,283203,49,5.336218594293781
2025-11-05,Uttar Pradesh,Ghaziabad,201102,40,4.260901966278822
2025-11-05,Uttar Pradesh,Kheri,262804,32,3.305064963598858
2025-11-05,Uttar Pradesh,Kushinagar,274304,31,3.1855853382638624
2025-11-05,Uttar Pradesh,Lucknow,226003,33,3.4245445889338533
2025-11-05,Uttar Pradesh,Mirzapur,231001,51,5.575177844963772
2025-11-05,Uttar Pradesh,Pilibhit,262001,32,3.305064963598858
2025-11-05,Uttar Pradesh,Pilibhit,262122,44,4.738820467618804
2025-11-05,Uttar Pradesh,Saharanpur,247001,63,7.008933348983718
2025-11-05,Uttar Pradesh,Shahjahanpur,242001,79,8.920607354343646
2025-11-05,Uttar Pradesh,Shamli,247774,42,4.499861216948813
2025-11-05,Uttar Pradesh,Shamli,247775,33,3.4245445889338533
2025-11-05,Uttar Pradesh,Shamli,247776,30,3.066105712928867
2025-11-05,Uttar Pradesh,Siddharthnagar,272153,31,3.1855853382638624
2025-11-05,Uttar Pradesh,Unnao,209801,111,12.743955365063501
2025-11-05,West Bengal,Bankura,722141,31,3.1855853382638624
2025-11-05,West Bengal,Howrah,711312,51,5.575177844963772
2025-11-05,West Bengal,Murshidabad,742226,41,4.380381591613817
2025-11-05,West Bengal,Nadia,741137,46,4.977779718288795
2025-11-05,West Bengal,South 24 Parganas,743329,60,6.650494472978732
2025-11-05,West Bengal,South 24 Parganas,743338,38,4.021942715608831
2025-11-05,Assam,Dhubri,783348,35,3.663503839603844
2025-11-05,Bihar,Araria,854333,63,7.008933348983718
2025-11-05,Bihar,Aurangabad,824125,37,3.9024630902738355
2025-11-05,Bihar,Banka,813106,44,4.738820467618804
2025-11-05,Bihar,Bhagalpur,813209,44,4.738820467618804
2025-11-05,Bihar,East Champaran,845305,47,5.09725934362379
2025-11-05,Bihar,Sheikhpura,811105,35,3.663503839603844
2025-11-05,Bihar,Sitamarhi,843302,60,6.650494472978732
2025-11-05,Bihar,Sitamarhi,843314,50,5.455698219628776
2025-11-05,Bihar,Supaul,852125,30,3.066105712928867
2025-11-05,Bihar,West Champaran,845451,30,3.066105712928867
2025-11-05,Bihar,West Champaran,845452,35,3.663503839603844
2025-11-05,Chhattisgarh,Bastar,494001,50,5.455698219628776
2025-11-05,Chhattisgarh,Kondagaon,494226,57,6.2920555969737455
2025-11-05,Haryana,Mewat,122508,54,5.933616720968759
2025-11-05,Haryana,Palwal,121102,61,6.769974098313727
2025-11-05,Jharkhand,Chatra,825408,35,3.663503839603844
2025-11-05,Jharkhand,Garhwa,822121,37,3.9024630902738355
2025-11-05,Madhya Pradesh,Bhind,477001,33,3.4245445889338533
2025-11-05,Madhya Pradesh,Dewas,455001,87,9.87644435702361
2025-11-05,Madhya Pradesh,Jabalpur,482001,34,3.5440242142688487
2025-11-05,Madhya Pradesh,Jabalpur,483225,34,3.5440242142688487
2025-11-05,Madhya Pradesh,Mandsaur,458775,31,3.1855853382638624
2025-11-05,Madhya Pradesh,Morena,476001,39,4.141422340943826
2025-11-05,Madhya Pradesh,Shajapur,465230,32,3.305064963598858
2025-11-05,Madhya Pradesh,Shivpuri,473551,34,3.5440242142688487
2025-11-05,Madhya Pradesh,Singrauli,486882,35,3.663503839603844
2025-11-05,Madhya Pradesh,Singrauli,486886,36,3.7829834649388396
2025-11-05,Maharashtra,Thane,421302,47,5.09725934362379
2025-11-05,Meghalaya,West Khasi Hills,793119,30,3.066105712928867
2025-11-05,Rajasthan,Banswara,327801,31,3.1855853382638624
2025-11-05,Rajasthan,Jalor,343041,55,6.053096346303755
2025-11-05,Rajasthan,Tonk,304001,33,3.4245445889338533
2025-11-05,Uttar Pradesh,Aligarh,202001,61,6.769974098313727
2025-11-05,Uttar Pradesh,Balrampur,271604,42,4.499861216948813
2025-11-05,Uttar Pradesh,Banda,210121,31,3.1855853382638624
2025-11-05,Uttar Pradesh,Bareilly,243201,37,3.9024630902738355
2025-11-05,Uttar Pradesh,Bareilly,243505,33,3.4245445889338533
2025-11-05,Uttar Pradesh,Gautam Buddha Nagar,201301,48,5.2167389689587855
2025-11-05,Uttar Pradesh,Ghaziabad,201001,56,6.17257597163875
2025-11-05,Uttar Pradesh,Hardoi,241001,42,4.499861216948813
2025-11-05,Uttar Pradesh,Mainpuri,205001,46,4.977779718288795
2025-11-05,Uttar Pradesh,Meerut,250002,94,10.712801734368577
2025-11-05,Uttar Pradesh,Unnao,241503,40,4.260901966278822
2025-11-05,Uttar Pradesh,Unnao,241504,39,4.141422340943826
2025-11-05,West Bengal,Murshidabad,742135,48,5.2167389689587855
2025-11-05,West Bengal,North 24 Parganas,743710,34,3.5440242142688487
2025-11-05,West Bengal,South 24 Parganas,743355,60,6.650494472978732
2025-11-05,Assam,Dhubri,783334,35,3.663503839603844
2025-11-05,Rajasthan,Karauli,322230,35,3.663503839603844
2025-11-05,Rajasthan,Udaipur,307025,49,5.336218594293781
2025-11-05,Uttar Pradesh,Budaun,243601,50,5.455698219628776
2025-11-05,Uttar Pradesh,Kanpur Nagar,208001,31,3.1855853382638624
2025-11-05,Uttar Pradesh,Maharajganj,273164,30,3.066105712928867
2025-11-05,Uttar Pradesh,Meerut,250001,43,4.619340842283808
2025-11-05,Uttar Pradesh,Moradabad,244001,124,14.297190494418443
2025-11-05,Uttar Pradesh,Rampur,244901,76,8.56216847833866
2025-11-05,Uttar Pradesh,Unnao,241501,51,5.575177844963772
2025-11-05,Uttarakhand,Dehradun,248001,37,3.9024630902738355
2025-11-05,West Bengal,Birbhum,731220,33,3.4245445889338533
2025-11-05,Assam,Barpeta,781308,32,3.305064963598858
2025-11-05,Assam,Sonitpur,784027,32,3.305064963598858
2025-11-05,Bihar,Araria,854318,50,5.455698219628776
2025-11-05,Bihar,Araria,854329,37,3.9024630902738355
2025-11-05,Bihar,Aurangabad,824301,41,4.380381591613817
2025-11-05,Bihar,Banka,813102,34,3.5440242142688487
2025-11-05,Bihar,Begusarai,851211,34,3.5440242142688487
2025-11-05,Bihar,Jamui,811303,34,3.5440242142688487
2025-11-05,Bihar,Katihar,854317,57,6.2920555969737455
2025-11-05,Bihar,Kishanganj,855117,44,4.738820467618804
2025-11-05,Bihar,Madhepura,852213,34,3.5440242142688487
2025-11-05,Bihar,Madhubani,847408,46,4.977779718288795
2025-11-05,Bihar,Purnia,854203,31,3.1855853382638624
2025-11-05,Bihar,Purnia,854330,38,4.021942715608831
2025-11-05,Bihar,Saran,841403,34,3.5440242142688487
2025-11-05,Bihar,Sitamarhi,843317,37,3.9024630902738355
2025-11-05,Delhi,North West Delhi,110086,35,3.663503839603844
2025-11-05,Haryana,Panipat,132103,45,4.858300092953799
2025-11-05,Haryana,Sonipat,131001,42,4.499861216948813
2025-11-05,Jharkhand,Garhwa,822112,42,4.499861216948813
2025-11-05,Jharkhand,Giridih,815312,36,3.7829834649388396
2025-11-05,Jharkhand,Giridih,815314,39,4.141422340943826
2025-11-05,Jharkhand,Godda,814133,33,3.4245445889338533
2025-11-05,Jharkhand,Palamu,822113,56,6.17257597163875
2025-11-05,Jharkhand,West Singhbhum,833102,30,3.066105712928867
2025-11-05,Madhya Pradesh,Betul,460330,68,7.6063314756586955
2025-11-05,Madhya Pradesh,Bhopal,462001,32,3.305064963598858
2025-11-05,Madhya Pradesh,Dhar,454001,39,4.141422340943826
2025-11-05,Madhya Pradesh,Panna,488220,30,3.066105712928867
2025-11-05,Madhya Pradesh,Sagar,470001,31,3.1855853382638624
2025-11-05,Madhya Pradesh,Shajapur,465337,31,3.1855853382638624
2025-11-05,Madhya Pradesh,Ujjain,456771,37,3.9024630902738355
2025-11-05,Madhya Pradesh,Umaria,484661,69,7.725811100993691
2025-11-05,Maharashtra,Thane,400612,38,4.021942715608831
2025-11-05,Meghalaya,Ri Bhoi,793102,37,3.9024630902738355
2025-11-05,Meghalaya,West Garo Hills,794104,56,6.17257597163875
2025-11-05,Rajasthan,Alwar,301001,34,3.5440242142688487
2025-11-05,West Bengal,Murshidabad,742148,43,4.619340842283808
2025-11-05,West Bengal,Murshidabad,742202,102,11.668638737048543
2025-11-05,West Bengal,Paschim Medinipur,721156,31,3.1855853382638624
2025-11-05,West Bengal,South 24 Parganas,743502,80,9.040086979678641
2025-11-05,West Bengal,Uttar Dinajpur,733201,61,6.769974098313727
2025-11-05,West Bengal,Uttar Dinajpur,733208,69,7.725811100993691
2025-11-05,Bihar,Gaya,824206,37,3.9024630902738355
2025-11-05,Bihar,Jamui,811307,33,3.4245445889338533
2025-11-05,Bihar,Jamui,811308,38,4.021942715608831
2025-11-05,Bihar,Nawada,805106,35,3.663503839603844
2025-11-05,Bihar,Purnia,854301,31,3.1855853382638624
2025-11-05,Bihar,Sitamarhi,843324,47,5.09725934362379
2025-11-05,Bihar,Sitamarhi,843331,35,3.663503839603844
2025-11-05,Bihar,Supaul,852131,34,3.5440242142688487
2025-11-05,Bihar,West Champaran,845453,37,3.9024630902738355
2025-11-05,Chhattisgarh,Balrampur,497223,31,3.1855853382638624
2025-11-05,Delhi,North Delhi,110084,39,4.141422340943826
2025-11-05,Delhi,North East Delhi,110094,60,6.650494472978732
2025-11-05,Jharkhand,Deoghar,815353,41,4.380381591613817
2025-11-05,Jharkhand,Dhanbad,828109,64,7.128412974318714
2025-11-05,Jharkhand,Jamtara,815352,38,4.021942715608831
2025-11-05,Jharkhand,Lohardaga,835302,35,3.663503839603844
2025-11-05,Jharkhand,Palamu,822118,46,4.977779718288795
2025-11-05,Jharkhand,Palamu,822122,33,3.4245445889338533
2025-11-05,Jharkhand,Palamu,822123,33,3.4245445889338533
2025-11-05,Madhya Pradesh,Barwani,451666,45,4.858300092953799
2025-11-05,Madhya Pradesh,Chhatarpur,471515,47,5.09725934362379
2025-11-05,Madhya Pradesh,Guna,473001,41,4.380381591613817
2025-11-05,Madhya Pradesh,Gwalior,475220,33,3.4245445889338533
2025-11-05,Madhya Pradesh,Jhabua,457661,35,3.663503839603844
2025-11-05,Madhya Pradesh,Mandsaur,458556,36,3.7829834649388396
2025-11-05,Madhya Pradesh,Mandsaur,458883,50,5.455698219628776
2025-11-05,Madhya Pradesh,Mandsaur,458888,31,3.1855853382638624
2025-11-05,Madhya Pradesh,Morena,476229,38,4.021942715608831
2025-11-05,Madhya Pradesh,Neemuch,458226,42,4.499861216948813
2025-11-05,Maharashtra,Nashik,423203,64,7.128412974318714
2025-11-05,Meghalaya,East Khasi Hills,793121,45,4.858300092953799
2025-11-05,Rajasthan,Bikaner,334001,39,4.141422340943826
2025-11-05,Rajasthan,Jaipur,302003,34,3.5440242142688487
2025-11-05,Rajasthan,Jalor,343029,30,3.066105712928867
2025-11-05,Rajasthan,Nagaur,341001,32,3.305064963598858
2025-11-05,Uttar Pradesh,Chitrakoot,210209,33,3.4245445889338533
2025-11-05,Uttar Pradesh,Muzaffarnagar,251001,60,6.650494472978732
2025-11-05,Uttar Pradesh,Muzaffarnagar,251309,39,4.141422340943826
2025-11-05,Uttar Pradesh,Rae Bareli,229001,34,3.5440242142688487
2025-11-05,West Bengal,Dakshin Dinajpur,733132,34,3.5440242142688487
2025-11-05,West Bengal,Murshidabad,742224,43,4.619340842283808
2025-11-05,West Bengal,Uttar Dinajpur,733202,66,7.367372224988705
2025-11-05,West Bengal,Uttar Dinajpur,733207,62,6.889453723648723
2025-11-05,Assam,Karimganj,788720,35,3.663503839603844
2025-11-05,Bihar,Araria,854311,76,8.56216847833866
2025-11-05,Bihar,Banka,813101,37,3.9024630902738355
2025-11-05,Bihar,Bhagalpur,853204,56,6.17257597163875
2025-11-05,Bihar,East Champaran,845401,39,4.141422340943826
2025-11-06,Madhya Pradesh,Barwani,451666,44,4.738820467618804
2025-11-06,Assam,Barpeta,781308,33,3.4245445889338533
2025-11-06,Bihar,Nalanda,803101,35,3.663503839603844
2025-11-06,Delhi,North East Delhi,110094,43,4.619340842283808
2025-11-06,Jharkhand,Deoghar,815353,30,3.066105712928867
2025-11-06,Uttar Pradesh,Hardoi,241001,38,4.021942715608831
2025-11-06,Uttar Pradesh,Mirzapur,231001,36,3.7829834649388396
2025-11-06,Uttar Pradesh,Shahjahanpur,242001,34,3.5440242142688487
2025-11-06,West Bengal,Murshidabad,742135,31,3.1855853382638624
2025-11-06,Bihar,Nawada,805130,33,3.4245445889338533
2025-11-06,Bihar,Saharsa,852106,32,3.305064963598858
2025-11-06,Haryana,Mewat,122508,35,3.663503839603844
2025-11-06,Jharkhand,Palamu,822110,31,3.1855853382638624
2025-11-06,Madhya Pradesh,Barwani,451551,61,6.769974098313727
2025-11-06,Madhya Pradesh,Damoh,470880,35,3.663503839603844
2025-11-06,Rajasthan,Jodhpur,342001,47,5.09725934362379
2025-11-06,Uttar Pradesh,Agra,282001,30,3.066105712928867
2025-11-06,Uttar Pradesh,Saharanpur,247554,43,4.619340842283808
2025-11-06,West Bengal,Uttar Dinajpur,733210,33,3.4245445889338533
2025-11-06,Uttar Pradesh,Ghaziabad,201102,31,3.1855853382638624
2025-11-06,Madhya Pradesh,Singrauli,486886,34,3.5440242142688487
2025-11-06,Maharashtra,Nashik,423203,31,3.1855853382638624
2025-11-06,Bihar,Kishanganj,855101,31,3.1855853382638624
2025-11-06,Bihar,Nawada,805106,35,3.663503839603844
2025-11-06,Haryana,Faridabad,121004,41,4.380381591613817
2025-11-06,Haryana,Palwal,121102,35,3.663503839603844
2025-11-06,Madhya Pradesh,Morena,476001,31,3.1855853382638624
2025-11-06,Madhya Pradesh,Ratlam,457001,33,3.4245445889338533
2025-11-06,Madhya Pradesh,Sidhi,486661,32,3.305064963598858
2025-11-06,Rajasthan,Jalor,343041,32,3.305064963598858
2025-11-06,Bihar,East Champaran,845305,31,3.1855853382638624
2025-11-06,Bihar,West Champaran,845454,39,4.141422340943826
2025-11-06,Haryana,Sonipat,131001,30,3.066105712928867
2025-11-06,Jharkhand,Giridih,815312,34,3.5440242142688487
2025-11-06,Jharkhand,Palamu,822113,30,3.066105712928867
2025-11-06,Uttar Pradesh,Aligarh,202001,34,3.5440242142688487
2025-11-06,Uttar Pradesh,Bareilly,243505,35,3.663503839603844
2025-11-06,Uttar Pradesh,Kheri,261505,31,3.1855853382638624
2025-11-06,Uttar Pradesh,Rampur,244901,30,3.066105712928867
2025-11-06,Bihar,Gaya,824232,31,3.1855853382638624
2025-11-06,Bihar,West Champaran,845101,30,3.066105712928867
2025-11-06,Jharkhand,Sahebganj,816108,48,5.2167389689587855
2025-11-06,Madhya Pradesh,Dewas,455001,43,4.619340842283808
2025-11-06,Uttar Pradesh,Firozabad,283203,40,4.260901966278822
2025-11-06,Uttar Pradesh,Gautam Buddha Nagar,201301,31,3.1855853382638624
2025-11-06,Uttar Pradesh,Meerut,250002,34,3.5440242142688487
2025-11-06,Uttar Pradesh,Moradabad,244001,69,7.725811100993691
2025-11-06,Uttar Pradesh,Saharanpur,247001,31,3.1855853382638624
2025-11-06,West Bengal,Murshidabad,742202,60,6.650494472978732
2025-11-06,West Bengal,Murshidabad,742213,53,5.814137095633764
2025-11-06,West Bengal,South 24 Parganas,743329,40,4.260901966278822
2025-11-06,West Bengal,South 24 Parganas,743502,40,4.260901966278822
2025-11-06,West Bengal,Uttar Dinajpur,733207,41,4.380381591613817
2025-11-07,Madhya Pradesh,Dewas,455001,35,3.663503839603844
2025-11-07,Maharashtra,Thane,421302,34,3.5440242142688487
2025-11-07,Uttar Pradesh,Mirzapur,231001,31,3.1855853382638624
2025-11-07,Uttar Pradesh,Moradabad,244001,39,4.141422340943826
2025-11-07,Uttar Pradesh,Saharanpur,247001,33,3.4245445889338533
2025-11-07,West Bengal,Uttar Dinajpur,733207,34,3.5440242142688487
2025-11-07,Gujarat,Rajkot,360003,30,3.066105712928867
2025-11-07,Haryana,Mewat,122508,32,3.305064963598858
2025-11-07,Haryana,Panipat,132103,30,3.066105712928867
2025-11-07,Jharkhand,Sahebganj,816108,39,4.141422340943826
2025-11-07,Madhya Pradesh,Jhabua,457661,32,3.305064963598858
2025-11-07,Madhya Pradesh,Ratlam,457001,39,4.141422340943826
2025-11-07,West Bengal,Uttar Dinajpur,733210,33,3.4245445889338533
2025-11-07,Assam,Barpeta,781308,72,8.084249976998677
2025-11-07,Delhi,North West Delhi,110086,37,3.9024630902738355
2025-11-07,Madhya Pradesh,Ujjain,456335,33,3.4245445889338533
2025-11-07,Uttar Pradesh,Aligarh,202001,33,3.4245445889338533
2025-11-07,Uttar Pradesh,Kanpur Nagar,208001,30,3.066105712928867
2025-11-07,Uttar Pradesh,Meerut,250002,33,3.4245445889338533
2025-11-07,Uttar Pradesh,Rampur,244901,31,3.1855853382638624
2025-11-08,Delhi,West Delhi,110059,43,4.619340842283808
2025-11-08,Jharkhand,Palamu,822123,37,3.9024630902738355
2025-11-08,Madhya Pradesh,Guna,473001,38,4.021942715608831
2025-11-08,Madhya Pradesh,Indore,452001,31,3.1855853382638624
2025-11-08,Madhya Pradesh,Satna,485001,34,3.5440242142688487
2025-11-08,Maharashtra,Aurangabad,431001,43,4.619340842283808
2025-11-08,Meghalaya,West Garo Hills,794104,66,7.367372224988705
2025-11-08,Nagaland,Phek,797114,35,3.663503839603844
2025-11-08,Bihar,Gaya,823003,34,3.5440242142688487
2025-11-08,Bihar,Madhubani,847235,30,3.066105712928867
2025-11-08,Bihar,Sitamarhi,843302,32,3.305064963598858
2025-11-08,Delhi,North East Delhi,110094,33,3.4245445889338533
2025-11-08,Delhi,North West Delhi,110086,30,3.066105712928867
2025-11-08,Uttar Pradesh,Amroha,244221,32,3.305064963598858
2025-11-08,Uttar Pradesh,Kanpur Nagar,208001,32,3.305064963598858
2025-11-08,Uttar Pradesh,Mirzapur,231001,37,3.9024630902738355
2025-11-08,Uttar Pradesh,Pilibhit,262122,30,3.066105712928867
2025-11-08,Uttar Pradesh,Shamli,247774,34,3.5440242142688487
2025-11-08,Jharkhand,Ranchi,835202,47,5.09725934362379
2025-11-08,Jharkhand,Ranchi,835214,30,3.066105712928867
2025-11-08,Madhya Pradesh,Sheopur,476332,39,4.141422340943826
2025-11-08,Uttar Pradesh,Aligarh,202001,35,3.663503839603844
2025-11-08,Uttar Pradesh,Firozabad,283203,33,3.4245445889338533
2025-11-08,Uttar Pradesh,Meerut,250002,74,8.323209227668668
2025-11-08,Bihar,East Champaran,845305,34,3.5440242142688487
2025-11-08,West Bengal,Uttar Dinajpur,733201,32,3.305064963598858
2025-11-08,West Bengal,Uttar Dinajpur,733202,47,5.09725934362379
2025-11-08,West Bengal,Uttar Dinajpur,733207,35,3.663503839603844
2025-11-08,Haryana,Faridabad,121004,33,3.4245445889338533
2025-11-08,Jharkhand,Deoghar,815353,37,3.9024630902738355
2025-11-08,Madhya Pradesh,Dewas,455001,67,7.4868518503237
2025-11-08,Madhya Pradesh,Gwalior,474001,32,3.305064963598858
2025-11-08,Madhya Pradesh,Jabalpur,482001,39,4.141422340943826
2025-11-08,Madhya Pradesh,Ujjain,456006,44,4.738820467618804
2025-11-08,Madhya Pradesh,Ujjain,456335,35,3.663503839603844
2025-11-08,Maharashtra,Nashik,423203,50,5.455698219628776
2025-11-08,Uttar Pradesh,Ghaziabad,201102,47,5.09725934362379
2025-11-08,Uttar Pradesh,Meerut,250001,38,4.021942715608831
2025-11-08,Uttar Pradesh,Shahjahanpur,242001,30,3.066105712928867
2025-11-08,West Bengal,Uttar Dinajpur,733210,34,3.5440242142688487
2025-11-08,Bihar,Gaya,823001,32,3.305064963598858
2025-11-08,Bihar,Kishanganj,855101,30,3.066105712928867
2025-11-08,Jharkhand,Sahebganj,816108,56,6.17257597163875
2025-11-08,Madhya Pradesh,Jhabua,457661,41,4.380381591613817
2025-11-08,Madhya Pradesh,Morena,476001,34,3.5440242142688487
2025-11-08,Madhya Pradesh,Morena,476229,33,3.4245445889338533
2025-11-08,Madhya Pradesh,Sidhi,486661,36,3.7829834649388396
2025-11-08,Uttar Pradesh,Agra,282001,34,3.5440242142688487
2025-11-08,Uttar Pradesh,Moradabad,244001,65,7.247892599653709
2025-11-08,Uttar Pradesh,Saharanpur,247001,44,4.738820467618804
2025-11-08,Uttar Pradesh,Sitapur,261001,35,3.663503839603844
2025-11-08,Uttar Pradesh,Hapur,245101,30,3.066105712928867
2025-11-08,Uttar Pradesh,Lucknow,226003,32,3.305064963598858
2025-11-08,Uttar Pradesh,Pilibhit,262001,32,3.305064963598858
2025-11-08,Uttar Pradesh,Unnao,209801,35,3.663503839603844
2025-11-08,Madhya Pradesh,Bhopal,462001,36,3.7829834649388396
2025-11-08,Madhya Pradesh,Katni,483501,33,3.4245445889338533
2025-11-08,Madhya Pradesh,Ratlam,457001,40,4.260901966278822
2025-11-08,Maharashtra,Thane,400612,30,3.066105712928867
2025-11-08,Bihar,East Champaran,845433,30,3.066105712928867
2025-11-08,Bihar,West Champaran,845438,41,4.380381591613817
2025-11-08,Haryana,Mewat,122508,56,6.17257597163875
2025-11-08,Haryana,Panipat,132103,43,4.619340842283808
2025-11-09,Delhi,North West Delhi,110086,38,4.021942715608831
2025-11-09,Jharkhand,Deoghar,815353,30,3.066105712928867
2025-11-09,Jharkhand,Sahebganj,816108,61,6.769974098313727
2025-11-09,Madhya Pradesh,Guna,473001,31,3.1855853382638624
2025-11-09,Madhya Pradesh,Jhabua,457661,32,3.305064963598858
2025-11-09,Madhya Pradesh,Mandsaur,458880,38,4.021942715608831
2025-11-09,Madhya Pradesh,Ratlam,457226,30,3.066105712928867
2025-11-09,Uttar Pradesh,Moradabad,244001,69,7.725811100993691
2025-11-09,Uttar Pradesh,Rampur,244901,49,5.336218594293781
2025-11-09,Uttar Pradesh,Saharanpur,247001,30,3.066105712928867
2025-11-09,Uttar Pradesh,Unnao,209801,71,7.964770351663682
2025-11-09,Delhi,North East Delhi,110094,38,4.021942715608831
2025-11-09,Telangana,Hyderabad,500053,33,3.4245445889338533
2025-11-09,West Bengal,Murshidabad,742202,32,3.305064963598858
2025-11-09,West Bengal,South 24 Parganas,743355,30,3.066105712928867
2025-11-09,Uttar Pradesh,Shamli,247775,30,3.066105712928867
2025-11-09,Gujarat,Surat,394210,30,3.066105712928867
2025-11-09,Haryana,Panipat,132103,30,3.066105712928867
2025-11-09,Jharkhand,Garhwa,822114,36,3.7829834649388396
2025-11-09,Madhya Pradesh,Gwalior,474001,36,3.7829834649388396
2025-11-09,Madhya Pradesh,Jabalpur,483119,31,3.1855853382638624
2025-11-09,Madhya Pradesh,Neemuch,458441,40,4.260901966278822
2025-11-09,Maharashtra,Aurangabad,431001,35,3.663503839603844
2025-11-09,Maharashtra,Nashik,423203,41,4.380381591613817
2025-11-09,West Bengal,South 24 Parganas,743329,39,4.141422340943826
2025-11-09,West Bengal,Uttar Dinajpur,733202,42,4.499861216948813
2025-11-09,West Bengal,Uttar Dinajpur,733207,55,6.053096346303755
2025-11-09,Madhya Pradesh,Morena,476001,34,3.5440242142688487
2025-11-09,Madhya Pradesh,Ratlam,457001,59,6.531014847643736
2025-11-09,Madhya Pradesh,Ujjain,456006,30,3.066105712928867
2025-11-09,Maharashtra,Thane,421301,37,3.9024630902738355
2025-11-09,Maharashtra,Thane,421302,31,3.1855853382638624
2025-11-09,Gujarat,Surat,395004,31,3.1855853382638624
2025-11-09,Jharkhand,Giridih,815312,31,3.1855853382638624
2025-11-09,Jharkhand,Jamtara,815352,37,3.9024630902738355
2025-11-09,Uttar Pradesh,Aligarh,202001,34,3.5440242142688487
2025-11-09,Uttar Pradesh,Bulandshahr,203001,33,3.4245445889338533
2025-11-09,Uttar Pradesh,Gautam Buddha Nagar,201301,35,3.663503839603844
2025-11-09,Uttar Pradesh,Pilibhit,262001,35,3.663503839603844
2025-11-09,West Bengal,Murshidabad,742135,43,4.619340842283808
2025-11-09,West Bengal,Uttar Dinajpur,733201,30,3.066105712928867
2025-11-09,West Bengal,Uttar Dinajpur,733210,33,3.4245445889338533
2025-11-09,Gujarat,Surat,395010,33,3.4245445889338533
2025-11-09,Haryana,Mewat,122508,31,3.1855853382638624
2025-11-09,Madhya Pradesh,Dewas,455001,52,5.694657470298767
2025-11-09,Uttar Pradesh,Agra,282001,31,3.1855853382638624
2025-11-09,Uttar Pradesh,Ghaziabad,201102,31,3.1855853382638624
2025-11-09,Uttar Pradesh,Meerut,250002,37,3.9024630902738355
2025-11-10,Uttar Pradesh,Agra,282006,31,3.1855853382638624
2025-11-10,Uttar Pradesh,Gautam Buddha Nagar,201301,61,6.769974098313727
2025-11-10,Uttar Pradesh,Ghaziabad,201001,47,5.09725934362379
2025-11-10,Uttar Pradesh,Hardoi,241001,40,4.260901966278822
2025-11-10,Uttar Pradesh,Kanpur Nagar,208001,63,7.008933348983718
2025-11-10,Uttar Pradesh,Kanpur Nagar,208021,32,3.305064963598858
2025-11-10,Uttar Pradesh,Kushinagar,274305,32,3.305064963598858
2025-11-10,Uttar Pradesh,Lucknow,226003,38,4.021942715608831
2025-11-10,Uttar Pradesh,Mirzapur,231001,35,3.663503839603844
2025-11-10,Uttar Pradesh,Moradabad,244001,129,14.894588621093419
2025-11-10,West Bengal,Murshidabad,742213,32,3.305064963598858
2025-11-10,Bihar,Vaishali,844122,30,3.066105712928867
2025-11-10,Delhi,North West Delhi,110086,65,7.247892599653709
2025-11-10,Haryana,Mewat,122508,41,4.380381591613817
2025-11-10,Jharkhand,Deoghar,815353,51,5.575177844963772
2025-11-10,Jharkhand,Ranchi,834001,32,3.305064963598858
2025-11-10,Madhya Pradesh,Bhopal,462001,44,4.738820467618804
2025-11-10,Madhya Pradesh,Dewas,455001,55,6.053096346303755
2025-11-10,Bihar,Araria,854312,39,4.141422340943826
2025-11-10,Bihar,Darbhanga,848213,33,3.4245445889338533
2025-11-10,Bihar,Katihar,854317,49,5.336218594293781
2025-11-10,West Bengal,South 24 Parganas,743337,39,4.141422340943826
2025-11-10,West Bengal,South 24 Parganas,743354,32,3.305064963598858
2025-11-10,West Bengal,Uttar Dinajpur,733201,49,5.336218594293781
2025-11-10,West Bengal,Uttar Dinajpur,733207,68,7.6063314756586955
2025-11-10,West Bengal,Uttar Dinajpur,733210,74,8.323209227668668
2025-11-10,Assam,Dhemaji,787057,43,4.619340842283808
2025-11-10,Bihar,Bhagalpur,812001,30,3.066105712928867
2025-11-10,Bihar,Kishanganj,855108,34,3.5440242142688487
2025-11-10,Bihar,Sitamarhi,843302,52,5.694657470298767
2025-11-10,Delhi,North East Delhi,110094,62,6.889453723648723
2025-11-10,Delhi,West Delhi,110059,69,7.725811100993691
2025-11-10,Gujarat,Surat,395006,32,3.305064963598858
2025-11-10,Haryana,Gurgaon,122001,43,4.619340842283808
2025-11-10,Haryana,Panipat,132103,33,3.4245445889338533
2025-11-10,Jharkhand,Garhwa,822121,31,3.1855853382638624
2025-11-10,Jharkhand,Jamtara,815352,34,3.5440242142688487
2025-11-10,Jharkhand,Sahebganj,816101,32,3.305064963598858
2025-11-10,Jharkhand,Sahebganj,816108,52,5.694657470298767
2025-11-10,Madhya Pradesh,Betul,460330,32,3.305064963598858
2025-11-10,Madhya Pradesh,Bhind,477001,33,3.4245445889338533
2025-11-10,Madhya Pradesh,Dewas,455227,33,3.4245445889338533
2025-11-10,Madhya Pradesh,Gwalior,474001,41,4.380381591613817
2025-11-10,Madhya Pradesh,Jhabua,457661,50,5.455698219628776
2025-11-10,Madhya Pradesh,Morena,476224,36,3.7829834649388396
2025-11-10,Uttar Pradesh,Aligarh,202001,58,6.411535222308741
2025-11-10,Uttar Pradesh,Amroha,244221,34,3.5440242142688487
2025-11-10,Uttar Pradesh,Amroha,244235,30,3.066105712928867
2025-11-10,Uttar Pradesh,Hapur,245101,36,3.7829834649388396
2025-11-10,Uttar Pradesh,Kushinagar,274304,35,3.663503839603844
2025-11-10,Uttar Pradesh,Meerut,250001,39,4.141422340943826
2025-11-10,Uttar Pradesh,Varanasi,221001,34,3.5440242142688487
2025-11-10,West Bengal,Birbhum,731220,37,3.9024630902738355
2025-11-10,Meghalaya,East Jaintia Hills,793200,33,3.4245445889338533
2025-11-10,West Bengal,South 24 Parganas,743349,50,5.455698219628776
2025-11-10,Rajasthan,Bharatpur,321001,33,3.4245445889338533
2025-11-10,Uttar Pradesh,Budaun,243601,30,3.066105712928867
2025-11-10,Uttar Pradesh,Bulandshahr,203001,36,3.7829834649388396
2025-11-10,Uttar Pradesh,Etah,207001,30,3.066105712928867
2025-11-10,Uttar Pradesh,Gautam Buddha Nagar,201306,30,3.066105712928867
2025-11-10,Uttar Pradesh,Pilibhit,262001,41,4.380381591613817
2025-11-10,Uttar Pradesh,Sambhal,202421,35,3.663503839603844
2025-11-10,Bihar,Araria,854311,49,5.336218594293781
2025-11-10,Bihar,Banka,813106,48,5.2167389689587855
2025-11-10,Bihar,East Champaran,845305,33,3.4245445889338533
2025-11-10,Bihar,Jamui,811303,31,3.1855853382638624
2025-11-10,Bihar,Samastipur,848117,35,3.663503839603844
2025-11-10,Chhattisgarh,Bastar,494442,30,3.066105712928867
2025-11-10,Delhi,North West Delhi,110085,33,3.4245445889338533
2025-11-10,Gujarat,Surat,395010,40,4.260901966278822
2025-11-10,Madhya Pradesh,Dhar,454001,30,3.066105712928867
2025-11-10,Madhya Pradesh,Indore,452016,34,3.5440242142688487
2025-11-10,Madhya Pradesh,Katni,483501,35,3.663503839603844
2025-11-10,Madhya Pradesh,Singrauli,486886,35,3.663503839603844
2025-11-10,Madhya Pradesh,Ujjain,456006,31,3.1855853382638624
2025-11-10,Maharashtra,Nashik,423203,74,8.323209227668668
2025-11-10,Maharashtra,Thane,400612,37,3.9024630902738355
2025-11-10,Maharashtra,Thane,401107,34,3.5440242142688487
2025-11-10,Manipur,Ukhrul,795142,35,3.663503839603844
2025-11-10,West Bengal,Birbhum,731219,43,4.619340842283808
2025-11-10,West Bengal,Birbhum,731224,30,3.066105712928867
2025-11-10,West Bengal,Malda,732201,34,3.5440242142688487
2025-11-10,West Bengal,South 24 Parganas,743329,57,6.2920555969737455
2025-11-10,West Bengal,South 24 Parganas,743338,48,5.2167389689587855
2025-11-10,Uttar Pradesh,Agra,282001,48,5.2167389689587855
2025-11-10,Uttar Pradesh,Chandauli,232101,41,4.380381591613817
2025-11-10,Uttar Pradesh,Firozabad,283203,49,5.336218594293781
2025-11-10,Uttar Pradesh,Ghaziabad,201102,72,8.084249976998677
2025-11-10,Uttar Pradesh,Maharajganj,273164,30,3.066105712928867
2025-11-10,Uttar Pradesh,Pilibhit,262122,37,3.9024630902738355
2025-11-10,Uttar Pradesh,Rampur,244901,66,7.367372224988705
2025-11-10,Uttar Pradesh,Rampur,244924,30,3.066105712928867
2025-11-10,Uttar Pradesh,Saharanpur,247001,76,8.56216847833866
2025-11-10,Haryana,Faridabad,121004,48,5.2167389689587855
2025-11-10,Jharkhand,Dumka,814151,32,3.305064963598858
2025-11-10,Jharkhand,Garhwa,822114,56,6.17257597163875
2025-11-10,Jharkhand,Giridih,815312,40,4.260901966278822
2025-11-10,Jharkhand,Giridih,815314,43,4.619340842283808
2025-11-10,Jharkhand,Palamu,822113,32,3.305064963598858
2025-11-10,Jharkhand,Ranchi,835214,39,4.141422340943826
2025-11-10,Rajasthan,Jaipur,302012,43,4.619340842283808
2025-11-10,Uttar Pradesh,Unnao,209801,69,7.725811100993691
2025-11-10,Madhya Pradesh,Indore,452001,37,3.9024630902738355
2025-11-10,Madhya Pradesh,Morena,476001,58,6.411535222308741
2025-11-10,Maharashtra,Aurangabad,431001,91,10.354362858363592
2025-11-10,Maharashtra,Thane,421301,45,4.858300092953799
2025-11-10,Maharashtra,Thane,421302,49,5.336218594293781
2025-11-10,Rajasthan,Ajmer,305001,39,4.141422340943826
2025-11-10,West Bengal,South 24 Parganas,743376,31,3.1855853382638624
2025-11-10,West Bengal,Uttar Dinajpur,733202,54,5.933616720968759
2025-11-10,Uttar Pradesh,Deoria,274001,47,5.09725934362379
2025-11-10,Uttar Pradesh,Meerut,250002,107,12.266036863723519
2025-11-10,Uttar Pradesh,Shahjahanpur,242001,35,3.663503839603844
2025-11-10,West Bengal,Murshidabad,742202,66,7.367372224988705
2025-11-10,West Bengal,Murshidabad,742301,34,3.5440242142688487
2025-11-10,West Bengal,South 24 Parganas,743502,37,3.9024630902738355
2025-11-10,West Bengal,Uttar Dinajpur,733208,45,4.858300092953799
2025-11-10,Delhi,East Delhi,110092,43,4.619340842283808
2025-11-10,Delhi,South Delhi,110044,50,5.455698219628776
2025-11-10,Delhi,South Delhi,110062,32,3.305064963598858
2025-11-10,Jharkhand,Godda,814133,37,3.9024630902738355
2025-11-10,Madhya Pradesh,Burhanpur,450331,30,3.066105712928867
2025-11-10,Madhya Pradesh,Jabalpur,483119,34,3.5440242142688487
2025-11-10,Madhya Pradesh,Neemuch,458441,38,4.021942715608831
2025-11-10,Madhya Pradesh,Ratlam,457001,82,9.279046230348632
2025-11-10,Madhya Pradesh,Sheopur,476337,35,3.663503839603844
2025-11-10,Madhya Pradesh,Sidhi,486661,40,4.260901966278822
2025-11-10,Meghalaya,Ri Bhoi,793105,36,3.7829834649388396
2025-11-10,Tamil Nadu,Tiruvallur,601201,31,3.1855853382638624
2025-11-10,Bihar,Katihar,855113,34,3.5440242142688487
2025-11-10,Bihar,Madhubani,847408,33,3.4245445889338533
2025-11-10,Bihar,Purnia,854204,35,3.663503839603844
2025-11-10,Bihar,Sheohar,843329,42,4.499861216948813
2025-11-10,Bihar,West Champaran,845307,31,3.1855853382638624
2025-11-11,Madhya Pradesh,Ratlam,457001,41,4.380381591613817
2025-11-11,Maharashtra,Thane,421302,32,3.305064963598858
2025-11-11,Meghalaya,East Khasi Hills,793121,51,5.575177844963772
2025-11-11,Jharkhand,Giridih,815312,31,3.1855853382638624
2025-11-11,Uttar Pradesh,Ghaziabad,201102,35,3.663503839603844
2025-11-11,Uttar Pradesh,Moradabad,244001,58,6.411535222308741
2025-11-11,West Bengal,Uttar Dinajpur,733210,38,4.021942715608831
2025-11-11,Delhi,North East Delhi,110094,31,3.1855853382638624
2025-11-11,Delhi,West Delhi,110059,36,3.7829834649388396
2025-11-11,Maharashtra,Nashik,423203,31,3.1855853382638624
2025-11-11,Uttar Pradesh,Saharanpur,247001,45,4.858300092953799
2025-11-11,West Bengal,Murshidabad,742202,31,3.1855853382638624
2025-11-11,Maharashtra,Aurangabad,431001,41,4.380381591613817
2025-11-11,Meghalaya,West Jaintia Hills,793150,49,5.336218594293781
2025-11-11,West Bengal,South 24 Parganas,743329,41,4.380381591613817
2025-11-11,Uttar Pradesh,Agra,282001,30,3.066105712928867
2025-11-11,Madhya Pradesh,Jhabua,457661,31,3.1855853382638624
2025-11-11,Madhya Pradesh,Morena,476001,32,3.305064963598858
2025-11-11,Madhya Pradesh,Morena,476221,30,3.066105712928867
2025-11-11,Uttar Pradesh,Meerut,250002,31,3.1855853382638624
2025-11-11,West Bengal,North 24 Parganas,743262,36,3.7829834649388396
2025-11-11,West Bengal,Uttar Dinajpur,733202,32,3.305064963598858
2025-11-12,West Bengal,North 24 Parganas,743262,35,3.663503839603844
2025-11-12,Assam,Darrang,784116,52,5.694657470298767
2025-11-12,Maharashtra,Nashik,423203,49,5.336218594293781
2025-11-12,Meghalaya,West Khasi Hills,793119,147,17.045221877123335
2025-11-12,Uttar Pradesh,Ghaziabad,201102,31,3.1855853382638624
2025-11-12,Delhi,North East Delhi,110094,31,3.1855853382638624
2025-11-12,Delhi,North West Delhi,110086,37,3.9024630902738355
2025-11-12,Gujarat,Surat,395006,34,3.5440242142688487
2025-11-12,Jharkhand,Giridih,815312,33,3.4245445889338533
2025-11-12,Meghalaya,East Khasi Hills,793121,65,7.247892599653709
2025-11-12,Uttar Pradesh,Aligarh,202001,47,5.09725934362379
2025-11-12,Delhi,West Delhi,110059,36,3.7829834649388396
2025-11-12,Gujarat,Surat,395010,35,3.663503839603844
2025-11-12,Madhya Pradesh,Sheopur,476337,33,3.4245445889338533
2025-11-12,Uttar Pradesh,Meerut,250002,40,4.260901966278822
2025-11-12,Uttar Pradesh,Shamli,247774,31,3.1855853382638624
2025-11-12,West Bengal,Howrah,711316,31,3.1855853382638624
2025-11-12,West Bengal,South 24 Parganas,743329,40,4.260901966278822
2025-11-12,Assam,Darrang,784115,50,5.455698219628776
2025-11-12,Madhya Pradesh,Gwalior,474001,79,8.920607354343646
2025-11-12,Madhya Pradesh,Morena,476001,38,4.021942715608831
2025-11-12,Meghalaya,East Khasi Hills,793113,31,3.1855853382638624
2025-11-12,Meghalaya,South West Khasi Hills,793106,42,4.499861216948813
2025-11-12,Uttar Pradesh,Hardoi,241001,30,3.066105712928867
2025-11-12,Uttar Pradesh,Saharanpur,247001,37,3.9024630902738355
2025-11-12,Assam,Darrang,784146,31,3.1855853382638624
2025-11-12,Assam,Dhemaji,787057,35,3.663503839603844
2025-11-12,Bihar,Saharsa,852127,31,3.1855853382638624
2025-11-12,Madhya Pradesh,Ratlam,457001,38,4.021942715608831
2025-11-12,Maharashtra,Aurangabad,431001,39,4.141422340943826
2025-11-12,Uttar Pradesh,Moradabad,244001,53,5.814137095633764
2025-11-13,Rajasthan,Jodhpur,342008,40,4.260901966278822
2025-11-13,Rajasthan,Jodhpur,342012,68,7.6063314756586955
2025-11-13,Uttar Pradesh,Aligarh,202001,32,3.305064963598858
2025-11-13,Uttar Pradesh,Saharanpur,247001,36,3.7829834649388396
2025-11-13,Meghalaya,South Garo Hills,794102,37,3.9024630902738355
2025-11-13,Assam,Darrang,784125,35,3.663503839603844
2025-11-13,Uttar Pradesh,Unnao,209801,38,4.021942715608831
2025-11-13,Madhya Pradesh,Dewas,455001,38,4.021942715608831
2025-11-13,Rajasthan,Jodhpur,342001,93,10.593322109033583
2025-11-13,Rajasthan,Sirohi,307024,37,3.9024630902738355
2025-11-13,Uttar Pradesh,Meerut,250002,42,4.499861216948813
2025-11-13,Delhi,South Delhi,110062,34,3.5440242142688487
2025-11-13,Madhya Pradesh,Ratlam,457001,42,4.499861216948813
2025-11-13,Rajasthan,Udaipur,307025,35,3.663503839603844
2025-11-13,Uttar Pradesh,Moradabad,244001,35,3.663503839603844
2025-11-13,Haryana,Faridabad,121004,30,3.066105712928867
2025-11-13,Madhya Pradesh,Gwalior,474001,39,4.141422340943826
2025-11-13,Madhya Pradesh,Indore,452001,31,3.1855853382638624
2025-11-14,Madhya Pradesh,Gwalior,474001,35,3.663503839603844
2025-11-14,Meghalaya,West Garo Hills,794104,32,3.305064963598858
2025-11-14,Rajasthan,Jodhpur,342001,37,3.9024630902738355
2025-11-14,Karnataka,Kolar,563101,30,3.066105712928867
2025-11-14,Meghalaya,East Garo Hills,794111,42,4.499861216948813
2025-11-14,Uttar Pradesh,Aligarh,202001,44,4.738820467618804
2025-11-14,Uttar Pradesh,Kanpur Nagar,208001,34,3.5440242142688487
2025-11-14,Haryana,Panipat,132103,32,3.305064963598858
2025-11-14,Madhya Pradesh,Dewas,455001,62,6.889453723648723
2025-11-14,Madhya Pradesh,Ratlam,457001,37,3.9024630902738355
2025-11-14,Uttar Pradesh,Rampur,244901,35,3.663503839603844
2025-11-14,Uttar Pradesh,Saharanpur,247001,52,5.694657470298767
2025-11-14,Uttar Pradesh,Shahjahanpur,242001,41,4.380381591613817
2025-11-14,Uttar Pradesh,Shamli,247774,48,5.2167389689587855
2025-11-14,West Bengal,Murshidabad,742202,39,4.141422340943826
2025-11-14,Maharashtra,Aurangabad,431001,55,6.053096346303755
2025-11-14,Gujarat,Surat,395010,35,3.663503839603844
2025-11-14,Haryana,Faridabad,121004,31,3.1855853382638624
2025-11-14,Haryana,Mewat,122508,37,3.9024630902738355
2025-11-14,Uttar Pradesh,Meerut,250002,42,4.499861216948813
2025-11-14,Uttar Pradesh,Moradabad,244001,56,6.17257597163875
2025-11-14,Madhya Pradesh,Mandsaur,458883,32,3.305064963598858
2025-11-14,Madhya Pradesh,Sidhi,486661,35,3.663503839603844
2025-11-14,Maharashtra,Thane,421302,38,4.021942715608831
2025-11-14,Uttar Pradesh,Gautam Buddha Nagar,201301,32,3.305064963598858
2025-11-14,Uttar Pradesh,Ghaziabad,201102,31,3.1855853382638624
2025-11-14,Uttar Pradesh,Mirzapur,231001,30,3.066105712928867
2025-11-14,Uttar Pradesh,Unnao,209801,56,6.17257597163875
2025-11-15,Rajasthan,Sirohi,307026,39,4.141422340943826
2025-11-15,Rajasthan,Tonk,304001,30,3.066105712928867
2025-11-15,Uttar Pradesh,Agra,282002,33,3.4245445889338533
2025-11-15,Uttar Pradesh,Agra,282005,32,3.305064963598858
2025-11-15,Uttar Pradesh,Agra,283125,33,3.4245445889338533
2025-11-15,Uttar Pradesh,Amroha,244221,54,5.933616720968759
2025-11-15,Uttar Pradesh,Amroha,244235,33,3.4245445889338533
2025-11-15,Uttar Pradesh,Bahraich,271801,50,5.455698219628776
2025-11-15,Uttar Pradesh,Ballia,277001,35,3.663503839603844
2025-11-15,Uttar Pradesh,Balrampur,271201,35,3.663503839603844
2025-11-15,Uttar Pradesh,Bareilly,243122,40,4.260901966278822
2025-11-15,Uttar Pradesh,Basti,272002,36,3.7829834649388396
2025-11-15,Uttar Pradesh,Bijnor,246733,40,4.260901966278822
2025-11-15,Uttar Pradesh,Bijnor,246734,35,3.663503839603844
2025-11-15,Uttar Pradesh,Bulandshahr,202393,35,3.663503839603844
2025-11-15,Uttar Pradesh,Chandauli,232101,37,3.9024630902738355
2025-11-15,Uttar Pradesh,Deoria,274001,41,4.380381591613817
2025-11-15,Uttar Pradesh,Gonda,271312,32,3.305064963598858
2025-11-15,Uttar Pradesh,Kanpur Nagar,208021,49,5.336218594293781
2025-11-15,Uttar Pradesh,Kaushambi,212207,34,3.5440242142688487
2025-11-15,Uttar Pradesh,Kushinagar,274304,55,6.053096346303755
2025-11-15,Uttar Pradesh,Moradabad,244102,30,3.066105712928867
2025-11-15,Uttar Pradesh,Moradabad,244501,37,3.9024630902738355
2025-11-15,Uttar Pradesh,Pilibhit,262001,91,10.354362858363592
2025-11-15,Uttar Pradesh,Pilibhit,262201,37,3.9024630902738355
2025-11-15,Uttar Pradesh,Rampur,244921,33,3.4245445889338533
2025-11-15,Uttar Pradesh,Saharanpur,247554,67,7.4868518503237
2025-11-15,Uttar Pradesh,Shahjahanpur,242221,33,3.4245445889338533
2025-11-15,Uttar Pradesh,Shamli,247775,55,6.053096346303755
2025-11-15,Uttar Pradesh,Sonbhadra,231216,33,3.4245445889338533
2025-11-15,Haryana,Gurgaon,122001,45,4.858300092953799
2025-11-15,Haryana,Hisar,125001,47,5.09725934362379
2025-11-15,Haryana,Mewat,122108,36,3.7829834649388396
2025-11-15,Haryana,Palwal,121103,57,6.2920555969737455
2025-11-15,Haryana,Rewari,123401,36,3.7829834649388396
2025-11-15,Jammu and Kashmir,Doda,182201,33,3.4245445889338533
2025-11-15,Jharkhand,Giridih,825412,50,5.455698219628776
2025-11-15,Jharkhand,Godda,814160,35,3.663503839603844
2025-11-15,Jharkhand,Ranchi,834001,37,3.9024630902738355
2025-11-15,Jharkhand,Ranchi,835204,44,4.738820467618804
2025-11-15,Jharkhand,Sahebganj,816102,37,3.9024630902738355
2025-11-15,Jharkhand,Sahebganj,816108,102,11.668638737048543
2025-11-15,Jharkhand,West Singhbhum,833201,38,4.021942715608831
2025-11-15,Karnataka,Kolar,563101,40,4.260901966278822
2025-11-15,Karnataka,Koppal,583281,34,3.5440242142688487
2025-11-15,Madhya Pradesh,Agar Malwa,465441,58,6.411535222308741
2025-11-15,Madhya Pradesh,Alirajpur,457888,30,3.066105712928867
2025-11-15,Madhya Pradesh,Alirajpur,457990,35,3.663503839603844
2025-11-15,Madhya Pradesh,Barwani,451666,54,5.933616720968759
2025-11-15,Madhya Pradesh,Bhopal,462001,74,8.323209227668668
2025-11-15,Madhya Pradesh,Dewas,455332,36,3.7829834649388396
2025-11-15,Madhya Pradesh,Dhar,454001,62,6.889453723648723
2025-11-15,Madhya Pradesh,Gwalior,475110,50,5.455698219628776
2025-11-15,Madhya Pradesh,Indore,452002,48,5.2167389689587855
2025-11-15,Madhya Pradesh,Indore,452015,41,4.380381591613817
2025-11-15,Madhya Pradesh,Indore,453441,61,6.769974098313727
2025-11-15,Madhya Pradesh,Jabalpur,482001,77,8.681648103673655
2025-11-15,Madhya Pradesh,Jhabua,457779,43,4.619340842283808
2025-11-15,Madhya Pradesh,Morena,476001,100,11.42967948637855
2025-11-15,Madhya Pradesh,Morena,476219,33,3.4245445889338533
2025-11-15,Madhya Pradesh,Sehore,466001,47,5.09725934362379
2025-11-15,Madhya Pradesh,Shajapur,465001,62,6.889453723648723
2025-11-15,Madhya Pradesh,Tikamgarh,472115,37,3.9024630902738355
2025-11-15,Madhya Pradesh,Ujjain,456006,61,6.769974098313727
2025-11-15,Madhya Pradesh,Ujjain,456010,37,3.9024630902738355
2025-11-15,Madhya Pradesh,Ujjain,456337,57,6.2920555969737455
2025-11-15,Madhya Pradesh,Ujjain,456665,34,3.5440242142688487
2025-11-15,Maharashtra,Aurangabad,431001,100,11.42967948637855
2025-11-15,Maharashtra,Dhule,424001,44,4.738820467618804
2025-11-15,Maharashtra,Jalna,431203,40,4.260901966278822
2025-11-15,Maharashtra,Nashik,423203,136,15.730945998438386
2025-11-15,Maharashtra,Parbhani,431401,47,5.09725934362379
2025-11-15,Maharashtra,Pune,411033,35,3.663503839603844
2025-11-15,Maharashtra,Raigarh,410206,43,4.619340842283808
2025-11-15,Maharashtra,Thane,421301,63,7.008933348983718
2025-11-15,Maharashtra,Thane,421306,38,4.021942715608831
2025-11-15,Gujarat,Kheda,388250,32,3.305064963598858
2025-11-15,Gujarat,Panchmahals,389001,34,3.5440242142688487
2025-11-15,Gujarat,Surat,394210,61,6.769974098313727
2025-11-15,Uttarakhand,Haridwar,247663,30,3.066105712928867
2025-11-15,Uttarakhand,Haridwar,247667,36,3.7829834649388396
2025-11-15,West Bengal,Howrah,711303,37,3.9024630902738355
2025-11-15,West Bengal,Howrah,711312,37,3.9024630902738355
2025-11-15,West Bengal,Malda,732125,85,9.637485106353619
2025-11-15,West Bengal,Malda,732207,37,3.9024630902738355
2025-11-15,Bihar,Bhagalpur,813210,39,4.141422340943826
2025-11-15,Bihar,Lakhisarai,811302,30,3.066105712928867
2025-11-15,Bihar,Muzaffarpur,843125,37,3.9024630902738355
2025-11-15,Bihar,Nalanda,803101,39,4.141422340943826
2025-11-15,Bihar,Purnia,854204,35,3.663503839603844
2025-11-15,Bihar,Sheohar,843329,42,4.499861216948813
2025-11-15,Bihar,Sitamarhi,843317,43,4.619340842283808
2025-11-15,Rajasthan,Jaipur,303108,30,3.066105712928867
2025-11-15,Rajasthan,Jaisalmer,345001,30,3.066105712928867
2025-11-15,Rajasthan,Jalor,343029,32,3.305064963598858
2025-11-15,Rajasthan,Jodhpur,342012,48,5.2167389689587855
2025-11-15,Rajasthan,Udaipur,313001,39,4.141422340943826
2025-11-15,Uttar Pradesh,Agra,283201,30,3.066105712928867
2025-11-15,Uttar Pradesh,Bahraich,271903,39,4.141422340943826
2025-11-15,Uttar Pradesh,Bareilly,243201,57,6.2920555969737455
2025-11-15,Uttar Pradesh,Bijnor,246722,34,3.5440242142688487
2025-11-15,Uttar Pradesh,Bijnor,246747,37,3.9024630902738355
2025-11-15,Uttar Pradesh,Bulandshahr,203001,69,7.725811100993691
2025-11-15,Uttar Pradesh,Gorakhpur,273209,40,4.260901966278822
2025-11-15,Uttar Pradesh,Hapur,245101,104,11.907597987718534
2025-11-15,Uttar Pradesh,Jhansi,284204,42,4.499861216948813
2025-11-15,Uttar Pradesh,Kheri,262701,65,7.247892599653709
2025-11-15,Uttar Pradesh,Kheri,262903,31,3.1855853382638624
2025-11-15,Uttar Pradesh,Mathura,281502,31,3.1855853382638624
2025-11-15,Uttar Pradesh,Mau,275101,45,4.858300092953799
2025-11-15,Uttar Pradesh,Meerut,250001,74,8.323209227668668
2025-11-15,Uttar Pradesh,Meerut,250004,33,3.4245445889338533
2025-11-15,Uttar Pradesh,Rampur,243701,34,3.5440242142688487
2025-11-15,Uttar Pradesh,Rampur,244925,54,5.933616720968759
2025-11-15,Uttar Pradesh,Sitapur,261135,51,5.575177844963772
2025-11-15,Uttar Pradesh,Sultanpur,228131,33,3.4245445889338533
2025-11-15,Uttar Pradesh,Varanasi,221001,72,8.084249976998677
2025-11-15,Bihar,Vaishali,844122,33,3.4245445889338533
2025-11-15,Bihar,West Champaran,845454,40,4.260901966278822
2025-11-15,Chhattisgarh,Bilaspur,495551,32,3.305064963598858
2025-11-15,Chhattisgarh,Kondagaon,494226,45,4.858300092953799
2025-11-15,Chhattisgarh,Raipur,493441,35,3.663503839603844
2025-11-15,Delhi,South Delhi,110025,38,4.021942715608831
2025-11-15,Delhi,West Delhi,110041,54,5.933616720968759
2025-11-15,Gujarat,Banaskantha,385535,38,4.021942715608831
2025-11-15,Gujarat,Rajkot,360004,37,3.9024630902738355
2025-11-15,Gujarat,Rajkot,360311,32,3.305064963598858
2025-11-15,Gujarat,Surat,395006,68,7.6063314756586955
2025-11-15,Haryana,Karnal,132001,32,3.305064963598858
2025-11-15,Haryana,Mewat,122104,34,3.5440242142688487
2025-11-15,Haryana,Panipat,132103,76,8.56216847833866
2025-11-15,Haryana,Sonipat,131001,32,3.305064963598858
2025-11-15,Jammu and Kashmir,Bandipore,193502,35,3.663503839603844
2025-11-15,Jammu and Kashmir,Ramban,182144,31,3.1855853382638624
2025-11-15,Jharkhand,Chatra,825404,53,5.814137095633764
2025-11-15,Jharkhand,Chatra,825408,57,6.2920555969737455
2025-11-15,Jharkhand,Garhwa,822114,51,5.575177844963772
2025-11-15,Jharkhand,Garhwa,822128,30,3.066105712928867
2025-11-15,Jharkhand,Giridih,825322,39,4.141422340943826
2025-11-15,Jharkhand,Giridih,825324,39,4.141422340943826
2025-11-15,Jharkhand,Gumla,835207,37,3.9024630902738355
2025-11-15,Jharkhand,Palamu,822110,45,4.858300092953799
2025-11-15,Jharkhand,Palamu,822113,37,3.9024630902738355
2025-11-15,Jharkhand,Ranchi,835214,45,4.858300092953799
2025-11-15,Jharkhand,Ranchi,835225,47,5.09725934362379
2025-11-15,Jharkhand,Ranchi,835301,32,3.305064963598858
2025-11-15,Jharkhand,Ranchi,835303,47,5.09725934362379
2025-11-15,Madhya Pradesh,Betul,460001,32,3.305064963598858
2025-11-15,Madhya Pradesh,Betul,460330,43,4.619340842283808
2025-11-15,Madhya Pradesh,Chhindwara,480001,66,7.367372224988705
2025-11-15,Madhya Pradesh,Datia,475661,70,7.845290726328686
2025-11-15,Madhya Pradesh,Guna,473105,31,3.1855853382638624
2025-11-15,Madhya Pradesh,Gwalior,474006,45,4.858300092953799
2025-11-15,Madhya Pradesh,Gwalior,475220,31,3.1855853382638624
2025-11-15,Madhya Pradesh,Indore,452001,93,10.593322109033583
2025-11-15,Madhya Pradesh,Jabalpur,482002,39,4.141422340943826
2025-11-15,Madhya Pradesh,Jabalpur,482003,35,3.663503839603844
2025-11-15,Madhya Pradesh,Jhabua,457661,64,7.128412974318714
2025-11-15,Madhya Pradesh,Jhabua,457777,45,4.858300092953799
2025-11-15,Madhya Pradesh,Panna,488442,40,4.260901966278822
2025-11-15,Madhya Pradesh,Rajgarh,465674,70,7.845290726328686
2025-11-15,Madhya Pradesh,Sagar,470002,38,4.021942715608831
2025-11-15,Madhya Pradesh,Sagar,470119,33,3.4245445889338533
2025-11-15,Madhya Pradesh,Singrauli,486882,33,3.4245445889338533
2025-11-15,Madhya Pradesh,Ujjain,456001,34,3.5440242142688487
2025-11-15,Madhya Pradesh,Vidisha,464001,33,3.4245445889338533
2025-11-15,Madhya Pradesh,Vidisha,464221,51,5.575177844963772
2025-11-15,Maharashtra,Gondiya,441601,32,3.305064963598858
2025-11-15,Maharashtra,Jalgaon,425001,34,3.5440242142688487
2025-11-15,Maharashtra,Palghar,401209,30,3.066105712928867
2025-11-15,Maharashtra,Thane,400612,60,6.650494472978732
2025-11-15,Meghalaya,West Garo Hills,794104,32,3.305064963598858
2025-11-15,Rajasthan,Ajmer,305623,32,3.305064963598858
2025-11-15,Rajasthan,Alwar,301707,56,6.17257597163875
2025-11-15,Rajasthan,Bhilwara,311001,49,5.336218594293781
2025-11-15,Assam,Dhubri,783348,36,3.7829834649388396
2025-11-15,Assam,Kamrup,781136,39,4.141422340943826
2025-11-15,Assam,Karimganj,788720,32,3.305064963598858
2025-11-15,Assam,Karimganj,788724,35,3.663503839603844
2025-11-15,Bihar,Araria,854312,32,3.305064963598858
2025-11-15,Bihar,Bhagalpur,812005,44,4.738820467618804
2025-11-15,Bihar,Bhagalpur,853204,35,3.663503839603844
2025-11-15,Bihar,Darbhanga,846003,31,3.1855853382638624
2025-11-15,Bihar,Darbhanga,847201,31,3.1855853382638624
2025-11-15,Bihar,East Champaran,845433,51,5.575177844963772
2025-11-15,Bihar,Jamui,811308,33,3.4245445889338533
2025-11-15,Bihar,Jamui,811314,38,4.021942715608831
2025-11-15,Bihar,Lakhisarai,811311,64,7.128412974318714
2025-11-15,Bihar,Munger,811213,35,3.663503839603844
2025-11-15,Bihar,Saharsa,852127,30,3.066105712928867
2025-11-15,Bihar,Saran,841301,45,4.858300092953799
2025-11-15,Bihar,Siwan,841226,40,4.260901966278822
2025-11-15,Uttarakhand,Dehradun,248001,52,5.694657470298767
2025-11-15,Uttarakhand,Nainital,263139,54,5.933616720968759
2025-11-15,Uttarakhand,Udham Singh Nagar,263148,33,3.4245445889338533
2025-11-15,West Bengal,Murshidabad,742133,30,3.066105712928867
2025-11-15,West Bengal,Murshidabad,742136,31,3.1855853382638624
2025-11-15,West Bengal,Nadia,741317,35,3.663503839603844
2025-11-15,West Bengal,Puruliya,723121,45,4.858300092953799
2025-11-15,West Bengal,Uttar Dinajpur,733134,42,4.499861216948813
2025-11-15,West Bengal,Uttar Dinajpur,733207,60,6.650494472978732
2025-11-15,Assam,Darrang,784115,34,3.5440242142688487
2025-11-15,Assam,Goalpara,783126,30,3.066105712928867
2025-11-15,Bihar,Araria,854318,45,4.858300092953799
2025-11-15,Bihar,Aurangabad,824301,32,3.305064963598858
2025-11-15,Bihar,Darbhanga,847203,47,5.09725934362379
2025-11-15,Bihar,East Champaran,845401,32,3.305064963598858
2025-11-15,Bihar,Gaya,823001,32,3.305064963598858
2025-11-15,Bihar,Jamui,811305,30,3.066105712928867
2025-11-15,Bihar,Khagaria,851204,38,4.021942715608831
2025-11-15,Bihar,Kishanganj,855101,36,3.7829834649388396
2025-11-15,Bihar,Madhepura,852128,35,3.663503839603844
2025-11-15,Bihar,Madhubani,847226,36,3.7829834649388396
2025-11-15,Bihar,Purnia,854315,33,3.4245445889338533
2025-11-15,Bihar,Samastipur,848114,46,4.977779718288795
2025-11-15,Chhattisgarh,Bemetara,491335,35,3.663503839603844
2025-11-15,Chhattisgarh,Bijapur,494444,45,4.858300092953799
2025-11-15,Chhattisgarh,Rajnandgaon,491441,73,8.203729602333674
2025-11-15,Chhattisgarh,Surguja,497001,35,3.663503839603844
2025-11-15,Delhi,East Delhi,110092,51,5.575177844963772
2025-11-15,Delhi,East Delhi,110096,32,3.305064963598858
2025-11-15,Delhi,North Delhi,110084,43,4.619340842283808
2025-11-15,Delhi,North East Delhi,110053,42,4.499861216948813
2025-11-15,Delhi,South Delhi,110062,78,8.80112772900865
2025-11-15,Delhi,West Delhi,110059,98,11.19072023570856
2025-11-15,Gujarat,Kachchh,370001,72,8.084249976998677
2025-11-15,Gujarat,Kachchh,370110,31,3.1855853382638624
2025-11-15,Gujarat,Vadodara,390019,34,3.5440242142688487
2025-11-15,Haryana,Mewat,122105,32,3.305064963598858
2025-11-15,Haryana,Mewat,122508,68,7.6063314756586955
2025-11-15,Jammu and Kashmir,Baramula,193101,38,4.021942715608831
2025-11-15,Jharkhand,Garhwa,822112,32,3.305064963598858
2025-11-15,Jharkhand,Giridih,815312,55,6.053096346303755
2025-11-15,Jharkhand,Giridih,815314,40,4.260901966278822
2025-11-15,Jharkhand,Gumla,835206,33,3.4245445889338533
2025-11-15,Jharkhand,Ranchi,835219,33,3.4245445889338533
2025-11-15,Madhya Pradesh,Bhind,477001,34,3.5440242142688487
2025-11-15,Madhya Pradesh,Chhatarpur,471515,33,3.4245445889338533
2025-11-15,Madhya Pradesh,Chhatarpur,471525,49,5.336218594293781
2025-11-15,Madhya Pradesh,Dhar,454331,35,3.663503839603844
2025-11-15,Madhya Pradesh,Dhar,454446,51,5.575177844963772
2025-11-15,Madhya Pradesh,Hoshangabad,461775,32,3.305064963598858
2025-11-15,Madhya Pradesh,Mandsaur,458880,49,5.336218594293781
2025-11-15,Madhya Pradesh,Mandsaur,458883,42,4.499861216948813
2025-11-15,Madhya Pradesh,Panna,488333,31,3.1855853382638624
2025-11-15,Madhya Pradesh,Panna,488441,30,3.066105712928867
2025-11-15,Madhya Pradesh,Ratlam,457114,42,4.499861216948813
2025-11-15,Madhya Pradesh,Ratlam,457118,51,5.575177844963772
2025-11-15,Madhya Pradesh,Ratlam,457331,33,3.4245445889338533
2025-11-15,Madhya Pradesh,Rewa,486001,37,3.9024630902738355
2025-11-15,Madhya Pradesh,Sagar,470117,30,3.066105712928867
2025-11-15,Madhya Pradesh,Satna,485001,59,6.531014847643736
2025-11-15,Madhya Pradesh,Shajapur,465337,39,4.141422340943826
2025-11-15,Madhya Pradesh,Sheopur,476337,48,5.2167389689587855
2025-11-15,Madhya Pradesh,Tikamgarh,472111,37,3.9024630902738355
2025-11-15,Madhya Pradesh,Ujjain,456771,46,4.977779718288795
2025-11-15,Madhya Pradesh,Umaria,484661,61,6.769974098313727
2025-11-15,Maharashtra,Solapur,413003,31,3.1855853382638624
2025-11-15,Maharashtra,Thane,421503,31,3.1855853382638624
2025-11-15,Rajasthan,Barmer,344704,47,5.09725934362379
2025-11-15,Rajasthan,Churu,331802,31,3.1855853382638624
2025-11-15,Rajasthan,Jodhpur,342001,102,11.668638737048543
2025-11-15,Rajasthan,Nagaur,341001,54,5.933616720968759
2025-11-15,Rajasthan,Pali,306401,37,3.9024630902738355
2025-11-15,Telangana,Hyderabad,500005,37,3.9024630902738355
2025-11-15,Uttar Pradesh,Aligarh,202001,111,12.743955365063501
2025-11-15,Uttar Pradesh,Amroha,244241,37,3.9024630902738355
2025-11-15,Uttar Pradesh,Bijnor,246731,32,3.305064963598858
2025-11-15,Uttar Pradesh,Bijnor,246762,60,6.650494472978732
2025-11-15,Uttar Pradesh,Chitrakoot,210206,32,3.305064963598858
2025-11-15,Uttar Pradesh,Chitrakoot,210209,52,5.694657470298767
2025-11-15,Uttar Pradesh,Etah,207001,48,5.2167389689587855
2025-11-15,Uttar Pradesh,Farrukhabad,209625,37,3.9024630902738355
2025-11-15,Uttar Pradesh,Gautam Buddha Nagar,201301,66,7.367372224988705
2025-11-15,Uttar Pradesh,Ghaziabad,201102,95,10.832281359703574
2025-11-15,Uttar Pradesh,Jalaun,285001,33,3.4245445889338533
2025-11-15,Uttar Pradesh,Jaunpur,222001,57,6.2920555969737455
2025-11-15,Uttar Pradesh,Kheri,261505,34,3.5440242142688487
2025-11-15,Uttar Pradesh,Kheri,262723,33,3.4245445889338533
2025-11-15,Uttar Pradesh,Kheri,262902,34,3.5440242142688487
2025-11-15,Uttar Pradesh,Lucknow,226003,65,7.247892599653709
2025-11-15,Uttar Pradesh,Mathura,281001,34,3.5440242142688487
2025-11-15,Uttar Pradesh,Meerut,250401,36,3.7829834649388396
2025-11-15,Uttar Pradesh,Mirzapur,231001,86,9.756964731688614
2025-11-15,Uttar Pradesh,Muzaffarnagar,251001,54,5.933616720968759
2025-11-15,Uttar Pradesh,Rampur,244901,101,11.549159111713546
2025-11-15,Uttar Pradesh,Sambhal,244302,53,5.814137095633764
2025-11-15,Uttar Pradesh,Shamli,247774,92,10.473842483698586
2025-11-15,Uttar Pradesh,Shamli,247776,70,7.845290726328686
2025-11-15,Uttar Pradesh,Sitapur,261001,60,6.650494472978732
2025-11-15,Uttar Pradesh,Unnao,209801,77,8.681648103673655
2025-11-15,Uttar Pradesh,Varanasi,221002,35,3.663503839603844
2025-11-15,Uttarakhand,Udham Singh Nagar,244713,53,5.814137095633764
2025-11-15,West Bengal,Birbhum,731219,35,3.663503839603844
2025-11-15,West Bengal,South 24 Parganas,743503,55,6.053096346303755
2025-11-15,West Bengal,Uttar Dinajpur,733210,58,6.411535222308741
2025-11-15,Bihar,Araria,854334,30,3.066105712928867
2025-11-15,Bihar,Banka,813106,36,3.7829834649388396
2025-11-15,Bihar,Katihar,854104,30,3.066105712928867
2025-11-15,Bihar,Katihar,854317,42,4.499861216948813
2025-11-15,Bihar,Katihar,855102,43,4.619340842283808
2025-11-15,Bihar,Katihar,855113,38,4.021942715608831
2025-11-15,Bihar,Kishanganj,855108,30,3.066105712928867
2025-11-15,Bihar,Munger,811201,32,3.305064963598858
2025-11-15,Bihar,Saharsa,852124,34,3.5440242142688487
2025-11-15,Bihar,Samastipur,848132,32,3.305064963598858
2025-11-15,Bihar,Sitamarhi,843302,39,4.141422340943826
2025-11-15,Bihar,Supaul,852131,30,3.066105712928867
2025-11-15,Bihar,Vaishali,843114,34,3.5440242142688487
2025-11-15,Bihar,West Champaran,845438,41,4.380381591613817
2025-11-15,Bihar,West Champaran,845449,39,4.141422340943826
2025-11-15,Chhattisgarh,Baloda Bazar,493118,33,3.4245445889338533
2025-11-15,Chhattisgarh,Bastar,494115,35,3.663503839603844
2025-11-15,Gujarat,Banaskantha,385310,35,3.663503839603844
2025-11-15,Gujarat,Dahod,389151,34,3.5440242142688487
2025-11-15,Gujarat,Kachchh,370201,30,3.066105712928867
2025-11-15,Gujarat,Rajkot,360003,44,4.738820467618804
2025-11-15,Gujarat,Surat,395004,60,6.650494472978732
2025-11-15,Gujarat,Valsad,396065,33,3.4245445889338533
2025-11-15,Haryana,Ambala,134203,30,3.066105712928867
2025-11-15,Haryana,Faridabad,121001,42,4.499861216948813
2025-11-15,Haryana,Faridabad,121004,79,8.920607354343646
2025-11-15,Haryana,Kaithal,136027,36,3.7829834649388396
2025-11-15,Haryana,Palwal,121102,52,5.694657470298767
2025-11-15,Haryana,Sirsa,125055,47,5.09725934362379
2025-11-15,Haryana,Yamuna Nagar,135001,41,4.380381591613817
2025-11-15,Jammu and Kashmir,Kathua,184206,32,3.305064963598858
2025-11-15,Jammu and Kashmir,Kulgam,192231,31,3.1855853382638624
2025-11-15,Jharkhand,Deoghar,815353,105,12.027077613053528
2025-11-15,Jharkhand,Godda,814133,39,4.141422340943826
2025-11-15,Jharkhand,Jamtara,815351,33,3.4245445889338533
2025-11-15,Jharkhand,Sahebganj,816101,44,4.738820467618804
2025-11-15,Jharkhand,Sahebganj,816109,41,4.380381591613817
2025-11-15,Jharkhand,West Singhbhum,833214,79,8.920607354343646
2025-11-15,West Bengal,South 24 Parganas,743376,39,4.141422340943826
2025-11-15,West Bengal,South 24 Parganas,743502,32,3.305064963598858
2025-11-15,West Bengal,Uttar Dinajpur,733201,39,4.141422340943826
2025-11-15,West Bengal,Uttar Dinajpur,733202,67,7.4868518503237
2025-11-15,West Bengal,Uttar Dinajpur,733215,31,3.1855853382638624
2025-11-15,Karnataka,Koppal,583227,52,5.694657470298767
2025-11-15,Madhya Pradesh,Chhindwara,480441,47,5.09725934362379
2025-11-15,Madhya Pradesh,Dewas,455336,36,3.7829834649388396
2025-11-15,Madhya Pradesh,Gwalior,474001,64,7.128412974318714
2025-11-15,Madhya Pradesh,Indore,452010,48,5.2167389689587855
2025-11-15,Madhya Pradesh,Indore,452016,43,4.619340842283808
2025-11-15,Madhya Pradesh,Katni,483501,83,9.398525855683628
2025-11-15,Madhya Pradesh,Katni,483775,35,3.663503839603844
2025-11-15,Madhya Pradesh,Mandla,481661,32,3.305064963598858
2025-11-15,Madhya Pradesh,Mandsaur,458002,31,3.1855853382638624
2025-11-15,Madhya Pradesh,Morena,476229,77,8.681648103673655
2025-11-15,Madhya Pradesh,Singrauli,486886,38,4.021942715608831
2025-11-15,Maharashtra,Mumbai,400043,40,4.260901966278822
2025-11-15,Maharashtra,Mumbai,400072,31,3.1855853382638624
2025-11-15,Maharashtra,Nashik,422003,40,4.260901966278822
2025-11-15,Maharashtra,Palghar,401208,39,4.141422340943826
2025-11-15,Maharashtra,Solapur,413304,33,3.4245445889338533
2025-11-15,Maharashtra,Thane,421302,101,11.549159111713546
2025-11-15,Punjab,Ludhiana,141003,33,3.4245445889338533
2025-11-15,Rajasthan,Ajmer,305801,41,4.380381591613817
2025-11-15,Rajasthan,Alwar,301001,67,7.4868518503237
2025-11-15,Rajasthan,Barmer,344001,33,3.4245445889338533
2025-11-15,Rajasthan,Barmer,344702,36,3.7829834649388396
2025-11-15,Rajasthan,Dholpur,328001,40,4.260901966278822
2025-11-15,Rajasthan,Dholpur,328021,42,4.499861216948813
2025-11-15,Rajasthan,Sawai Madhopur,322201,42,4.499861216948813
2025-11-15,Madhya Pradesh,Bhopal,462010,31,3.1855853382638624
2025-11-15,Madhya Pradesh,Bhopal,462030,43,4.619340842283808
2025-11-15,Madhya Pradesh,Burhanpur,450331,63,7.008933348983718
2025-11-15,Madhya Pradesh,Chhatarpur,471501,70,7.845290726328686
2025-11-15,Madhya Pradesh,Damoh,470775,42,4.499861216948813
2025-11-15,Madhya Pradesh,Dewas,455001,112,12.863434990398497
2025-11-15,Madhya Pradesh,Dewas,455227,50,5.455698219628776
2025-11-15,Madhya Pradesh,Guna,473001,65,7.247892599653709
2025-11-15,Madhya Pradesh,Mandsaur,458558,30,3.066105712928867
2025-11-15,Madhya Pradesh,Mandsaur,458775,44,4.738820467618804
2025-11-15,Madhya Pradesh,Morena,476111,34,3.5440242142688487
2025-11-15,Madhya Pradesh,Morena,476221,72,8.084249976998677
2025-11-15,Madhya Pradesh,Morena,476224,64,7.128412974318714
2025-11-15,Madhya Pradesh,Neemuch,458441,66,7.367372224988705
2025-11-15,Madhya Pradesh,Rajgarh,465687,46,4.977779718288795
2025-11-15,Madhya Pradesh,Ratlam,457001,134,15.491986747768395
2025-11-15,Madhya Pradesh,Ratlam,457226,54,5.933616720968759
2025-11-15,Madhya Pradesh,Rewa,486223,32,3.305064963598858
2025-11-15,Madhya Pradesh,Sagar,470001,48,5.2167389689587855
2025-11-15,Madhya Pradesh,Sagar,470335,36,3.7829834649388396
2025-11-15,Madhya Pradesh,Satna,485771,37,3.9024630902738355
2025-11-15,Madhya Pradesh,Satna,485773,64,7.128412974318714
2025-11-15,Madhya Pradesh,Shajapur,465333,30,3.066105712928867
2025-11-15,Madhya Pradesh,Shivpuri,473551,53,5.814137095633764
2025-11-15,Madhya Pradesh,Sidhi,486661,81,9.159566605013637
2025-11-15,Madhya Pradesh,Ujjain,456224,39,4.141422340943826
2025-11-15,Madhya Pradesh,Ujjain,456441,37,3.9024630902738355
2025-11-15,Madhya Pradesh,Ujjain,456443,35,3.663503839603844
2025-11-15,Madhya Pradesh,Vidisha,464228,54,5.933616720968759
2025-11-15,Maharashtra,Mumbai Suburban,400043,37,3.9024630902738355
2025-11-15,Maharashtra,Thane,401107,56,6.17257597163875
2025-11-15,Punjab,Ludhiana,141008,30,3.066105712928867
2025-11-15,Punjab,Patiala,147001,39,4.141422340943826
2025-11-15,Rajasthan,Ajmer,305001,33,3.4245445889338533
2025-11-15,Rajasthan,Alwar,301411,30,3.066105712928867
2025-11-15,Rajasthan,Banswara,327001,58,6.411535222308741
2025-11-15,Rajasthan,Churu,331507,30,3.066105712928867
2025-11-15,Rajasthan,Jalor,343041,67,7.4868518503237
2025-11-15,Gujarat,Surat,395010,54,5.933616720968759
2025-11-15,Haryana,Mewat,122107,51,5.575177844963772
2025-11-15,Haryana,Rohtak,124001,47,5.09725934362379
2025-11-15,Jammu and Kashmir,Reasi,182315,35,3.663503839603844
2025-11-15,Jharkhand,Bokaro,827013,43,4.619340842283808
2025-11-15,Jharkhand,Chatra,825103,82,9.279046230348632
2025-11-15,Jharkhand,Chatra,825401,47,5.09725934362379
2025-11-15,Jharkhand,Dhanbad,828109,67,7.4868518503237
2025-11-15,Jharkhand,Dhanbad,828201,32,3.305064963598858
2025-11-15,Jharkhand,Dhanbad,828205,45,4.858300092953799
2025-11-15,Jharkhand,East Singhbhum,832105,31,3.1855853382638624
2025-11-15,Jharkhand,Jamtara,815352,41,4.380381591613817
2025-11-15,Jharkhand,Ranchi,835202,80,9.040086979678641
2025-11-15,Jharkhand,Ranchi,835222,62,6.889453723648723
2025-11-15,Madhya Pradesh,Anuppur,484881,34,3.5440242142688487
2025-11-15,Madhya Pradesh,Ashok Nagar,473331,38,4.021942715608831
2025-11-15,Assam,Karimganj,788712,50,5.455698219628776
2025-11-15,Bihar,Araria,854311,62,6.889453723648723
2025-11-15,Bihar,Begusarai,851112,39,4.141422340943826
2025-11-15,Bihar,Darbhanga,847427,34,3.5440242142688487
2025-11-15,Bihar,Khagaria,848203,50,5.455698219628776
2025-11-15,Bihar,Madhubani,847408,39,4.141422340943826
2025-11-15,Bihar,Samastipur,848101,37,3.9024630902738355
2025-11-15,Bihar,Samastipur,848207,35,3.663503839603844
2025-11-15,Bihar,West Champaran,845455,34,3.5440242142688487
2025-11-15,Chhattisgarh,Kawardha,491559,43,4.619340842283808
2025-11-15,Chhattisgarh,Mahasamund,493445,32,3.305064963598858
2025-11-15,Chhattisgarh,Surajpur,497223,41,4.380381591613817
2025-11-15,Delhi,North East Delhi,110093,36,3.7829834649388396
2025-11-15,Delhi,North East Delhi,110094,72,8.084249976998677
2025-11-15,Delhi,South West Delhi,110045,32,3.305064963598858
2025-11-15,Gujarat,Banaskantha,385001,31,3.1855853382638624
2025-11-15,Telangana,Hyderabad,500053,59,6.531014847643736
2025-11-15,Uttar Pradesh,Agra,282001,86,9.756964731688614
2025-11-15,Uttar Pradesh,Agra,282010,31,3.1855853382638624
2025-11-15,Uttar Pradesh,Azamgarh,276001,39,4.141422340943826
2025-11-15,Uttar Pradesh,Azamgarh,276202,34,3.5440242142688487
2025-11-15,Uttar Pradesh,Banda,210001,50,5.455698219628776
2025-11-15,Uttar Pradesh,Bareilly,243503,75,8.442688853003665
2025-11-15,Uttar Pradesh,Bijnor,246761,48,5.2167389689587855
2025-11-15,Uttar Pradesh,Budaun,243601,68,7.6063314756586955
2025-11-15,Uttar Pradesh,Bulandshahr,203131,37,3.9024630902738355
2025-11-15,Uttar Pradesh,Faizabad,224001,31,3.1855853382638624
2025-11-15,Uttar Pradesh,Fatehpur,212601,70,7.845290726328686
2025-11-15,Uttar Pradesh,Firozabad,283204,34,3.5440242142688487
2025-11-15,Uttar Pradesh,Ghaziabad,201001,82,9.279046230348632
2025-11-15,Uttar Pradesh,Hamirpur,210507,30,3.066105712928867
2025-11-15,Uttar Pradesh,Hardoi,241124,32,3.305064963598858
2025-11-15,Uttar Pradesh,Hardoi,241303,34,3.5440242142688487
2025-11-15,Uttar Pradesh,Jalaun,285123,32,3.305064963598858
2025-11-15,Uttar Pradesh,Jhansi,284205,32,3.305064963598858
2025-11-15,Uttar Pradesh,Kanpur Nagar,208001,102,11.668638737048543
2025-11-15,Uttar Pradesh,Kaushambi,212206,46,4.977779718288795
2025-11-15,Uttar Pradesh,Kheri,262804,43,4.619340842283808
2025-11-15,Uttar Pradesh,Mainpuri,205001,64,7.128412974318714
2025-11-15,Uttar Pradesh,Mathura,281403,30,3.066105712928867
2025-11-15,Uttar Pradesh,Meerut,250002,147,17.045221877123335
2025-11-15,Uttar Pradesh,Moradabad,244001,148,17.164701502458332
2025-11-15,Uttar Pradesh,Rae Bareli,229001,40,4.260901966278822
2025-11-15,Uttar Pradesh,Rampur,244922,43,4.619340842283808
2025-11-15,Uttar Pradesh,Saharanpur,247121,32,3.305064963598858
2025-11-15,Uttar Pradesh,Shahjahanpur,242001,81,9.159566605013637
2025-11-15,Uttar Pradesh,Siddharthnagar,272153,58,6.411535222308741
2025-11-15,Uttar Pradesh,Sitapur,261201,44,4.738820467618804
2025-11-15,Uttar Pradesh,Sitapur,261303,44,4.738820467618804
2025-11-15,Uttar Pradesh,Unnao,209821,41,4.380381591613817
2025-11-15,Uttar Pradesh,Unnao,241504,39,4.141422340943826
2025-11-15,West Bengal,Murshidabad,742202,54,5.933616720968759
2025-11-15,West Bengal,Puruliya,723101,34,3.5440242142688487
2025-11-15,West Bengal,South 24 Parganas,743329,63,7.008933348983718
2025-11-15,West Bengal,South 24 Parganas,743355,54,5.933616720968759
2025-11-15,West Bengal,Uttar Dinajpur,733208,33,3.4245445889338533
2025-11-16,Jharkhand,Giridih,815312,40,4.260901966278822
2025-11-16,Madhya Pradesh,Jabalpur,482001,31,3.1855853382638624
2025-11-16,Madhya Pradesh,Jhabua,457661,33,3.4245445889338533
2025-11-16,Madhya Pradesh,Morena,476221,34,3.5440242142688487
2025-11-16,Gujarat,Banaskantha,385535,52,5.694657470298767
2025-11-16,Gujarat,Surat,395004,34,3.5440242142688487
2025-11-16,Gujarat,Surat,395006,30,3.066105712928867
2025-11-16,Uttar Pradesh,Hardoi,241001,31,3.1855853382638624
2025-11-16,Uttar Pradesh,Moradabad,244001,61,6.769974098313727
2025-11-16,West Bengal,Uttar Dinajpur,733207,32,3.305064963598858
2025-11-16,Uttar Pradesh,Chitrakoot,210205,36,3.7829834649388396
2025-11-16,Uttar Pradesh,Gautam Buddha Nagar,201301,31,3.1855853382638624
2025-11-16,Uttar Pradesh,Ghaziabad,201001,38,4.021942715608831
2025-11-16,Uttar Pradesh,Hapur,245101,37,3.9024630902738355
2025-11-16,Uttar Pradesh,Pilibhit,262122,37,3.9024630902738355
2025-11-16,Uttar Pradesh,Shamli,247776,30,3.066105712928867
2025-11-16,West Bengal,Uttar Dinajpur,733202,31,3.1855853382638624
2025-11-16,Chhattisgarh,Bastar,494001,38,4.021942715608831
2025-11-16,Delhi,North West Delhi,110042,31,3.1855853382638624
2025-11-16,Jharkhand,Deoghar,815353,42,4.499861216948813
2025-11-16,Jharkhand,Sahebganj,816108,36,3.7829834649388396
2025-11-16,Madhya Pradesh,Dewas,455001,49,5.336218594293781
2025-11-16,Madhya Pradesh,Gwalior,475110,32,3.305064963598858
2025-11-16,Madhya Pradesh,Ratlam,457001,79,8.920607354343646
2025-11-16,Madhya Pradesh,Tikamgarh,472118,30,3.066105712928867
2025-11-16,Maharashtra,Nashik,423203,35,3.663503839603844
2025-11-16,Rajasthan,Jodhpur,342001,39,4.141422340943826
2025-11-16,Delhi,North West Delhi,110086,39,4.141422340943826
2025-11-16,Delhi,South Delhi,110062,43,4.619340842283808
2025-11-16,Gujarat,Dahod,389180,34,3.5440242142688487
2025-11-16,Uttar Pradesh,Baghpat,250611,30,3.066105712928867
2025-11-16,Uttar Pradesh,Ghaziabad,201102,48,5.2167389689587855
2025-11-16,Uttar Pradesh,Meerut,250002,59,6.531014847643736
2025-11-16,Uttar Pradesh,Rampur,244901,48,5.2167389689587855
2025-11-16,Uttar Pradesh,Shahjahanpur,242001,33,3.4245445889338533
2025-11-16,Madhya Pradesh,Indore,452001,33,3.4245445889338533
2025-11-16,Madhya Pradesh,Morena,476001,35,3.663503839603844
2025-11-16,Madhya Pradesh,Morena,476224,37,3.9024630902738355
2025-11-16,Madhya Pradesh,Satna,485771,35,3.663503839603844
2025-11-16,Madhya Pradesh,Ujjain,456006,39,4.141422340943826
2025-11-16,Delhi,North West Delhi,110036,31,3.1855853382638624
2025-11-16,Delhi,South Delhi,110044,30,3.066105712928867
2025-11-16,Gujarat,Bhavnagar,364001,30,3.066105712928867
2025-11-16,Gujarat,Dahod,389151,31,3.1855853382638624
2025-11-16,Gujarat,Kachchh,370001,38,4.021942715608831
2025-11-16,Gujarat,Rajkot,360003,33,3.4245445889338533
2025-11-16,Gujarat,Surat,394210,41,4.380381591613817
2025-11-16,Haryana,Mewat,122508,31,3.1855853382638624
2025-11-16,Jharkhand,Palamu,822123,38,4.021942715608831
2025-11-16,Uttar Pradesh,Pilibhit,262001,36,3.7829834649388396
2025-11-16,Uttar Pradesh,Rae Bareli,229001,30,3.066105712928867
2025-11-16,Uttar Pradesh,Saharanpur,247001,57,6.2920555969737455
2025-11-16,Uttar Pradesh,Shamli,247774,35,3.663503839603844
2025-11-16,Delhi,North East Delhi,110094,34,3.5440242142688487
2025-11-16,Gujarat,Surat,395010,38,4.021942715608831
2025-11-16,Gujarat,Vadodara,390019,32,3.305064963598858
2025-11-16,Haryana,Faridabad,121004,37,3.9024630902738355
2025-11-16,Jharkhand,Chatra,825103,40,4.260901966278822
2025-11-16,Madhya Pradesh,Chhatarpur,471525,33,3.4245445889338533
2025-11-16,Madhya Pradesh,Chhindwara,480001,34,3.5440242142688487
2025-11-16,Madhya Pradesh,Dhar,454446,39,4.141422340943826
2025-11-16,Madhya Pradesh,Katni,483501,36,3.7829834649388396
2025-11-16,Maharashtra,Aurangabad,431001,42,4.499861216948813
2025-11-16,Rajasthan,Jalor,343041,48,5.2167389689587855
2025-11-16,Uttar Pradesh,Kanpur Nagar,208001,38,4.021942715608831
2025-11-16,Uttar Pradesh,Lalitpur,284403,30,3.066105712928867
2025-11-16,Uttar Pradesh,Meerut,250001,33,3.4245445889338533
2025-11-16,Uttar Pradesh,Muzaffarnagar,251001,32,3.305064963598858
2025-11-17,Madhya Pradesh,Sagar,470001,34,3.5440242142688487
2025-11-17,Punjab,Amritsar,143001,30,3.066105712928867
2025-11-17,Meghalaya,West Garo Hills,794005,32,3.305064963598858
2025-11-17,Uttar Pradesh,Meerut,250002,48,5.2167389689587855
2025-11-17,Uttar Pradesh,Aligarh,202001,31,3.1855853382638624
2025-11-17,Uttar Pradesh,Moradabad,244001,56,6.17257597163875
2025-11-17,Chhattisgarh,Bijapur,494444,42,4.499861216948813
2025-11-17,Jharkhand,Sahebganj,816108,35,3.663503839603844
2025-11-17,Madhya Pradesh,Sagar,470002,30,3.066105712928867
2025-11-18,Bihar,Katihar,854317,31,3.1855853382638624
2025-11-18,Bihar,Katihar,855113,39,4.141422340943826
2025-11-18,Bihar,Sitamarhi,843302,38,4.021942715608831
2025-11-18,Delhi,North East Delhi,110094,46,4.977779718288795
2025-11-18,Delhi,South Delhi,110044,46,4.977779718288795
2025-11-18,Delhi,South Delhi,110062,44,4.738820467618804
2025-11-18,Gujarat,Panchmahals,389001,34,3.5440242142688487
2025-11-18,Gujarat,Surat,394210,57,6.2920555969737455
2025-11-18,Haryana,Mewat,122508,34,3.5440242142688487
2025-11-18,Madhya Pradesh,Ashok Nagar,473446,31,3.1855853382638624
2025-11-18,Madhya Pradesh,Indore,452002,31,3.1855853382638624
2025-11-18,Madhya Pradesh,Jabalpur,482001,33,3.4245445889338533
2025-11-18,Madhya Pradesh,Jhabua,457661,30,3.066105712928867
2025-11-18,Maharashtra,Aurangabad,431001,84,9.518005481018623
2025-11-18,Maharashtra,Thane,421301,39,4.141422340943826
2025-11-18,Punjab,Amritsar,143001,39,4.141422340943826
2025-11-18,Rajasthan,Ajmer,305001,35,3.663503839603844
2025-11-18,Rajasthan,Jalor,343040,32,3.305064963598858
2025-11-18,Rajasthan,Jodhpur,342001,31,3.1855853382638624
2025-11-18,Uttar Pradesh,Bahraich,271801,33,3.4245445889338533
2025-11-18,Uttar Pradesh,Chandauli,232101,32,3.305064963598858
2025-11-18,Uttar Pradesh,Kanpur Nagar,208001,58,6.411535222308741
2025-11-18,Uttar Pradesh,Kushinagar,274304,37,3.9024630902738355
2025-11-18,Uttar Pradesh,Kushinagar,274401,30,3.066105712928867
2025-11-18,Uttar Pradesh,Meerut,250002,96,10.951760985038568
2025-11-18,Uttar Pradesh,Rampur,244924,34,3.5440242142688487
2025-11-18,Uttar Pradesh,Saharanpur,247001,79,8.920607354343646
2025-11-18,Uttar Pradesh,Saharanpur,247554,32,3.305064963598858
2025-11-18,Uttar Pradesh,Shahjahanpur,242001,41,4.380381591613817
2025-11-18,Uttar Pradesh,Shamli,247774,56,6.17257597163875
2025-11-18,Uttar Pradesh,Sitapur,261001,36,3.7829834649388396
2025-11-18,Uttar Pradesh,Unnao,209801,72,8.084249976998677
2025-11-18,Uttar Pradesh,Varanasi,221001,30,3.066105712928867
2025-11-18,West Bengal,Malda,732201,33,3.4245445889338533
2025-11-18,Assam,Darrang,784115,31,3.1855853382638624
2025-11-18,West Bengal,Uttar Dinajpur,733202,41,4.380381591613817
2025-11-18,Bihar,Aurangabad,824301,30,3.066105712928867
2025-11-18,Telangana,Hyderabad,500053,34,3.5440242142688487
2025-11-18,Uttar Pradesh,Agra,282001,37,3.9024630902738355
2025-11-18,Uttar Pradesh,Gautam Buddha Nagar,203207,39,4.141422340943826
2025-11-18,Uttar Pradesh,Ghaziabad,201102,60,6.650494472978732
2025-11-18,Uttar Pradesh,Meerut,250001,33,3.4245445889338533
2025-11-18,Madhya Pradesh,Betul,460330,36,3.7829834649388396
2025-11-18,Madhya Pradesh,Shivpuri,473775,35,3.663503839603844
2025-11-18,Maharashtra,Thane,401107,43,4.619340842283808
2025-11-18,Meghalaya,Ri Bhoi,793102,40,4.260901966278822
2025-11-18,Rajasthan,Jaipur,302012,36,3.7829834649388396
2025-11-18,Bihar,Purnia,854204,31,3.1855853382638624
2025-11-18,Chhattisgarh,Bastar,494001,38,4.021942715608831
2025-11-18,Delhi,North Delhi,110084,38,4.021942715608831
2025-11-18,Gujarat,Kheda,388250,32,3.305064963598858
2025-11-18,Gujarat,Surat,395010,47,5.09725934362379
2025-11-18,Haryana,Faridabad,121004,38,4.021942715608831
2025-11-18,Jharkhand,Palamu,822113,88,9.995923982358605
2025-11-18,West Bengal,South 24 Parganas,743349,30,3.066105712928867
2025-11-18,West Bengal,South 24 Parganas,743376,34,3.5440242142688487
2025-11-18,Bihar,Bhagalpur,812005,34,3.5440242142688487
2025-11-18,Madhya Pradesh,Burhanpur,450331,36,3.7829834649388396
2025-11-18,Madhya Pradesh,Dewas,455332,32,3.305064963598858
2025-11-18,Madhya Pradesh,Katni,483501,33,3.4245445889338533
2025-11-18,Madhya Pradesh,Morena,476001,40,4.260901966278822
2025-11-18,Madhya Pradesh,Morena,476224,35,3.663503839603844
2025-11-18,Madhya Pradesh,Neemuch,458441,34,3.5440242142688487
2025-11-18,Madhya Pradesh,Ratlam,457001,73,8.203729602333674
2025-11-18,Meghalaya,West Jaintia Hills,793151,30,3.066105712928867
2025-11-18,Bihar,West Champaran,845438,32,3.305064963598858
2025-11-18,Delhi,East Delhi,110092,35,3.663503839603844
2025-11-18,Gujarat,Banaskantha,385535,45,4.858300092953799
2025-11-18,Gujarat,Surat,395004,40,4.260901966278822
2025-11-18,Haryana,Gurgaon,122001,36,3.7829834649388396
2025-11-18,Rajasthan,Jalor,343041,47,5.09725934362379
2025-11-18,Rajasthan,Jodhpur,342012,39,4.141422340943826
2025-11-18,Uttar Pradesh,Amroha,244221,48,5.2167389689587855
2025-11-18,Uttar Pradesh,Hardoi,241001,38,4.021942715608831
2025-11-18,Uttar Pradesh,Moradabad,244001,115,13.221873866403483
2025-11-18,Uttar Pradesh,Rampur,244901,64,7.128412974318714
2025-11-18,Uttarakhand,Nainital,263139,30,3.066105712928867
2025-11-18,Madhya Pradesh,Dhar,454446,57,6.2920555969737455
2025-11-18,Madhya Pradesh,Gwalior,474001,43,4.619340842283808
2025-11-18,Madhya Pradesh,Morena,476229,31,3.1855853382638624
2025-11-18,Madhya Pradesh,Shivpuri,473880,31,3.1855853382638624
2025-11-18,Maharashtra,Nashik,423203,86,9.756964731688614
2025-11-18,Maharashtra,Pune,411033,32,3.305064963598858
2025-11-18,Maharashtra,Thane,400612,47,5.09725934362379
2025-11-18,Rajasthan,Bikaner,334001,30,3.066105712928867
2025-11-18,Rajasthan,Jalor,343032,39,4.141422340943826
2025-11-18,Uttar Pradesh,Pilibhit,262001,48,5.2167389689587855
2025-11-18,Uttar Pradesh,Unnao,209861,33,3.4245445889338533
2025-11-18,Uttarakhand,Dehradun,248001,35,3.663503839603844
2025-11-18,Bihar,Kishanganj,855101,36,3.7829834649388396
2025-11-18,Chhattisgarh,Dakshin Bastar Dantewada,494441,35,3.663503839603844
2025-11-18,Delhi,North West Delhi,110042,45,4.858300092953799
2025-11-18,Gujarat,Dahod,389180,39,4.141422340943826
2025-11-18,Gujarat,Kachchh,370001,35,3.663503839603844
2025-11-18,Gujarat,Patan,384265,35,3.663503839603844
2025-11-18,Gujarat,Vadodara,390019,33,3.4245445889338533
2025-11-18,Haryana,Panipat,132103,42,4.499861216948813
2025-11-18,Jharkhand,Palamu,822122,41,4.380381591613817
2025-11-18,West Bengal,South 24 Parganas,743329,45,4.858300092953799
2025-11-18,Madhya Pradesh,Dewas,455001,46,4.977779718288795
2025-11-18,Madhya Pradesh,Indore,452001,35,3.663503839603844
2025-11-18,Madhya Pradesh,Indore,452010,32,3.305064963598858
2025-11-18,Maharashtra,Thane,421302,65,7.247892599653709
2025-11-18,Maharashtra,Thane,421306,39,4.141422340943826
2025-11-18,Bihar,Araria,854311,35,3.663503839603844
2025-11-18,Bihar,Samastipur,848114,35,3.663503839603844
2025-11-18,Bihar,West Champaran,845449,33,3.4245445889338533
2025-11-18,Delhi,North West Delhi,110086,48,5.2167389689587855
2025-11-18,Delhi,West Delhi,110041,32,3.305064963598858
2025-11-18,Delhi,West Delhi,110059,66,7.367372224988705
2025-11-18,Gujarat,Bhavnagar,364001,37,3.9024630902738355
2025-11-18,Gujarat,Dahod,389151,30,3.066105712928867
2025-11-18,Gujarat,Surat,395006,37,3.9024630902738355
2025-11-18,Jharkhand,Deoghar,815353,35,3.663503839603844
2025-11-18,Jharkhand,Sahebganj,816108,40,4.260901966278822
2025-11-18,Uttar Pradesh,Agra,282006,35,3.663503839603844
2025-11-18,Uttar Pradesh,Aligarh,202001,43,4.619340842283808
2025-11-18,Uttar Pradesh,Balrampur,271604,34,3.5440242142688487
2025-11-18,Uttar Pradesh,Bareilly,243001,30,3.066105712928867
2025-11-18,Uttar Pradesh,Bulandshahr,203001,36,3.7829834649388396
2025-11-18,Uttar Pradesh,Etah,207001,31,3.1855853382638624
2025-11-18,Uttar Pradesh,Gautam Buddha Nagar,201301,41,4.380381591613817
2025-11-18,Uttar Pradesh,Ghaziabad,201001,47,5.09725934362379
2025-11-18,Uttar Pradesh,Hapur,245101,40,4.260901966278822
2025-11-18,Uttar Pradesh,Lalitpur,284403,30,3.066105712928867
2025-11-18,Uttar Pradesh,Lucknow,226003,43,4.619340842283808
2025-11-18,Uttar Pradesh,Mirzapur,231001,35,3.663503839603844
2025-11-18,Uttar Pradesh,Shamli,247775,42,4.499861216948813
2025-11-18,Uttar Pradesh,Shamli,247776,44,4.738820467618804
2025-11-18,Uttar Pradesh,Sitapur,261135,30,3.066105712928867
2025-11-18,West Bengal,Uttar Dinajpur,733207,30,3.066105712928867
2025-11-19,Chhattisgarh,Mungeli,495115,30,3.066105712928867
2025-11-19,Chhattisgarh,Surguja,497001,30,3.066105712928867
2025-11-19,Delhi,North Delhi,110084,49,5.336218594293781
2025-11-19,Delhi,North West Delhi,110042,41,4.380381591613817
2025-11-19,Delhi,North West Delhi,110086,88,9.995923982358605
2025-11-19,Delhi,South West Delhi,110043,35,3.663503839603844
2025-11-19,Gujarat,Banaskantha,385535,48,5.2167389689587855
2025-11-19,Gujarat,Dahod,389170,32,3.305064963598858
2025-11-19,Gujarat,Patan,384265,31,3.1855853382638624
2025-11-19,Haryana,Palwal,121105,30,3.066105712928867
2025-11-19,Haryana,Sirsa,125055,33,3.4245445889338533
2025-11-19,Uttar Pradesh,Aligarh,202001,70,7.845290726328686
2025-11-19,Uttar Pradesh,Amroha,244221,57,6.2920555969737455
2025-11-19,Uttar Pradesh,Amroha,244235,41,4.380381591613817
2025-11-19,Uttar Pradesh,Azamgarh,276001,35,3.663503839603844
2025-11-19,Uttar Pradesh,Balrampur,271208,41,4.380381591613817
2025-11-19,Uttar Pradesh,Balrampur,271604,50,5.455698219628776
2025-11-19,Uttar Pradesh,Banda,210001,45,4.858300092953799
2025-11-19,Uttar Pradesh,Bareilly,243505,95,10.832281359703574
2025-11-19,Uttar Pradesh,Bareilly,262406,56,6.17257597163875
2025-11-19,Uttar Pradesh,Bijnor,246762,38,4.021942715608831
2025-11-19,Uttar Pradesh,Bijnor,246763,38,4.021942715608831
2025-11-19,Uttar Pradesh,Bulandshahr,202394,30,3.066105712928867
2025-11-19,Uttar Pradesh,Chitrakoot,210205,70,7.845290726328686
2025-11-19,Uttar Pradesh,Deoria,274001,32,3.305064963598858
2025-11-19,Uttar Pradesh,Ghaziabad,201001,73,8.203729602333674
2025-11-19,Uttar Pradesh,Ghaziabad,201102,60,6.650494472978732
2025-11-19,Uttar Pradesh,Hapur,245205,48,5.2167389689587855
2025-11-19,Uttar Pradesh,Hardoi,241001,66,7.367372224988705
2025-11-19,Uttar Pradesh,Hardoi,241301,38,4.021942715608831
2025-11-19,Uttar Pradesh,Hardoi,241402,38,4.021942715608831
2025-11-19,Uttar Pradesh,Jhansi,284002,30,3.066105712928867
2025-11-19,Uttar Pradesh,Kasganj,207243,41,4.380381591613817
2025-11-19,Uttar Pradesh,Kaushambi,212201,39,4.141422340943826
2025-11-19,Uttar Pradesh,Kheri,261505,43,4.619340842283808
2025-11-19,Uttar Pradesh,Lalitpur,284126,35,3.663503839603844
2025-11-19,Uttar Pradesh,Lalitpur,284404,33,3.4245445889338533
2025-11-19,Uttar Pradesh,Lucknow,226003,58,6.411535222308741
2025-11-19,Uttar Pradesh,Maharajganj,273303,58,6.411535222308741
2025-11-19,Uttar Pradesh,Mainpuri,205001,50,5.455698219628776
2025-11-19,Uttar Pradesh,Mirzapur,231001,89,10.115403607693601
2025-11-19,Uttar Pradesh,Pilibhit,262201,58,6.411535222308741
2025-11-19,Uttar Pradesh,Rampur,244922,31,3.1855853382638624
2025-11-19,Uttar Pradesh,Rampur,244924,48,5.2167389689587855
2025-11-19,Uttar Pradesh,Shamli,247774,78,8.80112772900865
2025-11-19,Uttar Pradesh,Siddharthnagar,272202,35,3.663503839603844
2025-11-19,Uttar Pradesh,Siddharthnagar,272206,44,4.738820467618804
2025-11-19,Uttar Pradesh,Sitapur,261205,50,5.455698219628776
2025-11-19,Uttar Pradesh,Unnao,209801,127,14.655629370423428
2025-11-19,Uttar Pradesh,Unnao,241501,68,7.6063314756586955
2025-11-19,Madhya Pradesh,Ashok Nagar,473331,40,4.260901966278822
2025-11-19,Madhya Pradesh,Damoh,470661,36,3.7829834649388396
2025-11-19,Madhya Pradesh,Dewas,455332,37,3.9024630902738355
2025-11-19,Madhya Pradesh,Dhar,454446,32,3.305064963598858
2025-11-19,Madhya Pradesh,Guna,473105,34,3.5440242142688487
2025-11-19,Madhya Pradesh,Gwalior,474006,42,4.499861216948813
2025-11-19,Madhya Pradesh,Gwalior,475220,33,3.4245445889338533
2025-11-19,Madhya Pradesh,Indore,452002,40,4.260901966278822
2025-11-19,Madhya Pradesh,Indore,452010,34,3.5440242142688487
2025-11-19,Madhya Pradesh,Jabalpur,482002,36,3.7829834649388396
2025-11-19,Madhya Pradesh,Morena,476001,94,10.712801734368577
2025-11-19,Madhya Pradesh,Morena,476111,32,3.305064963598858
2025-11-19,Madhya Pradesh,Sagar,470117,31,3.1855853382638624
2025-11-19,Madhya Pradesh,Satna,485771,30,3.066105712928867
2025-11-19,Madhya Pradesh,Shivpuri,473551,74,8.323209227668668
2025-11-19,Madhya Pradesh,Sidhi,486661,74,8.323209227668668
2025-11-19,Madhya Pradesh,Sidhi,486771,30,3.066105712928867
2025-11-19,Madhya Pradesh,Singrauli,486886,80,9.040086979678641
2025-11-19,Madhya Pradesh,Singrauli,486892,30,3.066105712928867
2025-11-19,Madhya Pradesh,Umaria,484661,47,5.09725934362379
2025-11-19,Madhya Pradesh,Vidisha,464228,35,3.663503839603844
2025-11-19,Rajasthan,Bharatpur,321001,66,7.367372224988705
2025-11-19,Rajasthan,Bhilwara,311001,35,3.663503839603844
2025-11-19,Bihar,Nalanda,803101,37,3.9024630902738355
2025-11-19,Bihar,Purnia,854304,30,3.066105712928867
2025-11-19,Bihar,Saharsa,852106,33,3.4245445889338533
2025-11-19,Bihar,Samastipur,848130,33,3.4245445889338533
2025-11-19,Bihar,Sitamarhi,843302,64,7.128412974318714
2025-11-19,Bihar,Sitamarhi,843320,44,4.738820467618804
2025-11-19,Bihar,West Champaran,845438,62,6.889453723648723
2025-11-19,Bihar,West Champaran,845449,41,4.380381591613817
2025-11-19,Chhattisgarh,Dakshin Bastar Dantewada,494441,72,8.084249976998677
2025-11-19,Jharkhand,Bokaro,827013,31,3.1855853382638624
2025-11-19,Jharkhand,Chatra,825408,30,3.066105712928867
2025-11-19,Jharkhand,Dhanbad,828109,47,5.09725934362379
2025-11-19,Jharkhand,Garhwa,822112,33,3.4245445889338533
2025-11-19,Jharkhand,Jamtara,815351,42,4.499861216948813
2025-11-19,Jharkhand,Palamu,822113,91,10.354362858363592
2025-11-19,Jharkhand,West Singhbhum,833214,38,4.021942715608831
2025-11-19,Karnataka,Kodagu,571201,43,4.619340842283808
2025-11-19,Assam,Darrang,784115,36,3.7829834649388396
2025-11-19,Assam,Hojai,782439,47,5.09725934362379
2025-11-19,Assam,Sonitpur,784171,119,13.699792367743465
2025-11-19,Bihar,Araria,854312,33,3.4245445889338533
2025-11-19,Bihar,Aurangabad,824125,30,3.066105712928867
2025-11-19,Bihar,Banka,813101,38,4.021942715608831
2025-11-19,Bihar,Begusarai,851211,51,5.575177844963772
2025-11-19,Bihar,Bhagalpur,813210,30,3.066105712928867
2025-11-19,Bihar,Bhagalpur,813213,35,3.663503839603844
2025-11-19,Bihar,Darbhanga,847203,51,5.575177844963772
2025-11-19,Bihar,Kishanganj,855107,45,4.858300092953799
2025-11-19,Bihar,Lakhisarai,811311,72,8.084249976998677
2025-11-19,Bihar,Madhepura,852101,31,3.1855853382638624
2025-11-19,Bihar,Madhubani,847226,35,3.663503839603844
2025-11-19,West Bengal,Malda,732125,37,3.9024630902738355
2025-11-19,West Bengal,Murshidabad,742148,47,5.09725934362379
2025-11-19,West Bengal,Murshidabad,742202,54,5.933616720968759
2025-11-19,West Bengal,North 24 Parganas,743290,85,9.637485106353619
2025-11-19,West Bengal,South 24 Parganas,743329,33,3.4245445889338533
2025-11-19,Bihar,Purnia,854204,36,3.7829834649388396
2025-11-19,Bihar,Purnia,854315,78,8.80112772900865
2025-11-19,Bihar,Rohtas,821113,36,3.7829834649388396
2025-11-19,Bihar,Sheikhpura,811105,33,3.4245445889338533
2025-11-19,Bihar,Sitamarhi,843314,49,5.336218594293781
2025-11-19,Bihar,Vaishali,844122,35,3.663503839603844
2025-11-19,Bihar,West Champaran,845455,39,4.141422340943826
2025-11-19,Chhattisgarh,Bastar,494442,42,4.499861216948813
2025-11-19,Chhattisgarh,Bilaspur,495551,33,3.4245445889338533
2025-11-19,Chhattisgarh,Dantewada,494552,44,4.738820467618804
2025-11-19,Chhattisgarh,Narayanpur,494661,32,3.305064963598858
2025-11-19,Delhi,South West Delhi,110045,33,3.4245445889338533
2025-11-19,Delhi,West Delhi,110041,41,4.380381591613817
2025-11-19,Gujarat,Surat,395006,45,4.858300092953799
2025-11-19,Haryana,Ambala,134003,36,3.7829834649388396
2025-11-19,Haryana,Jind,126102,35,3.663503839603844
2025-11-19,Haryana,Mewat,122108,35,3.663503839603844
2025-11-19,Haryana,Panipat,132103,86,9.756964731688614
2025-11-19,Haryana,Rewari,123401,30,3.066105712928867
2025-11-19,Haryana,Rohtak,124001,42,4.499861216948813
2025-11-19,Jammu and Kashmir,Udhampur,182122,32,3.305064963598858
2025-11-19,Jharkhand,Chatra,825103,43,4.619340842283808
2025-11-19,Jharkhand,Giridih,815312,52,5.694657470298767
2025-11-19,Jharkhand,Giridih,825322,35,3.663503839603844
2025-11-19,Jharkhand,Giridih,825412,48,5.2167389689587855
2025-11-19,Jharkhand,Jamtara,815352,58,6.411535222308741
2025-11-19,Jharkhand,Palamu,822122,74,8.323209227668668
2025-11-19,Jharkhand,Sahebganj,816108,87,9.87644435702361
2025-11-19,Madhya Pradesh,Barwani,451666,56,6.17257597163875
2025-11-19,Madhya Pradesh,Damoh,470880,34,3.5440242142688487
2025-11-19,Madhya Pradesh,Datia,475661,32,3.305064963598858
2025-11-19,Madhya Pradesh,Dhar,454001,45,4.858300092953799
2025-11-19,Madhya Pradesh,Gwalior,474001,48,5.2167389689587855
2025-11-19,Madhya Pradesh,Harda,461331,38,4.021942715608831
2025-11-19,Madhya Pradesh,Jhabua,457661,63,7.008933348983718
2025-11-19,Madhya Pradesh,Mandsaur,458880,43,4.619340842283808
2025-11-19,Madhya Pradesh,Mandsaur,458883,38,4.021942715608831
2025-11-19,Madhya Pradesh,Narsinghpur,487118,40,4.260901966278822
2025-11-19,Madhya Pradesh,Ratlam,457114,46,4.977779718288795
2025-11-19,Madhya Pradesh,Sagar,470001,31,3.1855853382638624
2025-11-19,Maharashtra,Nanded,431604,31,3.1855853382638624
2025-11-19,Maharashtra,Nashik,423203,129,14.894588621093419
2025-11-19,Maharashtra,Thane,401107,39,4.141422340943826
2025-11-19,Maharashtra,Thane,421301,46,4.977779718288795
2025-11-19,Meghalaya,East Khasi Hills,793015,32,3.305064963598858
2025-11-19,Rajasthan,Ajmer,305001,44,4.738820467618804
2025-11-19,Rajasthan,Alwar,301001,60,6.650494472978732
2025-11-19,Rajasthan,Alwar,301402,31,3.1855853382638624
2025-11-19,Rajasthan,Bharatpur,321022,58,6.411535222308741
2025-11-19,Rajasthan,Bharatpur,321204,63,7.008933348983718
2025-11-19,Rajasthan,Bharatpur,321205,55,6.053096346303755
2025-11-19,Rajasthan,Hanumangarh,335524,30,3.066105712928867
2025-11-19,Rajasthan,Jalor,343041,116,13.341353491738479
2025-11-19,Rajasthan,Karauli,322234,31,3.1855853382638624
2025-11-19,Rajasthan,Sirohi,307022,32,3.305064963598858
2025-11-19,Telangana,Hyderabad,500005,36,3.7829834649388396
2025-11-19,Uttar Pradesh,Agra,282006,52,5.694657470298767
2025-11-19,Uttar Pradesh,Balrampur,271207,46,4.977779718288795
2025-11-19,Uttar Pradesh,Basti,272002,51,5.575177844963772
2025-11-19,Uttar Pradesh,Bijnor,246731,30,3.066105712928867
2025-11-19,Uttar Pradesh,Budaun,243601,89,10.115403607693601
2025-11-19,Uttar Pradesh,Budaun,243639,35,3.663503839603844
2025-11-19,Uttar Pradesh,Bulandshahr,203001,73,8.203729602333674
2025-11-19,Uttar Pradesh,Bulandshahr,203131,60,6.650494472978732
2025-11-19,Uttar Pradesh,Bulandshahr,203205,32,3.305064963598858
2025-11-19,Uttar Pradesh,Chandauli,232101,53,5.814137095633764
2025-11-19,Uttar Pradesh,Chandauli,232103,36,3.7829834649388396
2025-11-19,Uttar Pradesh,Chandauli,232104,39,4.141422340943826
2025-11-19,Uttar Pradesh,Etah,207001,50,5.455698219628776
2025-11-19,Uttar Pradesh,Fatehpur,212601,65,7.247892599653709
2025-11-19,Uttar Pradesh,Fatehpur,212655,37,3.9024630902738355
2025-11-19,Uttar Pradesh,Gonda,271312,33,3.4245445889338533
2025-11-19,Uttar Pradesh,Hardoi,241124,36,3.7829834649388396
2025-11-19,Uttar Pradesh,Jalaun,285001,30,3.066105712928867
2025-11-19,Uttar Pradesh,Kasganj,207242,31,3.1855853382638624
2025-11-19,Uttar Pradesh,Lalitpur,284403,72,8.084249976998677
2025-11-19,Uttar Pradesh,Lucknow,226002,37,3.9024630902738355
2025-11-19,Uttar Pradesh,Maharajganj,273162,32,3.305064963598858
2025-11-19,Uttar Pradesh,Maharajganj,273164,36,3.7829834649388396
2025-11-19,Uttar Pradesh,Mathura,281001,38,4.021942715608831
2025-11-19,Uttar Pradesh,Mau,275301,30,3.066105712928867
2025-11-19,Uttar Pradesh,Meerut,250401,64,7.128412974318714
2025-11-19,Uttar Pradesh,Moradabad,202411,39,4.141422340943826
2025-11-19,Uttar Pradesh,Moradabad,244501,33,3.4245445889338533
2025-11-19,Uttar Pradesh,Sambhal,202421,30,3.066105712928867
2025-11-19,Uttar Pradesh,Sambhal,202522,40,4.260901966278822
2025-11-19,Uttar Pradesh,Sambhal,244302,67,7.4868518503237
2025-11-19,Uttar Pradesh,Shahjahanpur,242221,36,3.7829834649388396
2025-11-19,Uttar Pradesh,Shahjahanpur,242307,32,3.305064963598858
2025-11-19,Uttar Pradesh,Siddharthnagar,272189,30,3.066105712928867
2025-11-19,Uttar Pradesh,Sitapur,261001,70,7.845290726328686
2025-11-19,Uttar Pradesh,Sitapur,261135,70,7.845290726328686
2025-11-19,Uttar Pradesh,Sitapur,261201,107,12.266036863723519
2025-11-19,Uttar Pradesh,Sitapur,261302,55,6.053096346303755
2025-11-19,Assam,Dhemaji,787057,32,3.305064963598858
2025-11-19,Assam,Goalpara,783101,49,5.336218594293781
2025-11-19,Assam,Goalpara,783129,33,3.4245445889338533
2025-11-19,Assam,Kamrup,781136,30,3.066105712928867
2025-11-19,Assam,Nagaon,782124,44,4.738820467618804
2025-11-19,Bihar,Begusarai,851111,32,3.305064963598858
2025-11-19,Bihar,East Champaran,845433,36,3.7829834649388396
2025-11-19,Bihar,Gaya,824201,33,3.4245445889338533
2025-11-19,Bihar,Kaimur (Bhabua),821109,49,5.336218594293781
2025-11-19,Bihar,Katihar,855102,31,3.1855853382638624
2025-11-19,Bihar,Khagaria,851204,31,3.1855853382638624
2025-11-19,Bihar,Kishanganj,855117,36,3.7829834649388396
2025-11-19,Bihar,Madhubani,847408,36,3.7829834649388396
2025-11-19,West Bengal,Murshidabad,742213,38,4.021942715608831
2025-11-19,West Bengal,Uttar Dinajpur,733201,47,5.09725934362379
2025-11-19,Assam,Marigaon,782127,35,3.663503839603844
2025-11-19,Bihar,Begusarai,851112,35,3.663503839603844
2025-11-19,Bihar,Begusarai,851217,36,3.7829834649388396
2025-11-19,Bihar,Bhagalpur,853204,34,3.5440242142688487
2025-11-19,Bihar,Darbhanga,848213,32,3.305064963598858
2025-11-19,Bihar,Gaya,823001,37,3.9024630902738355
2025-11-19,Bihar,Kaimur (Bhabua),821108,32,3.305064963598858
2025-11-19,Bihar,Kishanganj,855108,36,3.7829834649388396
2025-11-19,Bihar,Muzaffarpur,843103,34,3.5440242142688487
2025-11-19,Bihar,Patna,803212,38,4.021942715608831
2025-11-19,Bihar,Samastipur,848117,32,3.305064963598858
2025-11-19,Bihar,Sheohar,843329,72,8.084249976998677
2025-11-19,Bihar,West Champaran,845454,42,4.499861216948813
2025-11-19,Chhattisgarh,Balrampur,497225,31,3.1855853382638624
2025-11-19,Chhattisgarh,Bastar,494010,30,3.066105712928867
2025-11-19,Chhattisgarh,Bijapur,494444,40,4.260901966278822
2025-11-19,Chhattisgarh,Bijapur,494447,31,3.1855853382638624
2025-11-19,Delhi,North Delhi,110006,34,3.5440242142688487
2025-11-19,Delhi,North East Delhi,110093,31,3.1855853382638624
2025-11-19,Delhi,North East Delhi,110094,62,6.889453723648723
2025-11-19,Delhi,North West Delhi,110085,35,3.663503839603844
2025-11-19,Delhi,South Delhi,110044,52,5.694657470298767
2025-11-19,Delhi,West Delhi,110018,30,3.066105712928867
2025-11-19,Gujarat,Surat,394210,38,4.021942715608831
2025-11-19,Haryana,Faridabad,121001,41,4.380381591613817
2025-11-19,Haryana,Faridabad,121004,98,11.19072023570856
2025-11-19,Haryana,Gurgaon,122001,50,5.455698219628776
2025-11-19,Haryana,Palwal,121103,54,5.933616720968759
2025-11-19,Haryana,Palwal,121106,38,4.021942715608831
2025-11-19,Haryana,Yamuna Nagar,135001,41,4.380381591613817
2025-11-19,Jharkhand,Garhwa,822114,97,11.071240610373565
2025-11-19,Jharkhand,Lohardaga,835302,46,4.977779718288795
2025-11-19,Jharkhand,Pakur,816104,36,3.7829834649388396
2025-11-19,Jharkhand,Palamu,822116,57,6.2920555969737455
2025-11-19,Jharkhand,Palamu,822118,85,9.637485106353619
2025-11-19,Jharkhand,Palamu,822124,46,4.977779718288795
2025-11-19,Karnataka,Raichur,584122,34,3.5440242142688487
2025-11-19,Madhya Pradesh,Ashok Nagar,473446,31,3.1855853382638624
2025-11-19,Madhya Pradesh,Betul,460001,31,3.1855853382638624
2025-11-19,Madhya Pradesh,Betul,460330,36,3.7829834649388396
2025-11-19,Madhya Pradesh,Bhind,477001,60,6.650494472978732
2025-11-19,Madhya Pradesh,Burhanpur,450331,41,4.380381591613817
2025-11-19,Madhya Pradesh,Chhatarpur,471515,61,6.769974098313727
2025-11-19,Madhya Pradesh,Datia,475675,37,3.9024630902738355
2025-11-19,Madhya Pradesh,Guna,473001,65,7.247892599653709
2025-11-19,Madhya Pradesh,Indore,453001,55,6.053096346303755
2025-11-19,Madhya Pradesh,Jabalpur,482001,70,7.845290726328686
2025-11-19,Madhya Pradesh,Mandla,481662,35,3.663503839603844
2025-11-19,Madhya Pradesh,Morena,476221,55,6.053096346303755
2025-11-19,Madhya Pradesh,Morena,476229,30,3.066105712928867
2025-11-19,Madhya Pradesh,Panna,488220,32,3.305064963598858
2025-11-19,Madhya Pradesh,Raisen,464551,34,3.5440242142688487
2025-11-19,Madhya Pradesh,Ratlam,457001,89,10.115403607693601
2025-11-19,Madhya Pradesh,Satna,485001,40,4.260901966278822
2025-11-19,Madhya Pradesh,Seoni,480661,46,4.977779718288795
2025-11-19,Madhya Pradesh,Sheopur,476337,35,3.663503839603844
2025-11-19,Madhya Pradesh,Singrauli,486882,55,6.053096346303755
2025-11-19,Madhya Pradesh,Tikamgarh,472001,34,3.5440242142688487
2025-11-19,Madhya Pradesh,Ujjain,456224,30,3.066105712928867
2025-11-19,Madhya Pradesh,Ujjain,456441,51,5.575177844963772
2025-11-19,Madhya Pradesh,Ujjain,456443,31,3.1855853382638624
2025-11-19,Madhya Pradesh,Ujjain,456550,30,3.066105712928867
2025-11-19,Maharashtra,Jalgaon,425001,41,4.380381591613817
2025-11-19,Maharashtra,Thane,421306,32,3.305064963598858
2025-11-19,Punjab,Ludhiana,141007,31,3.1855853382638624
2025-11-19,Rajasthan,Alwar,301707,31,3.1855853382638624
2025-11-19,Rajasthan,Barmer,344001,30,3.066105712928867
2025-11-19,Rajasthan,Barmer,344704,30,3.066105712928867
2025-11-19,Rajasthan,Bharatpur,321404,35,3.663503839603844
2025-11-19,Rajasthan,Bikaner,334001,43,4.619340842283808
2025-11-19,Rajasthan,Jaipur,302002,30,3.066105712928867
2025-11-19,Rajasthan,Jalor,343029,50,5.455698219628776
2025-11-19,Rajasthan,Jalor,343032,55,6.053096346303755
2025-11-19,Rajasthan,Jalor,343040,56,6.17257597163875
2025-11-19,Rajasthan,Jodhpur,342001,55,6.053096346303755
2025-11-19,Rajasthan,Sikar,332001,39,4.141422340943826
2025-11-19,Rajasthan,Sirohi,307026,44,4.738820467618804
2025-11-19,Rajasthan,Jaisalmer,345001,32,3.305064963598858
2025-11-19,Rajasthan,Tonk,304001,41,4.380381591613817
2025-11-19,Rajasthan,Udaipur,313702,35,3.663503839603844
2025-11-19,Telangana,Hyderabad,500008,38,4.021942715608831
2025-11-19,Uttar Pradesh,Agra,282001,65,7.247892599653709
2025-11-19,Uttar Pradesh,Agra,283125,47,5.09725934362379
2025-11-19,Uttar Pradesh,Ambedkar Nagar,224122,30,3.066105712928867
2025-11-19,Uttar Pradesh,Amroha,244242,32,3.305064963598858
2025-11-19,Uttar Pradesh,Bahraich,271902,43,4.619340842283808
2025-11-19,Uttar Pradesh,Balrampur,271201,32,3.305064963598858
2025-11-19,Uttar Pradesh,Bara Banki,225305,36,3.7829834649388396
2025-11-19,Uttar Pradesh,Bareilly,243123,33,3.4245445889338533
2025-11-19,Uttar Pradesh,Bareilly,243301,40,4.260901966278822
2025-11-19,Uttar Pradesh,Bareilly,243502,41,4.380381591613817
2025-11-19,Uttar Pradesh,Bareilly,243503,55,6.053096346303755
2025-11-19,Uttar Pradesh,Bijnor,246701,47,5.09725934362379
2025-11-19,Uttar Pradesh,Bijnor,246725,35,3.663503839603844
2025-11-19,Uttar Pradesh,Bijnor,246733,46,4.977779718288795
2025-11-19,Uttar Pradesh,Bijnor,246761,46,4.977779718288795
2025-11-19,Uttar Pradesh,Budaun,243638,39,4.141422340943826
2025-11-19,Uttar Pradesh,Bulandshahr,202398,30,3.066105712928867
2025-11-19,Uttar Pradesh,Gautam Buddha Nagar,201301,62,6.889453723648723
2025-11-19,Uttar Pradesh,Ghazipur,233001,31,3.1855853382638624
2025-11-19,Uttar Pradesh,Jhansi,284202,36,3.7829834649388396
2025-11-19,Uttar Pradesh,Kaushambi,212206,37,3.9024630902738355
2025-11-19,Uttar Pradesh,Lalitpur,284405,39,4.141422340943826
2025-11-19,Uttar Pradesh,Mahoba,210424,34,3.5440242142688487
2025-11-19,Uttar Pradesh,Muzaffarnagar,251309,47,5.09725934362379
2025-11-19,Uttar Pradesh,Muzaffarnagar,251314,36,3.7829834649388396
2025-11-19,Uttar Pradesh,Rae Bareli,229001,60,6.650494472978732
2025-11-19,Uttar Pradesh,Saharanpur,247001,125,14.416670119753437
2025-11-19,Uttar Pradesh,Saharanpur,247121,57,6.2920555969737455
2025-11-19,Uttar Pradesh,Saharanpur,247231,49,5.336218594293781
2025-11-19,Uttar Pradesh,Saharanpur,247451,40,4.260901966278822
2025-11-19,Uttar Pradesh,Saharanpur,247554,78,8.80112772900865
2025-11-19,Uttar Pradesh,Sambhal,202412,35,3.663503839603844
2025-11-19,Uttar Pradesh,Shamli,247775,53,5.814137095633764
2025-11-19,Uttar Pradesh,Shamli,247776,64,7.128412974318714
2025-11-19,Uttar Pradesh,Shamli,247777,43,4.619340842283808
2025-11-19,Uttar Pradesh,Shrawasti,271831,40,4.260901966278822
2025-11-19,Uttar Pradesh,Sitapur,261121,45,4.858300092953799
2025-11-19,Uttar Pradesh,Sitapur,261141,36,3.7829834649388396
2025-11-19,Uttar Pradesh,Sitapur,261203,42,4.499861216948813
2025-11-19,Uttar Pradesh,Sitapur,261206,30,3.066105712928867
2025-11-19,Uttar Pradesh,Sonbhadra,231216,41,4.380381591613817
2025-11-19,Uttar Pradesh,Unnao,209821,43,4.619340842283808
2025-11-19,Uttarakhand,Dehradun,248001,53,5.814137095633764
2025-11-19,Uttarakhand,Haridwar,247667,32,3.305064963598858
2025-11-19,Uttarakhand,Nainital,263139,58,6.411535222308741
2025-11-19,Madhya Pradesh,Ashok Nagar,473443,30,3.066105712928867
2025-11-19,Madhya Pradesh,Bhopal,462022,31,3.1855853382638624
2025-11-19,Madhya Pradesh,Chhatarpur,471525,53,5.814137095633764
2025-11-19,Madhya Pradesh,Chhindwara,480001,49,5.336218594293781
2025-11-19,Madhya Pradesh,Guna,473101,38,4.021942715608831
2025-11-19,Madhya Pradesh,Gwalior,475110,55,6.053096346303755
2025-11-19,Madhya Pradesh,Indore,452001,45,4.858300092953799
2025-11-19,Madhya Pradesh,Indore,453441,43,4.619340842283808
2025-11-19,Madhya Pradesh,Katni,483501,68,7.6063314756586955
2025-11-19,Madhya Pradesh,Katni,483770,31,3.1855853382638624
2025-11-19,Madhya Pradesh,Morena,476224,46,4.977779718288795
2025-11-19,Madhya Pradesh,Neemuch,458116,38,4.021942715608831
2025-11-19,Madhya Pradesh,Neemuch,458441,34,3.5440242142688487
2025-11-19,Madhya Pradesh,Rajgarh,465674,34,3.5440242142688487
2025-11-19,Madhya Pradesh,Sehore,466001,32,3.305064963598858
2025-11-19,Madhya Pradesh,Shajapur,465001,37,3.9024630902738355
2025-11-19,Madhya Pradesh,Shajapur,465441,32,3.305064963598858
2025-11-19,Madhya Pradesh,Shivpuri,473995,37,3.9024630902738355
2025-11-19,Madhya Pradesh,Singrauli,486881,33,3.4245445889338533
2025-11-19,Madhya Pradesh,Ujjain,456006,45,4.858300092953799
2025-11-19,Madhya Pradesh,Vidisha,464331,33,3.4245445889338533
2025-11-19,Maharashtra,Pune,411033,34,3.5440242142688487
2025-11-19,Maharashtra,Raigarh,410206,41,4.380381591613817
2025-11-19,Maharashtra,Thane,400612,49,5.336218594293781
2025-11-19,Rajasthan,Banswara,327001,55,6.053096346303755
2025-11-19,Rajasthan,Barmer,344706,37,3.9024630902738355
2025-11-19,Rajasthan,Bharatpur,321024,49,5.336218594293781
2025-11-19,Rajasthan,Churu,331403,30,3.066105712928867
2025-11-19,Rajasthan,Ganganagar,335001,30,3.066105712928867
2025-11-19,Rajasthan,Hanumangarh,335523,38,4.021942715608831
2025-11-19,Rajasthan,Jaipur,302012,60,6.650494472978732
2025-11-19,West Bengal,Howrah,711303,43,4.619340842283808
2025-11-19,West Bengal,Murshidabad,742135,31,3.1855853382638624
2025-11-19,West Bengal,North 24 Parganas,743424,40,4.260901966278822
2025-11-19,Bihar,West Champaran,845452,35,3.663503839603844
2025-11-19,Chhattisgarh,Kondagaon,494226,32,3.305064963598858
2025-11-19,Chhattisgarh,Raipur,492001,32,3.305064963598858
2025-11-19,Delhi,West Delhi,110059,83,9.398525855683628
2025-11-19,Gujarat,Surat,395004,35,3.663503839603844
2025-11-19,Gujarat,Valsad,396065,38,4.021942715608831
2025-11-19,Haryana,Hisar,125001,36,3.7829834649388396
2025-11-19,Haryana,Mewat,122107,47,5.09725934362379
2025-11-19,Haryana,Palwal,121102,101,11.549159111713546
2025-11-19,Haryana,Palwal,121107,30,3.066105712928867
2025-11-19,Jharkhand,Chatra,825401,36,3.7829834649388396
2025-11-19,Jharkhand,Deoghar,815353,73,8.203729602333674
2025-11-19,Jharkhand,Dhanbad,828205,31,3.1855853382638624
2025-11-19,Jharkhand,Pakur,816107,43,4.619340842283808
2025-11-19,Jharkhand,Palamu,822110,51,5.575177844963772
2025-11-19,Jharkhand,Palamu,822123,48,5.2167389689587855
2025-11-19,Jharkhand,West Singhbhum,833201,32,3.305064963598858
2025-11-19,Karnataka,Koppal,583227,35,3.663503839603844
2025-11-19,Karnataka,Koppal,583229,51,5.575177844963772
2025-11-19,Assam,Dhubri,783330,37,3.9024630902738355
2025-11-19,Assam,Karimganj,788720,36,3.7829834649388396
2025-11-19,Bihar,Araria,854318,35,3.663503839603844
2025-11-19,Bihar,Bhagalpur,812005,43,4.619340842283808
2025-11-19,Bihar,Bhagalpur,812006,30,3.066105712928867
2025-11-19,Bihar,East Champaran,845302,37,3.9024630902738355
2025-11-19,Bihar,East Champaran,845401,42,4.499861216948813
2025-11-19,Bihar,East Champaran,845418,37,3.9024630902738355
2025-11-19,Bihar,Katihar,854116,39,4.141422340943826
2025-11-19,Bihar,Katihar,855113,50,5.455698219628776
2025-11-19,Bihar,Khagaria,848203,31,3.1855853382638624
2025-11-19,Bihar,Lakhisarai,811302,45,4.858300092953799
2025-11-19,Bihar,Sitamarhi,843324,38,4.021942715608831
2025-11-19,Jharkhand,East Singhbhum,832104,34,3.5440242142688487
2025-11-19,Jharkhand,East Singhbhum,832105,34,3.5440242142688487
2025-11-19,Jharkhand,Godda,814133,57,6.2920555969737455
2025-11-19,Jharkhand,Hazaribagh,825301,31,3.1855853382638624
2025-11-19,Jharkhand,Sahebganj,816109,45,4.858300092953799
2025-11-19,Jharkhand,West Singhbhum,833102,47,5.09725934362379
2025-11-19,Karnataka,Raichur,584128,30,3.066105712928867
2025-11-19,Madhya Pradesh,Barwani,451551,35,3.663503839603844
2025-11-19,Madhya Pradesh,Bhopal,462001,43,4.619340842283808
2025-11-19,Madhya Pradesh,Chhatarpur,471001,50,5.455698219628776
2025-11-19,Madhya Pradesh,Dewas,455001,73,8.203729602333674
2025-11-19,Madhya Pradesh,Dewas,455227,40,4.260901966278822
2025-11-19,Madhya Pradesh,Hoshangabad,461990,45,4.858300092953799
2025-11-19,Madhya Pradesh,Indore,452016,42,4.499861216948813
2025-11-19,Madhya Pradesh,Jabalpur,483119,31,3.1855853382638624
2025-11-19,Madhya Pradesh,Jhabua,457779,38,4.021942715608831
2025-11-19,Madhya Pradesh,Khargone,451332,38,4.021942715608831
2025-11-19,Madhya Pradesh,Sagar,470335,47,5.09725934362379
2025-11-19,Madhya Pradesh,Vidisha,464221,31,3.1855853382638624
2025-11-19,Maharashtra,Aurangabad,431001,88,9.995923982358605
2025-11-19,Maharashtra,Nashik,422103,33,3.4245445889338533
2025-11-19,Maharashtra,Parbhani,431401,51,5.575177844963772
2025-11-19,Maharashtra,Solapur,413006,37,3.9024630902738355
2025-11-19,Assam,Barpeta,781308,60,6.650494472978732
2025-11-19,Assam,Dhubri,783334,30,3.066105712928867
2025-11-19,Assam,Dhubri,783348,30,3.066105712928867
2025-11-19,Bihar,Araria,854311,54,5.933616720968759
2025-11-19,Bihar,Katihar,854317,52,5.694657470298767
2025-11-19,Bihar,Kishanganj,855101,90,10.234883233028595
2025-11-19,Bihar,Madhubani,847225,31,3.1855853382638624
2025-11-19,Bihar,Muzaffarpur,843128,31,3.1855853382638624
2025-11-19,Bihar,Purnia,854330,43,4.619340842283808
2025-11-19,Bihar,Samastipur,848114,59,6.531014847643736
2025-11-19,Bihar,Saran,841301,47,5.09725934362379
2025-11-19,Bihar,West Champaran,845101,31,3.1855853382638624
2025-11-19,Bihar,West Champaran,845453,37,3.9024630902738355
2025-11-19,Chhattisgarh,Bastar,494001,52,5.694657470298767
2025-11-19,Chhattisgarh,Dakshin Bastar Dantewada,494552,37,3.9024630902738355
2025-11-19,Chhattisgarh,Rajnandgaon,491441,41,4.380381591613817
2025-11-19,Delhi,East Delhi,110092,40,4.260901966278822
2025-11-19,Delhi,North East Delhi,110053,52,5.694657470298767
2025-11-19,Delhi,North West Delhi,110033,35,3.663503839603844
2025-11-19,Delhi,South Delhi,110025,31,3.1855853382638624
2025-11-19,Delhi,South Delhi,110062,70,7.845290726328686
2025-11-19,Gujarat,Ahmedabad,382330,31,3.1855853382638624
2025-11-19,Gujarat,Rajkot,360003,44,4.738820467618804
2025-11-19,Gujarat,Surat,395010,43,4.619340842283808
2025-11-19,Haryana,Karnal,132001,34,3.5440242142688487
2025-11-19,Haryana,Mewat,122508,88,9.995923982358605
2025-11-19,Haryana,Sonipat,131001,38,4.021942715608831
2025-11-19,Maharashtra,Thane,421302,77,8.681648103673655
2025-11-19,Meghalaya,East Khasi Hills,793121,41,4.380381591613817
2025-11-19,Punjab,Amritsar,143001,40,4.260901966278822
2025-11-19,Rajasthan,Alwar,301411,38,4.021942715608831
2025-11-19,Rajasthan,Barmer,344702,52,5.694657470298767
2025-11-19,Rajasthan,Bharatpur,321203,40,4.260901966278822
2025-11-19,Rajasthan,Dholpur,328022,32,3.305064963598858
2025-11-19,Rajasthan,Jaipur,302003,44,4.738820467618804
2025-11-19,Rajasthan,Karauli,322230,58,6.411535222308741
2025-11-19,Rajasthan,Nagaur,341001,57,6.2920555969737455
2025-11-19,Rajasthan,Udaipur,307025,44,4.738820467618804
2025-11-19,Uttar Pradesh,Bahraich,271801,55,6.053096346303755
2025-11-19,Uttar Pradesh,Bahraich,271865,32,3.305064963598858
2025-11-19,Uttar Pradesh,Balrampur,271861,31,3.1855853382638624
2025-11-19,Uttar Pradesh,Bareilly,243001,60,6.650494472978732
2025-11-19,Uttar Pradesh,Bareilly,243201,63,7.008933348983718
2025-11-19,Uttar Pradesh,Bareilly,243202,40,4.260901966278822
2025-11-19,Uttar Pradesh,Budaun,243635,49,5.336218594293781
2025-11-19,Uttar Pradesh,Deoria,274702,32,3.305064963598858
2025-11-19,Uttar Pradesh,Firozabad,283203,59,6.531014847643736
2025-11-19,Uttar Pradesh,Firozabad,283204,42,4.499861216948813
2025-11-19,Uttar Pradesh,Gonda,271503,41,4.380381591613817
2025-11-19,Uttar Pradesh,Jaunpur,222001,36,3.7829834649388396
2025-11-19,Uttar Pradesh,Kanpur Nagar,209206,35,3.663503839603844
2025-11-19,Uttar Pradesh,Kaushambi,212217,62,6.889453723648723
2025-11-19,Uttar Pradesh,Kheri,262802,48,5.2167389689587855
2025-11-19,Uttar Pradesh,Kheri,262804,82,9.279046230348632
2025-11-19,Uttar Pradesh,Kheri,262901,33,3.4245445889338533
2025-11-19,Uttar Pradesh,Kushinagar,274304,63,7.008933348983718
2025-11-19,Uttar Pradesh,Lucknow,226020,37,3.9024630902738355
2025-11-19,Uttar Pradesh,Mathura,281403,46,4.977779718288795
2025-11-19,Uttar Pradesh,Mau,275101,46,4.977779718288795
2025-11-19,Uttar Pradesh,Meerut,250001,51,5.575177844963772
2025-11-19,Uttar Pradesh,Meerut,250002,146,16.925742251788343
2025-11-19,Uttar Pradesh,Meerut,250501,39,4.141422340943826
2025-11-19,Uttar Pradesh,Muzaffarnagar,251001,70,7.845290726328686
2025-11-19,Uttar Pradesh,Pilibhit,262001,67,7.4868518503237
2025-11-19,Uttar Pradesh,Rampur,244921,64,7.128412974318714
2025-11-19,Uttar Pradesh,Sant Kabir Nagar,272125,32,3.305064963598858
2025-11-19,Uttar Pradesh,Shahjahanpur,242001,121,13.938751618413455
2025-11-19,Uttar Pradesh,Shamli,247773,30,3.066105712928867
2025-11-19,Uttar Pradesh,Siddharthnagar,272153,62,6.889453723648723
2025-11-19,Uttar Pradesh,Sitapur,261202,31,3.1855853382638624
2025-11-19,West Bengal,Murshidabad,742226,54,5.933616720968759
2025-11-19,West Bengal,Puruliya,723121,30,3.066105712928867
2025-11-19,West Bengal,Uttar Dinajpur,733202,69,7.725811100993691
2025-11-19,West Bengal,Uttar Dinajpur,733207,39,4.141422340943826
2025-11-19,West Bengal,Uttar Dinajpur,733210,40,4.260901966278822
2025-11-25,Chhattisgarh,Bastar,494224,34,3.5440242142688487
2025-11-25,Madhya Pradesh,Jabalpur,482001,36,3.7829834649388396
2025-11-25,Bihar,Kishanganj,855101,30,3.066105712928867
2025-11-25,Chhattisgarh,Bastar,494001,89,10.115403607693601
2025-11-25,Chhattisgarh,Bastar,494222,30,3.066105712928867
2025-11-25,Chhattisgarh,Rajnandgaon,491665,31,3.1855853382638624
2025-11-25,Gujarat,Surat,394210,43,4.619340842283808
2025-11-25,Karnataka,Gadag,582101,51,5.575177844963772
2025-11-25,Meghalaya,South Garo Hills,794103,30,3.066105712928867
2025-11-25,Meghalaya,West Garo Hills,794104,43,4.619340842283808
2025-11-25,Meghalaya,West Jaintia Hills,793151,34,3.5440242142688487
2025-11-25,Rajasthan,Jodhpur,342001,40,4.260901966278822
2025-11-25,Uttar Pradesh,Gautam Buddha Nagar,201301,30,3.066105712928867
2025-11-25,Uttar Pradesh,Kanpur Nagar,208001,34,3.5440242142688487
2025-11-25,West Bengal,Murshidabad,742202,33,3.4245445889338533
2025-11-25,Bihar,Samastipur,848114,31,3.1855853382638624
2025-11-25,Chhattisgarh,Bastar,494010,103,11.788118362383537
2025-11-25,Chhattisgarh,Bastar,494223,66,7.367372224988705
2025-11-25,Delhi,North East Delhi,110094,30,3.066105712928867
2025-11-25,Madhya Pradesh,Indore,452001,30,3.066105712928867
2025-11-25,Maharashtra,Aurangabad,431001,73,8.203729602333674
2025-11-25,Maharashtra,Thane,421302,62,6.889453723648723
2025-11-25,Meghalaya,South Garo Hills,794102,54,5.933616720968759
2025-11-25,Uttar Pradesh,Moradabad,244001,32,3.305064963598858
2025-11-25,Uttar Pradesh,Shamli,247774,32,3.305064963598858
2025-11-25,Madhya Pradesh,Barwani,451666,34,3.5440242142688487
2025-11-25,Madhya Pradesh,Jhabua,457661,30,3.066105712928867
2025-11-25,Madhya Pradesh,Katni,483501,35,3.663503839603844
2025-11-25,Madhya Pradesh,Morena,476221,32,3.305064963598858
2025-11-25,Delhi,North West Delhi,110086,32,3.305064963598858
2025-11-25,Gujarat,Surat,395010,33,3.4245445889338533
2025-11-25,Uttar Pradesh,Rampur,244901,32,3.305064963598858
2025-11-25,Uttar Pradesh,Saharanpur,247001,35,3.663503839603844
2025-11-25,Madhya Pradesh,Ratlam,457001,34,3.5440242142688487
2025-11-25,Maharashtra,Nashik,423203,72,8.084249976998677
2025-11-25,Maharashtra,Thane,421301,45,4.858300092953799
2025-11-25,Bihar,Araria,854318,31,3.1855853382638624
2025-11-25,Chhattisgarh,Bastar,494442,53,5.814137095633764
2025-11-25,Uttar Pradesh,Ghaziabad,201001,40,4.260901966278822
2025-11-25,Uttar Pradesh,Meerut,250002,42,4.499861216948813
2025-12-15,Uttar Pradesh,Agra,282006,50,5.455698219628776
2025-12-15,Uttar Pradesh,Balrampur,271208,50,5.455698219628776
2025-12-15,Uttar Pradesh,Balrampur,271604,39,4.141422340943826
2025-12-15,Uttar Pradesh,Bijnor,246731,32,3.305064963598858
2025-12-15,Uttar Pradesh,Bijnor,246734,31,3.1855853382638624
2025-12-15,Uttar Pradesh,Budaun,243635,31,3.1855853382638624
2025-12-15,Uttar Pradesh,Chitrakoot,210207,32,3.305064963598858
2025-12-15,Uttar Pradesh,Farrukhabad,209625,32,3.305064963598858
2025-12-15,Uttar Pradesh,Hardoi,241001,84,9.518005481018623
2025-12-15,Uttar Pradesh,Jhansi,284202,35,3.663503839603844
2025-12-15,Uttar Pradesh,Kheri,262903,30,3.066105712928867
2025-12-15,Uttar Pradesh,Kushinagar,274402,48,5.2167389689587855
2025-12-15,Uttar Pradesh,Lucknow,227107,38,4.021942715608831
2025-12-15,Uttar Pradesh,Rampur,244925,45,4.858300092953799
2025-12-15,Uttar Pradesh,Saharanpur,247001,152,17.642620003798314
2025-12-15,Uttar Pradesh,Sambhal,202522,61,6.769974098313727
2025-12-15,Uttar Pradesh,Sant Kabir Nagar,272125,40,4.260901966278822
2025-12-15,Uttar Pradesh,Shahjahanpur,242221,41,4.380381591613817
2025-12-15,Uttar Pradesh,Siddharthnagar,272153,55,6.053096346303755
2025-12-15,Uttar Pradesh,Sitapur,261135,44,4.738820467618804
2025-12-15,West Bengal,Kalimpong,734301,34,3.5440242142688487
2025-12-15,West Bengal,Malda,732207,36,3.7829834649388396
2025-12-15,West Bengal,Murshidabad,742133,30,3.066105712928867
2025-12-15,West Bengal,North 24 Parganas,743287,30,3.066105712928867
2025-12-15,Maharashtra,Thane,421204,30,3.066105712928867
2025-12-15,Punjab,Bathinda,151001,31,3.1855853382638624
2025-12-15,Rajasthan,Alwar,301001,48,5.2167389689587855
2025-12-15,Rajasthan,Barmer,344702,43,4.619340842283808
2025-12-15,Rajasthan,Barmer,344704,56,6.17257597163875
2025-12-15,Rajasthan,Bikaner,331803,30,3.066105712928867
2025-12-15,Rajasthan,Churu,331507,30,3.066105712928867
2025-12-15,Rajasthan,Jaipur,302029,31,3.1855853382638624
2025-12-15,Rajasthan,Jaisalmer,345001,33,3.4245445889338533
2025-12-15,Rajasthan,Jalor,343032,30,3.066105712928867
2025-12-15,Rajasthan,Kota,325004,32,3.305064963598858
2025-12-15,Rajasthan,Sirohi,307026,44,4.738820467618804
2025-12-15,Karnataka,Bengaluru,560064,33,3.4245445889338533
2025-12-15,Karnataka,Davangere,577001,56,6.17257597163875
2025-12-15,Karnataka,Raichur,584111,34,3.5440242142688487
2025-12-15,Madhya Pradesh,Barwani,451449,30,3.066105712928867
2025-12-15,Madhya Pradesh,Betul,460330,44,4.738820467618804
2025-12-15,Madhya Pradesh,Burhanpur,450331,79,8.920607354343646
2025-12-15,Madhya Pradesh,Chhindwara,480551,34,3.5440242142688487
2025-12-15,Madhya Pradesh,Datia,475661,55,6.053096346303755
2025-12-15,Madhya Pradesh,Datia,475675,42,4.499861216948813
2025-12-15,Madhya Pradesh,Dhar,454660,32,3.305064963598858
2025-12-15,Madhya Pradesh,Guna,473101,33,3.4245445889338533
2025-12-15,Madhya Pradesh,Hoshangabad,461111,30,3.066105712928867
2025-12-15,Madhya Pradesh,Jabalpur,483119,51,5.575177844963772
2025-12-15,Madhya Pradesh,Katni,483330,30,3.066105712928867
2025-12-15,Madhya Pradesh,Katni,483770,30,3.066105712928867
2025-12-15,Madhya Pradesh,Neemuch,458441,30,3.066105712928867
2025-12-15,Madhya Pradesh,Panna,488001,41,4.380381591613817
2025-12-15,Madhya Pradesh,Rajgarh,465661,59,6.531014847643736
2025-12-15,Madhya Pradesh,Rajgarh,465683,46,4.977779718288795
2025-12-15,Madhya Pradesh,Satna,485115,31,3.1855853382638624
2025-12-15,Madhya Pradesh,Satna,485771,33,3.4245445889338533
2025-12-15,Madhya Pradesh,Sehore,466115,32,3.305064963598858
2025-12-15,Madhya Pradesh,Shahdol,484669,36,3.7829834649388396
2025-12-15,Madhya Pradesh,Shivpuri,473670,31,3.1855853382638624
2025-12-15,Madhya Pradesh,Shivpuri,473775,33,3.4245445889338533
2025-12-15,Madhya Pradesh,Ujjain,456001,33,3.4245445889338533
2025-12-15,Madhya Pradesh,Vidisha,464221,47,5.09725934362379
2025-12-15,Maharashtra,Ahmadnagar,422601,45,4.858300092953799
2025-12-15,Maharashtra,Beed,431122,35,3.663503839603844
2025-12-15,Maharashtra,Dhule,425405,30,3.066105712928867
2025-12-15,Maharashtra,Jalgaon,425111,36,3.7829834649388396
2025-12-15,Maharashtra,Jalgaon,425508,43,4.619340842283808
2025-12-15,Maharashtra,Nandurbar,425452,48,5.2167389689587855
2025-12-15,Maharashtra,Palghar,401209,41,4.380381591613817
2025-12-15,Assam,Dhubri,783348,36,3.7829834649388396
2025-12-15,Assam,Tinsukia,786181,59,6.531014847643736
2025-12-15,Bihar,Aurangabad,824125,46,4.977779718288795
2025-12-15,Bihar,Aurangabad,824143,30,3.066105712928867
2025-12-15,Bihar,Banka,813102,41,4.380381591613817
2025-12-15,Bihar,Begusarai,848202,39,4.141422340943826
2025-12-15,Bihar,Begusarai,851127,40,4.260901966278822
2025-12-15,Bihar,Begusarai,851129,74,8.323209227668668
2025-12-15,Bihar,Begusarai,851133,34,3.5440242142688487
2025-12-15,Bihar,Bhojpur,802222,30,3.066105712928867
2025-12-15,Bihar,Bhojpur,802301,38,4.021942715608831
2025-12-15,Bihar,Buxar,802129,45,4.858300092953799
2025-12-15,Bihar,Darbhanga,846003,34,3.5440242142688487
2025-12-15,Bihar,Darbhanga,847101,49,5.336218594293781
2025-12-15,Bihar,Darbhanga,847201,39,4.141422340943826
2025-12-15,Bihar,Darbhanga,847203,43,4.619340842283808
2025-12-15,Bihar,East Champaran,845302,59,6.531014847643736
2025-12-15,Bihar,East Champaran,845418,48,5.2167389689587855
2025-12-15,Bihar,East Champaran,845433,56,6.17257597163875
2025-12-15,Bihar,Gaya,824231,38,4.021942715608831
2025-12-15,Bihar,Gaya,824232,126,14.536149745088434
2025-12-15,Bihar,Gopalganj,841405,45,4.858300092953799
2025-12-15,Bihar,Gopalganj,841437,44,4.738820467618804
2025-12-15,Bihar,Gopalganj,841438,50,5.455698219628776
2025-12-15,Bihar,Jamui,811307,43,4.619340842283808
2025-12-15,Bihar,Kaimur (Bhabua),821109,51,5.575177844963772
2025-12-15,Bihar,Katihar,854105,41,4.380381591613817
2025-12-15,Bihar,Katihar,854108,30,3.066105712928867
2025-12-15,Bihar,Katihar,855113,70,7.845290726328686
2025-12-15,Bihar,Khagaria,851213,30,3.066105712928867
2025-12-15,Bihar,Kishanganj,855107,42,4.499861216948813
2025-12-15,Bihar,Madhepura,852210,69,7.725811100993691
2025-12-15,Bihar,Madhubani,847223,33,3.4245445889338533
2025-12-15,Bihar,Madhubani,847224,31,3.1855853382638624
2025-12-15,Bihar,Madhubani,847225,44,4.738820467618804
2025-12-15,Bihar,Madhubani,847409,42,4.499861216948813
2025-12-15,Bihar,Munger,811211,36,3.7829834649388396
2025-12-15,Bihar,Muzaffarpur,843109,52,5.694657470298767
2025-12-15,Bihar,Muzaffarpur,843111,52,5.694657470298767
2025-12-15,Bihar,Nawada,805125,55,6.053096346303755
2025-12-15,Bihar,Patna,803202,47,5.09725934362379
2025-12-15,Bihar,Purnia,854101,30,3.066105712928867
2025-12-15,Bihar,Rohtas,821112,42,4.499861216948813
2025-12-15,Bihar,Samastipur,848209,35,3.663503839603844
2025-12-15,Bihar,Saran,841418,32,3.305064963598858
2025-12-15,Bihar,Sheohar,843128,36,3.7829834649388396
2025-12-15,Bihar,Sitamarhi,843313,53,5.814137095633764
2025-12-15,Bihar,Sitamarhi,843315,30,3.066105712928867
2025-12-15,Bihar,Siwan,841226,51,5.575177844963772
2025-12-15,Bihar,Siwan,841241,38,4.021942715608831
2025-12-15,Bihar,Siwan,841286,32,3.305064963598858
2025-12-15,Bihar,Vaishali,844507,32,3.305064963598858
2025-12-15,Bihar,West Champaran,845453,37,3.9024630902738355
2025-12-15,Bihar,West Champaran,845459,33,3.4245445889338533
2025-12-15,Chhattisgarh,Bastar,494010,35,3.663503839603844
2025-12-15,Chhattisgarh,Bijapur,494447,34,3.5440242142688487
2025-12-15,Chhattisgarh,Kondagaon,494226,73,8.203729602333674
2025-12-15,Chhattisgarh,Narayanpur,494661,30,3.066105712928867
2025-12-15,Delhi,North Delhi,110006,36,3.7829834649388396
2025-12-15,Delhi,North East Delhi,110093,30,3.066105712928867
2025-12-15,Delhi,North West Delhi,110040,38,4.021942715608831
2025-12-15,Delhi,North West Delhi,110042,45,4.858300092953799
2025-12-15,Delhi,South Delhi,110019,34,3.5440242142688487
2025-12-15,Delhi,West Delhi,110059,130,15.014068246428415
2025-12-15,Gujarat,Banaskantha,385330,32,3.305064963598858
2025-12-15,Haryana,Mewat,122108,32,3.305064963598858
2025-12-15,Haryana,Palwal,121102,42,4.499861216948813
2025-12-15,Haryana,Palwal,121103,46,4.977779718288795
2025-12-15,Haryana,Panipat,132103,54,5.933616720968759
2025-12-15,Jammu and Kashmir,Kulgam,192231,35,3.663503839603844
2025-12-15,Jammu and Kashmir,Ramban,182144,53,5.814137095633764
2025-12-15,Jharkhand,Deoghar,814150,32,3.305064963598858
2025-12-15,Jharkhand,Garhwa,822112,42,4.499861216948813
2025-12-15,Jharkhand,Giridih,825320,32,3.305064963598858
2025-12-15,Jharkhand,Giridih,825324,66,7.367372224988705
2025-12-15,Jharkhand,Koderma,825409,43,4.619340842283808
2025-12-15,West Bengal,South 24 Parganas,743337,36,3.7829834649388396
2025-12-15,West Bengal,Uttar Dinajpur,733201,61,6.769974098313727
2025-12-15,West Bengal,Uttar Dinajpur,733202,69,7.725811100993691
2025-12-15,West Bengal,Uttar Dinajpur,733210,56,6.17257597163875
2025-12-15,Telangana,Hyderabad,500005,35,3.663503839603844
2025-12-15,Uttar Pradesh,Agra,282001,89,10.115403607693601
2025-12-15,Uttar Pradesh,Agra,282010,33,3.4245445889338533
2025-12-15,Uttar Pradesh,Aligarh,202001,97,11.071240610373565
2025-12-15,Uttar Pradesh,Bahraich,271903,50,5.455698219628776
2025-12-15,Uttar Pradesh,Balrampur,271201,74,8.323209227668668
2025-12-15,Uttar Pradesh,Balrampur,271206,37,3.9024630902738355
2025-12-15,Uttar Pradesh,Bareilly,243201,38,4.021942715608831
2025-12-15,Uttar Pradesh,Bijnor,246725,33,3.4245445889338533
2025-12-15,Uttar Pradesh,Deoria,274001,58,6.411535222308741
2025-12-15,Uttar Pradesh,Etah,207001,42,4.499861216948813
2025-12-15,Uttar Pradesh,Farrukhabad,209601,31,3.1855853382638624
2025-12-15,Uttar Pradesh,Firozabad,283203,60,6.650494472978732
2025-12-15,Uttar Pradesh,Firozabad,283204,40,4.260901966278822
2025-12-15,Uttar Pradesh,Hathras,204101,79,8.920607354343646
2025-12-15,Uttar Pradesh,Jaunpur,222001,43,4.619340842283808
2025-12-15,Uttar Pradesh,Kasganj,207242,31,3.1855853382638624
2025-12-15,Uttar Pradesh,Kheri,262722,34,3.5440242142688487
2025-12-15,Uttar Pradesh,Kheri,262802,58,6.411535222308741
2025-12-15,Uttar Pradesh,Kheri,262804,32,3.305064963598858
2025-12-15,Uttar Pradesh,Lucknow,226002,42,4.499861216948813
2025-12-15,Uttar Pradesh,Maharajganj,273157,31,3.1855853382638624
2025-12-15,Uttar Pradesh,Maharajganj,273163,31,3.1855853382638624
2025-12-15,Uttar Pradesh,Mahoba,210427,40,4.260901966278822
2025-12-15,Uttar Pradesh,Mainpuri,205001,51,5.575177844963772
2025-12-15,Uttar Pradesh,Mainpuri,206301,32,3.305064963598858
2025-12-15,Uttar Pradesh,Meerut,250002,64,7.128412974318714
2025-12-15,Uttar Pradesh,Mirzapur,231001,84,9.518005481018623
2025-12-15,Uttar Pradesh,Shahjahanpur,242001,71,7.964770351663682
2025-12-15,Uttar Pradesh,Shrawasti,271831,30,3.066105712928867
2025-12-15,Uttar Pradesh,Sitapur,261141,49,5.336218594293781
2025-12-15,Uttar Pradesh,Sitapur,261302,34,3.5440242142688487
2025-12-15,Uttar Pradesh,Sitapur,261303,40,4.260901966278822
2025-12-15,Uttar Pradesh,Unnao,209821,58,6.411535222308741
2025-12-15,Uttar Pradesh,Unnao,209825,35,3.663503839603844
2025-12-15,Uttarakhand,Udham Singh Nagar,262401,56,6.17257597163875
2025-12-15,West Bengal,Bankura,722101,38,4.021942715608831
2025-12-15,West Bengal,Malda,732124,36,3.7829834649388396
2025-12-15,West Bengal,Malda,732201,60,6.650494472978732
2025-12-15,West Bengal,Murshidabad,742202,76,8.56216847833866
2025-12-15,West Bengal,Nadia,741313,36,3.7829834649388396
2025-12-15,West Bengal,North 24 Parganas,700125,76,8.56216847833866
2025-12-15,West Bengal,North 24 Parganas,700126,36,3.7829834649388396
2025-12-15,West Bengal,South 24 Parganas,743349,30,3.066105712928867
2025-12-15,West Bengal,South 24 Parganas,743502,31,3.1855853382638624
2025-12-15,West Bengal,Uttar Dinajpur,733208,58,6.411535222308741
2025-12-15,Jharkhand,West Singhbhum,833214,47,5.09725934362379
2025-12-15,Madhya Pradesh,Alirajpur,457990,82,9.279046230348632
2025-12-15,Madhya Pradesh,Balaghat,481051,36,3.7829834649388396
2025-12-15,Madhya Pradesh,Barwani,451447,33,3.4245445889338533
2025-12-15,Madhya Pradesh,Betul,460220,46,4.977779718288795
2025-12-15,Madhya Pradesh,Bhind,477001,30,3.066105712928867
2025-12-15,Madhya Pradesh,Chhatarpur,471201,64,7.128412974318714
2025-12-15,Madhya Pradesh,Dewas,455001,91,10.354362858363592
2025-12-15,Madhya Pradesh,Guna,473222,31,3.1855853382638624
2025-12-15,Madhya Pradesh,Guna,473287,53,5.814137095633764
2025-12-15,Madhya Pradesh,Gwalior,474001,54,5.933616720968759
2025-12-15,Madhya Pradesh,Indore,453331,33,3.4245445889338533
2025-12-15,Madhya Pradesh,Jabalpur,482001,56,6.17257597163875
2025-12-15,Madhya Pradesh,Katni,483501,66,7.367372224988705
2025-12-15,Madhya Pradesh,Katni,483773,34,3.5440242142688487
2025-12-15,Madhya Pradesh,Khargone,451001,43,4.619340842283808
2025-12-15,Madhya Pradesh,Morena,476221,76,8.56216847833866
2025-12-15,Madhya Pradesh,Morena,476224,64,7.128412974318714
2025-12-15,Madhya Pradesh,Panna,488220,46,4.977779718288795
2025-12-15,Madhya Pradesh,Rajgarh,465669,43,4.619340842283808
2025-12-15,Madhya Pradesh,Rajgarh,465679,42,4.499861216948813
2025-12-15,Madhya Pradesh,Rajgarh,465680,35,3.663503839603844
2025-12-15,Madhya Pradesh,Rajgarh,465687,49,5.336218594293781
2025-12-15,Madhya Pradesh,Sagar,470001,39,4.141422340943826
2025-12-15,Madhya Pradesh,Sagar,470002,50,5.455698219628776
2025-12-15,Madhya Pradesh,Sagar,470226,41,4.380381591613817
2025-12-15,Madhya Pradesh,Satna,485772,32,3.305064963598858
2025-12-15,Madhya Pradesh,Satna,485881,36,3.7829834649388396
2025-12-15,Madhya Pradesh,Seoni,480990,31,3.1855853382638624
2025-12-15,Madhya Pradesh,Shahdol,484334,32,3.305064963598858
2025-12-15,Madhya Pradesh,Shahdol,484774,46,4.977779718288795
2025-12-15,Madhya Pradesh,Shivpuri,473551,83,9.398525855683628
2025-12-15,Madhya Pradesh,Sidhi,486661,71,7.964770351663682
2025-12-15,Maharashtra,Aurangabad,431001,130,15.014068246428415
2025-12-15,Maharashtra,Dhule,424001,64,7.128412974318714
2025-12-15,Maharashtra,Mumbai Suburban,400043,50,5.455698219628776
2025-12-15,Maharashtra,Pune,410501,30,3.066105712928867
2025-12-15,Maharashtra,Pune,411033,38,4.021942715608831
2025-12-15,Maharashtra,Thane,421201,33,3.4245445889338533
2025-12-15,Meghalaya,West Khasi Hills,793119,73,8.203729602333674
2025-12-15,Rajasthan,Banswara,327001,73,8.203729602333674
2025-12-15,Rajasthan,Baran,325202,31,3.1855853382638624
2025-12-15,Rajasthan,Churu,331022,32,3.305064963598858
2025-12-15,Rajasthan,Jaipur,302012,54,5.933616720968759
2025-12-15,Rajasthan,Jodhpur,342027,33,3.4245445889338533
2025-12-15,Rajasthan,Karauli,322230,40,4.260901966278822
2025-12-15,Rajasthan,Karauli,322241,30,3.066105712928867
2025-12-15,Rajasthan,Nagaur,341001,52,5.694657470298767
2025-12-15,Rajasthan,Pratapgarh,312619,30,3.066105712928867
2025-12-15,Tamil Nadu,Thanjavur,612001,39,4.141422340943826
2025-12-15,Assam,Tinsukia,786151,52,5.694657470298767
2025-12-15,Assam,Tinsukia,786170,31,3.1855853382638624
2025-12-15,Assam,Tinsukia,786171,40,4.260901966278822
2025-12-15,Bihar,Araria,854311,81,9.159566605013637
2025-12-15,Bihar,Araria,854312,51,5.575177844963772
2025-12-15,Bihar,Araria,854334,63,7.008933348983718
2025-12-15,Bihar,Banka,813101,51,5.575177844963772
2025-12-15,Bihar,Banka,813105,35,3.663503839603844
2025-12-15,Bihar,Buxar,802134,36,3.7829834649388396
2025-12-15,Bihar,Darbhanga,847106,32,3.305064963598858
2025-12-15,Bihar,East Champaran,845412,30,3.066105712928867
2025-12-15,Bihar,East Champaran,845426,39,4.141422340943826
2025-12-15,Bihar,Gaya,823001,96,10.951760985038568
2025-12-15,Bihar,Jehanabad,804408,31,3.1855853382638624
2025-12-15,Bihar,Kaimur (Bhabua),821105,35,3.663503839603844
2025-12-15,Bihar,Katihar,855102,38,4.021942715608831
2025-12-15,Bihar,Khagaria,848203,74,8.323209227668668
2025-12-15,Bihar,Khagaria,851212,57,6.2920555969737455
2025-12-15,Bihar,Lakhisarai,811310,32,3.305064963598858
2025-12-15,Bihar,Madhepura,852128,55,6.053096346303755
2025-12-15,Bihar,Madhubani,847235,33,3.4245445889338533
2025-12-15,Bihar,Madhubani,847404,38,4.021942715608831
2025-12-15,Bihar,Madhubani,847408,52,5.694657470298767
2025-12-15,Bihar,Munger,811213,44,4.738820467618804
2025-12-15,Bihar,Muzaffarpur,843119,52,5.694657470298767
2025-12-15,Bihar,Muzaffarpur,843128,70,7.845290726328686
2025-12-15,Bihar,Patna,801108,32,3.305064963598858
2025-12-15,Bihar,Patna,801505,30,3.066105712928867
2025-12-15,Bihar,Purnia,854202,56,6.17257597163875
2025-12-15,Bihar,Purnia,854204,108,12.385516489058515
2025-12-15,Bihar,Purnia,854304,73,8.203729602333674
2025-12-15,Bihar,Purnia,854315,110,12.624475739728506
2025-12-15,Bihar,Rohtas,821113,77,8.681648103673655
2025-12-15,Bihar,Saharsa,852106,52,5.694657470298767
2025-12-15,Bihar,Saharsa,852124,34,3.5440242142688487
2025-12-15,Bihar,Saharsa,852127,58,6.411535222308741
2025-12-15,Bihar,Saharsa,852129,48,5.2167389689587855
2025-12-15,Bihar,Samastipur,848101,75,8.442688853003665
2025-12-15,Bihar,Samastipur,848207,35,3.663503839603844
2025-12-15,Bihar,Samastipur,848211,45,4.858300092953799
2025-12-15,Bihar,Samastipur,848504,56,6.17257597163875
2025-12-15,Bihar,Saran,841403,43,4.619340842283808
2025-12-15,Bihar,Sheikhpura,811107,35,3.663503839603844
2025-12-15,Bihar,Sheohar,843334,45,4.858300092953799
2025-12-15,Bihar,Sitamarhi,843117,38,4.021942715608831
2025-12-15,Bihar,Sitamarhi,843320,61,6.769974098313727
2025-12-15,Bihar,Sitamarhi,843331,49,5.336218594293781
2025-12-15,Bihar,Supaul,847452,31,3.1855853382638624
2025-12-15,Bihar,Supaul,852139,30,3.066105712928867
2025-12-15,Bihar,Vaishali,844126,35,3.663503839603844
2025-12-15,Bihar,Vaishali,844504,37,3.9024630902738355
2025-12-15,Bihar,Vaishali,844506,40,4.260901966278822
2025-12-15,Bihar,West Champaran,845105,41,4.380381591613817
2025-12-15,Bihar,West Champaran,845106,37,3.9024630902738355
2025-12-15,Chhattisgarh,Balrampur,497225,62,6.889453723648723
2025-12-15,Chhattisgarh,Bijapur,494444,39,4.141422340943826
2025-12-15,Chhattisgarh,Bilaspur,495001,33,3.4245445889338533
2025-12-15,Chhattisgarh,Bilaspur,495551,53,5.814137095633764
2025-12-15,Chhattisgarh,Sukma,494122,35,3.663503839603844
2025-12-15,Chhattisgarh,Surajpur,497223,37,3.9024630902738355
2025-12-15,Delhi,East Delhi,110091,33,3.4245445889338533
2025-12-15,Delhi,North Delhi,110084,41,4.380381591613817
2025-12-15,Delhi,West Delhi,110018,31,3.1855853382638624
2025-12-15,Gujarat,Bhavnagar,364290,30,3.066105712928867
2025-12-15,Gujarat,Surat,395004,42,4.499861216948813
2025-12-15,Gujarat,Valsad,396065,55,6.053096346303755
2025-12-15,Haryana,Hisar,125001,35,3.663503839603844
2025-12-15,Haryana,Mewat,122107,34,3.5440242142688487
2025-12-15,Haryana,Yamuna Nagar,135001,45,4.858300092953799
2025-12-15,Assam,Tinsukia,786182,68,7.6063314756586955
2025-12-15,Bihar,Araria,854318,136,15.730945998438386
2025-12-15,Bihar,Araria,854335,34,3.5440242142688487
2025-12-15,Bihar,Banka,813106,61,6.769974098313727
2025-12-15,Bihar,Begusarai,848201,45,4.858300092953799
2025-12-15,Bihar,Begusarai,851128,36,3.7829834649388396
2025-12-15,Bihar,Begusarai,851217,48,5.2167389689587855
2025-12-15,Bihar,Bhagalpur,813213,35,3.663503839603844
2025-12-15,Bihar,Bhagalpur,853204,43,4.619340842283808
2025-12-15,Bihar,East Champaran,845305,36,3.7829834649388396
2025-12-15,Bihar,East Champaran,845415,40,4.260901966278822
2025-12-15,Bihar,Jamui,811308,36,3.7829834649388396
2025-12-15,Bihar,Katihar,854317,80,9.040086979678641
2025-12-15,Bihar,Khagaria,851205,30,3.066105712928867
2025-12-15,Bihar,Kishanganj,855116,33,3.4245445889338533
2025-12-15,Bihar,Lakhisarai,811315,32,3.305064963598858
2025-12-15,Bihar,Madhepura,852101,47,5.09725934362379
2025-12-15,Bihar,Muzaffarpur,843120,35,3.663503839603844
2025-12-15,Bihar,Nalanda,803107,47,5.09725934362379
2025-12-15,Bihar,Patna,801503,39,4.141422340943826
2025-12-15,Bihar,Patna,803201,39,4.141422340943826
2025-12-15,Bihar,Patna,803212,36,3.7829834649388396
2025-12-15,Bihar,Purnia,854102,38,4.021942715608831
2025-12-15,Bihar,Purnia,854330,75,8.442688853003665
2025-12-15,Bihar,Rohtas,821111,49,5.336218594293781
2025-12-15,Bihar,Rohtas,821115,31,3.1855853382638624
2025-12-15,Bihar,Saharsa,852217,36,3.7829834649388396
2025-12-15,Bihar,Saharsa,852221,44,4.738820467618804
2025-12-15,Bihar,Samastipur,848117,62,6.889453723648723
2025-12-15,Bihar,Samastipur,848205,30,3.066105712928867
2025-12-15,Bihar,Samastipur,848210,41,4.380381591613817
2025-12-15,Bihar,Sitamarhi,843302,75,8.442688853003665
2025-12-15,Bihar,Sitamarhi,843314,39,4.141422340943826
2025-12-15,Bihar,Siwan,841406,32,3.305064963598858
2025-12-15,Bihar,Supaul,852111,39,4.141422340943826
2025-12-15,Bihar,Vaishali,844101,40,4.260901966278822
2025-12-15,Chhattisgarh,Kawardha,491559,37,3.9024630902738355
2025-12-15,Chhattisgarh,Surguja,497116,30,3.066105712928867
2025-12-15,Delhi,East Delhi,110096,34,3.5440242142688487
2025-12-15,Delhi,North West Delhi,110086,93,10.593322109033583
2025-12-15,Delhi,South Delhi,110044,60,6.650494472978732
2025-12-15,Delhi,South Delhi,110062,73,8.203729602333674
2025-12-15,Delhi,South West Delhi,110043,93,10.593322109033583
2025-12-15,Gujarat,Banaskantha,385001,46,4.977779718288795
2025-12-15,Telangana,Hyderabad,500008,48,5.2167389689587855
2025-12-15,Telangana,Hyderabad,500064,35,3.663503839603844
2025-12-15,Uttar Pradesh,Agra,282007,42,4.499861216948813
2025-12-15,Uttar Pradesh,Agra,283125,46,4.977779718288795
2025-12-15,Uttar Pradesh,Amethi,227816,31,3.1855853382638624
2025-12-15,Uttar Pradesh,Bahraich,271855,39,4.141422340943826
2025-12-15,Uttar Pradesh,Bahraich,271902,30,3.066105712928867
2025-12-15,Uttar Pradesh,Basti,272190,45,4.858300092953799
2025-12-15,Uttar Pradesh,Bijnor,246762,33,3.4245445889338533
2025-12-15,Uttar Pradesh,Budaun,243601,79,8.920607354343646
2025-12-15,Uttar Pradesh,Faizabad,224001,38,4.021942715608831
2025-12-15,Uttar Pradesh,Ghaziabad,201001,42,4.499861216948813
2025-12-15,Uttar Pradesh,Gonda,271001,30,3.066105712928867
2025-12-15,Uttar Pradesh,Gorakhpur,273001,33,3.4245445889338533
2025-12-15,Uttar Pradesh,Gorakhpur,273015,35,3.663503839603844
2025-12-15,Uttar Pradesh,Hapur,245101,56,6.17257597163875
2025-12-15,Uttar Pradesh,Hardoi,241204,34,3.5440242142688487
2025-12-15,Uttar Pradesh,Jalaun,285001,33,3.4245445889338533
2025-12-15,Uttar Pradesh,Jhansi,284204,47,5.09725934362379
2025-12-15,Uttar Pradesh,Kanpur Nagar,208001,58,6.411535222308741
2025-12-15,Uttar Pradesh,Kanpur Nagar,208021,31,3.1855853382638624
2025-12-15,Uttar Pradesh,Kaushambi,212217,36,3.7829834649388396
2025-12-15,Uttar Pradesh,Kheri,262701,49,5.336218594293781
2025-12-15,Uttar Pradesh,Kushinagar,274304,51,5.575177844963772
2025-12-15,Uttar Pradesh,Kushinagar,274802,31,3.1855853382638624
2025-12-15,Uttar Pradesh,Lucknow,226021,30,3.066105712928867
2025-12-15,Uttar Pradesh,Maharajganj,273303,48,5.2167389689587855
2025-12-15,Uttar Pradesh,Mainpuri,205267,30,3.066105712928867
2025-12-15,Uttar Pradesh,Meerut,250001,45,4.858300092953799
2025-12-15,Uttar Pradesh,Pilibhit,262122,31,3.1855853382638624
2025-12-15,Uttar Pradesh,Saharanpur,247554,50,5.455698219628776
2025-12-15,Uttar Pradesh,Sitapur,261203,35,3.663503839603844
2025-12-15,Uttar Pradesh,Unnao,241501,44,4.738820467618804
2025-12-15,Uttar Pradesh,Unnao,241504,34,3.5440242142688487
2025-12-15,Uttar Pradesh,Varanasi,221104,33,3.4245445889338533
2025-12-15,West Bengal,Darjeeling,734003,30,3.066105712928867
2025-12-15,West Bengal,Murshidabad,742303,45,4.858300092953799
2025-12-15,West Bengal,Nadia,741507,51,5.575177844963772
2025-12-15,West Bengal,North 24 Parganas,700124,38,4.021942715608831
2025-12-15,West Bengal,North 24 Parganas,743235,33,3.4245445889338533
2025-12-15,West Bengal,North 24 Parganas,743425,32,3.305064963598858
2025-12-15,Haryana,Faridabad,121001,38,4.021942715608831
2025-12-15,Haryana,Gurgaon,122001,49,5.336218594293781
2025-12-15,Haryana,Jind,126102,43,4.619340842283808
2025-12-15,Haryana,Karnal,132114,32,3.305064963598858
2025-12-15,Haryana,Mewat,122104,37,3.9024630902738355
2025-12-15,Jammu and Kashmir,Punch,185101,33,3.4245445889338533
2025-12-15,Jammu and Kashmir,Punch,185121,41,4.380381591613817
2025-12-15,Jammu and Kashmir,Shupiyan,192303,57,6.2920555969737455
2025-12-15,Jammu and Kashmir,Udhampur,182122,42,4.499861216948813
2025-12-15,Jharkhand,Chatra,825103,45,4.858300092953799
2025-12-15,Jharkhand,Chatra,825403,41,4.380381591613817
2025-12-15,Jharkhand,Chatra,825408,76,8.56216847833866
2025-12-15,Jharkhand,Garhwa,822114,76,8.56216847833866
2025-12-15,Jharkhand,Garhwa,822125,32,3.305064963598858
2025-12-15,Jharkhand,Giridih,825412,76,8.56216847833866
2025-12-15,Jharkhand,Hazaribagh,825311,31,3.1855853382638624
2025-12-15,Jharkhand,Sahebganj,816108,35,3.663503839603844
2025-12-15,Karnataka,Bagalkot,587154,35,3.663503839603844
2025-12-15,Karnataka,Bengaluru,560087,42,4.499861216948813
2025-12-15,Madhya Pradesh,Alirajpur,457882,30,3.066105712928867
2025-12-15,Madhya Pradesh,Anuppur,484881,46,4.977779718288795
2025-12-15,Madhya Pradesh,Betul,460001,30,3.066105712928867
2025-12-15,Madhya Pradesh,Chhatarpur,471313,38,4.021942715608831
2025-12-15,Madhya Pradesh,Chhindwara,480221,34,3.5440242142688487
2025-12-15,Madhya Pradesh,Dewas,455336,34,3.5440242142688487
2025-12-15,Madhya Pradesh,Jhabua,457993,30,3.066105712928867
2025-12-15,Madhya Pradesh,Morena,476001,103,11.788118362383537
2025-12-15,Madhya Pradesh,Rajgarh,465691,30,3.066105712928867
2025-12-15,Madhya Pradesh,Sehore,466331,67,7.4868518503237
2025-12-15,Madhya Pradesh,Shahdol,484110,31,3.1855853382638624
2025-12-15,Madhya Pradesh,Sheopur,476337,82,9.279046230348632
2025-12-15,Madhya Pradesh,Sidhi,486666,42,4.499861216948813
2025-12-15,Madhya Pradesh,Tikamgarh,472111,46,4.977779718288795
2025-12-15,Madhya Pradesh,Ujjain,456006,53,5.814137095633764
2025-12-15,Madhya Pradesh,Umaria,484661,81,9.159566605013637
2025-12-15,Madhya Pradesh,Vidisha,464114,51,5.575177844963772
2025-12-15,Madhya Pradesh,Vidisha,464228,46,4.977779718288795
2025-12-15,Maharashtra,Ahmadnagar,422605,46,4.977779718288795
2025-12-15,Maharashtra,Nandurbar,425412,32,3.305064963598858
2025-12-15,Maharashtra,Pune,411048,31,3.1855853382638624
2025-12-15,Maharashtra,Raigarh,410206,37,3.9024630902738355
2025-12-15,Maharashtra,Solapur,413006,37,3.9024630902738355
2025-12-15,Maharashtra,Thane,401107,59,6.531014847643736
2025-12-15,Maharashtra,Thane,421302,104,11.907597987718534
2025-12-15,Maharashtra,Yavatmal,445204,36,3.7829834649388396
2025-12-15,Meghalaya,Ri Bhoi,793102,31,3.1855853382638624
2025-12-15,Odisha,Nabarangapur,764071,52,5.694657470298767
2025-12-15,Rajasthan,Banswara,327801,37,3.9024630902738355
2025-12-15,Rajasthan,Bikaner,334001,39,4.141422340943826
2025-12-15,Rajasthan,Jalor,343029,70,7.845290726328686
2025-12-15,Rajasthan,Jodhpur,342001,88,9.995923982358605
2025-12-15,Rajasthan,Nagaur,341503,34,3.5440242142688487
2025-12-15,West Bengal,Puruliya,723101,35,3.663503839603844
2025-12-15,West Bengal,Puruliya,723143,31,3.1855853382638624
2025-12-15,West Bengal,South 24 Parganas,743329,65,7.247892599653709
2025-12-15,West Bengal,South 24 Parganas,743503,32,3.305064963598858
2025-12-15,West Bengal,Uttar Dinajpur,733134,30,3.066105712928867
2025-12-15,Haryana,Mahendragarh,123001,35,3.663503839603844
2025-12-15,Haryana,Rohtak,124001,62,6.889453723648723
2025-12-15,Jammu and Kashmir,Kishtwar,182204,35,3.663503839603844
2025-12-15,Jammu and Kashmir,Kishtwar,182205,43,4.619340842283808
2025-12-15,Jharkhand,Deoghar,815353,41,4.380381591613817
2025-12-15,Jharkhand,East Singhbhum,832301,43,4.619340842283808
2025-12-15,Jharkhand,Giridih,815312,42,4.499861216948813
2025-12-15,Jharkhand,Giridih,815314,39,4.141422340943826
2025-12-15,Jharkhand,Godda,814154,31,3.1855853382638624
2025-12-15,Jharkhand,Hazaribagh,825301,33,3.4245445889338533
2025-12-15,Jharkhand,Lohardaga,835302,73,8.203729602333674
2025-12-15,Jharkhand,Palamu,822123,36,3.7829834649388396
2025-12-15,Jharkhand,Palamu,822124,39,4.141422340943826
2025-12-15,Jharkhand,West Singhbhum,833201,35,3.663503839603844
2025-12-15,Karnataka,Haveri,581118,30,3.066105712928867
2025-12-15,Karnataka,Raichur,584128,37,3.9024630902738355
2025-12-15,Madhya Pradesh,Barwani,451666,97,11.071240610373565
2025-12-15,Madhya Pradesh,Chhatarpur,471001,39,4.141422340943826
2025-12-15,Madhya Pradesh,Chhindwara,480001,51,5.575177844963772
2025-12-15,Madhya Pradesh,Dewas,455332,30,3.066105712928867
2025-12-15,Madhya Pradesh,Dhar,454221,34,3.5440242142688487
2025-12-15,Madhya Pradesh,Dhar,454331,45,4.858300092953799
2025-12-15,Madhya Pradesh,Dhar,454446,50,5.455698219628776
2025-12-15,Madhya Pradesh,Dindori,481880,32,3.305064963598858
2025-12-15,Madhya Pradesh,Gwalior,474006,48,5.2167389689587855
2025-12-15,Madhya Pradesh,Indore,452001,71,7.964770351663682
2025-12-15,Madhya Pradesh,Indore,452010,32,3.305064963598858
2025-12-15,Madhya Pradesh,Jabalpur,482003,53,5.814137095633764
2025-12-15,Madhya Pradesh,Jhabua,457661,86,9.756964731688614
2025-12-15,Madhya Pradesh,Jhabua,457779,44,4.738820467618804
2025-12-15,Madhya Pradesh,Morena,476115,53,5.814137095633764
2025-12-15,Madhya Pradesh,Morena,476229,70,7.845290726328686
2025-12-15,Madhya Pradesh,Rajgarh,465674,42,4.499861216948813
2025-12-15,Madhya Pradesh,Ratlam,457001,73,8.203729602333674
2025-12-15,Madhya Pradesh,Satna,485001,36,3.7829834649388396
2025-12-15,Madhya Pradesh,Sehore,466116,35,3.663503839603844
2025-12-15,Madhya Pradesh,Seoni,480661,44,4.738820467618804
2025-12-15,Madhya Pradesh,Shajapur,465001,47,5.09725934362379
2025-12-15,Madhya Pradesh,Shajapur,465337,36,3.7829834649388396
2025-12-15,Madhya Pradesh,Sheopur,476339,41,4.380381591613817
2025-12-15,Madhya Pradesh,Singrauli,486881,41,4.380381591613817
2025-12-15,Madhya Pradesh,Tikamgarh,472001,46,4.977779718288795
2025-12-15,Madhya Pradesh,Tikamgarh,472115,47,5.09725934362379
2025-12-15,Madhya Pradesh,Ujjain,456550,30,3.066105712928867
2025-12-15,Madhya Pradesh,Vidisha,464001,59,6.531014847643736
2025-12-15,Madhya Pradesh,Vidisha,464224,32,3.305064963598858
2025-12-15,Maharashtra,Jalna,431203,39,4.141422340943826
2025-12-15,Maharashtra,Mumbai,400043,47,5.09725934362379
2025-12-15,Assam,Dhubri,783335,33,3.4245445889338533
2025-12-15,Assam,Tinsukia,786174,46,4.977779718288795
2025-12-15,Bihar,Araria,854329,60,6.650494472978732
2025-12-15,Bihar,Araria,854331,30,3.066105712928867
2025-12-15,Bihar,Araria,854333,46,4.977779718288795
2025-12-15,Bihar,Banka,813104,34,3.5440242142688487
2025-12-15,Bihar,Begusarai,851112,48,5.2167389689587855
2025-12-15,Bihar,Begusarai,851131,52,5.694657470298767
2025-12-15,Bihar,Begusarai,851211,71,7.964770351663682
2025-12-15,Bihar,Bhojpur,802201,35,3.663503839603844
2025-12-15,Bihar,Buxar,802117,30,3.066105712928867
2025-12-15,Bihar,Darbhanga,847121,31,3.1855853382638624
2025-12-15,Bihar,Darbhanga,847427,30,3.066105712928867
2025-12-15,Bihar,Darbhanga,848213,45,4.858300092953799
2025-12-15,Bihar,East Champaran,845301,51,5.575177844963772
2025-12-15,Bihar,East Champaran,845401,50,5.455698219628776
2025-12-15,Bihar,East Champaran,845414,32,3.305064963598858
2025-12-15,Bihar,Gaya,823311,34,3.5440242142688487
2025-12-15,Bihar,Gaya,824201,37,3.9024630902738355
2025-12-15,Bihar,Gaya,824233,41,4.380381591613817
2025-12-15,Bihar,Gopalganj,841426,44,4.738820467618804
2025-12-15,Bihar,Kaimur (Bhabua),821102,46,4.977779718288795
2025-12-15,Bihar,Kaimur (Bhabua),821103,34,3.5440242142688487
2025-12-15,Bihar,Khagaria,851203,42,4.499861216948813
2025-12-15,Bihar,Khagaria,851214,37,3.9024630902738355
2025-12-15,Bihar,Khagaria,852161,34,3.5440242142688487
2025-12-15,Bihar,Kishanganj,855117,32,3.305064963598858
2025-12-15,Bihar,Lakhisarai,811106,32,3.305064963598858
2025-12-15,Bihar,Lakhisarai,811302,44,4.738820467618804
2025-12-15,Bihar,Madhepura,852116,42,4.499861216948813
2025-12-15,Bihar,Muzaffarpur,843103,30,3.066105712928867
2025-12-15,Bihar,Muzaffarpur,843125,39,4.141422340943826
2025-12-15,Bihar,Nalanda,803101,30,3.066105712928867
2025-12-15,Bihar,Nalanda,803110,39,4.141422340943826
2025-12-15,Bihar,Patna,801109,31,3.1855853382638624
2025-12-15,Bihar,Purnia,854325,30,3.066105712928867
2025-12-15,Bihar,Samastipur,848132,56,6.17257597163875
2025-12-15,Bihar,Samastipur,848134,31,3.1855853382638624
2025-12-15,Bihar,Samastipur,848503,52,5.694657470298767
2025-12-15,Bihar,Saran,841207,32,3.305064963598858
2025-12-15,Bihar,Saran,841411,30,3.066105712928867
2025-12-15,Bihar,Sitamarhi,843317,39,4.141422340943826
2025-12-15,Bihar,Sitamarhi,843333,46,4.977779718288795
2025-12-15,Bihar,Supaul,852131,57,6.2920555969737455
2025-12-15,Bihar,Vaishali,844122,68,7.6063314756586955
2025-12-15,Bihar,Vaishali,844505,54,5.933616720968759
2025-12-15,Bihar,West Champaran,845404,36,3.7829834649388396
2025-12-15,Bihar,West Champaran,845438,107,12.266036863723519
2025-12-15,Bihar,West Champaran,845452,45,4.858300092953799
2025-12-15,Bihar,West Champaran,845454,61,6.769974098313727
2025-12-15,Chhattisgarh,Bastar,494001,49,5.336218594293781
2025-12-15,Chhattisgarh,Bastar,494222,31,3.1855853382638624
2025-12-15,Chhattisgarh,Kawardha,491995,46,4.977779718288795
2025-12-15,Chhattisgarh,Mungeli,495115,34,3.5440242142688487
2025-12-15,Chhattisgarh,Surguja,497101,31,3.1855853382638624
2025-12-15,Delhi,East Delhi,110092,32,3.305064963598858
2025-12-15,Gujarat,Banaskantha,385535,55,6.053096346303755
2025-12-15,Gujarat,Kachchh,370201,40,4.260901966278822
2025-12-15,Gujarat,Kachchh,370605,32,3.305064963598858
2025-12-15,Gujarat,Surat,394210,60,6.650494472978732
2025-12-15,Gujarat,Surat,395006,33,3.4245445889338533
2025-12-15,Gujarat,Valsad,396050,39,4.141422340943826
2025-12-15,Maharashtra,Parbhani,431401,35,3.663503839603844
2025-12-15,Maharashtra,Pune,411057,32,3.305064963598858
2025-12-15,Maharashtra,Solapur,413002,33,3.4245445889338533
2025-12-15,Maharashtra,Thane,400612,84,9.518005481018623
2025-12-15,Punjab,Patiala,147001,42,4.499861216948813
2025-12-15,Rajasthan,Barmer,344001,39,4.141422340943826
2025-12-15,Rajasthan,Bharatpur,321001,35,3.663503839603844
2025-12-15,Rajasthan,Bharatpur,321021,31,3.1855853382638624
2025-12-15,Rajasthan,Bhilwara,311001,31,3.1855853382638624
2025-12-15,Rajasthan,Jalor,343040,57,6.2920555969737455
2025-12-15,Rajasthan,Jodhpur,342025,41,4.380381591613817
2025-12-15,Rajasthan,Jodhpur,342301,33,3.4245445889338533
2025-12-15,Rajasthan,Udaipur,307025,87,9.87644435702361
2025-12-15,Tamil Nadu,Chennai,600001,30,3.066105712928867
2025-12-15,Telangana,Hyderabad,500006,31,3.1855853382638624
2025-12-15,Telangana,Hyderabad,500053,53,5.814137095633764
2025-12-15,Uttar Pradesh,Agra,282002,32,3.305064963598858
2025-12-15,Uttar Pradesh,Banda,210001,32,3.305064963598858
2025-12-15,Uttar Pradesh,Bareilly,243001,70,7.845290726328686
2025-12-15,Uttar Pradesh,Chitrakoot,210205,53,5.814137095633764
2025-12-15,Uttar Pradesh,Gautam Buddha Nagar,201301,64,7.128412974318714
2025-12-15,Uttar Pradesh,Kannauj,209721,38,4.021942715608831
2025-12-15,Uttar Pradesh,Kaushambi,212206,45,4.858300092953799
2025-12-15,Uttar Pradesh,Kushinagar,274305,34,3.5440242142688487
2025-12-15,Uttar Pradesh,Lalitpur,284403,37,3.9024630902738355
2025-12-15,Uttar Pradesh,Lucknow,226003,83,9.398525855683628
2025-12-15,Uttar Pradesh,Lucknow,226017,40,4.260901966278822
2025-12-15,Uttar Pradesh,Mathura,281001,42,4.499861216948813
2025-12-15,Uttar Pradesh,Mau,275101,47,5.09725934362379
2025-12-15,Uttar Pradesh,Pilibhit,262201,37,3.9024630902738355
2025-12-15,Uttar Pradesh,Rae Bareli,229001,47,5.09725934362379
2025-12-15,Uttar Pradesh,Saharanpur,247121,38,4.021942715608831
2025-12-15,Uttar Pradesh,Shamli,247772,33,3.4245445889338533
2025-12-15,Uttar Pradesh,Shamli,247773,39,4.141422340943826
2025-12-15,Uttar Pradesh,Shamli,247774,96,10.951760985038568
2025-12-15,Uttar Pradesh,Shamli,247775,48,5.2167389689587855
2025-12-15,Uttar Pradesh,Siddharthnagar,272206,43,4.619340842283808
2025-12-15,Uttar Pradesh,Sitapur,261001,58,6.411535222308741
2025-12-15,Uttar Pradesh,Sitapur,261201,39,4.141422340943826
2025-12-15,Uttar Pradesh,Unnao,209801,63,7.008933348983718
2025-12-15,Uttarakhand,Udham Singh Nagar,244713,41,4.380381591613817
2025-12-15,West Bengal,Kolkata,700016,31,3.1855853382638624
2025-12-15,West Bengal,Kolkata,700023,34,3.5440242142688487
2025-12-15,West Bengal,Malda,732125,84,9.518005481018623
2025-12-15,West Bengal,Murshidabad,742201,33,3.4245445889338533
2025-12-15,West Bengal,North 24 Parganas,743263,34,3.5440242142688487
2025-12-15,West Bengal,South 24 Parganas,743338,39,4.141422340943826
2025-12-15,West Bengal,South 24 Parganas,743376,33,3.4245445889338533
2025-12-15,West Bengal,Uttar Dinajpur,733207,51,5.575177844963772
2025-12-15,Bihar,Nalanda,803114,30,3.066105712928867
2025-12-15,Bihar,Purnia,854203,56,6.17257597163875
2025-12-15,Bihar,Purnia,854205,42,4.499861216948813
2025-12-15,Bihar,Saharsa,852201,44,4.738820467618804
2025-12-15,Bihar,Samastipur,848114,75,8.442688853003665
2025-12-15,Bihar,Saran,841301,57,6.2920555969737455
2025-12-15,Bihar,Saran,841419,32,3.305064963598858
2025-12-15,Bihar,Saran,841424,59,6.531014847643736
2025-12-15,Bihar,Sheikhpura,811105,70,7.845290726328686
2025-12-15,Bihar,Sheohar,843329,96,10.951760985038568
2025-12-15,Bihar,Sitamarhi,843324,62,6.889453723648723
2025-12-15,Bihar,Sitamarhi,843327,54,5.933616720968759
2025-12-15,Bihar,Supaul,852215,35,3.663503839603844
2025-12-15,Bihar,Supaul,854339,56,6.17257597163875
2025-12-15,Bihar,Vaishali,843114,52,5.694657470298767
2025-12-15,Bihar,Vaishali,844102,37,3.9024630902738355
2025-12-15,Bihar,West Champaran,845101,48,5.2167389689587855
2025-12-15,Bihar,West Champaran,845306,54,5.933616720968759
2025-12-15,Bihar,West Champaran,845449,68,7.6063314756586955
2025-12-15,Bihar,West Champaran,845455,76,8.56216847833866
2025-12-15,Chhattisgarh,Bastar,494442,65,7.247892599653709
2025-12-15,Chhattisgarh,Surguja,497001,51,5.575177844963772
2025-12-15,Delhi,North East Delhi,110053,40,4.260901966278822
2025-12-15,Delhi,North East Delhi,110094,95,10.832281359703574
2025-12-15,Delhi,North West Delhi,110085,40,4.260901966278822
2025-12-15,Delhi,South Delhi,110025,42,4.499861216948813
2025-12-15,Delhi,West Delhi,110041,52,5.694657470298767
2025-12-15,Gujarat,Kachchh,370001,38,4.021942715608831
2025-12-15,Gujarat,Surat,394601,38,4.021942715608831
2025-12-15,Gujarat,Surat,395010,38,4.021942715608831
2025-12-15,Haryana,Faridabad,121004,64,7.128412974318714
2025-12-15,Haryana,Karnal,132001,50,5.455698219628776
2025-12-15,Haryana,Mewat,122508,61,6.769974098313727
2025-12-15,Haryana,Sirsa,125055,64,7.128412974318714
2025-12-15,Jammu and Kashmir,Badgam,191111,33,3.4245445889338533
2025-12-15,Jammu and Kashmir,Doda,182203,67,7.4868518503237
2025-12-15,Jammu and Kashmir,Rajouri,185151,37,3.9024630902738355
2025-12-15,Jammu and Kashmir,Ramban,182146,44,4.738820467618804
2025-12-15,Jharkhand,Chatra,825404,50,5.455698219628776
2025-12-15,Jharkhand,Godda,814133,45,4.858300092953799
2025-12-15,Jharkhand,Godda,814165,30,3.066105712928867
2025-12-15,Jharkhand,Jamtara,815355,34,3.5440242142688487
2025-12-15,Jharkhand,Sahebganj,816109,46,4.977779718288795
2025-12-15,Karnataka,Bagalkot,587301,32,3.305064963598858
2025-12-15,Karnataka,Bengaluru,560049,35,3.663503839603844
2025-12-15,Madhya Pradesh,Agar Malwa,465441,30,3.066105712928867
2025-12-15,Madhya Pradesh,Ashok Nagar,473331,32,3.305064963598858
2025-12-15,Madhya Pradesh,Barwani,451770,44,4.738820467618804
2025-12-15,Madhya Pradesh,Bhopal,462001,58,6.411535222308741
2025-12-15,Madhya Pradesh,Chhatarpur,471405,53,5.814137095633764
2025-12-15,Madhya Pradesh,Chhatarpur,471515,37,3.9024630902738355
2025-12-15,Madhya Pradesh,Chhatarpur,471525,51,5.575177844963772
2025-12-15,Madhya Pradesh,Damoh,470661,33,3.4245445889338533
2025-12-15,Madhya Pradesh,Dhar,454001,50,5.455698219628776
2025-12-15,Madhya Pradesh,Guna,473001,52,5.694657470298767
2025-12-15,Madhya Pradesh,Guna,473105,53,5.814137095633764
2025-12-15,Madhya Pradesh,Indore,452002,37,3.9024630902738355
2025-12-15,Madhya Pradesh,Indore,452016,59,6.531014847643736
2025-12-15,Madhya Pradesh,Jhabua,457777,36,3.7829834649388396
2025-12-15,Madhya Pradesh,Mandla,481661,34,3.5440242142688487
2025-12-15,Madhya Pradesh,Morena,476111,48,5.2167389689587855
2025-12-15,Madhya Pradesh,Raisen,464551,35,3.663503839603844
2025-12-15,Madhya Pradesh,Rewa,486331,57,6.2920555969737455
2025-12-15,Madhya Pradesh,Sehore,466001,41,4.380381591613817
2025-12-15,Madhya Pradesh,Shahdol,484001,42,4.499861216948813
2025-12-15,Madhya Pradesh,Shahdol,484771,40,4.260901966278822
2025-12-15,Madhya Pradesh,Sheopur,476335,42,4.499861216948813
2025-12-15,Madhya Pradesh,Singrauli,486886,111,12.743955365063501
2025-12-15,Madhya Pradesh,Tikamgarh,472118,32,3.305064963598858
2025-12-15,Madhya Pradesh,Ujjain,456221,32,3.305064963598858
2025-12-15,Madhya Pradesh,Ujjain,456224,31,3.1855853382638624
2025-12-15,Madhya Pradesh,Ujjain,456443,39,4.141422340943826
2025-12-15,Madhya Pradesh,Umaria,484660,48,5.2167389689587855
2025-12-15,Maharashtra,Aurangabad,431151,33,3.4245445889338533
2025-12-15,Maharashtra,Hingoli,431513,32,3.305064963598858
2025-12-15,Maharashtra,Nashik,422101,35,3.663503839603844
2025-12-15,Maharashtra,Nashik,423203,58,6.411535222308741
2025-12-15,Maharashtra,Pune,412105,44,4.738820467618804
2025-12-15,Maharashtra,Solapur,413003,59,6.531014847643736
2025-12-15,Maharashtra,Thane,421301,79,8.920607354343646
2025-12-15,Maharashtra,Thane,421306,52,5.694657470298767
2025-12-15,Maharashtra,Thane,421503,41,4.380381591613817
2025-12-15,Maharashtra,Washim,444403,70,7.845290726328686
2025-12-15,Meghalaya,Eastern West Khasi Hills,793120,63,7.008933348983718
2025-12-15,Meghalaya,North Garo Hills,783134,81,9.159566605013637
2025-12-15,Punjab,Amritsar,143001,53,5.814137095633764
2025-12-15,Rajasthan,Ajmer,305001,42,4.499861216948813
2025-12-15,Rajasthan,Alwar,301405,49,5.336218594293781
2025-12-15,Rajasthan,Baran,325205,33,3.4245445889338533
2025-12-15,Rajasthan,Churu,331023,32,3.305064963598858
2025-12-15,Rajasthan,Dungarpur,314030,30,3.066105712928867
2025-12-15,Assam,Goalpara,783129,31,3.1855853382638624
2025-12-15,Bihar,Begusarai,851111,53,5.814137095633764
2025-12-15,Bihar,Bhagalpur,812006,62,6.889453723648723
2025-12-15,Bihar,Bhagalpur,813222,30,3.066105712928867
2025-12-15,Bihar,Bhagalpur,853203,32,3.305064963598858
2025-12-15,Bihar,Bhagalpur,853205,35,3.663503839603844
2025-12-15,Bihar,East Champaran,845303,45,4.858300092953799
2025-12-15,Bihar,East Champaran,845422,51,5.575177844963772
2025-12-15,Bihar,East Champaran,845427,31,3.1855853382638624
2025-12-15,Bihar,East Champaran,845437,52,5.694657470298767
2025-12-15,Bihar,Gaya,823003,66,7.367372224988705
2025-12-15,Bihar,Gaya,824236,52,5.694657470298767
2025-12-15,Bihar,Gopalganj,841427,36,3.7829834649388396
2025-12-15,Bihar,Gopalganj,841503,40,4.260901966278822
2025-12-15,Bihar,Katihar,854104,44,4.738820467618804
2025-12-15,Bihar,Katihar,854114,39,4.141422340943826
2025-12-15,Bihar,Katihar,854116,30,3.066105712928867
2025-12-15,Bihar,Khagaria,851204,68,7.6063314756586955
2025-12-15,Bihar,Kishanganj,855101,39,4.141422340943826
2025-12-15,Bihar,Kishanganj,855108,43,4.619340842283808
2025-12-15,Bihar,Lakhisarai,811311,62,6.889453723648723
2025-12-15,Bihar,Madhepura,852213,39,4.141422340943826
2025-12-15,Bihar,Madhubani,847121,39,4.141422340943826
2025-12-15,Bihar,Madhubani,847226,48,5.2167389689587855
2025-12-15,Bihar,Madhubani,847304,31,3.1855853382638624
2025-12-15,Rajasthan,Jaipur,302020,34,3.5440242142688487
2025-12-15,Rajasthan,Jalor,343041,110,12.624475739728506
2025-12-15,Rajasthan,Udaipur,313001,35,3.663503839603844
2025-12-15,Tamil Nadu,Pudukkottai,614616,30,3.066105712928867
2025-12-15,Uttar Pradesh,Amroha,244221,66,7.367372224988705
2025-12-15,Uttar Pradesh,Bahraich,271865,75,8.442688853003665
2025-12-15,Uttar Pradesh,Ballia,277001,55,6.053096346303755
2025-12-15,Uttar Pradesh,Bijnor,246701,50,5.455698219628776
2025-12-15,Uttar Pradesh,Bijnor,246763,39,4.141422340943826
2025-12-15,Uttar Pradesh,Bulandshahr,203001,66,7.367372224988705
2025-12-15,Uttar Pradesh,Bulandshahr,203131,42,4.499861216948813
2025-12-15,Uttar Pradesh,Chitrakoot,210209,86,9.756964731688614
2025-12-15,Uttar Pradesh,Fatehpur,212601,36,3.7829834649388396
2025-12-15,Uttar Pradesh,Ghaziabad,201102,67,7.4868518503237
2025-12-15,Uttar Pradesh,Gonda,271312,56,6.17257597163875
2025-12-15,Uttar Pradesh,Maharajganj,273162,34,3.5440242142688487
2025-12-15,Uttar Pradesh,Maharajganj,273164,63,7.008933348983718
2025-12-15,Uttar Pradesh,Moradabad,244001,110,12.624475739728506
2025-12-15,Uttar Pradesh,Muzaffarnagar,251001,42,4.499861216948813
2025-12-15,Uttar Pradesh,Pilibhit,262001,58,6.411535222308741
2025-12-15,Uttar Pradesh,Rae Bareli,229301,36,3.7829834649388396
2025-12-15,Uttar Pradesh,Rampur,244901,65,7.247892599653709
2025-12-15,Uttar Pradesh,Saharanpur,247232,36,3.7829834649388396
2025-12-15,Uttar Pradesh,Shamli,247776,51,5.575177844963772
2025-12-15,Uttar Pradesh,Varanasi,221001,66,7.367372224988705
2025-12-15,West Bengal,Nadia,741502,49,5.336218594293781
2025-12-15,West Bengal,North 24 Parganas,700119,47,5.09725934362379
2025-12-15,West Bengal,North 24 Parganas,743249,37,3.9024630902738355
2025-12-15,West Bengal,Uttar Dinajpur,733209,35,3.663503839603844
2025-12-21,Delhi,West Delhi,110059,36,3.7829834649388396
2025-12-21,Madhya Pradesh,Sheopur,476337,31,3.1855853382638624
2025-12-21,Delhi,North West Delhi,110086,43,4.619340842283808
2025-12-21,Madhya Pradesh,Burhanpur,450331,37,3.9024630902738355
2025-12-21,Madhya Pradesh,Rajgarh,465697,34,3.5440242142688487
2025-12-21,Uttar Pradesh,Saharanpur,247001,30,3.066105712928867
2025-12-22,Uttar Pradesh,Aligarh,202001,98,11.19072023570856
2025-12-22,Uttar Pradesh,Allahabad,211003,30,3.066105712928867
2025-12-22,Uttar Pradesh,Bulandshahr,203001,54,5.933616720968759
2025-12-22,Uttar Pradesh,Etah,207001,30,3.066105712928867
2025-12-22,Uttar Pradesh,Fatehpur,212601,31,3.1855853382638624
2025-12-22,Uttar Pradesh,Lucknow,226003,45,4.858300092953799
2025-12-22,Uttar Pradesh,Mau,275101,33,3.4245445889338533
2025-12-22,Uttar Pradesh,Meerut,250001,35,3.663503839603844
2025-12-22,Uttar Pradesh,Shamli,247773,51,5.575177844963772
2025-12-22,West Bengal,North 24 Parganas,743425,32,3.305064963598858
2025-12-22,West Bengal,South 24 Parganas,743355,42,4.499861216948813
2025-12-22,Bihar,Araria,854318,66,7.367372224988705
2025-12-22,Bihar,Banka,813102,30,3.066105712928867
2025-12-22,Bihar,Begusarai,851112,43,4.619340842283808
2025-12-22,Bihar,Katihar,854317,75,8.442688853003665
2025-12-22,Bihar,Khagaria,848203,37,3.9024630902738355
2025-12-22,Bihar,Madhepura,852128,42,4.499861216948813
2025-12-22,Bihar,Saharsa,852106,32,3.305064963598858
2025-12-22,Bihar,Sitamarhi,843302,36,3.7829834649388396
2025-12-22,Bihar,West Champaran,845438,40,4.260901966278822
2025-12-22,Delhi,South Delhi,110062,63,7.008933348983718
2025-12-22,Delhi,West Delhi,110018,37,3.9024630902738355
2025-12-22,Gujarat,Banaskantha,385530,40,4.260901966278822
2025-12-22,Gujarat,Banaskantha,385575,33,3.4245445889338533
2025-12-22,Gujarat,Kachchh,370001,33,3.4245445889338533
2025-12-22,Haryana,Karnal,132001,53,5.814137095633764
2025-12-22,Maharashtra,Mumbai,400070,30,3.066105712928867
2025-12-22,Maharashtra,Mumbai Suburban,400043,43,4.619340842283808
2025-12-22,Maharashtra,Nashik,422003,37,3.9024630902738355
2025-12-22,Maharashtra,Parbhani,431401,36,3.7829834649388396
2025-12-22,Maharashtra,Pune,411017,39,4.141422340943826
2025-12-22,Maharashtra,Solapur,413005,33,3.4245445889338533
2025-12-22,Maharashtra,Yavatmal,445204,31,3.1855853382638624
2025-12-22,Punjab,Amritsar,143001,52,5.694657470298767
2025-12-22,Punjab,Bathinda,151001,33,3.4245445889338533
2025-12-22,Punjab,Ludhiana,141003,36,3.7829834649388396
2025-12-22,Punjab,Ludhiana,141007,31,3.1855853382638624
2025-12-22,Rajasthan,Baran,325216,35,3.663503839603844
2025-12-22,Rajasthan,Barmer,344001,31,3.1855853382638624
2025-12-22,Rajasthan,Churu,331022,32,3.305064963598858
2025-12-22,Rajasthan,Ganganagar,335051,50,5.455698219628776
2025-12-22,Rajasthan,Hanumangarh,335524,33,3.4245445889338533
2025-12-22,Rajasthan,Jaipur,302012,43,4.619340842283808
2025-12-22,Rajasthan,Jodhpur,342001,71,7.964770351663682
2025-12-22,Rajasthan,Karauli,321611,45,4.858300092953799
2025-12-22,Rajasthan,Nagaur,341001,48,5.2167389689587855
2025-12-22,Rajasthan,Udaipur,307025,37,3.9024630902738355
2025-12-22,Haryana,Mewat,122508,35,3.663503839603844
2025-12-22,Haryana,Palwal,121103,34,3.5440242142688487
2025-12-22,Haryana,Rohtak,124001,53,5.814137095633764
2025-12-22,Jammu and Kashmir,Ramban,182144,44,4.738820467618804
2025-12-22,Jammu and Kashmir,Ramban,182146,36,3.7829834649388396
2025-12-22,Jharkhand,Garhwa,822114,67,7.4868518503237
2025-12-22,Madhya Pradesh,Alirajpur,457990,74,8.323209227668668
2025-12-22,Madhya Pradesh,Anuppur,484881,65,7.247892599653709
2025-12-22,Madhya Pradesh,Barwani,451770,43,4.619340842283808
2025-12-22,Madhya Pradesh,Bhopal,462030,35,3.663503839603844
2025-12-22,Madhya Pradesh,Chhatarpur,471001,61,6.769974098313727
2025-12-22,Madhya Pradesh,Chhindwara,480001,51,5.575177844963772
2025-12-22,Madhya Pradesh,Damoh,470661,35,3.663503839603844
2025-12-22,Madhya Pradesh,Dindori,481778,33,3.4245445889338533
2025-12-22,Madhya Pradesh,Gwalior,475220,40,4.260901966278822
2025-12-22,Madhya Pradesh,Harda,461331,35,3.663503839603844
2025-12-22,Madhya Pradesh,Indore,452002,64,7.128412974318714
2025-12-22,Madhya Pradesh,Indore,453661,49,5.336218594293781
2025-12-22,Madhya Pradesh,Indore,453771,31,3.1855853382638624
2025-12-22,Madhya Pradesh,Jabalpur,483113,45,4.858300092953799
2025-12-22,Madhya Pradesh,Jabalpur,483119,83,9.398525855683628
2025-12-22,Madhya Pradesh,Jabalpur,483336,33,3.4245445889338533
2025-12-22,Madhya Pradesh,Jhabua,457777,44,4.738820467618804
2025-12-22,Madhya Pradesh,Morena,476111,48,5.2167389689587855
2025-12-22,Madhya Pradesh,Morena,476221,62,6.889453723648723
2025-12-22,Madhya Pradesh,Neemuch,458441,39,4.141422340943826
2025-12-22,Madhya Pradesh,Rajgarh,465693,49,5.336218594293781
2025-12-22,Madhya Pradesh,Rajgarh,465697,65,7.247892599653709
2025-12-22,Madhya Pradesh,Satna,485771,33,3.4245445889338533
2025-12-22,Madhya Pradesh,Satna,485772,43,4.619340842283808
2025-12-22,Madhya Pradesh,Seoni,480990,50,5.455698219628776
2025-12-22,Madhya Pradesh,Seoni,480997,34,3.5440242142688487
2025-12-22,Madhya Pradesh,Shahdol,484001,40,4.260901966278822
2025-12-22,Madhya Pradesh,Shahdol,484669,33,3.4245445889338533
2025-12-22,Madhya Pradesh,Shahdol,484774,43,4.619340842283808
2025-12-22,Madhya Pradesh,Shajapur,465001,39,4.141422340943826
2025-12-22,Madhya Pradesh,Sheopur,476332,51,5.575177844963772
2025-12-22,Madhya Pradesh,Shivpuri,473995,35,3.663503839603844
2025-12-22,Madhya Pradesh,Singrauli,486881,33,3.4245445889338533
2025-12-22,Madhya Pradesh,Ujjain,456006,84,9.518005481018623
2025-12-22,Maharashtra,Ahmadnagar,413719,35,3.663503839603844
2025-12-22,Maharashtra,Ahmadnagar,413737,50,5.455698219628776
2025-12-22,Maharashtra,Amravati,444601,39,4.141422340943826
2025-12-22,Maharashtra,Aurangabad,431001,116,13.341353491738479
2025-12-22,Tamil Nadu,Salem,637101,50,5.455698219628776
2025-12-22,Telangana,Hyderabad,500005,33,3.4245445889338533
2025-12-22,Uttar Pradesh,Agra,282001,52,5.694657470298767
2025-12-22,Uttar Pradesh,Agra,282006,38,4.021942715608831
2025-12-22,Uttar Pradesh,Bareilly,243001,53,5.814137095633764
2025-12-22,Uttar Pradesh,Ghaziabad,201102,36,3.7829834649388396
2025-12-22,Uttar Pradesh,Saharanpur,247001,120,13.81927199307846
2025-12-22,Uttar Pradesh,Shahjahanpur,242001,41,4.380381591613817
2025-12-22,Uttar Pradesh,Sitapur,261001,42,4.499861216948813
2025-12-22,Uttar Pradesh,Sitapur,261135,30,3.066105712928867
2025-12-22,Uttarakhand,Udham Singh Nagar,244713,62,6.889453723648723
2025-12-22,Uttarakhand,Udham Singh Nagar,262401,33,3.4245445889338533
2025-12-22,West Bengal,Murshidabad,742133,61,6.769974098313727
2025-12-22,West Bengal,South 24 Parganas,743503,31,3.1855853382638624
2025-12-22,West Bengal,Uttar Dinajpur,733202,41,4.380381591613817
2025-12-22,West Bengal,Uttar Dinajpur,733210,60,6.650494472978732
2025-12-22,Haryana,Faridabad,121001,33,3.4245445889338533
2025-12-22,Haryana,Gurgaon,122001,39,4.141422340943826
2025-12-22,Haryana,Jhajjar,124507,39,4.141422340943826
2025-12-22,Haryana,Panipat,132103,61,6.769974098313727
2025-12-22,Haryana,Sirsa,125055,41,4.380381591613817
2025-12-22,Jharkhand,Giridih,815312,30,3.066105712928867
2025-12-22,Karnataka,Dakshina Kannada,574253,37,3.9024630902738355
2025-12-22,Kerala,Malappuram,673638,40,4.260901966278822
2025-12-22,Madhya Pradesh,Agar Malwa,465441,34,3.5440242142688487
2025-12-22,Madhya Pradesh,Agar Malwa,465445,44,4.738820467618804
2025-12-22,Madhya Pradesh,Betul,460220,31,3.1855853382638624
2025-12-22,Madhya Pradesh,Bhopal,462010,33,3.4245445889338533
2025-12-22,Madhya Pradesh,Damoh,470673,31,3.1855853382638624
2025-12-22,Madhya Pradesh,Dhar,454001,47,5.09725934362379
2025-12-22,Madhya Pradesh,Dhar,454331,44,4.738820467618804
2025-12-22,Madhya Pradesh,Dindori,481884,30,3.066105712928867
2025-12-22,Madhya Pradesh,Hoshangabad,461001,35,3.663503839603844
2025-12-22,Madhya Pradesh,Indore,452001,66,7.367372224988705
2025-12-22,Madhya Pradesh,Indore,452016,55,6.053096346303755
2025-12-22,Madhya Pradesh,Jabalpur,483225,44,4.738820467618804
2025-12-22,Madhya Pradesh,Jhabua,457661,74,8.323209227668668
2025-12-22,Madhya Pradesh,Khargone,451331,36,3.7829834649388396
2025-12-22,Madhya Pradesh,Panna,488220,43,4.619340842283808
2025-12-22,Madhya Pradesh,Rajgarh,465683,62,6.889453723648723
2025-12-22,Madhya Pradesh,Rajgarh,465687,64,7.128412974318714
2025-12-22,Madhya Pradesh,Rewa,486331,35,3.663503839603844
2025-12-22,Madhya Pradesh,Satna,485001,48,5.2167389689587855
2025-12-22,Madhya Pradesh,Sehore,466331,54,5.933616720968759
2025-12-22,Madhya Pradesh,Sheopur,476339,50,5.455698219628776
2025-12-22,Madhya Pradesh,Umaria,484661,58,6.411535222308741
2025-12-22,Madhya Pradesh,Vidisha,464221,62,6.889453723648723
2025-12-22,Maharashtra,Ahmadnagar,422604,68,7.6063314756586955
2025-12-22,Maharashtra,Jalgaon,425001,36,3.7829834649388396
2025-12-22,Maharashtra,Nandurbar,425412,31,3.1855853382638624
2025-12-22,Maharashtra,Nashik,422101,34,3.5440242142688487
2025-12-22,Maharashtra,Thane,400612,78,8.80112772900865
2025-12-22,Maharashtra,Thane,401107,43,4.619340842283808
2025-12-22,Maharashtra,Thane,421306,32,3.305064963598858
2025-12-22,Maharashtra,Thane,421503,31,3.1855853382638624
2025-12-22,Bihar,Araria,854312,36,3.7829834649388396
2025-12-22,Bihar,Muzaffarpur,843119,34,3.5440242142688487
2025-12-22,Bihar,Vaishali,844505,36,3.7829834649388396
2025-12-22,Bihar,West Champaran,845105,33,3.4245445889338533
2025-12-22,Rajasthan,Banswara,327001,41,4.380381591613817
2025-12-22,Rajasthan,Bikaner,334001,46,4.977779718288795
2025-12-22,Rajasthan,Jodhpur,342025,50,5.455698219628776
2025-12-22,Rajasthan,Jodhpur,342027,33,3.4245445889338533
2025-12-22,Rajasthan,Nagaur,341503,30,3.066105712928867
2025-12-22,Rajasthan,Udaipur,313001,36,3.7829834649388396
2025-12-22,Telangana,K.v. Rangareddy,500052,38,4.021942715608831
2025-12-22,Telangana,K.v. Rangareddy,501218,31,3.1855853382638624
2025-12-22,Uttar Pradesh,Banda,210001,32,3.305064963598858
2025-12-22,Uttar Pradesh,Deoria,274001,33,3.4245445889338533
2025-12-22,Uttar Pradesh,Gautam Buddha Nagar,203207,32,3.305064963598858
2025-12-22,Uttar Pradesh,Hardoi,241001,69,7.725811100993691
2025-12-22,Uttar Pradesh,Jhansi,284204,31,3.1855853382638624
2025-12-22,Uttar Pradesh,Mainpuri,205001,36,3.7829834649388396
2025-12-22,Uttar Pradesh,Meerut,250002,59,6.531014847643736
2025-12-22,Uttar Pradesh,Rampur,244901,69,7.725811100993691
2025-12-22,Uttar Pradesh,Rampur,244924,31,3.1855853382638624
2025-12-22,Chhattisgarh,Balrampur,497225,30,3.066105712928867
2025-12-22,Chhattisgarh,Bastar,494442,127,14.655629370423428
2025-12-22,Delhi,North East,110094,33,3.4245445889338533
2025-12-22,Delhi,North East Delhi,110093,31,3.1855853382638624
2025-12-22,Delhi,North West Delhi,110085,35,3.663503839603844
2025-12-22,Delhi,North West Delhi,110086,144,16.68678300111835
2025-12-22,Delhi,South Delhi,110025,46,4.977779718288795
2025-12-22,Delhi,South West Delhi,110043,57,6.2920555969737455
2025-12-22,Gujarat,Bhavnagar,364270,45,4.858300092953799
2025-12-22,Haryana,Palwal,121102,40,4.260901966278822
2025-12-22,Jammu and Kashmir,Kishtwar,182205,37,3.9024630902738355
2025-12-22,Jammu and Kashmir,Kulgam,192231,31,3.1855853382638624
2025-12-22,Jammu and Kashmir,Shupiyan,192303,34,3.5440242142688487
2025-12-22,Jharkhand,Deoghar,815353,44,4.738820467618804
2025-12-22,Jharkhand,Seraikela-Kharsawan,832401,37,3.9024630902738355
2025-12-22,Karnataka,Kolar,563101,37,3.9024630902738355
2025-12-22,Madhya Pradesh,Alirajpur,457888,30,3.066105712928867
2025-12-22,Madhya Pradesh,Ashok Nagar,473443,34,3.5440242142688487
2025-12-22,Madhya Pradesh,Barwani,451551,36,3.7829834649388396
2025-12-22,Madhya Pradesh,Barwani,451660,40,4.260901966278822
2025-12-22,Madhya Pradesh,Betul,460001,49,5.336218594293781
2025-12-22,Madhya Pradesh,Betul,460330,39,4.141422340943826
2025-12-22,Madhya Pradesh,Chhatarpur,471525,32,3.305064963598858
2025-12-22,Madhya Pradesh,Chhindwara,480221,30,3.066105712928867
2025-12-22,Madhya Pradesh,Dhar,454552,35,3.663503839603844
2025-12-22,Madhya Pradesh,East Nimar,450001,30,3.066105712928867
2025-12-22,Madhya Pradesh,Gwalior,474001,60,6.650494472978732
2025-12-22,Madhya Pradesh,Indore,453001,68,7.6063314756586955
2025-12-22,Madhya Pradesh,Jabalpur,482001,47,5.09725934362379
2025-12-22,Madhya Pradesh,Jhabua,457773,30,3.066105712928867
2025-12-22,Madhya Pradesh,Mandsaur,458002,45,4.858300092953799
2025-12-22,Madhya Pradesh,Raisen,464551,52,5.694657470298767
2025-12-22,Madhya Pradesh,Rajgarh,465661,56,6.17257597163875
2025-12-22,Madhya Pradesh,Rajgarh,465679,39,4.141422340943826
2025-12-22,Madhya Pradesh,Sidhi,486661,75,8.442688853003665
2025-12-22,Madhya Pradesh,Sidhi,486666,38,4.021942715608831
2025-12-22,Madhya Pradesh,Tikamgarh,472115,45,4.858300092953799
2025-12-22,Madhya Pradesh,Ujjain,456001,46,4.977779718288795
2025-12-22,Madhya Pradesh,Ujjain,456443,40,4.260901966278822
2025-12-22,Maharashtra,Ahmadnagar,422605,46,4.977779718288795
2025-12-22,Maharashtra,Ahmadnagar,422611,39,4.141422340943826
2025-12-22,Maharashtra,Beed,431122,43,4.619340842283808
2025-12-22,Maharashtra,Gondiya,441614,30,3.066105712928867
2025-12-22,Maharashtra,Jalna,431203,52,5.694657470298767
2025-12-22,Maharashtra,Pune,411033,38,4.021942715608831
2025-12-22,Maharashtra,Pune,412105,46,4.977779718288795
2025-12-22,Maharashtra,Raigarh,410206,46,4.977779718288795
2025-12-22,Maharashtra,Solapur,413304,33,3.4245445889338533
2025-12-22,Maharashtra,Thane,421301,79,8.920607354343646
2025-12-22,Punjab,Ludhiana,141008,32,3.305064963598858
2025-12-22,Rajasthan,Alwar,301001,54,5.933616720968759
2025-12-22,Bihar,Begusarai,851211,34,3.5440242142688487
2025-12-22,Bihar,Kishanganj,855101,54,5.933616720968759
2025-12-22,Bihar,Munger,811211,30,3.066105712928867
2025-12-22,Bihar,Muzaffarpur,843128,36,3.7829834649388396
2025-12-22,Bihar,Purnia,854203,41,4.380381591613817
2025-12-22,Bihar,Samastipur,848114,33,3.4245445889338533
2025-12-22,Bihar,Samastipur,848117,35,3.663503839603844
2025-12-22,Bihar,Sitamarhi,843331,36,3.7829834649388396
2025-12-22,Uttarakhand,Haridwar,247667,34,3.5440242142688487
2025-12-22,West Bengal,Malda,732139,50,5.455698219628776
2025-12-22,West Bengal,Malda,732201,39,4.141422340943826
2025-12-22,West Bengal,Murshidabad,742303,39,4.141422340943826
2025-12-22,West Bengal,South 24 Parganas,743337,36,3.7829834649388396
2025-12-22,West Bengal,Uttar Dinajpur,733208,67,7.4868518503237
2025-12-22,Chhattisgarh,Kondagaon,494226,44,4.738820467618804
2025-12-22,Chhattisgarh,Mahasamund,493449,33,3.4245445889338533
2025-12-22,Chhattisgarh,Mungeli,495334,33,3.4245445889338533
2025-12-22,Delhi,East Delhi,110091,49,5.336218594293781
2025-12-22,Delhi,North East Delhi,110053,38,4.021942715608831
2025-12-22,Delhi,North West Delhi,110033,39,4.141422340943826
2025-12-22,Delhi,South Delhi,110044,44,4.738820467618804
2025-12-22,Delhi,South West Delhi,110045,33,3.4245445889338533
2025-12-22,Delhi,West Delhi,110059,116,13.341353491738479
2025-12-22,Gujarat,Banaskantha,385330,43,4.619340842283808
2025-12-22,Gujarat,Banaskantha,385535,40,4.260901966278822
2025-12-22,Gujarat,Bhavnagar,364290,31,3.1855853382638624
2025-12-22,Gujarat,Junagadh,362225,41,4.380381591613817
2025-12-22,Gujarat,Surat,395004,42,4.499861216948813
2025-12-22,Gujarat,Surat,395010,46,4.977779718288795
2025-12-22,Haryana,Faridabad,121004,41,4.380381591613817
2025-12-22,Haryana,Hisar,125001,55,6.053096346303755
2025-12-22,Haryana,Hisar,125033,30,3.066105712928867
2025-12-22,Haryana,Mewat,122105,37,3.9024630902738355
2025-12-22,Haryana,Yamuna Nagar,135001,53,5.814137095633764
2025-12-22,Jammu and Kashmir,Badgam,191111,43,4.619340842283808
2025-12-22,Jammu and Kashmir,Badgam,193411,35,3.663503839603844
2025-12-22,Jammu and Kashmir,Baramula,193101,34,3.5440242142688487
2025-12-22,Jharkhand,Bokaro,827013,33,3.4245445889338533
2025-12-22,Jharkhand,Gumla,835207,30,3.066105712928867
2025-12-22,Jharkhand,West Singhbhum,833214,32,3.305064963598858
2025-12-22,Madhya Pradesh,Anuppur,484334,36,3.7829834649388396
2025-12-22,Madhya Pradesh,Burhanpur,450331,121,13.938751618413455
2025-12-22,Madhya Pradesh,Chhindwara,480224,33,3.4245445889338533
2025-12-22,Madhya Pradesh,Dewas,455001,95,10.832281359703574
2025-12-22,Madhya Pradesh,Dhar,454446,63,7.008933348983718
2025-12-22,Madhya Pradesh,Dhar,454449,50,5.455698219628776
2025-12-22,Madhya Pradesh,Dhar,454660,33,3.4245445889338533
2025-12-22,Madhya Pradesh,Guna,473226,33,3.4245445889338533
2025-12-22,Madhya Pradesh,Gwalior,474006,51,5.575177844963772
2025-12-22,Madhya Pradesh,Hoshangabad,461111,38,4.021942715608831
2025-12-22,Madhya Pradesh,Indore,452020,31,3.1855853382638624
2025-12-22,Madhya Pradesh,Indore,453441,39,4.141422340943826
2025-12-22,Madhya Pradesh,Rajgarh,465669,55,6.053096346303755
2025-12-22,Madhya Pradesh,Rajgarh,465691,43,4.619340842283808
2025-12-22,Madhya Pradesh,Ratlam,457001,85,9.637485106353619
2025-12-22,Madhya Pradesh,Sagar,470001,31,3.1855853382638624
2025-12-22,Madhya Pradesh,Sagar,470002,47,5.09725934362379
2025-12-22,Madhya Pradesh,Sagar,470113,57,6.2920555969737455
2025-12-22,Madhya Pradesh,Sehore,466115,36,3.7829834649388396
2025-12-22,Madhya Pradesh,Sehore,466116,42,4.499861216948813
2025-12-22,Madhya Pradesh,Seoni,480661,51,5.575177844963772
2025-12-22,Madhya Pradesh,Shahdol,484771,30,3.066105712928867
2025-12-22,Madhya Pradesh,Shajapur,465337,50,5.455698219628776
2025-12-22,Madhya Pradesh,Shivpuri,473551,52,5.694657470298767
2025-12-22,Madhya Pradesh,Shivpuri,473660,49,5.336218594293781
2025-12-22,Madhya Pradesh,Tikamgarh,472118,37,3.9024630902738355
2025-12-22,Madhya Pradesh,Ujjain,456665,35,3.663503839603844
2025-12-22,Madhya Pradesh,Vidisha,464001,56,6.17257597163875
2025-12-22,Madhya Pradesh,Vidisha,464224,38,4.021942715608831
2025-12-22,Maharashtra,Aurangabad,431103,30,3.066105712928867
2025-12-22,Maharashtra,Dhule,424001,40,4.260901966278822
2025-12-22,Maharashtra,Jalna,431114,31,3.1855853382638624
2025-12-22,Maharashtra,Latur,413512,32,3.305064963598858
2025-12-22,Maharashtra,Nashik,423203,107,12.266036863723519
2025-12-22,Maharashtra,Solapur,413002,33,3.4245445889338533
2025-12-22,Maharashtra,Thane,421302,93,10.593322109033583
2025-12-22,Bihar,Araria,854311,120,13.81927199307846
2025-12-22,Bihar,Araria,854329,31,3.1855853382638624
2025-12-22,Bihar,Begusarai,851129,39,4.141422340943826
2025-12-22,Bihar,Darbhanga,847203,39,4.141422340943826
2025-12-22,Bihar,Khagaria,851204,39,4.141422340943826
2025-12-22,Bihar,Madhubani,847235,42,4.499861216948813
2025-12-22,Bihar,Purnia,854202,33,3.4245445889338533
2025-12-22,Bihar,Purnia,854315,78,8.80112772900865
2025-12-22,Bihar,Sheohar,843329,39,4.141422340943826
2025-12-22,Bihar,Sitamarhi,843327,35,3.663503839603844
2025-12-22,Rajasthan,Barmer,344704,49,5.336218594293781
2025-12-22,Rajasthan,Sirohi,307026,36,3.7829834649388396
2025-12-22,Telangana,Hyderabad,500008,44,4.738820467618804
2025-12-22,Telangana,Hyderabad,500053,41,4.380381591613817
2025-12-22,Uttar Pradesh,Bareilly,243201,37,3.9024630902738355
2025-12-22,Uttar Pradesh,Bijnor,246725,57,6.2920555969737455
2025-12-22,Uttar Pradesh,Chitrakoot,210207,36,3.7829834649388396
2025-12-22,Uttar Pradesh,Firozabad,283203,68,7.6063314756586955
2025-12-22,Uttar Pradesh,Hapur,245101,64,7.128412974318714
2025-12-22,Uttar Pradesh,Lalitpur,284403,39,4.141422340943826
2025-12-22,Uttar Pradesh,Pilibhit,262001,54,5.933616720968759
2025-12-22,Uttar Pradesh,Pilibhit,262201,33,3.4245445889338533
2025-12-22,Uttar Pradesh,Saharanpur,247121,34,3.5440242142688487
2025-12-22,Uttar Pradesh,Shamli,247775,53,5.814137095633764
2025-12-22,West Bengal,Malda,732125,47,5.09725934362379
2025-12-22,West Bengal,South 24 Parganas,743368,31,3.1855853382638624
2025-12-22,Gujarat,Banaskantha,385310,38,4.021942715608831
2025-12-22,Gujarat,Surat,394210,66,7.367372224988705
2025-12-22,Gujarat,Surat,395006,38,4.021942715608831
2025-12-22,Haryana,Fatehabad,125050,39,4.141422340943826
2025-12-22,Haryana,Jind,126102,38,4.021942715608831
2025-12-22,Haryana,Mahendragarh,123001,41,4.380381591613817
2025-12-22,Haryana,Mewat,122104,32,3.305064963598858
2025-12-22,Haryana,Mewat,122107,51,5.575177844963772
2025-12-22,Jammu and Kashmir,Pulwama,192301,41,4.380381591613817
2025-12-22,Jharkhand,Garhwa,822128,34,3.5440242142688487
2025-12-22,Jharkhand,Jamtara,815352,67,7.4868518503237
2025-12-22,Jharkhand,Lohardaga,835302,38,4.021942715608831
2025-12-22,Kerala,Malappuram,676304,31,3.1855853382638624
2025-12-22,Kerala,Malappuram,676306,46,4.977779718288795
2025-12-22,Madhya Pradesh,Agar Malwa,465447,35,3.663503839603844
2025-12-22,Madhya Pradesh,Barwani,451447,38,4.021942715608831
2025-12-22,Madhya Pradesh,Barwani,451666,97,11.071240610373565
2025-12-22,Madhya Pradesh,Bhopal,462001,72,8.084249976998677
2025-12-22,Madhya Pradesh,Chhatarpur,471313,38,4.021942715608831
2025-12-22,Madhya Pradesh,Dewas,455227,49,5.336218594293781
2025-12-22,Madhya Pradesh,Dindori,481880,37,3.9024630902738355
2025-12-22,Madhya Pradesh,Guna,473001,85,9.637485106353619
2025-12-22,Madhya Pradesh,Guna,473287,37,3.9024630902738355
2025-12-22,Madhya Pradesh,Indore,452010,45,4.858300092953799
2025-12-22,Madhya Pradesh,Jabalpur,482003,55,6.053096346303755
2025-12-22,Madhya Pradesh,Katni,483501,71,7.964770351663682
2025-12-22,Madhya Pradesh,Khargone,451001,46,4.977779718288795
2025-12-22,Madhya Pradesh,Khargone,451332,34,3.5440242142688487
2025-12-22,Madhya Pradesh,Morena,476001,83,9.398525855683628
2025-12-22,Madhya Pradesh,Morena,476115,35,3.663503839603844
2025-12-22,Madhya Pradesh,Morena,476224,89,10.115403607693601
2025-12-22,Madhya Pradesh,Morena,476229,76,8.56216847833866
2025-12-22,Madhya Pradesh,Rajgarh,465674,72,8.084249976998677
2025-12-22,Madhya Pradesh,Rajgarh,465685,30,3.066105712928867
2025-12-22,Madhya Pradesh,Rajgarh,465689,30,3.066105712928867
2025-12-22,Madhya Pradesh,Rewa,486001,33,3.4245445889338533
2025-12-22,Madhya Pradesh,Sagar,470226,76,8.56216847833866
2025-12-22,Madhya Pradesh,Sehore,466001,57,6.2920555969737455
2025-12-22,Madhya Pradesh,Sheopur,476335,32,3.305064963598858
2025-12-22,Madhya Pradesh,Sheopur,476355,33,3.4245445889338533
2025-12-22,Madhya Pradesh,Sidhi,486771,35,3.663503839603844
2025-12-22,Madhya Pradesh,Singrauli,486886,99,11.310199861043555
2025-12-22,Madhya Pradesh,Tikamgarh,472111,44,4.738820467618804
2025-12-22,Madhya Pradesh,Ujjain,456010,34,3.5440242142688487
2025-12-22,Madhya Pradesh,Ujjain,456550,33,3.4245445889338533
2025-12-22,Madhya Pradesh,Vidisha,464228,78,8.80112772900865
2025-12-22,Maharashtra,Ahmadnagar,422601,31,3.1855853382638624
2025-12-22,Maharashtra,Hingoli,431513,43,4.619340842283808
2025-12-22,Maharashtra,Mumbai,400043,33,3.4245445889338533
2025-12-22,Punjab,Patiala,147001,36,3.7829834649388396
2025-12-22,Rajasthan,Baran,325205,31,3.1855853382638624
2025-12-22,Rajasthan,Barmer,344022,30,3.066105712928867
2025-12-22,Rajasthan,Jalor,343041,54,5.933616720968759
2025-12-22,Bihar,Araria,854333,38,4.021942715608831
2025-12-22,Bihar,Darbhanga,848213,35,3.663503839603844
2025-12-22,Bihar,Gaya,823001,36,3.7829834649388396
2025-12-22,Bihar,Katihar,855102,36,3.7829834649388396
2025-12-22,Bihar,Katihar,855113,44,4.738820467618804
2025-12-22,Bihar,Lakhisarai,811311,35,3.663503839603844
2025-12-22,Bihar,Madhubani,847408,42,4.499861216948813
2025-12-22,Bihar,Purnia,854204,39,4.141422340943826
2025-12-22,Bihar,Saharsa,852221,30,3.066105712928867
2025-12-22,Bihar,Samastipur,848101,34,3.5440242142688487
2025-12-22,Bihar,Sitamarhi,843324,32,3.305064963598858
2025-12-22,Bihar,Vaishali,843114,43,4.619340842283808
2025-12-22,Bihar,West Champaran,845455,32,3.305064963598858
2025-12-22,Chhattisgarh,Kawardha,491995,46,4.977779718288795
2025-12-22,Chhattisgarh,Mungeli,495115,39,4.141422340943826
2025-12-22,Delhi,East Delhi,110092,42,4.499861216948813
2025-12-22,Delhi,East Delhi,110096,32,3.305064963598858
2025-12-22,Delhi,North Delhi,110006,36,3.7829834649388396
2025-12-22,Delhi,South Delhi,110074,41,4.380381591613817
2025-12-22,Rajasthan,Jodhpur,342306,32,3.305064963598858
2025-12-22,Rajasthan,Pratapgarh,312605,32,3.305064963598858
2025-12-22,Uttar Pradesh,Agra,282005,38,4.021942715608831
2025-12-22,Uttar Pradesh,Agra,282007,46,4.977779718288795
2025-12-22,Uttar Pradesh,Amroha,244221,66,7.367372224988705
2025-12-22,Uttar Pradesh,Banda,210203,31,3.1855853382638624
2025-12-22,Uttar Pradesh,Bareilly,243122,34,3.5440242142688487
2025-12-22,Uttar Pradesh,Bijnor,246701,51,5.575177844963772
2025-12-22,Uttar Pradesh,Bijnor,246763,32,3.305064963598858
2025-12-22,Uttar Pradesh,Chitrakoot,210209,45,4.858300092953799
2025-12-22,Uttar Pradesh,Farrukhabad,209625,30,3.066105712928867
2025-12-22,Uttar Pradesh,Firozabad,283204,34,3.5440242142688487
2025-12-22,Uttar Pradesh,Gautam Buddha Nagar,201301,52,5.694657470298767
2025-12-22,Uttar Pradesh,Ghaziabad,201001,47,5.09725934362379
2025-12-22,Uttar Pradesh,Hathras,204101,43,4.619340842283808
2025-12-22,Uttar Pradesh,Kheri,262701,30,3.066105712928867
2025-12-22,Uttar Pradesh,Kheri,262802,32,3.305064963598858
2025-12-22,Uttar Pradesh,Mirzapur,231001,46,4.977779718288795
2025-12-22,Uttar Pradesh,Moradabad,244001,104,11.907597987718534
2025-12-22,Uttar Pradesh,Shamli,247774,65,7.247892599653709
2025-12-22,Uttar Pradesh,Varanasi,221001,37,3.9024630902738355
2025-12-22,West Bengal,Birbhum,731219,37,3.9024630902738355
2025-12-22,West Bengal,Murshidabad,742189,35,3.663503839603844
2025-12-22,West Bengal,South 24 Parganas,743329,32,3.305064963598858
2025-12-23,Madhya Pradesh,Barwani,451666,49,5.336218594293781
2025-12-23,Madhya Pradesh,Burhanpur,450331,55,6.053096346303755
2025-12-23,Delhi,West Delhi,110059,41,4.380381591613817
2025-12-23,Gujarat,Banaskantha,385001,35,3.663503839603844
2025-12-23,Madhya Pradesh,Dhar,454331,33,3.4245445889338533
2025-12-23,Madhya Pradesh,Guna,473001,40,4.260901966278822
2025-12-23,Madhya Pradesh,Jhabua,457661,37,3.9024630902738355
2025-12-23,Madhya Pradesh,Rajgarh,465683,45,4.858300092953799
2025-12-23,Madhya Pradesh,Sidhi,486661,36,3.7829834649388396
2025-12-23,Madhya Pradesh,Vidisha,464228,44,4.738820467618804
2025-12-23,Maharashtra,Ahmadnagar,414306,31,3.1855853382638624
2025-12-23,Maharashtra,Thane,421302,38,4.021942715608831
2025-12-23,Uttar Pradesh,Saharanpur,247001,40,4.260901966278822
2025-12-23,Delhi,South Delhi,110062,38,4.021942715608831
2025-12-23,Gujarat,Valsad,396065,30,3.066105712928867
2025-12-23,Haryana,Mewat,122508,30,3.066105712928867
2025-12-23,Madhya Pradesh,Bhopal,462001,37,3.9024630902738355
2025-12-23,Madhya Pradesh,Katni,483501,31,3.1855853382638624
2025-12-23,Madhya Pradesh,Ratlam,457001,31,3.1855853382638624
2025-12-23,Madhya Pradesh,Singrauli,486886,65,7.247892599653709
2025-12-23,Madhya Pradesh,Ujjain,456006,51,5.575177844963772
2025-12-23,Maharashtra,Nashik,423203,54,5.933616720968759
2025-12-23,Uttar Pradesh,Amroha,244221,32,3.305064963598858
2025-12-23,Madhya Pradesh,Rajgarh,465674,30,3.066105712928867
2025-12-23,Madhya Pradesh,Sheopur,476337,36,3.7829834649388396
2025-12-23,Delhi,North East Delhi,110094,68,7.6063314756586955
2025-12-23,Delhi,North West Delhi,110086,70,7.845290726328686
2025-12-23,Haryana,Panipat,132103,30,3.066105712928867
2025-12-23,Uttar Pradesh,Moradabad,244001,39,4.141422340943826
2025-12-23,Gujarat,Banaskantha,385566,33,3.4245445889338533
2025-12-23,Madhya Pradesh,Dewas,455001,48,5.2167389689587855
2025-12-23,Madhya Pradesh,Morena,476001,45,4.858300092953799
2025-12-23,Madhya Pradesh,Rajgarh,465661,31,3.1855853382638624
2025-12-23,Madhya Pradesh,Sehore,466001,37,3.9024630902738355
2025-12-23,Bihar,Araria,854311,40,4.260901966278822
2025-12-24,Bihar,West Champaran,845438,45,4.858300092953799
2025-12-24,Chhattisgarh,Bastar,494442,32,3.305064963598858
2025-12-24,Delhi,North West Delhi,110086,42,4.499861216948813
2025-12-24,Delhi,West Delhi,110059,36,3.7829834649388396
2025-12-24,Madhya Pradesh,Barwani,451666,77,8.681648103673655
2025-12-24,Madhya Pradesh,Burhanpur,450331,37,3.9024630902738355
2025-12-24,Uttar Pradesh,Moradabad,244001,30,3.066105712928867
2025-12-24,Bihar,Purnia,854315,32,3.305064963598858
2025-12-24,Jharkhand,Jamtara,815352,30,3.066105712928867
2025-12-24,Uttar Pradesh,Rampur,244901,33,3.4245445889338533
2025-12-24,Madhya Pradesh,Indore,452001,47,5.09725934362379
2025-12-24,Madhya Pradesh,Sheopur,476337,30,3.066105712928867
2025-12-24,Madhya Pradesh,Singrauli,486886,54,5.933616720968759
2025-12-24,Madhya Pradesh,Ujjain,456006,34,3.5440242142688487
2025-12-24,Gujarat,Valsad,396065,32,3.305064963598858
2025-12-24,Madhya Pradesh,Alirajpur,457990,43,4.619340842283808
2025-12-24,Madhya Pradesh,Morena,476001,39,4.141422340943826
2025-12-24,Maharashtra,Aurangabad,431001,43,4.619340842283808
2025-12-24,Maharashtra,Nashik,423203,40,4.260901966278822
2025-12-24,Assam,Goalpara,783129,46,4.977779718288795
2025-12-24,Bihar,West Champaran,845454,35,3.663503839603844
2025-12-24,Chhattisgarh,Bijapur,494447,38,4.021942715608831
2025-12-24,Uttar Pradesh,Aligarh,202001,34,3.5440242142688487
2025-12-24,Uttar Pradesh,Gautam Buddha Nagar,201301,33,3.4245445889338533
2025-12-24,Uttar Pradesh,Shahjahanpur,242001,34,3.5440242142688487
2025-12-24,Madhya Pradesh,Jhabua,457661,30,3.066105712928867
2025-12-24,Chhattisgarh,Bijapur,494444,35,3.663503839603844
2025-12-24,Delhi,North East Delhi,110094,34,3.5440242142688487
2025-12-24,Gujarat,Anand,387380,30,3.066105712928867
2025-12-24,Gujarat,Gandhinagar,382721,37,3.9024630902738355
2025-12-24,Haryana,Mewat,122508,40,4.260901966278822
2025-12-24,Jammu and Kashmir,Doda,182203,41,4.380381591613817
2025-12-24,Madhya Pradesh,Katni,483501,33,3.4245445889338533
2025-12-24,Madhya Pradesh,Morena,476224,40,4.260901966278822
2025-12-24,Punjab,Kapurthala,144601,48,5.2167389689587855
2025-12-24,Uttar Pradesh,Bulandshahr,203001,41,4.380381591613817
2025-12-24,Uttar Pradesh,Meerut,250002,31,3.1855853382638624
2025-12-24,Uttar Pradesh,Saharanpur,247001,47,5.09725934362379
2025-12-24,Bihar,Araria,854311,31,3.1855853382638624
2025-12-25,Bihar,Banka,813101,36,3.7829834649388396
2025-12-25,Bihar,Gaya,804403,31,3.1855853382638624
2025-12-25,Bihar,Gaya,824201,55,6.053096346303755
2025-12-25,Bihar,Gaya,824205,38,4.021942715608831
2025-12-25,Bihar,Saran,841101,31,3.1855853382638624
2025-12-25,Bihar,Sitamarhi,843302,36,3.7829834649388396
2025-12-25,Bihar,Vaishali,843114,35,3.663503839603844
2025-12-25,Delhi,West Delhi,110059,30,3.066105712928867
2025-12-25,Rajasthan,Alwar,301001,32,3.305064963598858
2025-12-25,Uttar Pradesh,Bahraich,271865,38,4.021942715608831
2025-12-25,Uttar Pradesh,Meerut,250001,33,3.4245445889338533
2025-12-25,Bihar,Gaya,824232,46,4.977779718288795
2025-12-25,Bihar,Gaya,824236,36,3.7829834649388396
2025-12-25,Bihar,Purnia,854204,31,3.1855853382638624
2025-12-25,Bihar,Saran,841403,33,3.4245445889338533
2025-12-25,Bihar,West Champaran,845452,51,5.575177844963772
2025-12-25,Bihar,West Champaran,845459,32,3.305064963598858
2025-12-25,Jharkhand,Deoghar,815353,34,3.5440242142688487
2025-12-25,Madhya Pradesh,Jhabua,457661,40,4.260901966278822
2025-12-25,Madhya Pradesh,Ratlam,457001,30,3.066105712928867
2025-12-25,Madhya Pradesh,Vidisha,464228,31,3.1855853382638624
2025-12-25,Maharashtra,Nashik,423203,41,4.380381591613817
2025-12-25,Maharashtra,Thane,421302,30,3.066105712928867
2025-12-25,Rajasthan,Jalor,343041,32,3.305064963598858
2025-12-25,Bihar,East Champaran,845401,49,5.336218594293781
2025-12-25,Bihar,Madhepura,852210,36,3.7829834649388396
2025-12-25,Bihar,Nawada,805125,64,7.128412974318714
2025-12-25,Bihar,Saharsa,852126,30,3.066105712928867
2025-12-25,Bihar,Saran,841301,38,4.021942715608831
2025-12-25,Bihar,Sitamarhi,843324,38,4.021942715608831
2025-12-25,Bihar,West Champaran,845307,32,3.305064963598858
2025-12-25,Bihar,West Champaran,845438,54,5.933616720968759
2025-12-25,Madhya Pradesh,Guna,473001,41,4.380381591613817
2025-12-25,Madhya Pradesh,Katni,483501,40,4.260901966278822
2025-12-25,Madhya Pradesh,Morena,476229,36,3.7829834649388396
2025-12-25,Madhya Pradesh,Panna,488001,37,3.9024630902738355
2025-12-25,Uttar Pradesh,Agra,282001,34,3.5440242142688487
2025-12-25,Uttar Pradesh,Bulandshahr,203001,32,3.305064963598858
2025-12-25,Uttar Pradesh,Chitrakoot,210209,30,3.066105712928867
2025-12-25,Uttar Pradesh,Hapur,245101,38,4.021942715608831
2025-12-25,Uttar Pradesh,Hathras,204101,31,3.1855853382638624
2025-12-25,Uttar Pradesh,Rampur,244901,39,4.141422340943826
2025-12-25,Uttar Pradesh,Saharanpur,247001,38,4.021942715608831
2025-12-25,Uttar Pradesh,Saharanpur,247554,31,3.1855853382638624
2025-12-25,Uttar Pradesh,Siddharthnagar,272153,36,3.7829834649388396
2025-12-25,Uttar Pradesh,Balrampur,271604,31,3.1855853382638624
2025-12-25,Jharkhand,Giridih,815312,33,3.4245445889338533
2025-12-25,Jharkhand,Lohardaga,835302,30,3.066105712928867
2025-12-25,Madhya Pradesh,Burhanpur,450331,31,3.1855853382638624
2025-12-25,Madhya Pradesh,Morena,476001,33,3.4245445889338533
2025-12-25,Bihar,Gaya,823003,43,4.619340842283808
2025-12-25,Bihar,Nalanda,803110,39,4.141422340943826
2025-12-25,Bihar,West Champaran,845105,40,4.260901966278822
2025-12-25,Bihar,West Champaran,845454,44,4.738820467618804
2025-12-25,Bihar,West Champaran,845455,34,3.5440242142688487
2025-12-25,Chhattisgarh,Bijapur,494447,32,3.305064963598858
2025-12-25,Delhi,North West Delhi,110086,38,4.021942715608831
2025-12-25,Madhya Pradesh,Alirajpur,457990,50,5.455698219628776
2025-12-25,Madhya Pradesh,Barwani,451666,30,3.066105712928867
2025-12-25,Uttar Pradesh,Aligarh,202001,39,4.141422340943826
2025-12-25,Uttar Pradesh,Balrampur,271208,37,3.9024630902738355
2025-12-25,Uttar Pradesh,Hardoi,241001,31,3.1855853382638624
2025-12-25,Uttar Pradesh,Meerut,250002,38,4.021942715608831
2025-12-25,Uttar Pradesh,Moradabad,244001,34,3.5440242142688487
2025-12-25,Uttar Pradesh,Sitapur,261001,30,3.066105712928867
2025-12-25,Uttar Pradesh,Varanasi,221001,34,3.5440242142688487
2025-12-25,Bihar,Nawada,805130,32,3.305064963598858
2025-12-25,Bihar,Purnia,854315,31,3.1855853382638624
2025-12-25,Bihar,West Champaran,845404,46,4.977779718288795
2025-12-25,Delhi,North East Delhi,110094,36,3.7829834649388396
2025-12-25,Gujarat,Valsad,396065,37,3.9024630902738355
2025-12-26,Madhya Pradesh,Morena,476224,30,3.066105712928867
2025-12-26,Madhya Pradesh,Sheopur,476337,30,3.066105712928867
2025-12-26,Chhattisgarh,Bastar,494222,31,3.1855853382638624
2025-12-26,Chhattisgarh,Bastar,494442,72,8.084249976998677
2025-12-26,Chhattisgarh,Bijapur,494447,30,3.066105712928867
2025-12-26,Chhattisgarh,Sukma,494111,32,3.305064963598858
2025-12-26,Delhi,South Delhi,110025,33,3.4245445889338533
2025-12-26,Delhi,South Delhi,110062,30,3.066105712928867
2025-12-26,Haryana,Mewat,122508,54,5.933616720968759
2025-12-26,Haryana,Palwal,121102,46,4.977779718288795
2025-12-26,Jammu and Kashmir,Doda,182203,56,6.17257597163875
2025-12-26,Jharkhand,East Singhbhum,832101,57,6.2920555969737455
2025-12-26,Jharkhand,Giridih,815312,39,4.141422340943826
2025-12-26,Jharkhand,Palamu,822123,32,3.305064963598858
2025-12-26,Karnataka,Chitradurga,577501,32,3.305064963598858
2025-12-26,Uttar Pradesh,Bulandshahr,203131,33,3.4245445889338533
2025-12-26,Uttar Pradesh,Hapur,245101,30,3.066105712928867
2025-12-26,Uttar Pradesh,Hathras,204101,35,3.663503839603844
2025-12-26,Uttar Pradesh,Moradabad,244001,46,4.977779718288795
2025-12-26,Uttar Pradesh,Saharanpur,247001,31,3.1855853382638624
2025-12-26,West Bengal,Murshidabad,742213,30,3.066105712928867
2025-12-26,Bihar,Nalanda,803101,30,3.066105712928867
2025-12-26,Maharashtra,Thane,421302,37,3.9024630902738355
2025-12-26,Delhi,North East Delhi,110094,37,3.9024630902738355
2025-12-26,Jammu and Kashmir,Punch,185101,41,4.380381591613817
2025-12-26,Jharkhand,Deoghar,815353,47,5.09725934362379
2025-12-26,Karnataka,Chitradurga,577535,30,3.066105712928867
2025-12-26,Karnataka,Davangere,577213,41,4.380381591613817
2025-12-26,Madhya Pradesh,Barwani,451666,48,5.2167389689587855
2025-12-26,Bihar,Sitamarhi,843324,37,3.9024630902738355
2025-12-26,Bihar,West Champaran,845438,47,5.09725934362379
2025-12-26,Bihar,West Champaran,845452,38,4.021942715608831
2025-12-26,Bihar,West Champaran,845455,31,3.1855853382638624
2025-12-26,Chhattisgarh,Bastar,494010,47,5.09725934362379
2025-12-26,Chhattisgarh,Bastar,494223,39,4.141422340943826
2025-12-26,Chhattisgarh,Bijapur,494450,39,4.141422340943826
2025-12-26,Uttar Pradesh,Bareilly,243505,35,3.663503839603844
2025-12-26,West Bengal,Murshidabad,742224,36,3.7829834649388396
2025-12-26,Madhya Pradesh,Katni,483501,53,5.814137095633764
2025-12-26,Madhya Pradesh,Morena,476001,31,3.1855853382638624
2025-12-26,Madhya Pradesh,Singrauli,486886,44,4.738820467618804
2025-12-26,Madhya Pradesh,Umaria,484661,30,3.066105712928867
2025-12-26,Bihar,Samastipur,848114,36,3.7829834649388396
2025-12-26,Bihar,Saran,841301,35,3.663503839603844
2025-12-26,Bihar,West Champaran,845454,32,3.305064963598858
2025-12-26,Delhi,North West Delhi,110086,39,4.141422340943826
2025-12-26,Jharkhand,East Singhbhum,832105,36,3.7829834649388396
2025-12-26,Jharkhand,East Singhbhum,832301,61,6.769974098313727
2025-12-26,Jharkhand,East Singhbhum,832302,42,4.499861216948813
2025-12-26,Jharkhand,Jamtara,815352,30,3.066105712928867
2025-12-26,Jharkhand,Lohardaga,835302,57,6.2920555969737455
2025-12-26,Madhya Pradesh,Alirajpur,457990,45,4.858300092953799
2025-12-26,Uttar Pradesh,Agra,282002,33,3.4245445889338533
2025-12-26,Uttar Pradesh,Agra,282006,31,3.1855853382638624
2025-12-26,Uttar Pradesh,Aligarh,202001,47,5.09725934362379
2025-12-26,Uttar Pradesh,Rampur,244901,47,5.09725934362379
2025-12-26,Uttar Pradesh,Shahjahanpur,242001,42,4.499861216948813
2025-12-26,Uttar Pradesh,Sitapur,261201,30,3.066105712928867
2025-12-26,West Bengal,Murshidabad,742202,56,6.17257597163875
2025-12-26,West Bengal,South 24 Parganas,743329,51,5.575177844963772
2025-12-26,Bihar,East Champaran,845401,44,4.738820467618804
2025-12-26,Bihar,Gaya,824201,42,4.499861216948813
2025-12-26,Bihar,Nawada,805125,37,3.9024630902738355
2025-12-26,Bihar,West Champaran,845101,30,3.066105712928867
2025-12-26,Chhattisgarh,Bastar,494001,55,6.053096346303755
2025-12-26,Chhattisgarh,Bijapur,494444,55,6.053096346303755
2025-12-26,Chhattisgarh,Kondagaon,494226,34,3.5440242142688487
2025-12-26,Delhi,West Delhi,110059,40,4.260901966278822
2025-12-26,Haryana,Faridabad,121004,34,3.5440242142688487
2025-12-26,Jharkhand,East Singhbhum,832303,36,3.7829834649388396
2025-12-26,Madhya Pradesh,Burhanpur,450331,38,4.021942715608831
2025-12-26,Madhya Pradesh,Gwalior,475110,36,3.7829834649388396
2025-12-26,Maharashtra,Aurangabad,431001,31,3.1855853382638624
2025-12-26,Uttar Pradesh,Agra,282001,51,5.575177844963772
2025-12-26,Uttar Pradesh,Kheri,262804,37,3.9024630902738355
2025-12-26,Uttar Pradesh,Meerut,250002,39,4.141422340943826
2025-12-26,Uttar Pradesh,Sambhal,244302,37,3.9024630902738355
2025-12-26,Uttar Pradesh,Unnao,209801,35,3.663503839603844
2025-12-26,West Bengal,Birbhum,731125,30,3.066105712928867
2025-12-26,West Bengal,Malda,732201,36,3.7829834649388396
2025-12-26,Uttar Pradesh,Budaun,243601,36,3.7829834649388396
2025-12-26,Haryana,Panipat,132103,30,3.066105712928867
2025-12-26,Jharkhand,Palamu,822113,32,3.305064963598858
2025-12-26,Bihar,Kishanganj,855101,34,3.5440242142688487
2025-12-26,Bihar,Purnia,854204,35,3.663503839603844
2025-12-26,Bihar,Purnia,854315,34,3.5440242142688487
2025-12-27,Haryana,Mewat,122508,71,7.964770351663682
2025-12-27,Jharkhand,East Singhbhum,832105,39,4.141422340943826
2025-12-27,Madhya Pradesh,Chhatarpur,471405,30,3.066105712928867
2025-12-27,Madhya Pradesh,Gwalior,475110,42,4.499861216948813
2025-12-27,Madhya Pradesh,Sehore,466331,49,5.336218594293781
2025-12-27,Madhya Pradesh,Umaria,484661,58,6.411535222308741
2025-12-27,Meghalaya,East Khasi Hills,793009,48,5.2167389689587855
2025-12-27,Bihar,Khagaria,848203,41,4.380381591613817
2025-12-27,Bihar,Nalanda,803101,46,4.977779718288795
2025-12-27,Bihar,Sitamarhi,843302,35,3.663503839603844
2025-12-27,Chhattisgarh,Bastar,494001,66,7.367372224988705
2025-12-27,Chhattisgarh,Bastar,494010,64,7.128412974318714
2025-12-27,Chhattisgarh,Bastar,494222,38,4.021942715608831
2025-12-27,Jharkhand,Giridih,815316,32,3.305064963598858
2025-12-27,Madhya Pradesh,Dewas,455001,31,3.1855853382638624
2025-12-27,Madhya Pradesh,Umaria,484660,36,3.7829834649388396
2025-12-27,Meghalaya,West Garo Hills,794104,32,3.305064963598858
2025-12-27,Bihar,Begusarai,851133,30,3.066105712928867
2025-12-27,Bihar,Gaya,823003,36,3.7829834649388396
2025-12-27,Bihar,Samastipur,848114,34,3.5440242142688487
2025-12-27,Bihar,Sheohar,843329,64,7.128412974318714
2025-12-27,Bihar,Sitamarhi,843324,30,3.066105712928867
2025-12-27,Bihar,West Champaran,845105,40,4.260901966278822
2025-12-27,Bihar,West Champaran,845438,40,4.260901966278822
2025-12-27,Chhattisgarh,Bastar,494442,76,8.56216847833866
2025-12-27,Chhattisgarh,Bijapur,494444,54,5.933616720968759
2025-12-27,Haryana,Palwal,121102,36,3.7829834649388396
2025-12-27,Haryana,Panipat,132103,40,4.260901966278822
2025-12-27,Haryana,Sonipat,131001,34,3.5440242142688487
2025-12-27,Uttar Pradesh,Balrampur,271604,31,3.1855853382638624
2025-12-27,Uttar Pradesh,Bareilly,243505,46,4.977779718288795
2025-12-27,Uttar Pradesh,Budaun,243601,32,3.305064963598858
2025-12-27,Uttar Pradesh,Bulandshahr,203131,31,3.1855853382638624
2025-12-27,Uttar Pradesh,Hathras,204101,46,4.977779718288795
2025-12-27,Uttar Pradesh,Meerut,250001,32,3.305064963598858
2025-12-27,Uttar Pradesh,Meerut,250002,50,5.455698219628776
2025-12-27,Uttar Pradesh,Rampur,244901,46,4.977779718288795
2025-12-27,Bihar,Kishanganj,855107,38,4.021942715608831
2025-12-27,Bihar,Nalanda,803110,36,3.7829834649388396
2025-12-27,Bihar,Nawada,805103,35,3.663503839603844
2025-12-27,Bihar,Saran,841403,41,4.380381591613817
2025-12-27,Bihar,West Champaran,845452,35,3.663503839603844
2025-12-27,Bihar,West Champaran,845455,31,3.1855853382638624
2025-12-27,Chhattisgarh,Bijapur,494447,51,5.575177844963772
2025-12-27,Chhattisgarh,Durg,491001,38,4.021942715608831
2025-12-27,Delhi,North West Delhi,110085,30,3.066105712928867
2025-12-27,Delhi,North West Delhi,110086,41,4.380381591613817
2025-12-27,Haryana,Gurgaon,122001,36,3.7829834649388396
2025-12-27,Jammu and Kashmir,Doda,182203,52,5.694657470298767
2025-12-27,Jharkhand,Giridih,815312,80,9.040086979678641
2025-12-27,Jharkhand,Lohardaga,835302,56,6.17257597163875
2025-12-27,Jharkhand,Palamu,822113,38,4.021942715608831
2025-12-27,Jharkhand,Palamu,822123,33,3.4245445889338533
2025-12-27,Madhya Pradesh,Singrauli,486886,44,4.738820467618804
2025-12-27,Rajasthan,Jaipur,302012,31,3.1855853382638624
2025-12-27,Uttar Pradesh,Agra,282001,55,6.053096346303755
2025-12-27,Uttar Pradesh,Etah,207001,35,3.663503839603844
2025-12-27,Uttar Pradesh,Hapur,245101,42,4.499861216948813
2025-12-27,Uttar Pradesh,Kushinagar,274304,35,3.663503839603844
2025-12-27,Uttar Pradesh,Saharanpur,247001,34,3.5440242142688487
2025-12-27,Uttar Pradesh,Shahjahanpur,242001,39,4.141422340943826
2025-12-27,West Bengal,Malda,732125,37,3.9024630902738355
2025-12-27,Bihar,East Champaran,845401,37,3.9024630902738355
2025-12-27,Chhattisgarh,Bastar,494115,35,3.663503839603844
2025-12-27,Chhattisgarh,Bastar,494223,58,6.411535222308741
2025-12-27,Chhattisgarh,Bijapur,494450,41,4.380381591613817
2025-12-27,Delhi,North East Delhi,110094,32,3.305064963598858
2025-12-27,Delhi,North West Delhi,110042,35,3.663503839603844
2025-12-27,Haryana,Mewat,122107,30,3.066105712928867
2025-12-27,Jharkhand,Deoghar,815353,71,7.964770351663682
2025-12-27,Jharkhand,East Singhbhum,832301,42,4.499861216948813
2025-12-27,Jharkhand,Jamtara,815352,54,5.933616720968759
2025-12-27,Madhya Pradesh,Katni,483501,66,7.367372224988705
2025-12-27,Uttar Pradesh,Amroha,244235,46,4.977779718288795
2025-12-27,Uttar Pradesh,Amroha,244241,33,3.4245445889338533
2025-12-27,Bihar,Gaya,804403,34,3.5440242142688487
2025-12-27,Bihar,Katihar,854104,39,4.141422340943826
2025-12-27,Bihar,Purnia,854204,46,4.977779718288795
2025-12-27,Bihar,Purnia,854315,39,4.141422340943826
2025-12-27,Bihar,Saharsa,852106,34,3.5440242142688487
2025-12-27,West Bengal,Murshidabad,742202,45,4.858300092953799
2025-12-27,West Bengal,North 24 Parganas,743251,30,3.066105712928867
2025-12-27,Bihar,Gaya,824201,57,6.2920555969737455
2025-12-27,Bihar,Gaya,824232,57,6.2920555969737455
2025-12-27,Bihar,Khagaria,852161,44,4.738820467618804
2025-12-27,Bihar,Nalanda,803107,31,3.1855853382638624
2025-12-27,Bihar,Sitamarhi,843317,30,3.066105712928867
2025-12-27,Haryana,Faridabad,121004,46,4.977779718288795
2025-12-27,Jharkhand,East Singhbhum,832302,36,3.7829834649388396
2025-12-27,Jharkhand,West Singhbhum,833214,33,3.4245445889338533
2025-12-27,Uttar Pradesh,Sambhal,202522,35,3.663503839603844
2025-12-27,Madhya Pradesh,Barwani,451666,39,4.141422340943826
2025-12-27,Madhya Pradesh,Morena,476001,35,3.663503839603844
2025-12-27,West Bengal,South 24 Parganas,743329,44,4.738820467618804
2025-12-28,Haryana,Kaithal,136027,40,4.260901966278822
2025-12-28,Haryana,Karnal,132001,32,3.305064963598858
2025-12-28,Jharkhand,Giridih,815312,45,4.858300092953799
2025-12-28,Madhya Pradesh,Shajapur,465333,41,4.380381591613817
2025-12-28,Rajasthan,Jalor,343032,45,4.858300092953799
2025-12-28,Rajasthan,Jodhpur,342001,36,3.7829834649388396
2025-12-28,Uttar Pradesh,Bahraich,271855,42,4.499861216948813
2025-12-28,Uttar Pradesh,Mainpuri,205001,31,3.1855853382638624
2025-12-28,Uttar Pradesh,Sitapur,261121,35,3.663503839603844
2025-12-28,West Bengal,South 24 Parganas,743329,48,5.2167389689587855
2025-12-28,Assam,Darrang,784115,31,3.1855853382638624
2025-12-28,Assam,Darrang,784514,30,3.066105712928867
2025-12-28,Bihar,Araria,854311,37,3.9024630902738355
2025-12-28,Bihar,Katihar,854317,53,5.814137095633764
2025-12-28,Bihar,Madhepura,852213,43,4.619340842283808
2025-12-28,Chhattisgarh,Bastar,494115,34,3.5440242142688487
2025-12-28,Delhi,North West Delhi,110086,63,7.008933348983718
2025-12-28,Haryana,Faridabad,121004,30,3.066105712928867
2025-12-28,Madhya Pradesh,Dhar,454331,43,4.619340842283808
2025-12-28,Madhya Pradesh,Rajgarh,465697,30,3.066105712928867
2025-12-28,Rajasthan,Ajmer,305001,35,3.663503839603844
2025-12-28,Rajasthan,Nagaur,341001,31,3.1855853382638624
2025-12-28,Uttar Pradesh,Saharanpur,247001,51,5.575177844963772
2025-12-28,Bihar,Katihar,855113,58,6.411535222308741
2025-12-28,Bihar,Sheohar,843329,52,5.694657470298767
2025-12-28,Haryana,Karnal,132114,39,4.141422340943826
2025-12-28,Haryana,Panipat,132103,51,5.575177844963772
2025-12-28,Jammu and Kashmir,Doda,182203,81,9.159566605013637
2025-12-28,Assam,Lakhimpur,787055,30,3.066105712928867
2025-12-28,Bihar,East Champaran,845401,30,3.066105712928867
2025-12-28,Bihar,Purnia,854315,36,3.7829834649388396
2025-12-28,Chhattisgarh,Bastar,494010,46,4.977779718288795
2025-12-28,Chhattisgarh,Bastar,494442,50,5.455698219628776
2025-12-28,Chhattisgarh,Kondagaon,494226,33,3.4245445889338533
2025-12-28,Haryana,Mewat,122508,37,3.9024630902738355
2025-12-28,Haryana,Palwal,121102,39,4.141422340943826
2025-12-28,Jammu and Kashmir,Punch,185102,32,3.305064963598858
2025-12-28,Jharkhand,Gumla,835324,32,3.305064963598858
2025-12-28,Jharkhand,West Singhbhum,833214,38,4.021942715608831
2025-12-28,Madhya Pradesh,Morena,476229,37,3.9024630902738355
2025-12-28,Madhya Pradesh,Sehore,466331,55,6.053096346303755
2025-12-28,Manipur,Churachandpur,795128,32,3.305064963598858
2025-12-28,Uttar Pradesh,Pilibhit,262001,38,4.021942715608831
2025-12-28,Uttar Pradesh,Siddharthnagar,272153,52,5.694657470298767
2025-12-28,Uttar Pradesh,Sitapur,261141,34,3.5440242142688487
2025-12-28,Madhya Pradesh,Shahdol,484110,35,3.663503839603844
2025-12-28,Uttar Pradesh,Aligarh,202001,46,4.977779718288795
2025-12-28,Uttar Pradesh,Bahraich,271902,30,3.066105712928867
2025-12-28,Uttar Pradesh,Hathras,204101,31,3.1855853382638624
2025-12-28,Uttar Pradesh,Sitapur,261001,39,4.141422340943826
2025-12-28,West Bengal,Malda,732125,34,3.5440242142688487
2025-12-28,Bihar,Begusarai,848201,53,5.814137095633764
2025-12-28,Bihar,Begusarai,851127,36,3.7829834649388396
2025-12-28,Bihar,Gaya,824232,40,4.260901966278822
2025-12-28,Bihar,Araria,854318,34,3.5440242142688487
2025-12-28,Bihar,Araria,854333,32,3.305064963598858
2025-12-28,Haryana,Gurgaon,122001,35,3.663503839603844
2025-12-28,Jharkhand,Deoghar,815353,55,6.053096346303755
2025-12-28,Madhya Pradesh,Morena,476001,44,4.738820467618804
2025-12-28,Madhya Pradesh,Sehore,466116,33,3.4245445889338533
2025-12-28,Uttar Pradesh,Mathura,281403,31,3.1855853382638624
2025-12-28,Uttar Pradesh,Mirzapur,231001,32,3.305064963598858
2025-12-28,Uttar Pradesh,Moradabad,244001,58,6.411535222308741
2025-12-28,Uttar Pradesh,Rampur,244901,52,5.694657470298767
2025-12-28,Uttar Pradesh,Sambhal,244302,35,3.663503839603844
2025-12-28,West Bengal,Murshidabad,742202,39,4.141422340943826
2025-12-29,Bihar,Jamui,811308,46,4.977779718288795
2025-12-29,Karnataka,Bagalkot,587125,39,4.141422340943826
2025-12-29,Karnataka,Chitradurga,577522,32,3.305064963598858
2025-12-29,Karnataka,Chitradurga,577535,40,4.260901966278822
2025-12-29,Karnataka,Davangere,577213,80,9.040086979678641
2025-12-29,Uttar Pradesh,Firozabad,283203,37,3.9024630902738355
2025-12-29,West Bengal,Birbhum,731125,42,4.499861216948813
2025-12-29,West Bengal,Birbhum,731219,37,3.9024630902738355
2025-12-29,West Bengal,Howrah,711303,38,4.021942715608831
2025-12-29,West Bengal,Howrah,711315,34,3.5440242142688487
2025-12-29,West Bengal,Malda,732139,47,5.09725934362379
2025-12-29,West Bengal,Murshidabad,742202,135,15.611466373103392
2025-12-29,West Bengal,Nadia,741126,49,5.336218594293781
2025-12-29,West Bengal,Nadia,741152,46,4.977779718288795
2025-12-29,West Bengal,Purba Medinipur,721631,34,3.5440242142688487
2025-12-29,West Bengal,South 24 Parganas,743337,34,3.5440242142688487
2025-12-29,West Bengal,South 24 Parganas,743376,79,8.920607354343646
2025-12-29,West Bengal,South 24 Parganas,743513,36,3.7829834649388396
2025-12-29,West Bengal,Uttar Dinajpur,733128,87,9.87644435702361
2025-12-29,Assam,Golaghat,785601,40,4.260901966278822
2025-12-29,Assam,Nagaon,782140,30,3.066105712928867
2025-12-29,Bihar,Araria,854318,32,3.305064963598858
2025-12-29,Delhi,North West Delhi,110086,47,5.09725934362379
2025-12-29,Delhi,South Delhi,110062,40,4.260901966278822
2025-12-29,Gujarat,Surendra Nagar,363310,42,4.499861216948813
2025-12-29,Jharkhand,East Singhbhum,832303,30,3.066105712928867
2025-12-29,Jharkhand,Giridih,815312,37,3.9024630902738355
2025-12-29,Karnataka,Bagalkot,587124,30,3.066105712928867
2025-12-29,Karnataka,Bagalkot,587154,36,3.7829834649388396
2025-12-29,Rajasthan,Ganganagar,335041,49,5.336218594293781
2025-12-29,Rajasthan,Jalor,343041,30,3.066105712928867
2025-12-29,Uttar Pradesh,Gautam Buddha Nagar,201301,30,3.066105712928867
2025-12-29,Uttar Pradesh,Gonda,271312,30,3.066105712928867
2025-12-29,Andhra Pradesh,Kurnool,518313,34,3.5440242142688487
2025-12-29,Assam,Marigaon,782412,65,7.247892599653709
2025-12-29,Assam,Sonitpur,784502,30,3.066105712928867
2025-12-29,Bihar,Gaya,824232,42,4.499861216948813
2025-12-29,Bihar,Katihar,854317,43,4.619340842283808
2025-12-29,Uttar Pradesh,Moradabad,244001,40,4.260901966278822
2025-12-29,Uttar Pradesh,Rampur,244901,37,3.9024630902738355
2025-12-29,West Bengal,Birbhum,731216,39,4.141422340943826
2025-12-29,West Bengal,Hooghly,712415,32,3.305064963598858
2025-12-29,West Bengal,Malda,732210,55,6.053096346303755
2025-12-29,West Bengal,Murshidabad,742301,46,4.977779718288795
2025-12-29,West Bengal,Murshidabad,742304,44,4.738820467618804
2025-12-29,West Bengal,Nadia,741137,61,6.769974098313727
2025-12-29,West Bengal,North 24 Parganas,743262,84,9.518005481018623
2025-12-29,West Bengal,Paschim Medinipur,721507,43,4.619340842283808
2025-12-29,West Bengal,Puruliya,723128,30,3.066105712928867
2025-12-29,West Bengal,South 24 Parganas,743312,32,3.305064963598858
2025-12-29,West Bengal,South 24 Parganas,743338,44,4.738820467618804
2025-12-29,West Bengal,Uttar Dinajpur,733215,30,3.066105712928867
2025-12-29,Karnataka,Koppal,583283,34,3.5440242142688487
2025-12-29,Madhya Pradesh,Morena,476221,37,3.9024630902738355
2025-12-29,Madhya Pradesh,Sheopur,476337,48,5.2167389689587855
2025-12-29,Madhya Pradesh,Umaria,484661,46,4.977779718288795
2025-12-29,Maharashtra,Nashik,423203,42,4.499861216948813
2025-12-29,Maharashtra,Thane,421302,59,6.531014847643736
2025-12-29,Punjab,Kapurthala,144601,32,3.305064963598858
2025-12-29,West Bengal,Birbhum,731220,32,3.305064963598858
2025-12-29,West Bengal,Birbhum,731224,46,4.977779718288795
2025-12-29,West Bengal,Malda,732102,41,4.380381591613817
2025-12-29,West Bengal,Murshidabad,742213,63,7.008933348983718
2025-12-29,West Bengal,Murshidabad,742224,56,6.17257597163875
2025-12-29,West Bengal,North 24 Parganas,743235,50,5.455698219628776
2025-12-29,West Bengal,North 24 Parganas,743423,64,7.128412974318714
2025-12-29,West Bengal,North 24 Parganas,743424,31,3.1855853382638624
2025-12-29,West Bengal,Puruliya,723131,32,3.305064963598858
2025-12-29,West Bengal,South 24 Parganas,743329,137,15.850425623773383
2025-12-29,West Bengal,South 24 Parganas,743349,35,3.663503839603844
2025-12-29,West Bengal,South 24 Parganas,743363,37,3.9024630902738355
2025-12-29,West Bengal,South 24 Parganas,743368,35,3.663503839603844
2025-12-29,Assam,Darrang,784115,46,4.977779718288795
2025-12-29,Assam,Darrang,784514,59,6.531014847643736
2025-12-29,Assam,Dhubri,783334,31,3.1855853382638624
2025-12-29,Assam,Lakhimpur,787055,72,8.084249976998677
2025-12-29,Assam,Sonitpur,784103,106,12.146557238388525
2025-12-29,Assam,Sonitpur,784505,150,17.403660753128325
2025-12-29,Bihar,Kishanganj,855108,36,3.7829834649388396
2025-12-29,Gujarat,Ahmedabad,380026,34,3.5440242142688487
2025-12-29,Gujarat,Valsad,396065,64,7.128412974318714
2025-12-29,Haryana,Palwal,121105,37,3.9024630902738355
2025-12-29,Haryana,Palwal,121106,30,3.066105712928867
2025-12-29,Jammu and Kashmir,Punch,185101,75,8.442688853003665
2025-12-29,Jharkhand,Deoghar,815353,42,4.499861216948813
2025-12-29,Jharkhand,East Singhbhum,832301,38,4.021942715608831
2025-12-29,Karnataka,Davangere,577215,34,3.5440242142688487
2025-12-29,Karnataka,Raichur,584128,38,4.021942715608831
2025-12-29,Madhya Pradesh,Alirajpur,457990,42,4.499861216948813
2025-12-29,Madhya Pradesh,Morena,476001,31,3.1855853382638624
2025-12-29,Rajasthan,Jodhpur,342001,35,3.663503839603844
2025-12-29,Assam,Goalpara,783129,47,5.09725934362379
2025-12-29,Assam,Marigaon,782103,30,3.066105712928867
2025-12-29,Assam,Nagaon,782425,53,5.814137095633764
2025-12-29,Assam,Nalbari,781369,30,3.066105712928867
2025-12-29,Assam,Sonitpur,784101,122,14.058231243748452
2025-12-29,Assam,Sonitpur,784105,31,3.1855853382638624
2025-12-29,Bihar,Sheohar,843329,31,3.1855853382638624
2025-12-29,Chhattisgarh,Bijapur,494444,31,3.1855853382638624
2025-12-29,Delhi,North East Delhi,110094,30,3.066105712928867
2025-12-29,Haryana,Mewat,122508,37,3.9024630902738355
2025-12-29,Haryana,Palwal,121102,41,4.380381591613817
2025-12-29,Jammu and Kashmir,Punch,185102,43,4.619340842283808
2025-12-29,Jammu and Kashmir,Punch,185121,36,3.7829834649388396
2025-12-29,Jammu and Kashmir,Udhampur,182125,58,6.411535222308741
2025-12-29,Jharkhand,East Singhbhum,832104,33,3.4245445889338533
2025-12-29,Karnataka,Bagalkot,587202,74,8.323209227668668
2025-12-29,Karnataka,Chitradurga,577501,45,4.858300092953799
2025-12-29,Uttar Pradesh,Bahraich,271902,31,3.1855853382638624
2025-12-29,Uttar Pradesh,Budaun,243601,42,4.499861216948813
2025-12-29,West Bengal,Barddhaman,713129,30,3.066105712928867
2025-12-29,West Bengal,Birbhum,731237,35,3.663503839603844
2025-12-29,West Bengal,Murshidabad,742201,51,5.575177844963772
2025-12-29,West Bengal,Murshidabad,742223,53,5.814137095633764
2025-12-29,West Bengal,North 24 Parganas,743251,75,8.442688853003665
2025-12-29,West Bengal,North 24 Parganas,743425,34,3.5440242142688487
2025-12-29,West Bengal,South 24 Parganas,743354,31,3.1855853382638624
2025-12-29,West Bengal,Uttar Dinajpur,733129,33,3.4245445889338533
2025-12-29,West Bengal,Uttar Dinajpur,733202,38,4.021942715608831
2025-12-29,West Bengal,Uttar Dinajpur,733210,45,4.858300092953799
2025-12-29,Chhattisgarh,Bastar,494442,32,3.305064963598858
2025-12-29,Gujarat,Ahmedabad,380001,36,3.7829834649388396
2025-12-29,Jammu and Kashmir,Baramula,193101,42,4.499861216948813
2025-12-29,Jammu and Kashmir,Kulgam,192231,32,3.305064963598858
2025-12-29,Jharkhand,East Singhbhum,832101,35,3.663503839603844
2025-12-29,Karnataka,Bagalkot,587118,57,6.2920555969737455
2025-12-29,Karnataka,Davangere,577001,36,3.7829834649388396
2025-12-29,Karnataka,Davangere,577221,30,3.066105712928867
2025-12-29,Madhya Pradesh,Katni,483501,60,6.650494472978732
2025-12-29,Madhya Pradesh,Morena,476229,36,3.7829834649388396
2025-12-29,Maharashtra,Aurangabad,431001,40,4.260901966278822
2025-12-29,Uttar Pradesh,Saharanpur,247001,35,3.663503839603844
2025-12-29,West Bengal,Bankura,722206,30,3.066105712928867
2025-12-29,West Bengal,Dakshin Dinajpur,733132,34,3.5440242142688487
2025-12-29,West Bengal,Malda,732125,83,9.398525855683628
2025-12-29,West Bengal,Malda,732126,40,4.260901966278822
2025-12-29,West Bengal,Malda,732201,31,3.1855853382638624
2025-12-29,West Bengal,Murshidabad,742135,43,4.619340842283808
2025-12-29,West Bengal,Murshidabad,742148,82,9.279046230348632
2025-12-29,West Bengal,North 24 Parganas,700135,38,4.021942715608831
2025-12-29,West Bengal,North 24 Parganas,743287,111,12.743955365063501
2025-12-29,West Bengal,South 24 Parganas,743375,31,3.1855853382638624
2025-12-29,West Bengal,South 24 Parganas,743502,78,8.80112772900865
2025-12-29,West Bengal,Uttar Dinajpur,733201,46,4.977779718288795
2025-12-31,Bihar,Araria,854311,60,6.650494472978732
2025-12-31,Bihar,Arwal,804421,37,3.9024630902738355
2025-12-31,Bihar,Aurangabad,824120,33,3.4245445889338533
2025-12-31,Bihar,Aurangabad,824122,47,5.09725934362379
2025-12-31,Bihar,Aurangabad,824124,40,4.260901966278822
2025-12-31,Bihar,Aurangabad,824301,54,5.933616720968759
2025-12-31,Bihar,Bhagalpur,853201,30,3.066105712928867
2025-12-31,Bihar,East Champaran,845301,57,6.2920555969737455
2025-12-31,Bihar,East Champaran,845401,67,7.4868518503237
2025-12-31,Bihar,East Champaran,845415,33,3.4245445889338533
2025-12-31,Bihar,Gaya,823002,34,3.5440242142688487
2025-12-31,Bihar,Gaya,823003,60,6.650494472978732
2025-12-31,Bihar,Gaya,824201,78,8.80112772900865
2025-12-31,Bihar,Gaya,824236,68,7.6063314756586955
2025-12-31,Bihar,Gopalganj,841409,40,4.260901966278822
2025-12-31,Bihar,Gopalganj,841426,31,3.1855853382638624
2025-12-31,Bihar,Kaimur (Bhabua),821102,33,3.4245445889338533
2025-12-31,Bihar,Khagaria,851205,34,3.5440242142688487
2025-12-31,Bihar,Kishanganj,855101,80,9.040086979678641
2025-12-31,Bihar,Kishanganj,855107,61,6.769974098313727
2025-12-31,Bihar,Madhepura,852101,41,4.380381591613817
2025-12-31,Bihar,Madhepura,852220,34,3.5440242142688487
2025-12-31,Bihar,Madhubani,847108,43,4.619340842283808
2025-12-31,Bihar,Madhubani,847401,32,3.305064963598858
2025-12-31,Bihar,Madhubani,847408,58,6.411535222308741
2025-12-31,Bihar,Nawada,805126,33,3.4245445889338533
2025-12-31,Bihar,Patna,804453,44,4.738820467618804
2025-12-31,Bihar,Purnia,854102,37,3.9024630902738355
2025-12-31,Bihar,Purnia,854330,32,3.305064963598858
2025-12-31,Bihar,Saharsa,852127,39,4.141422340943826
2025-12-31,Bihar,Samastipur,848503,51,5.575177844963772
2025-12-31,Bihar,Sheohar,843329,93,10.593322109033583
2025-12-31,Bihar,Sheohar,843334,32,3.305064963598858
2025-12-31,Bihar,Sitamarhi,843317,47,5.09725934362379
2025-12-31,Bihar,Vaishali,843114,63,7.008933348983718
2025-12-31,Bihar,Vaishali,844101,33,3.4245445889338533
2025-12-31,Bihar,Vaishali,844508,37,3.9024630902738355
2025-12-31,Chhattisgarh,Bijapur,494447,52,5.694657470298767
2025-12-31,Chhattisgarh,Dakshin Bastar Dantewada,494441,31,3.1855853382638624
2025-12-31,Chhattisgarh,Kondagaon,494228,54,5.933616720968759
2025-12-31,Chhattisgarh,Raipur,492001,32,3.305064963598858
2025-12-31,Chhattisgarh,Sukma,494111,69,7.725811100993691
2025-12-31,Delhi,North Delhi,110006,48,5.2167389689587855
2025-12-31,Delhi,North East Delhi,110053,59,6.531014847643736
2025-12-31,Delhi,North West Delhi,110033,41,4.380381591613817
2025-12-31,Delhi,North West Delhi,110086,146,16.925742251788343
2025-12-31,Delhi,South West Delhi,110037,30,3.066105712928867
2025-12-31,Gujarat,Surat,394210,48,5.2167389689587855
2025-12-31,Gujarat,Surat,395010,36,3.7829834649388396
2025-12-31,Haryana,Faridabad,121004,85,9.637485106353619
2025-12-31,Haryana,Mewat,122508,104,11.907597987718534
2025-12-31,Jammu and Kashmir,Baramula,193402,37,3.9024630902738355
2025-12-31,Jammu and Kashmir,Reasi,182315,60,6.650494472978732
2025-12-31,Jharkhand,Chatra,825404,65,7.247892599653709
2025-12-31,Jharkhand,Deoghar,814112,32,3.305064963598858
2025-12-31,Jharkhand,East Singhbhum,832104,69,7.725811100993691
2025-12-31,Jharkhand,Garhwa,822128,31,3.1855853382638624
2025-12-31,Jharkhand,Latehar,829202,30,3.066105712928867
2025-12-31,Jharkhand,Palamu,822122,32,3.305064963598858
2025-12-31,Jharkhand,Palamu,822123,46,4.977779718288795
2025-12-31,Jharkhand,West Singhbhum,833201,40,4.260901966278822
2025-12-31,Madhya Pradesh,Anuppur,484881,36,3.7829834649388396
2025-12-31,Madhya Pradesh,Barwani,451666,109,12.50499611439351
2025-12-31,Madhya Pradesh,Bhind,477001,52,5.694657470298767
2025-12-31,Madhya Pradesh,Bhopal,462022,55,6.053096346303755
2025-12-31,Madhya Pradesh,Chhatarpur,471111,38,4.021942715608831
2025-12-31,Madhya Pradesh,Chhatarpur,471201,54,5.933616720968759
2025-12-31,Madhya Pradesh,Damoh,470775,66,7.367372224988705
2025-12-31,Madhya Pradesh,Datia,475661,40,4.260901966278822
2025-12-31,Madhya Pradesh,Dhar,454116,31,3.1855853382638624
2025-12-31,Madhya Pradesh,Dhar,454331,36,3.7829834649388396
2025-12-31,Madhya Pradesh,Gwalior,475220,49,5.336218594293781
2025-12-31,Madhya Pradesh,Indore,453441,70,7.845290726328686
2025-12-31,Madhya Pradesh,Khargone,451115,33,3.4245445889338533
2025-12-31,Madhya Pradesh,Neemuch,458441,31,3.1855853382638624
2025-12-31,Madhya Pradesh,Panna,488441,40,4.260901966278822
2025-12-31,Madhya Pradesh,Ratlam,457550,31,3.1855853382638624
2025-12-31,Madhya Pradesh,Sagar,470113,35,3.663503839603844
2025-12-31,Madhya Pradesh,Satna,485771,47,5.09725934362379
2025-12-31,Madhya Pradesh,Shahdol,484669,40,4.260901966278822
2025-12-31,Madhya Pradesh,Tikamgarh,472001,31,3.1855853382638624
2025-12-31,Madhya Pradesh,Umaria,484660,48,5.2167389689587855
2025-12-31,Maharashtra,Dhule,425405,33,3.4245445889338533
2025-12-31,Maharashtra,Jalgaon,425001,43,4.619340842283808
2025-12-31,Rajasthan,Ajmer,305901,32,3.305064963598858
2025-12-31,Rajasthan,Alwar,301707,33,3.4245445889338533
2025-12-31,Rajasthan,Baran,325221,30,3.066105712928867
2025-12-31,Rajasthan,Barmer,344706,49,5.336218594293781
2025-12-31,Rajasthan,Bharatpur,321204,38,4.021942715608831
2025-12-31,Rajasthan,Churu,331304,30,3.066105712928867
2025-12-31,Rajasthan,Ganganagar,335804,33,3.4245445889338533
2025-12-31,Rajasthan,Karauli,322241,38,4.021942715608831
2025-12-31,Rajasthan,Udaipur,313001,36,3.7829834649388396
2025-12-31,Uttar Pradesh,Aligarh,202001,77,8.681648103673655
2025-12-31,Uttar Pradesh,Amroha,244222,37,3.9024630902738355
2025-12-31,Uttar Pradesh,Azamgarh,276305,31,3.1855853382638624
2025-12-31,Uttar Pradesh,Bahraich,271855,41,4.380381591613817
2025-12-31,Uttar Pradesh,Banda,210001,40,4.260901966278822
2025-12-31,Uttar Pradesh,Banda,210203,30,3.066105712928867
2025-12-31,Uttar Pradesh,Basti,272002,43,4.619340842283808
2025-12-31,Uttar Pradesh,Bijnor,246725,46,4.977779718288795
2025-12-31,Uttar Pradesh,Bijnor,246761,31,3.1855853382638624
2025-12-31,Uttar Pradesh,Bulandshahr,203205,33,3.4245445889338533
2025-12-31,Uttar Pradesh,Chitrakoot,210206,31,3.1855853382638624
2025-12-31,Uttar Pradesh,Chitrakoot,210209,58,6.411535222308741
2025-12-31,Uttar Pradesh,Etah,207302,30,3.066105712928867
2025-12-31,Uttar Pradesh,Fatehpur,212601,57,6.2920555969737455
2025-12-31,Uttar Pradesh,Gonda,271122,31,3.1855853382638624
2025-12-31,Uttar Pradesh,Gonda,271503,31,3.1855853382638624
2025-12-31,Uttar Pradesh,Kanpur Nagar,208001,78,8.80112772900865
2025-12-31,Uttar Pradesh,Kasganj,207243,32,3.305064963598858
2025-12-31,Uttar Pradesh,Kaushambi,212217,31,3.1855853382638624
2025-12-31,Uttar Pradesh,Kheri,262802,50,5.455698219628776
2025-12-31,Uttar Pradesh,Kheri,262902,30,3.066105712928867
2025-12-31,Uttar Pradesh,Kushinagar,274302,34,3.5440242142688487
2025-12-31,Uttar Pradesh,Maharajganj,273151,37,3.9024630902738355
2025-12-31,Uttar Pradesh,Maharajganj,273162,31,3.1855853382638624
2025-12-31,Uttar Pradesh,Maharajganj,273164,75,8.442688853003665
2025-12-31,Uttar Pradesh,Mathura,281301,31,3.1855853382638624
2025-12-31,Uttar Pradesh,Meerut,250002,121,13.938751618413455
2025-12-31,Uttar Pradesh,Mirzapur,231001,58,6.411535222308741
2025-12-31,Uttar Pradesh,Muzaffarnagar,251314,32,3.305064963598858
2025-12-31,Uttar Pradesh,Pilibhit,262122,67,7.4868518503237
2025-12-31,Uttar Pradesh,Pratapgarh,230204,38,4.021942715608831
2025-12-31,Uttar Pradesh,Rae Bareli,229301,42,4.499861216948813
2025-12-31,Uttar Pradesh,Rampur,244921,52,5.694657470298767
2025-12-31,Uttar Pradesh,Sambhal,202522,58,6.411535222308741
2025-12-31,Uttar Pradesh,Sambhal,244102,34,3.5440242142688487
2025-12-31,Uttar Pradesh,Siddharthnagar,272153,65,7.247892599653709
2025-12-31,Uttar Pradesh,Sitapur,261001,55,6.053096346303755
2025-12-31,Uttar Pradesh,Sitapur,261135,57,6.2920555969737455
2025-12-31,Uttar Pradesh,Unnao,209859,40,4.260901966278822
2025-12-31,Uttar Pradesh,Varanasi,221001,57,6.2920555969737455
2025-12-31,Uttarakhand,Dehradun,248001,33,3.4245445889338533
2025-12-31,Uttarakhand,Haridwar,247667,54,5.933616720968759
2025-12-31,Uttarakhand,Udham Singh Nagar,262401,36,3.7829834649388396
2025-12-31,West Bengal,South 24 Parganas,743376,36,3.7829834649388396
2025-12-31,West Bengal,South 24 Parganas,743502,42,4.499861216948813
2025-12-31,West Bengal,Uttar Dinajpur,733210,68,7.6063314756586955
2025-12-31,West Bengal,Uttar Dinajpur,733215,54,5.933616720968759
2025-12-31,Assam,Lakhimpur,787055,36,3.7829834649388396
2025-12-31,Bihar,Banka,813102,37,3.9024630902738355
2025-12-31,Bihar,Begusarai,848201,44,4.738820467618804
2025-12-31,Bihar,Begusarai,848202,43,4.619340842283808
2025-12-31,Bihar,Begusarai,851112,33,3.4245445889338533
2025-12-31,Bihar,Begusarai,851131,30,3.066105712928867
2025-12-31,Bihar,Bhojpur,802164,32,3.305064963598858
2025-12-31,Bihar,East Champaran,845431,40,4.260901966278822
2025-12-31,Bihar,East Champaran,845433,43,4.619340842283808
2025-12-31,Bihar,Gaya,823311,44,4.738820467618804
2025-12-31,Bihar,Gaya,824233,60,6.650494472978732
2025-12-31,Bihar,Gaya,824235,35,3.663503839603844
2025-12-31,Bihar,Jehanabad,804408,32,3.305064963598858
2025-12-31,Bihar,Kaimur (Bhabua),821109,35,3.663503839603844
2025-12-31,Bihar,Lakhisarai,811311,63,7.008933348983718
2025-12-31,Bihar,Madhepura,852122,55,6.053096346303755
2025-12-31,Bihar,Madhepura,852128,67,7.4868518503237
2025-12-31,Bihar,Madhepura,852210,85,9.637485106353619
2025-12-31,Bihar,Madhepura,852213,38,4.021942715608831
2025-12-31,Bihar,Munger,811211,32,3.305064963598858
2025-12-31,Bihar,Muzaffarpur,843111,50,5.455698219628776
2025-12-31,Bihar,Patna,800001,32,3.305064963598858
2025-12-31,Bihar,Patna,800008,38,4.021942715608831
2025-12-31,Bihar,Patna,803201,40,4.260901966278822
2025-12-31,Bihar,Purnia,854101,34,3.5440242142688487
2025-12-31,Bihar,Purnia,854204,91,10.354362858363592
2025-12-31,Bihar,Purnia,854315,58,6.411535222308741
2025-12-31,Bihar,Saharsa,852201,30,3.066105712928867
2025-12-31,Bihar,Samastipur,848114,105,12.027077613053528
2025-12-31,Bihar,Samastipur,848205,34,3.5440242142688487
2025-12-31,Bihar,Saran,841101,45,4.858300092953799
2025-12-31,Bihar,Saran,841414,31,3.1855853382638624
2025-12-31,Bihar,Saran,841424,55,6.053096346303755
2025-12-31,Bihar,Sitamarhi,843324,53,5.814137095633764
2025-12-31,Bihar,Sitamarhi,843331,37,3.9024630902738355
2025-12-31,Bihar,Siwan,841238,30,3.066105712928867
2025-12-31,Bihar,Vaishali,844505,46,4.977779718288795
2025-12-31,Bihar,West Champaran,845106,52,5.694657470298767
2025-12-31,Bihar,West Champaran,845307,54,5.933616720968759
2025-12-31,Bihar,West Champaran,845438,110,12.624475739728506
2025-12-31,Bihar,West Champaran,845452,87,9.87644435702361
2025-12-31,Bihar,West Champaran,845455,68,7.6063314756586955
2025-12-31,Chhattisgarh,Balrampur,497225,35,3.663503839603844
2025-12-31,Chhattisgarh,Bastar,494001,74,8.323209227668668
2025-12-31,Chhattisgarh,Bastar,494115,73,8.203729602333674
2025-12-31,Chhattisgarh,Bemetara,491335,36,3.7829834649388396
2025-12-31,Chhattisgarh,Bijapur,494444,117,13.460833117073474
2025-12-31,Chhattisgarh,Kawardha,491995,32,3.305064963598858
2025-12-31,Chhattisgarh,Mungeli,495115,30,3.066105712928867
2025-12-31,Chhattisgarh,Sukma,494115,43,4.619340842283808
2025-12-31,Delhi,East Delhi,110092,44,4.738820467618804
2025-12-31,Delhi,South Delhi,110044,57,6.2920555969737455
2025-12-31,Delhi,South Delhi,110076,43,4.619340842283808
2025-12-31,Delhi,West Delhi,110041,55,6.053096346303755
2025-12-31,Gujarat,Surat,395006,39,4.141422340943826
2025-12-31,Gujarat,Valsad,396065,33,3.4245445889338533
2025-12-31,Haryana,Gurgaon,122001,44,4.738820467618804
2025-12-31,Haryana,Mewat,122107,45,4.858300092953799
2025-12-31,Haryana,Palwal,121103,39,4.141422340943826
2025-12-31,Haryana,Panipat,132103,55,6.053096346303755
2025-12-31,Haryana,Sonipat,131001,35,3.663503839603844
2025-12-31,Jharkhand,Dhanbad,828109,39,4.141422340943826
2025-12-31,Jharkhand,Garhwa,822114,54,5.933616720968759
2025-12-31,Jharkhand,Giridih,825324,50,5.455698219628776
2025-12-31,Jharkhand,Palamu,822113,45,4.858300092953799
2025-12-31,Jharkhand,Sahebganj,816109,34,3.5440242142688487
2025-12-31,Madhya Pradesh,Ashok Nagar,473331,49,5.336218594293781
2025-12-31,Madhya Pradesh,Barwani,451447,33,3.4245445889338533
2025-12-31,Madhya Pradesh,Bhind,477116,33,3.4245445889338533
2025-12-31,Madhya Pradesh,Bhopal,462001,37,3.9024630902738355
2025-12-31,Madhya Pradesh,Burhanpur,450331,69,7.725811100993691
2025-12-31,Madhya Pradesh,Chhatarpur,471105,35,3.663503839603844
2025-12-31,Madhya Pradesh,Chhatarpur,471606,41,4.380381591613817
2025-12-31,Madhya Pradesh,Damoh,470880,42,4.499861216948813
2025-12-31,Madhya Pradesh,Datia,475336,30,3.066105712928867
2025-12-31,Madhya Pradesh,Dewas,455227,46,4.977779718288795
2025-12-31,Madhya Pradesh,Dhar,454446,65,7.247892599653709
2025-12-31,Madhya Pradesh,Jabalpur,483119,50,5.455698219628776
2025-12-31,Madhya Pradesh,Jhabua,457777,37,3.9024630902738355
2025-12-31,Madhya Pradesh,Katni,483770,53,5.814137095633764
2025-12-31,Madhya Pradesh,Katni,483773,35,3.663503839603844
2025-12-31,Madhya Pradesh,Khargone,451331,41,4.380381591613817
2025-12-31,Madhya Pradesh,Mandsaur,458880,35,3.663503839603844
2025-12-31,Madhya Pradesh,Raisen,464551,35,3.663503839603844
2025-12-31,Madhya Pradesh,Rajgarh,465661,47,5.09725934362379
2025-12-31,Madhya Pradesh,Rajgarh,465691,30,3.066105712928867
2025-12-31,Madhya Pradesh,Sehore,466331,53,5.814137095633764
2025-12-31,Madhya Pradesh,Shahdol,484001,40,4.260901966278822
2025-12-31,Madhya Pradesh,Shahdol,484774,72,8.084249976998677
2025-12-31,Madhya Pradesh,Sheopur,476337,118,13.58031274240847
2025-12-31,Madhya Pradesh,Shivpuri,473670,42,4.499861216948813
2025-12-31,Madhya Pradesh,Sidhi,486661,61,6.769974098313727
2025-12-31,Madhya Pradesh,Sidhi,486771,37,3.9024630902738355
2025-12-31,Madhya Pradesh,Singrauli,486882,43,4.619340842283808
2025-12-31,Madhya Pradesh,Ujjain,456335,53,5.814137095633764
2025-12-31,Madhya Pradesh,Vidisha,464228,46,4.977779718288795
2025-12-31,Maharashtra,Palghar,401208,32,3.305064963598858
2025-12-31,Maharashtra,Palghar,401209,34,3.5440242142688487
2025-12-31,Maharashtra,Raigarh,410206,30,3.066105712928867
2025-12-31,Maharashtra,Thane,400612,48,5.2167389689587855
2025-12-31,Rajasthan,Alwar,301001,70,7.845290726328686
2025-12-31,Rajasthan,Barmer,344502,31,3.1855853382638624
2025-12-31,Rajasthan,Bharatpur,321205,31,3.1855853382638624
2025-12-31,Rajasthan,Bikaner,334001,99,11.310199861043555
2025-12-31,Rajasthan,Bikaner,334802,46,4.977779718288795
2025-12-31,Rajasthan,Hanumangarh,335523,31,3.1855853382638624
2025-12-31,Rajasthan,Jaipur,302002,42,4.499861216948813
2025-12-31,Rajasthan,Jaipur,302029,43,4.619340842283808
2025-12-31,Rajasthan,Jaisalmer,345001,44,4.738820467618804
2025-12-31,Rajasthan,Jalor,343029,75,8.442688853003665
2025-12-31,Rajasthan,Jalor,343030,30,3.066105712928867
2025-12-31,Rajasthan,Jalor,343032,59,6.531014847643736
2025-12-31,Rajasthan,Jhalawar,326037,30,3.066105712928867
2025-12-31,Rajasthan,Jhalawar,326512,36,3.7829834649388396
2025-12-31,Rajasthan,Jodhpur,342025,42,4.499861216948813
2025-12-31,Rajasthan,Jodhpur,342301,34,3.5440242142688487
2025-12-31,Rajasthan,Nagaur,341001,84,9.518005481018623
2025-12-31,Rajasthan,Pali,306504,32,3.305064963598858
2025-12-31,Rajasthan,Tonk,304502,30,3.066105712928867
2025-12-31,Uttar Pradesh,Allahabad,212402,32,3.305064963598858
2025-12-31,Uttar Pradesh,Amethi,227809,32,3.305064963598858
2025-12-31,Uttar Pradesh,Amroha,244235,71,7.964770351663682
2025-12-31,Uttar Pradesh,Amroha,244255,55,6.053096346303755
2025-12-31,Uttar Pradesh,Azamgarh,276204,30,3.066105712928867
2025-12-31,Uttar Pradesh,Bahraich,271801,53,5.814137095633764
2025-12-31,Uttar Pradesh,Ballia,277001,36,3.7829834649388396
2025-12-31,Uttar Pradesh,Balrampur,271206,38,4.021942715608831
2025-12-31,Uttar Pradesh,Bareilly,243123,33,3.4245445889338533
2025-12-31,Uttar Pradesh,Bareilly,243201,58,6.411535222308741
2025-12-31,Uttar Pradesh,Bareilly,243302,31,3.1855853382638624
2025-12-31,Uttar Pradesh,Basti,272130,41,4.380381591613817
2025-12-31,Uttar Pradesh,Budaun,243639,32,3.305064963598858
2025-12-31,Uttar Pradesh,Bulandshahr,203001,72,8.084249976998677
2025-12-31,Uttar Pradesh,Bulandshahr,203131,80,9.040086979678641
2025-12-31,Uttar Pradesh,Chandauli,232101,56,6.17257597163875
2025-12-31,Uttar Pradesh,Deoria,274001,75,8.442688853003665
2025-12-31,Uttar Pradesh,Etawah,206001,42,4.499861216948813
2025-12-31,Uttar Pradesh,Faizabad,224001,38,4.021942715608831
2025-12-31,Uttar Pradesh,Farrukhabad,209625,36,3.7829834649388396
2025-12-31,Uttar Pradesh,Fatehpur,212655,31,3.1855853382638624
2025-12-31,Uttar Pradesh,Ghaziabad,201102,81,9.159566605013637
2025-12-31,Uttar Pradesh,Ghazipur,233001,33,3.4245445889338533
2025-12-31,Uttar Pradesh,Hardoi,241304,42,4.499861216948813
2025-12-31,Uttar Pradesh,Kanpur Nagar,209202,38,4.021942715608831
2025-12-31,Uttar Pradesh,Kanpur Nagar,209308,30,3.066105712928867
2025-12-31,Uttar Pradesh,Kasganj,207242,51,5.575177844963772
2025-12-31,Uttar Pradesh,Kaushambi,212216,35,3.663503839603844
2025-12-31,Uttar Pradesh,Kheri,262724,39,4.141422340943826
2025-12-31,Uttar Pradesh,Mathura,281004,40,4.260901966278822
2025-12-31,Uttar Pradesh,Mau,275101,57,6.2920555969737455
2025-12-31,Uttar Pradesh,Moradabad,244001,130,15.014068246428415
2025-12-31,Uttar Pradesh,Moradabad,244501,48,5.2167389689587855
2025-12-31,Uttar Pradesh,Pilibhit,262001,65,7.247892599653709
2025-12-31,Uttar Pradesh,Pilibhit,262201,33,3.4245445889338533
2025-12-31,Uttar Pradesh,Rampur,244924,60,6.650494472978732
2025-12-31,Uttar Pradesh,Sambhal,202410,31,3.1855853382638624
2025-12-31,Uttar Pradesh,Sonbhadra,231216,46,4.977779718288795
2025-12-31,Uttar Pradesh,Unnao,241501,39,4.141422340943826
2025-12-31,Uttarakhand,Nainital,263139,55,6.053096346303755
2025-12-31,West Bengal,Malda,732139,42,4.499861216948813
2025-12-31,West Bengal,Murshidabad,742213,32,3.305064963598858
2025-12-31,West Bengal,South 24 Parganas,743312,49,5.336218594293781
2025-12-31,West Bengal,Uttar Dinajpur,733128,33,3.4245445889338533
2025-12-31,West Bengal,Uttar Dinajpur,733208,38,4.021942715608831
2025-12-31,Madhya Pradesh,Rajgarh,465683,36,3.7829834649388396
2025-12-31,Madhya Pradesh,Sagar,470227,34,3.5440242142688487
2025-12-31,Madhya Pradesh,Sheopur,476332,38,4.021942715608831
2025-12-31,Madhya Pradesh,Sheopur,476355,31,3.1855853382638624
2025-12-31,Madhya Pradesh,Sidhi,486669,33,3.4245445889338533
2025-12-31,Madhya Pradesh,Ujjain,456771,41,4.380381591613817
2025-12-31,Maharashtra,Thane,401107,52,5.694657470298767
2025-12-31,Maharashtra,Thane,421301,38,4.021942715608831
2025-12-31,Maharashtra,Thane,421302,75,8.442688853003665
2025-12-31,Rajasthan,Ajmer,305001,44,4.738820467618804
2025-12-31,Rajasthan,Barmer,344032,39,4.141422340943826
2025-12-31,Rajasthan,Bundi,323001,39,4.141422340943826
2025-12-31,Rajasthan,Churu,331403,55,6.053096346303755
2025-12-31,Rajasthan,Churu,331517,35,3.663503839603844
2025-12-31,Rajasthan,Ganganagar,335041,37,3.9024630902738355
2025-12-31,Rajasthan,Hanumangarh,335524,42,4.499861216948813
2025-12-31,Rajasthan,Jalor,343040,50,5.455698219628776
2025-12-31,Rajasthan,Jalor,343041,130,15.014068246428415
2025-12-31,Rajasthan,Jodhpur,342001,67,7.4868518503237
2025-12-31,Rajasthan,Jodhpur,342027,35,3.663503839603844
2025-12-31,Rajasthan,Nagaur,341503,46,4.977779718288795
2025-12-31,Rajasthan,Nagaur,341505,35,3.663503839603844
2025-12-31,Rajasthan,Pali,306401,40,4.260901966278822
2025-12-31,Bihar,Araria,854334,67,7.4868518503237
2025-12-31,Bihar,Aurangabad,824125,59,6.531014847643736
2025-12-31,Bihar,Banka,813101,47,5.09725934362379
2025-12-31,Bihar,Begusarai,851111,62,6.889453723648723
2025-12-31,Bihar,Begusarai,851129,56,6.17257597163875
2025-12-31,Bihar,Bhagalpur,813209,44,4.738820467618804
2025-12-31,Bihar,Bhagalpur,853204,46,4.977779718288795
2025-12-31,Bihar,Bhojpur,802207,38,4.021942715608831
2025-12-31,Bihar,Bhojpur,802301,37,3.9024630902738355
2025-12-31,Bihar,Buxar,802128,30,3.066105712928867
2025-12-31,Bihar,East Champaran,845429,32,3.305064963598858
2025-12-31,Bihar,East Champaran,845437,60,6.650494472978732
2025-12-31,Bihar,Gaya,824206,46,4.977779718288795
2025-12-31,Bihar,Gaya,824237,34,3.5440242142688487
2025-12-31,Bihar,Gopalganj,841503,33,3.4245445889338533
2025-12-31,Bihar,Jamui,811303,48,5.2167389689587855
2025-12-31,Bihar,Jamui,811307,37,3.9024630902738355
2025-12-31,Bihar,Jamui,811308,50,5.455698219628776
2025-12-31,Bihar,Jamui,811314,37,3.9024630902738355
2025-12-31,Bihar,Katihar,854317,74,8.323209227668668
2025-12-31,Bihar,Katihar,855113,30,3.066105712928867
2025-12-31,Bihar,Khagaria,852161,67,7.4868518503237
2025-12-31,Bihar,Kishanganj,855108,37,3.9024630902738355
2025-12-31,Bihar,Madhepura,852112,58,6.411535222308741
2025-12-31,Bihar,Madhubani,847224,35,3.663503839603844
2025-12-31,Bihar,Madhubani,847402,37,3.9024630902738355
2025-12-31,Bihar,Nalanda,801302,34,3.5440242142688487
2025-12-31,Bihar,Nalanda,803101,94,10.712801734368577
2025-12-31,Bihar,Nalanda,803107,35,3.663503839603844
2025-12-31,Bihar,Nalanda,803110,60,6.650494472978732
2025-12-31,Bihar,Nawada,805103,39,4.141422340943826
2025-12-31,Bihar,Nawada,805125,64,7.128412974318714
2025-12-31,Bihar,Nawada,805130,42,4.499861216948813
2025-12-31,Bihar,Patna,801503,49,5.336218594293781
2025-12-31,Bihar,Patna,803202,35,3.663503839603844
2025-12-31,Bihar,Purnia,854203,47,5.09725934362379
2025-12-31,Bihar,Purnia,854304,40,4.260901966278822
2025-12-31,Bihar,Rohtas,821112,32,3.305064963598858
2025-12-31,Bihar,Saharsa,852106,59,6.531014847643736
2025-12-31,Bihar,Saharsa,852126,44,4.738820467618804
2025-12-31,Bihar,Saharsa,852216,51,5.575177844963772
2025-12-31,Bihar,Saharsa,852217,42,4.499861216948813
2025-12-31,Bihar,Samastipur,848160,32,3.305064963598858
2025-12-31,Bihar,Saran,841301,52,5.694657470298767
2025-12-31,Bihar,Saran,841403,62,6.889453723648723
2025-12-31,Bihar,Saran,841418,31,3.1855853382638624
2025-12-31,Bihar,Sheikhpura,811105,37,3.9024630902738355
2025-12-31,Bihar,Sitamarhi,843314,52,5.694657470298767
2025-12-31,Bihar,Sitamarhi,843320,45,4.858300092953799
2025-12-31,Bihar,West Champaran,845105,52,5.694657470298767
2025-12-31,Chhattisgarh,Bastar,494223,41,4.380381591613817
2025-12-31,Chhattisgarh,Bijapur,494450,50,5.455698219628776
2025-12-31,Chhattisgarh,Sukma,494122,32,3.305064963598858
2025-12-31,Delhi,North East Delhi,110094,100,11.42967948637855
2025-12-31,Delhi,West Delhi,110018,30,3.066105712928867
2025-12-31,Uttar Pradesh,Aligarh,202002,35,3.663503839603844
2025-12-31,Uttar Pradesh,Aligarh,202124,30,3.066105712928867
2025-12-31,Uttar Pradesh,Bahraich,271902,70,7.845290726328686
2025-12-31,Uttar Pradesh,Balrampur,271201,51,5.575177844963772
2025-12-31,Uttar Pradesh,Balrampur,271208,67,7.4868518503237
2025-12-31,Uttar Pradesh,Banda,210129,35,3.663503839603844
2025-12-31,Uttar Pradesh,Bareilly,243001,46,4.977779718288795
2025-12-31,Uttar Pradesh,Bijnor,246701,48,5.2167389689587855
2025-12-31,Uttar Pradesh,Bijnor,246762,32,3.305064963598858
2025-12-31,Uttar Pradesh,Budaun,243601,95,10.832281359703574
2025-12-31,Uttar Pradesh,Chitrakoot,210205,65,7.247892599653709
2025-12-31,Uttar Pradesh,Chitrakoot,210208,34,3.5440242142688487
2025-12-31,Uttar Pradesh,Firozabad,283203,68,7.6063314756586955
2025-12-31,Uttar Pradesh,Gautam Buddha Nagar,201310,33,3.4245445889338533
2025-12-31,Uttar Pradesh,Gautam Buddha Nagar,203207,40,4.260901966278822
2025-12-31,Uttar Pradesh,Ghaziabad,201204,56,6.17257597163875
2025-12-31,Uttar Pradesh,Gonda,271504,33,3.4245445889338533
2025-12-31,Uttar Pradesh,Gorakhpur,273165,39,4.141422340943826
2025-12-31,Uttar Pradesh,Hapur,245205,35,3.663503839603844
2025-12-31,Uttar Pradesh,Kanpur Nagar,209206,38,4.021942715608831
2025-12-31,Uttar Pradesh,Kheri,262701,39,4.141422340943826
2025-12-31,Uttar Pradesh,Kushinagar,274304,71,7.964770351663682
2025-12-31,Uttar Pradesh,Kushinagar,274305,38,4.021942715608831
2025-12-31,Uttar Pradesh,Kushinagar,274402,35,3.663503839603844
2025-12-31,Uttar Pradesh,Lucknow,226002,44,4.738820467618804
2025-12-31,Uttar Pradesh,Lucknow,226003,54,5.933616720968759
2025-12-31,Uttar Pradesh,Maharajganj,273157,48,5.2167389689587855
2025-12-31,Uttar Pradesh,Maharajganj,273303,65,7.247892599653709
2025-12-31,Uttar Pradesh,Meerut,250001,67,7.4868518503237
2025-12-31,Uttar Pradesh,Moradabad,244601,36,3.7829834649388396
2025-12-31,Uttar Pradesh,Muzaffarnagar,251309,49,5.336218594293781
2025-12-31,Uttar Pradesh,Rampur,244901,97,11.071240610373565
2025-12-31,Uttar Pradesh,Saharanpur,247121,37,3.9024630902738355
2025-12-31,Uttar Pradesh,Saharanpur,247554,59,6.531014847643736
2025-12-31,Uttar Pradesh,Sant Kabir Nagar,272175,30,3.066105712928867
2025-12-31,Uttar Pradesh,Shahjahanpur,242001,84,9.518005481018623
2025-12-31,Uttar Pradesh,Shamli,247775,47,5.09725934362379
2025-12-31,Uttar Pradesh,Shamli,247776,33,3.4245445889338533
2025-12-31,Uttar Pradesh,Siddharthnagar,272189,33,3.4245445889338533
2025-12-31,Uttar Pradesh,Sitapur,261201,49,5.336218594293781
2025-12-31,Uttar Pradesh,Sitapur,261203,45,4.858300092953799
2025-12-31,Uttarakhand,Uttarkashi,249185,32,3.305064963598858
2025-12-31,Jammu and Kashmir,Kulgam,192231,35,3.663503839603844
2025-12-31,Jharkhand,Bokaro,827013,48,5.2167389689587855
2025-12-31,Jharkhand,Chatra,825408,47,5.09725934362379
2025-12-31,Jharkhand,Giridih,825108,37,3.9024630902738355
2025-12-31,Jharkhand,Gumla,835324,33,3.4245445889338533
2025-12-31,Jharkhand,Jamtara,815351,38,4.021942715608831
2025-12-31,Jharkhand,Lohardaga,835213,35,3.663503839603844
2025-12-31,Jharkhand,Pakur,816107,30,3.066105712928867
2025-12-31,Jharkhand,Sahebganj,816101,55,6.053096346303755
2025-12-31,Jharkhand,Sahebganj,816108,88,9.995923982358605
2025-12-31,Jharkhand,Seraikela-Kharsawan,831002,38,4.021942715608831
2025-12-31,Jharkhand,West Singhbhum,833214,56,6.17257597163875
2025-12-31,Karnataka,Bengaluru,560064,33,3.4245445889338533
2025-12-31,Karnataka,Raichur,584143,31,3.1855853382638624
2025-12-31,Madhya Pradesh,Ashok Nagar,473443,32,3.305064963598858
2025-12-31,Madhya Pradesh,Barwani,451551,60,6.650494472978732
2025-12-31,Madhya Pradesh,Betul,460001,37,3.9024630902738355
2025-12-31,Madhya Pradesh,Bhind,477557,31,3.1855853382638624
2025-12-31,Madhya Pradesh,Chhatarpur,471001,48,5.2167389689587855
2025-12-31,Madhya Pradesh,Chhatarpur,471405,52,5.694657470298767
2025-12-31,Madhya Pradesh,Chhatarpur,471525,38,4.021942715608831
2025-12-31,Madhya Pradesh,Dhar,454449,31,3.1855853382638624
2025-12-31,Madhya Pradesh,Guna,473001,68,7.6063314756586955
2025-12-31,Madhya Pradesh,Guna,473222,51,5.575177844963772
2025-12-31,Madhya Pradesh,Gwalior,475110,95,10.832281359703574
2025-12-31,Madhya Pradesh,Indore,453661,36,3.7829834649388396
2025-12-31,Madhya Pradesh,Jabalpur,483225,31,3.1855853382638624
2025-12-31,Madhya Pradesh,Jhabua,457779,36,3.7829834649388396
2025-12-31,Madhya Pradesh,Katni,483990,38,4.021942715608831
2025-12-31,Madhya Pradesh,Mandsaur,458883,36,3.7829834649388396
2025-12-31,Madhya Pradesh,Morena,476224,73,8.203729602333674
2025-12-31,Madhya Pradesh,Morena,476229,37,3.9024630902738355
2025-12-31,West Bengal,North 24 Parganas,743425,34,3.5440242142688487
2025-12-31,West Bengal,Uttar Dinajpur,733202,49,5.336218594293781
2025-12-31,Madhya Pradesh,Rajgarh,465667,33,3.4245445889338533
2025-12-31,Madhya Pradesh,Rajgarh,465674,40,4.260901966278822
2025-12-31,Madhya Pradesh,Rajgarh,465677,31,3.1855853382638624
2025-12-31,Madhya Pradesh,Rajgarh,465679,30,3.066105712928867
2025-12-31,Madhya Pradesh,Ratlam,457001,45,4.858300092953799
2025-12-31,Madhya Pradesh,Rewa,486331,36,3.7829834649388396
2025-12-31,Madhya Pradesh,Sagar,470226,50,5.455698219628776
2025-12-31,Madhya Pradesh,Sagar,470335,31,3.1855853382638624
2025-12-31,Madhya Pradesh,Satna,485772,42,4.499861216948813
2025-12-31,Madhya Pradesh,Shajapur,465001,36,3.7829834649388396
2025-12-31,Madhya Pradesh,Shajapur,465337,53,5.814137095633764
2025-12-31,Madhya Pradesh,Sheopur,476335,48,5.2167389689587855
2025-12-31,Madhya Pradesh,Shivpuri,473551,78,8.80112772900865
2025-12-31,Madhya Pradesh,Shivpuri,473775,46,4.977779718288795
2025-12-31,Madhya Pradesh,Singrauli,486881,45,4.858300092953799
2025-12-31,Madhya Pradesh,Singrauli,486886,89,10.115403607693601
2025-12-31,Madhya Pradesh,Ujjain,456550,44,4.738820467618804
2025-12-31,Madhya Pradesh,Vidisha,464221,41,4.380381591613817
2025-12-31,Meghalaya,West Jaintia Hills,793150,31,3.1855853382638624
2025-12-31,Rajasthan,Banswara,327001,40,4.260901966278822
2025-12-31,Rajasthan,Banswara,327801,31,3.1855853382638624
2025-12-31,Rajasthan,Barmer,344702,71,7.964770351663682
2025-12-31,Rajasthan,Bikaner,334603,36,3.7829834649388396
2025-12-31,Rajasthan,Bikaner,334803,52,5.694657470298767
2025-12-31,Rajasthan,Dholpur,328022,33,3.4245445889338533
2025-12-31,Rajasthan,Jodhpur,342306,34,3.5440242142688487
2025-12-31,Rajasthan,Sirohi,307022,30,3.066105712928867
2025-12-31,Rajasthan,Sirohi,307026,71,7.964770351663682
2025-12-31,Rajasthan,Udaipur,307025,80,9.040086979678641
2025-12-31,Karnataka,Raichur,584128,31,3.1855853382638624
2025-12-31,Madhya Pradesh,Alirajpur,457882,37,3.9024630902738355
2025-12-31,Madhya Pradesh,Chhatarpur,471501,78,8.80112772900865
2025-12-31,Madhya Pradesh,Chhatarpur,471515,52,5.694657470298767
2025-12-31,Madhya Pradesh,Chhatarpur,471625,33,3.4245445889338533
2025-12-31,Madhya Pradesh,Dewas,455001,106,12.146557238388525
2025-12-31,Madhya Pradesh,Guna,473105,35,3.663503839603844
2025-12-31,Madhya Pradesh,Guna,473287,43,4.619340842283808
2025-12-31,Madhya Pradesh,Gwalior,474001,39,4.141422340943826
2025-12-31,Madhya Pradesh,Gwalior,474006,68,7.6063314756586955
2025-12-31,Madhya Pradesh,Hoshangabad,461990,33,3.4245445889338533
2025-12-31,Madhya Pradesh,Indore,452010,33,3.4245445889338533
2025-12-31,Madhya Pradesh,Jabalpur,482001,43,4.619340842283808
2025-12-31,Madhya Pradesh,Jabalpur,482003,51,5.575177844963772
2025-12-31,Madhya Pradesh,Jhabua,457661,100,11.42967948637855
2025-12-31,Madhya Pradesh,Katni,483501,144,16.68678300111835
2025-12-31,Madhya Pradesh,Khargone,451441,34,3.5440242142688487
2025-12-31,Madhya Pradesh,Mandsaur,458775,39,4.141422340943826
2025-12-31,Madhya Pradesh,Morena,476111,48,5.2167389689587855
2025-12-31,Madhya Pradesh,Narsinghpur,487001,31,3.1855853382638624
2025-12-31,Madhya Pradesh,Panna,488220,49,5.336218594293781
2025-12-31,Uttar Pradesh,Agra,283125,56,6.17257597163875
2025-12-31,Uttar Pradesh,Amroha,244241,81,9.159566605013637
2025-12-31,Uttar Pradesh,Azamgarh,276001,36,3.7829834649388396
2025-12-31,Uttar Pradesh,Azamgarh,276404,30,3.066105712928867
2025-12-31,Uttar Pradesh,Baghpat,250611,50,5.455698219628776
2025-12-31,Uttar Pradesh,Bahraich,271851,30,3.066105712928867
2025-12-31,Uttar Pradesh,Bahraich,271903,79,8.920607354343646
2025-12-31,Uttar Pradesh,Balrampur,271205,33,3.4245445889338533
2025-12-31,Uttar Pradesh,Balrampur,271210,36,3.7829834649388396
2025-12-31,Uttar Pradesh,Balrampur,271604,57,6.2920555969737455
2025-12-31,Uttar Pradesh,Bareilly,243122,32,3.305064963598858
2025-12-31,Uttar Pradesh,Bareilly,243202,31,3.1855853382638624
2025-12-31,Uttar Pradesh,Bareilly,243505,87,9.87644435702361
2025-12-31,Uttar Pradesh,Basti,272155,42,4.499861216948813
2025-12-31,Uttar Pradesh,Bijnor,246722,31,3.1855853382638624
2025-12-31,Uttar Pradesh,Bijnor,246734,35,3.663503839603844
2025-12-31,Uttar Pradesh,Bulandshahr,202394,59,6.531014847643736
2025-12-31,Uttar Pradesh,Bulandshahr,245408,39,4.141422340943826
2025-12-31,Uttar Pradesh,Chandauli,232104,31,3.1855853382638624
2025-12-31,Uttar Pradesh,Chandauli,232106,34,3.5440242142688487
2025-12-31,Uttar Pradesh,Etah,207001,78,8.80112772900865
2025-12-31,Uttar Pradesh,Firozabad,283204,54,5.933616720968759
2025-12-31,Uttar Pradesh,Gorakhpur,273158,31,3.1855853382638624
2025-12-31,Uttar Pradesh,Hardoi,241303,33,3.4245445889338533
2025-12-31,Uttar Pradesh,Hathras,204101,76,8.56216847833866
2025-12-31,Uttar Pradesh,Jhansi,284202,35,3.663503839603844
2025-12-31,Uttar Pradesh,Jhansi,284204,35,3.663503839603844
2025-12-31,Uttar Pradesh,Kheri,262804,59,6.531014847643736
2025-12-31,Uttar Pradesh,Kushinagar,274149,32,3.305064963598858
2025-12-31,Uttar Pradesh,Kushinagar,274401,36,3.7829834649388396
2025-12-31,Uttar Pradesh,Lalitpur,284126,31,3.1855853382638624
2025-12-31,Uttar Pradesh,Lalitpur,284403,55,6.053096346303755
2025-12-31,Uttar Pradesh,Lucknow,226016,40,4.260901966278822
2025-12-31,Uttar Pradesh,Lucknow,227107,32,3.305064963598858
2025-12-31,Uttar Pradesh,Maharajganj,273163,34,3.5440242142688487
2025-12-31,Uttar Pradesh,Mainpuri,206301,32,3.305064963598858
2025-12-31,Uttar Pradesh,Mathura,281001,36,3.7829834649388396
2025-12-31,Uttar Pradesh,Mathura,281201,30,3.066105712928867
2025-12-31,Uttar Pradesh,Mathura,281403,45,4.858300092953799
2025-12-31,Uttar Pradesh,Meerut,245206,32,3.305064963598858
2025-12-31,Uttar Pradesh,Meerut,250401,38,4.021942715608831
2025-12-31,Uttar Pradesh,Muzaffarnagar,251001,39,4.141422340943826
2025-12-31,Uttar Pradesh,Rae Bareli,229001,61,6.769974098313727
2025-12-31,Uttar Pradesh,Rampur,243701,61,6.769974098313727
2025-12-31,Uttar Pradesh,Sambhal,202412,36,3.7829834649388396
2025-12-31,Uttar Pradesh,Sambhal,244303,31,3.1855853382638624
2025-12-31,Uttar Pradesh,Sant Kabir Nagar,272125,34,3.5440242142688487
2025-12-31,Uttar Pradesh,Shamli,247773,32,3.305064963598858
2025-12-31,Uttar Pradesh,Shamli,247774,51,5.575177844963772
2025-12-31,Uttar Pradesh,Siddharthnagar,272206,49,5.336218594293781
2025-12-31,Uttar Pradesh,Siddharthnagar,272207,33,3.4245445889338533
2025-12-31,Uttar Pradesh,Sitapur,261141,51,5.575177844963772
2025-12-31,Uttar Pradesh,Sitapur,261303,37,3.9024630902738355
2025-12-31,Uttar Pradesh,Sitapur,261403,30,3.066105712928867
2025-12-31,Uttar Pradesh,Unnao,209821,61,6.769974098313727
2025-12-31,Uttarakhand,Udham Singh Nagar,244713,40,4.260901966278822
2025-12-31,West Bengal,Howrah,711316,39,4.141422340943826
2025-12-31,West Bengal,Malda,732125,50,5.455698219628776
2025-12-31,West Bengal,Murshidabad,742224,38,4.021942715608831
2025-12-31,West Bengal,Nadia,741404,33,3.4245445889338533
2025-12-31,West Bengal,Puruliya,723121,33,3.4245445889338533
2025-12-31,West Bengal,South 24 Parganas,743337,31,3.1855853382638624
2025-12-31,West Bengal,South 24 Parganas,743349,30,3.066105712928867
2025-12-31,West Bengal,South 24 Parganas,743355,44,4.738820467618804
2025-12-31,West Bengal,South 24 Parganas,743368,35,3.663503839603844
2025-12-31,Bihar,Araria,854312,52,5.694657470298767
2025-12-31,Bihar,Araria,854318,107,12.266036863723519
2025-12-31,Bihar,Arwal,804419,51,5.575177844963772
2025-12-31,Bihar,Aurangabad,824112,30,3.066105712928867
2025-12-31,Bihar,Aurangabad,824203,50,5.455698219628776
2025-12-31,Bihar,Banka,813104,41,4.380381591613817
2025-12-31,Bihar,Banka,813106,53,5.814137095633764
2025-12-31,Bihar,Begusarai,851133,37,3.9024630902738355
2025-12-31,Bihar,Bhagalpur,813205,44,4.738820467618804
2025-12-31,Bihar,Bhagalpur,813210,30,3.066105712928867
2025-12-31,Bihar,Bhojpur,802152,60,6.650494472978732
2025-12-31,Bihar,Bhojpur,802158,34,3.5440242142688487
2025-12-31,Bihar,Bhojpur,802163,37,3.9024630902738355
2025-12-31,Bihar,Bhojpur,802201,57,6.2920555969737455
2025-12-31,Bihar,East Champaran,845302,40,4.260901966278822
2025-12-31,Bihar,East Champaran,845422,60,6.650494472978732
2025-12-31,Bihar,Gaya,824211,48,5.2167389689587855
2025-12-31,Bihar,Gaya,824232,101,11.549159111713546
2025-12-31,Bihar,Gopalganj,841428,45,4.858300092953799
2025-12-31,Bihar,Khagaria,851212,37,3.9024630902738355
2025-12-31,Bihar,Kishanganj,855115,34,3.5440242142688487
2025-12-31,Bihar,Kishanganj,855116,42,4.499861216948813
2025-12-31,Bihar,Madhepura,852116,59,6.531014847643736
2025-12-31,Bihar,Munger,811213,34,3.5440242142688487
2025-12-31,Bihar,Muzaffarpur,843103,32,3.305064963598858
2025-12-31,Bihar,Muzaffarpur,843115,31,3.1855853382638624
2025-12-31,Bihar,Muzaffarpur,843128,49,5.336218594293781
2025-12-31,Bihar,Nalanda,803111,35,3.663503839603844
2025-12-31,Bihar,Nawada,805110,34,3.5440242142688487
2025-12-31,Bihar,Nawada,805122,30,3.066105712928867
2025-12-31,Bihar,Purnia,854202,37,3.9024630902738355
2025-12-31,Bihar,Rohtas,821113,39,4.141422340943826
2025-12-31,Bihar,Saharsa,852124,42,4.499861216948813
2025-12-31,Bihar,Samastipur,848101,48,5.2167389689587855
2025-12-31,Bihar,Samastipur,848132,37,3.9024630902738355
2025-12-31,Bihar,Samastipur,848207,35,3.663503839603844
2025-12-31,Bihar,Samastipur,848236,30,3.066105712928867
2025-12-31,Bihar,Saran,841207,42,4.499861216948813
2025-12-31,Bihar,Siwan,841439,31,3.1855853382638624
2025-12-31,Bihar,Supaul,852131,34,3.5440242142688487
2025-12-31,Bihar,Supaul,854339,44,4.738820467618804
2025-12-31,Bihar,Vaishali,844102,43,4.619340842283808
2025-12-31,Bihar,Vaishali,844122,61,6.769974098313727
2025-12-31,Bihar,Vaishali,844504,42,4.499861216948813
2025-12-31,Bihar,West Champaran,845404,31,3.1855853382638624
2025-12-31,Bihar,West Champaran,845449,54,5.933616720968759
2025-12-31,Chhattisgarh,Bastar,494010,97,11.071240610373565
2025-12-31,Chhattisgarh,Bastar,494222,63,7.008933348983718
2025-12-31,Chhattisgarh,Bastar,494224,59,6.531014847643736
2025-12-31,Chhattisgarh,Bastar,494442,100,11.42967948637855
2025-12-31,Chhattisgarh,Durg,491001,31,3.1855853382638624
2025-12-31,Chhattisgarh,Kondagaon,494226,190,22.182845766528143
2025-12-31,Chhattisgarh,Narayanpur,494661,33,3.4245445889338533
2025-12-31,Delhi,South Delhi,110025,40,4.260901966278822
2025-12-31,Delhi,West Delhi,110059,91,10.354362858363592
2025-12-31,Jharkhand,Deoghar,815353,90,10.234883233028595
2025-12-31,Jharkhand,East Singhbhum,832105,35,3.663503839603844
2025-12-31,Jharkhand,Giridih,825320,34,3.5440242142688487
2025-12-31,Jharkhand,Giridih,825412,58,6.411535222308741
2025-12-31,Jharkhand,Gumla,835208,35,3.663503839603844
2025-12-31,Jharkhand,Palamu,822124,32,3.305064963598858
2025-12-31,Jharkhand,West Singhbhum,833102,42,4.499861216948813
2025-12-31,Madhya Pradesh,Alirajpur,457888,30,3.066105712928867
2025-12-31,Madhya Pradesh,Alirajpur,457990,73,8.203729602333674
2025-12-31,Madhya Pradesh,Ashok Nagar,473446,33,3.4245445889338533
2025-12-31,Madhya Pradesh,Betul,460330,37,3.9024630902738355
2025-12-31,Madhya Pradesh,Bhopal,462030,41,4.380381591613817
2025-12-31,Madhya Pradesh,Burhanpur,450221,38,4.021942715608831
2025-12-31,Madhya Pradesh,Chhatarpur,471101,37,3.9024630902738355
2025-12-31,Madhya Pradesh,Chhatarpur,471313,34,3.5440242142688487
2025-12-31,Madhya Pradesh,Dhar,454001,33,3.4245445889338533
2025-12-31,Madhya Pradesh,Indore,452001,50,5.455698219628776
2025-12-31,Madhya Pradesh,Indore,453001,38,4.021942715608831
2025-12-31,Madhya Pradesh,Indore,453771,37,3.9024630902738355
2025-12-31,Madhya Pradesh,Katni,483440,33,3.4245445889338533
2025-12-31,Madhya Pradesh,Katni,483775,48,5.2167389689587855
2025-12-31,Madhya Pradesh,Katni,483880,43,4.619340842283808
2025-12-31,Madhya Pradesh,Khargone,451001,40,4.260901966278822
2025-12-31,Madhya Pradesh,Khargone,451224,36,3.7829834649388396
2025-12-31,Madhya Pradesh,Khargone,451332,68,7.6063314756586955
2025-12-31,Madhya Pradesh,Mandla,481661,36,3.7829834649388396
2025-12-31,Madhya Pradesh,Morena,476001,87,9.87644435702361
2025-12-31,Madhya Pradesh,Morena,476221,74,8.323209227668668
2025-12-31,Madhya Pradesh,Narsinghpur,487118,36,3.7829834649388396
2025-12-31,Madhya Pradesh,Raisen,464886,50,5.455698219628776
2025-12-31,Madhya Pradesh,Rajgarh,465669,57,6.2920555969737455
2025-12-31,Madhya Pradesh,Rajgarh,465687,35,3.663503839603844
2025-12-31,Madhya Pradesh,Rajgarh,465693,36,3.7829834649388396
2025-12-31,Madhya Pradesh,Sehore,466001,35,3.663503839603844
2025-12-31,Madhya Pradesh,Shahdol,484110,46,4.977779718288795
2025-12-31,Madhya Pradesh,Sheopur,476339,37,3.9024630902738355
2025-12-31,Madhya Pradesh,Shivpuri,473990,33,3.4245445889338533
2025-12-31,Madhya Pradesh,Tikamgarh,472115,39,4.141422340943826
2025-12-31,Madhya Pradesh,Ujjain,456006,51,5.575177844963772
2025-12-31,Madhya Pradesh,Umaria,484661,89,10.115403607693601
2025-12-31,Madhya Pradesh,Vidisha,464001,38,4.021942715608831
2025-12-31,Maharashtra,Aurangabad,431001,74,8.323209227668668
2025-12-31,Maharashtra,Jalna,431203,30,3.066105712928867
2025-12-31,Maharashtra,Nashik,423203,100,11.42967948637855
2025-12-31,Manipur,Churachandpur,795128,35,3.663503839603844
2025-12-31,Rajasthan,Barmer,344031,35,3.663503839603844
2025-12-31,Rajasthan,Barmer,344033,42,4.499861216948813
2025-12-31,Rajasthan,Barmer,344704,61,6.769974098313727
2025-12-31,Rajasthan,Bharatpur,321001,47,5.09725934362379
2025-12-31,Rajasthan,Bhilwara,311001,54,5.933616720968759
2025-12-31,Rajasthan,Bikaner,331803,48,5.2167389689587855
2025-12-31,Rajasthan,Bundi,323024,32,3.305064963598858
2025-12-31,Rajasthan,Chittorgarh,312023,45,4.858300092953799
2025-12-31,Rajasthan,Jaipur,302012,79,8.920607354343646
2025-12-31,Rajasthan,Jodhpur,342312,35,3.663503839603844
2025-12-31,Rajasthan,Karauli,322230,43,4.619340842283808
2025-12-31,Rajasthan,Nagaur,341508,37,3.9024630902738355
2025-12-31,Rajasthan,Sawai Madhopur,322201,39,4.141422340943826
2025-12-31,Rajasthan,Tonk,304001,39,4.141422340943826
2025-12-31,Telangana,Hyderabad,500053,45,4.858300092953799
2025-12-31,Telangana,K.v. Rangareddy,500052,30,3.066105712928867
2025-12-31,Uttar Pradesh,Agra,282001,75,8.442688853003665
2025-12-31,Uttar Pradesh,Agra,282006,50,5.455698219628776
2025-12-31,Uttar Pradesh,Agra,282007,44,4.738820467618804
2025-12-31,Uttar Pradesh,Ambedkar Nagar,224122,30,3.066105712928867
2025-12-31,Uttar Pradesh,Amroha,244221,61,6.769974098313727
2025-12-31,Uttar Pradesh,Bahraich,271865,80,9.040086979678641
2025-12-31,Uttar Pradesh,Bareilly,243301,33,3.4245445889338533
2025-12-31,Uttar Pradesh,Bareilly,243503,45,4.858300092953799
2025-12-31,Uttar Pradesh,Basti,272131,31,3.1855853382638624
2025-12-31,Uttar Pradesh,Budaun,243635,34,3.5440242142688487
2025-12-31,Uttar Pradesh,Budaun,243638,35,3.663503839603844
2025-12-31,Uttar Pradesh,Bulandshahr,245405,30,3.066105712928867
2025-12-31,Uttar Pradesh,Chitrakoot,210207,60,6.650494472978732
2025-12-31,Uttar Pradesh,Etah,207247,31,3.1855853382638624
2025-12-31,Uttar Pradesh,Gautam Buddha Nagar,201301,81,9.159566605013637
2025-12-31,Uttar Pradesh,Gautam Buddha Nagar,201306,31,3.1855853382638624
2025-12-31,Uttar Pradesh,Ghaziabad,201001,64,7.128412974318714
2025-12-31,Uttar Pradesh,Gonda,271312,64,7.128412974318714
2025-12-31,Uttar Pradesh,Hapur,245101,90,10.234883233028595
2025-12-31,Uttar Pradesh,Hardoi,241001,62,6.889453723648723
2025-12-31,Uttar Pradesh,Hardoi,241204,38,4.021942715608831
2025-12-31,Uttar Pradesh,Jaunpur,222001,30,3.066105712928867
2025-12-31,Uttar Pradesh,Jaunpur,222161,36,3.7829834649388396
2025-12-31,Uttar Pradesh,Kanpur Nagar,209402,49,5.336218594293781
2025-12-31,Uttar Pradesh,Kheri,261501,34,3.5440242142688487
2025-12-31,Uttar Pradesh,Kushinagar,274306,39,4.141422340943826
2025-12-31,Uttar Pradesh,Lalitpur,284405,33,3.4245445889338533
2025-12-31,Uttar Pradesh,Lucknow,226017,44,4.738820467618804
2025-12-31,Uttar Pradesh,Mainpuri,205001,62,6.889453723648723
2025-12-31,Uttar Pradesh,Mirzapur,231211,30,3.066105712928867
2025-12-31,Uttar Pradesh,Moradabad,202411,31,3.1855853382638624
2025-12-31,Uttar Pradesh,Rampur,244922,46,4.977779718288795
2025-12-31,Uttar Pradesh,Saharanpur,247001,100,11.42967948637855
2025-12-31,Uttar Pradesh,Saharanpur,247341,33,3.4245445889338533
2025-12-31,Uttar Pradesh,Sambhal,202421,62,6.889453723648723
2025-12-31,Uttar Pradesh,Sambhal,244302,75,8.442688853003665
2025-12-31,Uttar Pradesh,Shahjahanpur,242221,42,4.499861216948813
2025-12-31,Uttar Pradesh,Shrawasti,271831,45,4.858300092953799
2025-12-31,Uttar Pradesh,Siddharthnagar,272152,35,3.663503839603844
2025-12-31,Uttar Pradesh,Siddharthnagar,272192,33,3.4245445889338533
2025-12-31,Uttar Pradesh,Siddharthnagar,272205,36,3.7829834649388396
2025-12-31,Uttar Pradesh,Sonbhadra,231226,34,3.5440242142688487
2025-12-31,Uttar Pradesh,Sultanpur,222302,33,3.4245445889338533
2025-12-31,Uttar Pradesh,Unnao,209801,90,10.234883233028595
2025-12-31,Uttar Pradesh,Unnao,241504,58,6.411535222308741
2025-12-31,West Bengal,Malda,732201,56,6.17257597163875
2025-12-31,West Bengal,Murshidabad,742202,66,7.367372224988705
2025-12-31,West Bengal,Murshidabad,742303,36,3.7829834649388396
2025-12-31,West Bengal,South 24 Parganas,743329,75,8.442688853003665
2025-12-31,West Bengal,Uttar Dinajpur,733201,60,6.650494472978732
2025-12-31,West Bengal,Uttar Dinajpur,733207,45,4.858300092953799
2025-03-02,Meghalaya,East Khasi Hills,793121,109,12.50499611439351
2025-03-09,Karnataka,Bengaluru Urban,560043,86,9.756964731688614
2025-03-09,Uttar Pradesh,Kanpur Nagar,208001,123,14.177710869083446
2025-03-09,Uttar Pradesh,Aligarh,202133,106,12.146557238388525
2025-03-09,Karnataka,Bengaluru Urban,560016,51,5.575177844963772
2025-03-09,Bihar,Sitamarhi,843331,81,9.159566605013637
2025-03-09,Bihar,Sitamarhi,843330,89,10.115403607693601
2025-03-09,Uttar Pradesh,Bahraich,271865,100,11.42967948637855
2025-03-09,Uttar Pradesh,Firozabad,283204,64,7.128412974318714
2025-03-09,Bihar,Purbi Champaran,845418,88,9.995923982358605
2025-03-09,Uttar Pradesh,Maharajganj,273164,114,13.102394241068488
2025-03-09,Bihar,Sitamarhi,843317,145,16.806262626453346
2025-03-09,Maharashtra,Aurangabad,431001,100,11.42967948637855
2025-03-09,Uttar Pradesh,Ghaziabad,201102,174,20.271171761168215
2025-03-09,Haryana,Faridabad,121004,150,17.403660753128325
2025-03-09,Karnataka,Bengaluru Urban,560068,66,7.367372224988705
2025-03-09,Bihar,Madhubani,847108,160,18.598457006478277
2025-03-09,Karnataka,Bengaluru Urban,560032,45,4.858300092953799
2025-03-09,Rajasthan,Sikar,332001,94,10.712801734368577
2025-03-09,Bihar,Bhagalpur,812005,71,7.964770351663682
2025-03-09,Punjab,Amritsar,143001,49,5.336218594293781
2025-03-09,Haryana,Gurugram,122001,50,5.455698219628776
2025-03-09,Delhi,West Delhi,110018,55,6.053096346303755
2025-03-09,Madhya Pradesh,Bhind,477116,66,7.367372224988705
2025-03-09,Madhya Pradesh,Gwalior,475110,70,7.845290726328686
2025-03-09,Madhya Pradesh,Katni,483501,106,12.146557238388525
2025-03-09,Delhi,West Delhi,110059,177,20.6296106371732
2025-03-09,Bihar,Purbi Champaran,845304,102,11.668638737048543
2025-03-09,West Bengal,Coochbehar,736135,50,5.455698219628776
2025-03-09,Uttar Pradesh,Lucknow,226003,142,16.44782375044836
2025-03-09,West Bengal,Dinajpur Uttar,733129,71,7.964770351663682
2025-03-15,Assam,Marigaon,782104,67,7.4868518503237
2025-03-15,Assam,Kokrajhar,783350,44,4.738820467618804
2025-03-15,Uttar Pradesh,Agra,282005,93,10.593322109033583
2025-03-15,Uttarakhand,Haridwar,247667,60,6.650494472978732
2025-03-15,Uttar Pradesh,Ghaziabad,201001,174,20.271171761168215
2025-03-15,Uttar Pradesh,Ghaziabad,201206,57,6.2920555969737455
2025-03-15,Assam,Nagaon,782124,56,6.17257597163875
2025-03-15,Delhi,West Delhi,110059,76,8.56216847833866
2025-03-15,Uttar Pradesh,Gautam Buddha Nagar,201301,199,23.258162394543103
2025-03-15,Uttar Pradesh,Maharajganj,273164,79,8.920607354343646
2025-03-15,Maharashtra,Parbhani,431401,68,7.6063314756586955
2025-03-15,Uttar Pradesh,Ghaziabad,201102,195,22.78024389320312
2025-03-15,Assam,Marigaon,782105,182,21.22700876384818
2025-03-15,Meghalaya,West Khasi Hills,793119,192,22.421805017198132
2025-03-15,Bihar,Purbi Champaran,845303,146,16.925742251788343
2025-03-15,Assam,Marigaon,782127,48,5.2167389689587855
2025-03-15,Uttar Pradesh,Gautam Buddha Nagar,201009,75,8.442688853003665
2025-03-15,Bihar,Sitamarhi,843324,155,18.0010588798033
2025-03-15,Assam,Kokrajhar,783360,58,6.411535222308741
2025-03-15,Delhi,North West Delhi,110086,60,6.650494472978732
2025-03-15,Uttar Pradesh,Agra,282001,182,21.22700876384818
2025-03-15,Meghalaya,West Jaintia Hills,793150,139,16.089384874443372
2025-03-15,Uttar Pradesh,Agra,282010,78,8.80112772900865
2025-03-15,Uttar Pradesh,Ghaziabad,201002,89,10.115403607693601
2025-03-15,Bihar,Madhubani,847421,84,9.518005481018623
2025-03-15,Uttar Pradesh,Unnao,209801,130,15.014068246428415
2025-03-15,Bihar,Sitamarhi,843331,63,7.008933348983718
2025-03-20,Assam,Dibrugarh,786602,36,3.7829834649388396
2025-03-20,Assam,Udalguri,784509,90,10.234883233028595
2025-03-20,Assam,Chirang,783390,56,6.17257597163875
2025-03-20,Assam,Kamrup,781354,46,4.977779718288795
2025-03-20,Assam,Dhubri,783331,78,8.80112772900865
2025-03-20,Uttar Pradesh,Jaunpur,222001,151,17.523140378463317
2025-03-20,Maharashtra,Thane,421503,47,5.09725934362379
2025-03-20,Karnataka,Bengaluru Urban,560037,53,5.814137095633764
2025-03-20,Assam,Dhemaji,787057,85,9.637485106353619
2025-03-20,Uttar Pradesh,Agra,283125,66,7.367372224988705
2025-03-20,Assam,Kokrajhar,783360,136,15.730945998438386
2025-03-20,Gujarat,Banas Kantha,385545,63,7.008933348983718
2025-03-20,Bihar,Sitamarhi,843324,126,14.536149745088434
2025-03-20,Karnataka,Bengaluru Urban,560068,92,10.473842483698586
2025-03-20,Uttar Pradesh,Firozabad,283203,127,14.655629370423428
2025-03-20,Madhya Pradesh,Gwalior,474001,116,13.341353491738479
2025-03-20,Uttar Pradesh,Agra,282001,232,27.200990030597954
2025-03-20,Maharashtra,Aurangabad,431001,190,22.182845766528143
2025-03-20,Assam,Dhubri,783348,163,18.956895882483263
2025-03-20,Assam,Tinsukia,786156,65,7.247892599653709
2025-03-20,Andhra Pradesh,Spsr Nellore,524311,51,5.575177844963772
2025-03-20,Karnataka,Bengaluru Urban,560035,39,4.141422340943826
2025-03-20,Uttar Pradesh,Unnao,209821,73,8.203729602333674
2025-03-20,Assam,Marigaon,782104,88,9.995923982358605
2025-03-20,Assam,Barpeta,783101,68,7.6063314756586955
2025-03-20,Assam,Kokrajhar,783350,102,11.668638737048543
2025-03-20,Karnataka,Bengaluru Urban,560036,53,5.814137095633764
2025-03-20,Assam,Dhubri,783334,93,10.593322109033583
2025-03-20,Gujarat,Banas Kantha,385310,123,14.177710869083446
2025-03-20,Bihar,Sitamarhi,843330,41,4.380381591613817
2025-03-20,Assam,Sonitpur,784110,81,9.159566605013637
2025-03-20,Assam,Baksa,781366,38,4.021942715608831
2025-03-20,Assam,Tinsukia,786152,54,5.933616720968759
2025-03-20,Assam,Tinsukia,786151,62,6.889453723648723
2025-03-20,Uttar Pradesh,Bahraich,271855,95,10.832281359703574
2025-03-20,Gujarat,Banas Kantha,385330,83,9.398525855683628
2025-03-20,Karnataka,Bengaluru Urban,560043,93,10.593322109033583
2025-03-20,Punjab,Ludhiana,141007,131,15.13354787176341
2025-03-20,Gujarat,Patan,384265,143,16.567303375783354
2025-03-20,Assam,Tinsukia,786171,79,8.920607354343646
2025-03-20,Uttar Pradesh,Bahraich,271865,80,9.040086979678641
2025-03-20,Tamil Nadu,Kanchipuram,600069,34,3.5440242142688487
2025-03-20,Bihar,Patna,800001,80,9.040086979678641
2025-03-20,Assam,Lakhimpur,787031,101,11.549159111713546
2025-03-20,Assam,Bongaigaon,783384,89,10.115403607693601
2025-03-20,Assam,Dhubri,783339,82,9.279046230348632
2025-03-20,Gujarat,Vadodara,390019,89,10.115403607693601
2025-03-20,Uttarakhand,Nainital,263139,75,8.442688853003665
2025-03-20,Meghalaya,West Jaintia Hills,793150,160,18.598457006478277
2025-03-20,Gujarat,Banas Kantha,385001,111,12.743955365063501
2025-03-20,Uttarakhand,Dehradun,248001,176,20.510131011838205
2025-03-20,Karnataka,Bengaluru Urban,560066,43,4.619340842283808
2025-03-20,Uttar Pradesh,Agra,283111,48,5.2167389689587855
2025-03-20,Assam,Tinsukia,786174,95,10.832281359703574
2025-03-20,Assam,Hojai,782446,89,10.115403607693601
2025-03-20,Karnataka,Bengaluru Urban,560100,52,5.694657470298767
2025-03-20,Andhra Pradesh,Spsr Nellore,524002,65,7.247892599653709
2025-03-20,Karnataka,Bengaluru Urban,560077,59,6.531014847643736
2025-03-20,Assam,Marigaon,782105,161,18.717936631813274
2025-03-23,Uttar Pradesh,Jaunpur,222001,108,12.385516489058515
2025-03-23,Meghalaya,West Khasi Hills,793119,103,11.788118362383537
2025-03-23,Madhya Pradesh,Gwalior,474001,47,5.09725934362379
2025-03-23,Meghalaya,East Khasi Hills,793015,137,15.850425623773383
2025-03-23,Uttar Pradesh,Bahraich,271865,96,10.951760985038568
2025-03-23,Bihar,Sitamarhi,843324,85,9.637485106353619
2025-03-27,Gujarat,Dohad,389180,61,6.769974098313727
2025-03-27,Madhya Pradesh,Bhind,477116,43,4.619340842283808
2025-03-27,Uttar Pradesh,Kanpur Nagar,208001,85,9.637485106353619
2025-03-27,Gujarat,Banas Kantha,385330,62,6.889453723648723
2025-03-27,Uttar Pradesh,Agra,283201,46,4.977779718288795
2025-03-27,Gujarat,Patan,384265,47,5.09725934362379
2025-03-27,Gujarat,Morbi,363641,71,7.964770351663682
2025-03-27,Chhattisgarh,Raipur,492001,100,11.42967948637855
2025-03-27,Uttar Pradesh,Maharajganj,273164,89,10.115403607693601
2025-03-27,Uttar Pradesh,Gorakhpur,273001,60,6.650494472978732
2025-03-27,Uttar Pradesh,Agra,282006,66,7.367372224988705
2025-03-27,Uttar Pradesh,Bulandshahr,203205,61,6.769974098313727
2025-03-27,Uttar Pradesh,Mathura,281204,71,7.964770351663682
2025-03-27,Bihar,Pashchim Champaran,845307,126,14.536149745088434
2025-03-27,Gujarat,Banas Kantha,385001,68,7.6063314756586955
2025-03-27,Bihar,Sitamarhi,843324,120,13.81927199307846
2025-03-27,Chhattisgarh,Bijapur,494444,100,11.42967948637855
2025-03-27,Jharkhand,Deoghar,815353,55,6.053096346303755
2025-03-27,Bihar,Madhubani,847108,86,9.756964731688614
2025-03-27,Bihar,Sitamarhi,843330,83,9.398525855683628
2025-03-27,Gujarat,Dohad,389170,49,5.336218594293781
2025-03-27,Maharashtra,Aurangabad,431001,55,6.053096346303755
2025-03-27,Chhattisgarh,Bijapur,494447,60,6.650494472978732
2025-03-27,Bihar,Sitamarhi,843317,78,8.80112772900865
2025-03-27,Gujarat,Banas Kantha,385535,142,16.44782375044836
2025-03-27,Uttar Pradesh,Mathura,281201,50,5.455698219628776
2025-03-27,Uttar Pradesh,Jaunpur,222001,75,8.442688853003665
2025-03-27,Bihar,Muzaffarpur,842002,74,8.323209227668668
2025-03-27,Gujarat,Banas Kantha,385120,69,7.725811100993691
2025-03-27,Gujarat,Banas Kantha,385320,85,9.637485106353619
2025-03-27,Uttar Pradesh,Banda,210001,66,7.367372224988705
2025-03-27,Uttar Pradesh,Agra,282001,95,10.832281359703574
2025-03-27,Madhya Pradesh,Gwalior,475110,94,10.712801734368577
2025-03-27,Gujarat,Kachchh,370001,56,6.17257597163875
2025-03-27,Uttar Pradesh,Aligarh,202001,156,18.120538505138295
2025-03-28,Meghalaya,East Khasi Hills,793121,54,5.933616720968759
2025-03-28,Meghalaya,West Khasi Hills,793119,137,15.850425623773383
2025-03-29,Meghalaya,Ri Bhoi,793105,67,7.4868518503237
2025-04-01,Assam,Darrang,784116,250,29.35162328662787
2025-04-01,Assam,Kamrup,781102,194,22.660764267868124
2025-04-01,Madhya Pradesh,Ashok Nagar,473335,176,20.510131011838205
2025-04-01,West Bengal,Darjeeling,734010,147,17.045221877123335
2025-04-01,Assam,North Cachar Hills,788831,77,8.681648103673655
2025-04-01,Meghalaya,East Khasi Hills,793112,130,15.014068246428415
2025-04-01,Maharashtra,Nanded,431806,92,10.473842483698586
2025-04-01,Madhya Pradesh,Ashok Nagar,473443,213,24.930877149233037
2025-04-01,Assam,Jorhat,785112,80,9.040086979678641
2025-04-01,Gujarat,Gir Somnath,362265,164,19.07637550781826
2025-04-01,Maharashtra,Thane,421004,141,16.328344125113365
2025-04-01,Madhya Pradesh,Bhind,477116,234,27.439949281267943
2025-04-01,Assam,Sonitpur,784507,55,6.053096346303755
2025-04-01,Uttar Pradesh,Lucknow,226005,198,23.138682769208106
2025-04-01,Assam,Kamrup Metro,781025,125,14.416670119753437
2025-04-01,Assam,Goalpara,783120,115,13.221873866403483
2025-04-01,Bihar,Sitamarhi,843313,187,21.824406890523157
2025-04-01,Assam,Golaghat,785613,90,10.234883233028595
2025-04-01,Bihar,Sitamarhi,843315,245,28.754225159952895
2025-04-01,Gujarat,Patan,384240,94,10.712801734368577
2025-04-01,Gujarat,Vadodara,390022,132,15.253027497098406
2025-04-01,Maharashtra,Ahmadnagar,413201,96,10.951760985038568
2025-04-01,West Bengal,North 24 Parganas,700159,77,8.681648103673655
2025-04-01,Uttar Pradesh,Kanpur Nagar,208004,133,15.372507122433401
2025-04-01,Meghalaya,East Khasi Hills,793016,90,10.234883233028595
2025-04-01,Assam,Nagaon,782120,208,24.333479022558063
2025-04-01,Karnataka,Bengaluru,560047,173,20.15169213583322
2025-04-01,Assam,Udalguri,784507,232,27.200990030597954
2025-04-01,Rajasthan,Jalor,343049,95,10.832281359703574
2025-04-01,Uttar Pradesh,Bahraich,271824,137,15.850425623773383
2025-04-01,Assam,Baksa,781372,96,10.951760985038568
2025-04-01,Gujarat,Kheda,387001,156,18.120538505138295
2025-04-01,Gujarat,Vadodara,390001,131,15.13354787176341
2025-04-01,Assam,Nalbari,781334,76,8.56216847833866
2025-04-01,Punjab,Ludhiana,141012,84,9.518005481018623
2025-04-01,Gujarat,Kheda,387430,48,5.2167389689587855
2025-04-01,Assam,Dibrugarh,786614,36,3.7829834649388396
2025-04-01,Assam,Kokrajhar,783350,144,16.68678300111835
2025-04-01,Gujarat,Vadodara,390020,64,7.128412974318714
2025-04-01,Delhi,Central Delhi,110003,133,15.372507122433401
2025-04-01,Gujarat,Sabarkantha,383422,115,13.221873866403483
2025-04-01,Assam,Cachar,788005,126,14.536149745088434
2025-04-01,Assam,Lakhimpur,787055,201,23.49712164521309
2025-04-01,Gujarat,Banaskantha,385555,81,9.159566605013637
2025-04-01,Assam,Kamrup Metro,781011,67,7.4868518503237
2025-04-01,Karnataka,Bengaluru,560029,142,16.44782375044836
2025-04-01,Gujarat,Rajkot,360022,95,10.832281359703574
2025-04-01,Gujarat,Rajkot,360370,174,20.271171761168215
2025-04-01,Assam,Hojai,782442,165,19.195855133153255
2025-04-01,Assam,Chirang,783394,84,9.518005481018623
2025-04-01,Gujarat,Banaskantha,385530,79,8.920607354343646
2025-04-01,Assam,Dibrugarh,786191,46,4.977779718288795
2025-04-01,Assam,Dibrugarh,786610,53,5.814137095633764
2025-04-01,Madhya Pradesh,Guna,473101,153,17.76209962913331
2025-04-01,Nagaland,Kohima,797005,143,16.567303375783354
2025-04-01,Karnataka,Bengaluru,560103,128,14.775108995758425
2025-04-01,Assam,Udalguri,784525,122,14.058231243748452
2025-04-01,Gujarat,Gir Somnath,362275,149,17.284181127793328
2025-04-01,Uttar Pradesh,Kanpur Nagar,208003,78,8.80112772900865
2025-04-01,Rajasthan,Jalor,343040,197,23.01920314387311
2025-04-01,Uttar Pradesh,Kanpur Nagar,208007,191,22.30232539186314
2025-04-01,Assam,Kamrup Metro,781009,72,8.084249976998677
2025-04-01,Assam,Hojai,782439,115,13.221873866403483
2025-04-01,Gujarat,Bharuch,393001,211,24.691917898563048
2025-04-01,Uttar Pradesh,Jaunpur,223104,254,29.82954178796785
2025-04-01,West Bengal,Jhargram,721517,62,6.889453723648723
2025-04-01,Gujarat,Chhotaudepur,391152,54,5.933616720968759
2025-04-01,Gujarat,Vadodara,390009,93,10.593322109033583
2025-04-01,Maharashtra,Mumbai Suburban,400058,105,12.027077613053528
2025-04-01,Assam,Hailakandi,788155,131,15.13354787176341
2025-04-01,Gujarat,Panchmahals,389341,95,10.832281359703574
2025-04-01,Assam,West Karbi Anglong,782485,146,16.925742251788343
2025-04-01,Assam,South Salmara Mankachar,783135,157,18.240018130473292
2025-04-01,Jharkhand,Ranchi,834002,240,28.156827033277917
2025-04-01,Uttar Pradesh,Kanpur Dehat,209306,318,37.476237809407564
2025-04-01,Maharashtra,Nanded,431604,203,23.736080895883084
2025-04-01,Gujarat,Surat,395003,189,22.063366141193146
2025-04-01,West Bengal,Darjeeling,734014,132,15.253027497098406
2025-04-01,Punjab,Kapurthala,144401,226,26.48411227858798
2025-04-01,Assam,Kamrup Metro,781034,67,7.4868518503237
2025-04-01,Maharashtra,Thane,400607,128,14.775108995758425
2025-04-01,Rajasthan,Nagaur,341025,182,21.22700876384818
2025-04-01,Assam,Bongaigaon,783380,130,15.014068246428415
2025-04-01,Assam,Kamrup Metro,782402,81,9.159566605013637
2025-04-01,Assam,Chirang,783375,234,27.439949281267943
2025-04-01,Rajasthan,Sikar,332709,180,20.988049513178186
2025-04-01,Gujarat,Mahesana,384001,160,18.598457006478277
2025-04-01,Assam,Golaghat,785611,122,14.058231243748452
2025-04-01,Assam,Kamrup,781380,117,13.460833117073474
2025-04-01,Assam,Nalbari,781337,49,5.336218594293781
2025-04-01,Tamil Nadu,Kancheepuram,600100,214,25.050356774568034
2025-04-01,Uttar Pradesh,Varanasi,221011,163,18.956895882483263
2025-04-01,Assam,Marigaon,782127,209,24.452958647893055
2025-04-01,Assam,Udalguri,784514,118,13.58031274240847
2025-04-01,Meghalaya,North Garo Hills,794110,182,21.22700876384818
2025-04-01,Gujarat,Gandhinagar,382305,139,16.089384874443372
2025-04-01,Assam,Cachar,788009,88,9.995923982358605
2025-04-01,Gujarat,Banaskantha,385320,244,28.6347455346179
2025-04-01,Gujarat,Banaskantha,385545,219,25.64775490124301
2025-04-01,Assam,Cachar,788030,202,23.616601270548088
2025-04-01,Assam,Tinsukia,786174,104,11.907597987718534
2025-04-01,Haryana,Gurgaon,122002,129,14.894588621093419
2025-04-01,Assam,Charaideo,785690,104,11.907597987718534
2025-04-01,Madhya Pradesh,Morena,476221,198,23.138682769208106
2025-04-01,Maharashtra,Nagpur,440027,105,12.027077613053528
2025-04-01,Telangana,Hyderabad,500013,114,13.102394241068488
2025-04-01,Madhya Pradesh,Dhar,454010,79,8.920607354343646
2025-04-01,Gujarat,Chhotaudepur,391170,47,5.09725934362379
2025-04-01,Gujarat,Devbhumi Dwarka,361310,83,9.398525855683628
2025-04-01,Gujarat,Tapi,394370,93,10.593322109033583
2025-04-01,Meghalaya,South West Khasi Hills,793119,193,22.541284642533128
2025-04-01,Chhattisgarh,Bijapur,494447,215,25.16983639990303
2025-04-01,Assam,Jorhat,785635,117,13.460833117073474
2025-04-01,Uttar Pradesh,Bahraich,271903,257,30.18798066397284
2025-04-01,Assam,Cachar,788118,49,5.336218594293781
2025-04-01,Assam,Golaghat,785603,158,18.359497755808288
2025-04-01,Meghalaya,West Garo Hills,794101,181,21.107529138513183
2025-04-01,Gujarat,Sabarkantha,383205,93,10.593322109033583
2025-04-01,Assam,Sonitpur,784110,227,26.603591903922975
2025-04-01,Assam,Nagaon,782136,100,11.42967948637855
2025-04-01,Karnataka,Bengaluru,560048,144,16.68678300111835
2025-04-01,Uttar Pradesh,Kanpur Nagar,209402,150,17.403660753128325
2025-04-01,West Bengal,Jalpaiguri,735132,99,11.310199861043555
2025-04-01,Gujarat,Gandhinagar,382006,47,5.09725934362379
2025-04-01,Madhya Pradesh,Jabalpur,482003,159,18.47897738114328
2025-04-01,Meghalaya,South Garo Hills,794107,110,12.624475739728506
2025-04-01,Assam,Bongaigaon,783381,36,3.7829834649388396
2025-04-01,Gujarat,Porbandar,360579,92,10.473842483698586
2025-04-01,Assam,Sibsagar,785686,102,11.668638737048543
2025-04-01,Assam,Cachar,788002,119,13.699792367743465
2025-04-01,Madhya Pradesh,Shivpuri,473880,125,14.416670119753437
2025-04-01,Rajasthan,Jaipur,302001,180,20.988049513178186
2025-04-01,Gujarat,Sabarkantha,383255,121,13.938751618413455
2025-04-01,Assam,Jorhat,785630,76,8.56216847833866
2025-04-01,Gujarat,Jamnagar,361006,165,19.195855133153255
2025-04-01,Telangana,K.v. Rangareddy,500032,54,5.933616720968759
2025-04-01,West Bengal,Alipurduar,735204,70,7.845290726328686
2025-04-01,Assam,Baksa,781344,76,8.56216847833866
2025-04-01,Uttar Pradesh,Kanpur Nagar,209401,136,15.730945998438386
2025-04-01,Delhi,South West Delhi,110061,81,9.159566605013637
2025-04-01,Gujarat,Surat,395005,161,18.717936631813274
2025-04-01,Assam,Kamrup Metro,782403,71,7.964770351663682
2025-04-01,Assam,Kamrup Metro,781012,80,9.040086979678641
2025-04-01,Uttar Pradesh,Gonda,271311,118,13.58031274240847
2025-04-01,Gujarat,Rajkot,360055,157,18.240018130473292
2025-04-01,Gujarat,Morbi,363650,111,12.743955365063501
2025-04-01,Rajasthan,Bundi,323022,110,12.624475739728506
2025-04-01,Assam,Dhubri,783337,112,12.863434990398497
2025-04-01,Gujarat,Gandhinagar,382016,75,8.442688853003665
2025-04-01,Gujarat,Kachchh,370165,212,24.811397523898044
2025-04-01,Jharkhand,Dumka,814119,89,10.115403607693601
2025-04-01,Meghalaya,West Jaintia Hills,793161,158,18.359497755808288
2025-04-01,Punjab,Ludhiana,141010,244,28.6347455346179
2025-04-01,Gujarat,Patan,384245,131,15.13354787176341
2025-04-01,Assam,Cachar,788116,146,16.925742251788343
2025-04-01,Karnataka,Bengaluru,560087,193,22.541284642533128
2025-04-01,Madhya Pradesh,Ashok Nagar,473446,142,16.44782375044836
2025-04-01,Gujarat,Dahod,389140,131,15.13354787176341
2025-04-01,Delhi,South West Delhi,110037,202,23.616601270548088
2025-04-01,Assam,Nalbari,781335,56,6.17257597163875
2025-04-01,Nagaland,Phek,797108,206,24.09451977188807
2025-04-01,Gujarat,Banaskantha,385575,200,23.3776420198781
2025-04-01,Madhya Pradesh,Raisen,464886,173,20.15169213583322
2025-04-01,Gujarat,Kheda,387620,201,23.49712164521309
2025-04-01,Karnataka,Bengaluru,560102,95,10.832281359703574
2025-04-01,Gujarat,Kachchh,370145,63,7.008933348983718
2025-04-01,Uttar Pradesh,Kheri,262907,138,15.969905249108377
2025-04-01,Assam,Kamrup,781123,87,9.87644435702361
2025-04-01,Tripura,Unakoti,799263,50,5.455698219628776
2025-04-01,Bihar,Madhubani,847232,271,31.86069541866278
2025-04-01,Madhya Pradesh,Chhatarpur,471625,154,17.881579254468306
2025-04-01,Assam,Kamrup Metro,781020,84,9.518005481018623
2025-04-01,Madhya Pradesh,Bhopal,462003,172,20.032212510498223
2025-04-01,Assam,Udalguri,784509,285,33.53341017335271
2025-04-01,Gujarat,Surat,394230,116,13.341353491738479
2025-04-01,Punjab,Ludhiana,142026,131,15.13354787176341
2025-04-01,Punjab,Amritsar,143110,108,12.385516489058515
2025-04-01,Maharashtra,Mumbai Suburban,400070,191,22.30232539186314
2025-04-01,Rajasthan,Dungarpur,314030,162,18.83741625714827
2025-04-01,Madhya Pradesh,Khargone,451335,64,7.128412974318714
2025-04-01,Gujarat,Panchmahals,389115,142,16.44782375044836
2025-04-01,Assam,Cachar,788011,49,5.336218594293781
2025-04-01,Assam,Charaideo,785689,90,10.234883233028595
2025-04-01,Meghalaya,South Garo Hills,794103,273,32.09965466933277
2025-04-01,Bihar,Patna,800014,136,15.730945998438386
2025-04-01,Telangana,K.v. Rangareddy,500005,158,18.359497755808288
2025-04-01,Uttar Pradesh,Agra,283201,218,25.528275275908015
2025-04-01,Uttar Pradesh,Mainpuri,205261,134,15.491986747768395
2025-04-01,Assam,Lakhimpur,784160,137,15.850425623773383
2025-04-01,Assam,Cachar,788003,95,10.832281359703574
2025-04-01,Assam,Jorhat,785001,102,11.668638737048543
2025-04-01,Jharkhand,Godda,814153,136,15.730945998438386
2025-04-01,Meghalaya,East Khasi Hills,793004,143,16.567303375783354
2025-04-01,Assam,Golaghat,785702,195,22.78024389320312
2025-04-01,Tripura,West Tripura,799045,125,14.416670119753437
2025-04-01,Assam,Cachar,788114,139,16.089384874443372
2025-04-01,Telangana,Medchal-malkajgiri,500072,116,13.341353491738479
2025-04-01,Assam,Darrang,784514,114,13.102394241068488
2025-04-01,Gujarat,Gandhinagar,382610,40,4.260901966278822
2025-04-01,Gujarat,Patan,385360,141,16.328344125113365
2025-04-01,Madhya Pradesh,Katni,483332,143,16.567303375783354
2025-04-01,Gujarat,Patan,384151,180,20.988049513178186
2025-04-01,Assam,Barpeta,781313,124,14.297190494418443
2025-04-01,Assam,Sibsagar,785640,152,17.642620003798314
2025-04-01,Assam,Marigaon,782121,174,20.271171761168215
2025-04-01,Karnataka,Bengaluru,560092,101,11.549159111713546
2025-04-01,Assam,Dibrugarh,786001,109,12.50499611439351
2025-04-01,Gujarat,Dahod,389152,199,23.258162394543103
2025-04-01,Gujarat,Arvalli,383315,109,12.50499611439351
2025-04-01,Uttar Pradesh,Kheri,262903,170,19.793253259828234
2025-04-01,Gujarat,Surendra Nagar,363427,81,9.159566605013637
2025-04-01,Assam,Kamrup Metro,781007,42,4.499861216948813
2025-04-01,Gujarat,Panchmahals,389365,120,13.81927199307846
2025-04-01,Gujarat,Amreli,365560,164,19.07637550781826
2025-04-01,Assam,Baksa,781367,246,28.873704785287888
2025-04-01,Rajasthan,Alwar,301405,188,21.94388651585815
2025-04-01,Assam,Cachar,788120,176,20.510131011838205
2025-04-01,Maharashtra,Hingoli,431701,164,19.07637550781826
2025-04-01,Rajasthan,Jaipur,303012,192,22.421805017198132
2025-04-01,Uttar Pradesh,Kanpur Dehat,209204,162,18.83741625714827
2025-04-01,Gujarat,Gir Somnath,362150,190,22.182845766528143
2025-04-01,Tamil Nadu,Madurai,625017,115,13.221873866403483
2025-04-01,Gujarat,Dahod,389382,102,11.668638737048543
2025-04-01,Madhya Pradesh,Dhar,454660,138,15.969905249108377
2025-04-01,Gujarat,Valsad,396001,166,19.31533475848825
2025-04-01,Assam,Baksa,781315,164,19.07637550781826
2025-04-01,Assam,Cachar,788101,137,15.850425623773383
2025-04-01,Bihar,East Champaran,845305,202,23.616601270548088
2025-04-01,Assam,Tinsukia,786183,67,7.4868518503237
2025-04-01,Assam,Udalguri,784114,112,12.863434990398497
2025-04-01,Assam,Baksa,781368,147,17.045221877123335
2025-04-01,Assam,Tinsukia,786125,195,22.78024389320312
2025-04-01,West Bengal,Darjeeling,734013,80,9.040086979678641
2025-04-01,Uttar Pradesh,Gorakhpur,273007,203,23.736080895883084
2025-04-01,Gujarat,Surendra Nagar,363310,239,28.03734740794292
2025-04-01,Uttar Pradesh,Bahraich,271870,99,11.310199861043555
2025-04-01,Assam,Darrang,784146,173,20.15169213583322
2025-04-01,Gujarat,Gir Somnath,362550,109,12.50499611439351
2025-04-01,Assam,Biswanath,784176,163,18.956895882483263
2025-04-01,Assam,Marigaon,782105,205,23.975040146553074
2025-04-01,Gujarat,Kheda,387630,101,11.549159111713546
2025-04-01,Gujarat,Sabarkantha,383270,171,19.91273288516323
2025-04-01,Assam,Darrang,784115,297,34.96716567737266
2025-04-01,Assam,Dhubri,783349,246,28.873704785287888
2025-04-01,Assam,Udalguri,784510,72,8.084249976998677
2025-04-01,Karnataka,Bengaluru,560035,185,21.585447639853165
2025-04-01,Assam,Biswanath,784174,87,9.87644435702361
2025-04-01,Uttar Pradesh,Mainpuri,205262,241,28.276306658612913
2025-04-01,Madhya Pradesh,Burhanpur,450332,153,17.76209962913331
2025-04-01,Uttar Pradesh,Kaushambi,212213,113,12.982914615733492
2025-04-01,Uttar Pradesh,Gorakhpur,273008,178,20.749090262508197
2025-04-01,Maharashtra,Pune,410405,69,7.725811100993691
2025-04-01,Karnataka,Bengaluru,560093,98,11.19072023570856
2025-04-01,Assam,Darrang,784190,193,22.541284642533128
2025-04-01,Assam,North Cachar Hills,788830,103,11.788118362383537
2025-04-01,Gujarat,Banaskantha,385540,50,5.455698219628776
2025-04-01,Assam,Golaghat,785705,166,19.31533475848825
2025-04-01,Madhya Pradesh,Burhanpur,450221,138,15.969905249108377
2025-04-01,Assam,Hailakandi,788164,64,7.128412974318714
2025-04-01,Punjab,Ludhiana,141015,228,26.72307152925797
2025-04-01,Gujarat,Banaskantha,385565,299,35.206124928042655
2025-04-01,Jammu and Kashmir,Punch,185121,211,24.691917898563048
2025-04-01,Bihar,Jehanabad,804408,164,19.07637550781826
2025-04-01,Uttar Pradesh,Jalaun,285203,103,11.788118362383537
2025-04-01,Bihar,Jehanabad,804418,113,12.982914615733492
2025-04-01,Assam,Kamrup,781366,112,12.863434990398497
2025-04-01,Gujarat,Vadodara,390011,87,9.87644435702361
2025-04-01,Assam,Sibsagar,785697,81,9.159566605013637
2025-04-01,Madhya Pradesh,Chhatarpur,471301,135,15.611466373103392
2025-04-01,Assam,Karimganj,788737,182,21.22700876384818
2025-04-01,Bihar,Patna,800004,126,14.536149745088434
2025-04-01,Tripura,West Tripura,799035,111,12.743955365063501
2025-04-01,Assam,Dibrugarh,786602,83,9.398525855683628
2025-04-01,Gujarat,Surendra Nagar,363440,117,13.460833117073474
2025-04-01,Rajasthan,Sirohi,307024,152,17.642620003798314
2025-04-01,Assam,Tinsukia,786190,83,9.398525855683628
2025-04-01,Uttar Pradesh,Mainpuri,205247,178,20.749090262508197
2025-04-01,Punjab,Sangrur,148001,166,19.31533475848825
2025-04-01,Rajasthan,Bundi,323802,127,14.655629370423428
2025-04-01,Gujarat,Patan,384285,141,16.328344125113365
2025-04-01,Meghalaya,West Garo Hills,794001,216,25.289316025238026
2025-04-01,Karnataka,Bengaluru,560024,76,8.56216847833866
2025-04-01,Gujarat,Mahesana,384325,119,13.699792367743465
2025-04-01,Assam,Tinsukia,786171,171,19.91273288516323
2025-04-01,Gujarat,Anand,388550,52,5.694657470298767
2025-04-01,Assam,Dibrugarh,786613,56,6.17257597163875
2025-04-01,Bihar,Jehanabad,804417,141,16.328344125113365
2025-04-01,Bihar,Patna,800026,63,7.008933348983718
2025-04-01,Gujarat,Vadodara,391770,97,11.071240610373565
2025-04-01,Meghalaya,East Khasi Hills,793019,142,16.44782375044836
2025-04-01,Chandigarh,Chandigarh,160036,117,13.460833117073474
2025-04-01,Madhya Pradesh,Shivpuri,473660,90,10.234883233028595
2025-04-01,Gujarat,Dahod,389380,159,18.47897738114328
2025-04-01,Gujarat,Surat,395001,98,11.19072023570856
2025-04-01,Sikkim,South Sikkim,737126,49,5.336218594293781
2025-04-01,Assam,Tinsukia,786181,108,12.385516489058515
2025-04-01,Gujarat,Anand,388001,189,22.063366141193146
2025-04-01,Assam,Cachar,788119,141,16.328344125113365
2025-04-01,Assam,Hailakandi,788152,75,8.442688853003665
2025-04-01,Gujarat,Banaskantha,385505,58,6.411535222308741
2025-04-01,Jharkhand,Ranchi,835222,200,23.3776420198781
2025-04-01,Assam,North Cachar Hills,788931,113,12.982914615733492
2025-04-01,Assam,Dhemaji,787057,156,18.120538505138295
2025-04-01,West Bengal,Darjeeling,734003,187,21.824406890523157
2025-04-01,Madhya Pradesh,Panna,488441,159,18.47897738114328
2025-04-01,Uttar Pradesh,Jaunpur,222132,123,14.177710869083446
2025-04-01,Tamil Nadu,Kancheepuram,600045,114,13.102394241068488
2025-04-01,Assam,Kamrup,781031,33,3.4245445889338533
2025-04-01,Madhya Pradesh,Sheopur,476335,86,9.756964731688614
2025-04-01,Rajasthan,Jhalawar,326038,173,20.15169213583322
2025-04-01,Assam,Marigaon,782410,126,14.536149745088434
2025-04-01,Assam,Jorhat,785633,43,4.619340842283808
2025-04-01,Assam,Karbi Anglong,782461,135,15.611466373103392
2025-04-01,Gujarat,Chhotaudepur,391165,151,17.523140378463317
2025-04-01,Gujarat,Patan,385340,218,25.528275275908015
2025-04-01,Bihar,Patna,800006,215,25.16983639990303
2025-04-01,Assam,Kamrup Metro,781005,61,6.769974098313727
2025-04-01,Uttar Pradesh,Kanpur Nagar,208011,252,29.590582537297863
2025-04-01,West Bengal,Alipurduar,736182,58,6.411535222308741
2025-04-01,Assam,Hailakandi,788163,193,22.541284642533128
2025-04-01,Gujarat,Jamnagar,361005,151,17.523140378463317
2025-04-01,Assam,Dibrugarh,785675,76,8.56216847833866
2025-04-01,Assam,Dhemaji,787060,251,29.471102911962866
2025-04-01,Gujarat,Gir Somnath,362725,83,9.398525855683628
2025-04-01,Uttar Pradesh,Balrampur,271205,275,32.338613920002764
2025-04-01,Gujarat,Chhotaudepur,391160,101,11.549159111713546
2025-04-01,Assam,North Cachar Hills,788819,115,13.221873866403483
2025-04-01,Gujarat,Kachchh,370140,97,11.071240610373565
2025-04-01,Madhya Pradesh,Bhind,477441,136,15.730945998438386
2025-04-01,Tamil Nadu,Thanjavur,614602,56,6.17257597163875
2025-04-01,Assam,Karbi Anglong,782460,190,22.182845766528143
2025-04-01,Gujarat,Banaskantha,385135,88,9.995923982358605
2025-04-01,Assam,Golaghat,785612,148,17.164701502458332
2025-04-01,Assam,Tinsukia,786601,64,7.128412974318714
2025-04-01,Rajasthan,Jalor,307029,171,19.91273288516323
2025-04-01,Gujarat,Mahisagar,389230,138,15.969905249108377
2025-04-01,Assam,Jorhat,785634,102,11.668638737048543
2025-04-01,Gujarat,Dahod,389175,66,7.367372224988705
2025-04-01,Assam,Bongaigaon,783384,203,23.736080895883084
2025-04-01,Bihar,Sitamarhi,843332,244,28.6347455346179
2025-04-01,Assam,Karimganj,788720,135,15.611466373103392
2025-04-01,Uttar Pradesh,Kanpur Nagar,208002,148,17.164701502458332
2025-04-01,Gujarat,Panchmahals,389210,157,18.240018130473292
2025-04-01,Nagaland,Noklak,798626,128,14.775108995758425
2025-04-01,Assam,Hojai,782447,114,13.102394241068488
2025-04-01,Sikkim,West Sikkim,737121,127,14.655629370423428
2025-04-01,Meghalaya,East Khasi Hills,793010,116,13.341353491738479
2025-04-01,Uttar Pradesh,Gonda,271504,218,25.528275275908015
2025-04-01,Uttar Pradesh,Basti,272163,289,34.0113286746927
2025-04-01,Assam,Karbi Anglong,782448,208,24.333479022558063
2025-04-01,Gujarat,Amreli,365565,74,8.323209227668668
2025-04-01,Gujarat,Morbi,363330,115,13.221873866403483
2025-04-01,Madhya Pradesh,Shivpuri,473885,103,11.788118362383537
2025-04-01,Gujarat,Devbhumi Dwarka,361305,201,23.49712164521309
2025-04-01,Gujarat,Panchmahals,389350,93,10.593322109033583
2025-04-01,Assam,Cachar,788007,65,7.247892599653709
2025-04-01,Gujarat,Kheda,387130,149,17.284181127793328
2025-04-01,Bihar,Muzaffarpur,842001,276,32.45809354533776
2025-04-01,Gujarat,Rajkot,360110,120,13.81927199307846
2025-04-01,Rajasthan,Udaipur,307025,132,15.253027497098406
2025-04-01,West Bengal,Kolkata,700004,54,5.933616720968759
2025-04-01,Assam,Cachar,788099,129,14.894588621093419
2025-04-01,Assam,Chirang,783393,153,17.76209962913331
2025-04-01,Uttar Pradesh,Kanpur Nagar,209214,241,28.276306658612913
2025-04-01,Assam,South Salmara Mankachar,783131,151,17.523140378463317
2025-04-01,Gujarat,The Dangs,394716,120,13.81927199307846
2025-04-01,Assam,West Karbi Anglong,782450,53,5.814137095633764
2025-04-01,Karnataka,Bengaluru,560037,290,34.130808300027695
2025-04-01,Assam,Udalguri,784508,60,6.650494472978732
2025-04-01,Meghalaya,South West Khasi Hills,793106,206,24.09451977188807
2025-04-01,Assam,Tinsukia,786182,151,17.523140378463317
2025-04-01,Assam,Charaideo,785692,111,12.743955365063501
2025-04-01,Jharkhand,East Singhbhum,832104,120,13.81927199307846
2025-04-01,Gujarat,Gandhinagar,382421,129,14.894588621093419
2025-04-01,Madhya Pradesh,Alirajpur,457990,254,29.82954178796785
2025-04-01,Assam,Goalpara,783330,87,9.87644435702361
2025-04-01,Rajasthan,Jodhpur,342311,238,27.917867782607924
2025-04-01,Bihar,Madhubani,847421,243,28.515265909282903
2025-04-01,Rajasthan,Sikar,332311,155,18.0010588798033
2025-04-01,Maharashtra,Thane,421501,207,24.213999397223066
2025-04-01,Rajasthan,Jodhpur,342302,190,22.182845766528143
2025-04-01,Jharkhand,Ranchi,835205,93,10.593322109033583
2025-04-01,Gujarat,Vadodara,390002,63,7.008933348983718
2025-04-01,Meghalaya,South West Garo Hills,794106,191,22.30232539186314
2025-04-01,Assam,Dibrugarh,786010,55,6.053096346303755
2025-04-01,Gujarat,Dahod,389170,309,36.40092118139261
2025-04-01,Uttar Pradesh,Lucknow,226010,290,34.130808300027695
2025-04-01,Rajasthan,Jalor,343030,161,18.717936631813274
2025-04-01,Assam,Karimganj,788722,164,19.07637550781826
2025-04-01,West Bengal,Darjeeling,734429,112,12.863434990398497
2025-04-01,Uttar Pradesh,Mainpuri,205264,154,17.881579254468306
2025-04-01,Maharashtra,Solapur,413203,115,13.221873866403483
2025-04-01,Jharkhand,Ranchi,835214,205,23.975040146553074
2025-04-01,Gujarat,Surat,394520,75,8.442688853003665
2025-04-01,Assam,Lakhimpur,787032,88,9.995923982358605
2025-04-01,Gujarat,Mahesana,382870,90,10.234883233028595
2025-04-01,Madhya Pradesh,Gwalior,475330,144,16.68678300111835
2025-04-01,Gujarat,Chhotaudepur,391150,129,14.894588621093419
2025-04-01,Karnataka,Bengaluru,560084,125,14.416670119753437
2025-04-01,Meghalaya,East Khasi Hills,793014,86,9.756964731688614
2025-04-01,Assam,Goalpara,783132,184,21.465968014518168
2025-04-01,Madhya Pradesh,Bhind,477445,171,19.91273288516323
2025-04-01,Delhi,South West Delhi,110070,111,12.743955365063501
2025-04-01,Rajasthan,Jalor,343032,221,25.886714151913
2025-04-01,Assam,Barpeta,781325,91,10.354362858363592
2025-04-01,Maharashtra,Parbhani,431402,161,18.717936631813274
2025-04-01,Uttar Pradesh,Kanpur Dehat,209307,92,10.473842483698586
2025-04-01,Assam,Kamrup Metro,781001,80,9.040086979678641
2025-04-01,Assam,Kamrup,781125,52,5.694657470298767
2025-04-01,Assam,Sonitpur,784111,90,10.234883233028595
2025-04-01,Gujarat,Mahesana,384315,184,21.465968014518168
2025-04-01,Gujarat,Gandhinagar,382355,87,9.87644435702361
2025-04-01,Karnataka,Bengaluru,560005,96,10.951760985038568
2025-04-01,West Bengal,Jalpaiguri,735135,193,22.541284642533128
2025-04-01,Assam,Karbi Anglong,782470,178,20.749090262508197
2025-04-01,Punjab,Ludhiana,141013,114,13.102394241068488
2025-04-01,Rajasthan,Kota,325004,68,7.6063314756586955
2025-04-01,Gujarat,Banaskantha,385550,200,23.3776420198781
2025-04-01,Gujarat,Dahod,389155,164,19.07637550781826
2025-04-01,Assam,Chirang,783373,96,10.951760985038568
2025-04-01,Gujarat,Navsari,396445,176,20.510131011838205
2025-04-01,Assam,Darrang,784125,237,27.79838815727293
2025-04-01,Assam,Kamrup,781135,60,6.650494472978732
2025-04-01,Uttar Pradesh,Lucknow,226018,125,14.416670119753437
2025-04-01,Gujarat,Arvalli,383350,97,11.071240610373565
2025-04-01,Assam,Udalguri,784113,51,5.575177844963772
2025-04-01,Assam,Kamrup Metro,781016,55,6.053096346303755
2025-04-01,Assam,Tinsukia,786147,48,5.2167389689587855
2025-04-01,West Bengal,Cooch Behar,736145,95,10.832281359703574
2025-04-01,Nagaland,Chumukedima,797103,86,9.756964731688614
2025-04-01,Gujarat,Ahmedabad,382150,122,14.058231243748452
2025-04-01,Gujarat,Banaskantha,385566,192,22.421805017198132
2025-04-01,Meghalaya,East Khasi Hills,793021,201,23.49712164521309
2025-04-01,Uttar Pradesh,Bahraich,271872,72,8.084249976998677
2025-04-01,Assam,Goalpara,783101,297,34.96716567737266
2025-04-01,Uttar Pradesh,Kanpur Nagar,208020,156,18.120538505138295
2025-04-01,Maharashtra,Hingoli,431702,159,18.47897738114328
2025-04-01,Assam,Cachar,788117,87,9.87644435702361
2025-04-01,Meghalaya,South Garo Hills,794114,208,24.333479022558063
2025-04-01,Assam,Karbi Anglong,782450,89,10.115403607693601
2025-04-01,Gujarat,Valsad,396191,229,26.842551154592968
2025-04-01,West Bengal,North 24 Parganas,700136,78,8.80112772900865
2025-04-01,Nagaland,Kohima,797003,118,13.58031274240847
2025-04-01,Gujarat,Morbi,363642,163,18.956895882483263
2025-04-01,Gujarat,Sabarkantha,383001,196,22.899723518538114
2025-04-01,Assam,Udalguri,784523,78,8.80112772900865
2025-04-01,Madhya Pradesh,Gwalior,474011,157,18.240018130473292
2025-04-01,Meghalaya,East Khasi Hills,793003,82,9.279046230348632
2025-04-01,Assam,Kamrup,781354,195,22.78024389320312
2025-04-01,Madhya Pradesh,Shivpuri,473670,202,23.616601270548088
2025-04-01,West Bengal,North 24 Parganas,700102,77,8.681648103673655
2025-04-01,Karnataka,Bengaluru,560001,85,9.637485106353619
2025-04-01,Meghalaya,East Khasi Hills,793006,226,26.48411227858798
2025-04-01,Rajasthan,Baran,325220,157,18.240018130473292
2025-04-01,Uttar Pradesh,Kaushambi,212203,154,17.881579254468306
2025-04-01,Meghalaya,Ri Bhoi,793101,145,16.806262626453346
2025-04-01,Gujarat,Surat,395007,190,22.182845766528143
2025-04-01,Karnataka,Bengaluru,560010,152,17.642620003798314
2025-04-01,Meghalaya,North Garo Hills,794112,125,14.416670119753437
2025-04-01,Rajasthan,Pali,306421,187,21.824406890523157
2025-04-01,Maharashtra,Nanded,431704,88,9.995923982358605
2025-04-01,Assam,Karbi Anglong,782482,177,20.6296106371732
2025-04-01,Bihar,Patna,800023,78,8.80112772900865
2025-05-01,Meghalaya,West Garo Hills,794101,89,10.115403607693601
2025-05-01,West Bengal,Kolkata,700014,178,20.749090262508197
2025-05-01,Assam,Lakhimpur,787052,90,10.234883233028595
2025-05-01,Karnataka,Bengaluru,560048,126,14.536149745088434
2025-05-01,Gujarat,Devbhumi Dwarka,361310,62,6.889453723648723
2025-05-01,Assam,Tinsukia,786125,105,12.027077613053528
2025-05-01,Assam,Kamrup,781121,51,5.575177844963772
2025-05-01,Uttar Pradesh,Kanpur Nagar,208010,253,29.71006216263286
2025-05-01,Meghalaya,South West Khasi Hills,793119,102,11.668638737048543
2025-05-01,Bihar,Bhagalpur,853201,246,28.873704785287888
2025-05-01,Chhattisgarh,Bijapur,494447,238,27.917867782607924
2025-05-01,Gujarat,Banaskantha,385566,127,14.655629370423428
2025-05-01,Gujarat,Dahod,389175,86,9.756964731688614
2025-05-01,Uttar Pradesh,Kanpur Nagar,209210,213,24.930877149233037
2025-05-01,Meghalaya,East Khasi Hills,793108,162,18.83741625714827
2025-05-01,Gujarat,Patan,384240,85,9.637485106353619
2025-05-01,West Bengal,Darjeeling,734105,49,5.336218594293781
2025-05-01,Assam,Tinsukia,786181,68,7.6063314756586955
2025-05-01,Meghalaya,Ri Bhoi,793103,317,37.356758184072575
2025-05-01,Assam,Sibsagar,785640,80,9.040086979678641
2025-05-01,Meghalaya,West Garo Hills,794105,190,22.182845766528143
2025-05-01,Assam,Dibrugarh,786001,91,10.354362858363592
2025-05-01,Assam,Karimganj,788709,99,11.310199861043555
2025-05-01,Punjab,Kapurthala,144401,168,19.55429400915824
2025-05-01,Maharashtra,Mumbai Suburban,400095,153,17.76209962913331
2025-05-01,Gujarat,Anand,388001,143,16.567303375783354
2025-05-01,Gujarat,The Dangs,394710,145,16.806262626453346
2025-05-01,Assam,Goalpara,783132,80,9.040086979678641
2025-05-01,Assam,Tinsukia,786171,124,14.297190494418443
2025-05-01,Gujarat,Banaskantha,385120,257,30.18798066397284
2025-05-01,Maharashtra,Mumbai Suburban,400097,132,15.253027497098406
2025-05-01,Karnataka,Bengaluru,560032,200,23.3776420198781
2025-05-01,Mizoram,Saiha,796911,56,6.17257597163875
2025-05-01,Gujarat,Dahod,389180,223,26.125673402582994
2025-05-01,Maharashtra,Pune,410502,88,9.995923982358605
2025-05-01,Assam,Udalguri,784113,83,9.398525855683628
2025-05-01,Meghalaya,East Khasi Hills,793008,109,12.50499611439351
2025-05-01,Assam,Kamrup,781380,53,5.814137095633764
2025-05-01,Meghalaya,South Garo Hills,794103,126,14.536149745088434
2025-05-01,Assam,Kamrup,781137,232,27.200990030597954
2025-05-01,Assam,Karbi Anglong,782482,132,15.253027497098406
2025-05-01,Uttar Pradesh,Aligarh,202126,147,17.045221877123335
2025-05-01,Assam,Golaghat,785615,84,9.518005481018623
2025-05-01,Meghalaya,East Jaintia Hills,793160,196,22.899723518538114
2025-05-01,Delhi,South Delhi,110017,189,22.063366141193146
2025-05-01,Assam,Baksa,781372,82,9.279046230348632
2025-05-01,Assam,Karimganj,788724,227,26.603591903922975
2025-05-01,Meghalaya,West Garo Hills,794005,145,16.806262626453346
2025-05-01,Gujarat,Sabarkantha,383001,142,16.44782375044836
2025-05-01,Uttar Pradesh,Banda,210126,221,25.886714151913
2025-05-01,Tamil Nadu,Pudukkottai,614616,190,22.182845766528143
2025-05-01,Maharashtra,Mumbai Suburban,400078,91,10.354362858363592
2025-05-01,Gujarat,Banaskantha,385310,264,31.02433804131781
2025-05-01,Karnataka,Bengaluru,560029,82,9.279046230348632
2025-05-01,Assam,Dhemaji,787058,44,4.738820467618804
2025-05-01,Karnataka,Bengaluru,560099,158,18.359497755808288
2025-05-01,Gujarat,Gir Somnath,362720,106,12.146557238388525
2025-05-01,West Bengal,Jalpaiguri,735212,69,7.725811100993691
2025-05-01,Assam,Golaghat,785705,115,13.221873866403483
2025-05-01,Maharashtra,Mumbai Suburban,400067,174,20.271171761168215
2025-05-01,Assam,Kamrup,781102,162,18.83741625714827
2025-05-01,Gujarat,Rajkot,360007,211,24.691917898563048
2025-05-01,Uttar Pradesh,Maharajganj,273305,260,30.546419539977826
2025-05-01,West Bengal,Jalpaiguri,735135,221,25.886714151913
2025-05-01,Assam,Dhemaji,787059,233,27.32046965593295
2025-05-01,Karnataka,Bengaluru,560036,169,19.673773634493237
2025-05-01,Meghalaya,East Khasi Hills,793004,102,11.668638737048543
2025-05-01,Maharashtra,Pune,411037,137,15.850425623773383
2025-05-01,Madhya Pradesh,Bhind,477331,101,11.549159111713546
2025-05-01,Uttar Pradesh,Aligarh,202132,165,19.195855133153255
2025-05-01,Maharashtra,Nandurbar,425432,120,13.81927199307846
2025-05-01,Meghalaya,East Khasi Hills,793009,224,26.24515302791799
2025-05-01,Madhya Pradesh,Panna,488001,224,26.24515302791799
2025-05-01,Gujarat,Banaskantha,385135,86,9.756964731688614
2025-05-01,Karnataka,Bangalore Rural,560067,76,8.56216847833866
2025-05-01,Assam,Udalguri,784190,73,8.203729602333674
2025-05-01,Karnataka,Bangalore Rural,562114,164,19.07637550781826
2025-05-01,Meghalaya,East Khasi Hills,793021,141,16.328344125113365
2025-05-01,Assam,Goalpara,783101,231,27.081510405262957
2025-05-01,Madhya Pradesh,Khandwa,450661,78,8.80112772900865
2025-05-01,Assam,Dibrugarh,786612,40,4.260901966278822
2025-05-01,Assam,Karimganj,788712,200,23.3776420198781
2025-05-01,West Bengal,Kalimpong,734301,78,8.80112772900865
2025-05-01,West Bengal,Darjeeling,734429,152,17.642620003798314
2025-05-01,Gujarat,Banaskantha,385110,213,24.930877149233037
2025-05-01,Maharashtra,Mumbai Suburban,400080,70,7.845290726328686
2025-05-01,Bihar,Madhubani,847305,113,12.982914615733492
2025-05-01,Jammu and Kashmir,Baramula,193201,187,21.824406890523157
2025-05-01,Uttar Pradesh,Agra,283123,178,20.749090262508197
2025-05-01,Maharashtra,Parbhani,431506,128,14.775108995758425
2025-05-01,West Bengal,Darjeeling,734003,226,26.48411227858798
2025-05-01,Madhya Pradesh,Morena,476444,173,20.15169213583322
2025-05-01,Gujarat,Dahod,389154,206,24.09451977188807
2025-05-01,Gujarat,Chhotaudepur,391160,108,12.385516489058515
2025-05-01,Karnataka,Bengaluru,560008,52,5.694657470298767
2025-05-01,Punjab,Kapurthala,144601,228,26.72307152925797
2025-05-01,Maharashtra,Mumbai Suburban,400070,136,15.730945998438386
2025-05-01,Assam,North Cachar Hills,788819,77,8.681648103673655
2025-05-01,Gujarat,Navsari,396445,158,18.359497755808288
2025-05-01,Uttar Pradesh,Lucknow,226005,182,21.22700876384818
2025-05-01,Assam,Sibsagar,785684,46,4.977779718288795
2025-05-01,Assam,Udalguri,784114,83,9.398525855683628
2025-05-01,Nagaland,Peren,797110,282,33.17497129734773
2025-05-01,Uttar Pradesh,Prayagraj,211003,87,9.87644435702361
2025-05-01,Maharashtra,Mumbai Suburban,400071,60,6.650494472978732
2025-05-01,Uttar Pradesh,Lalitpur,284404,219,25.64775490124301
2025-05-01,Assam,Marigaon,782410,124,14.297190494418443
2025-05-01,Punjab,Gurdaspur,143521,147,17.045221877123335
2025-05-01,Meghalaya,East Khasi Hills,793005,171,19.91273288516323
2025-05-01,Assam,Kamrup,781127,138,15.969905249108377
2025-05-01,Assam,Udalguri,784514,92,10.473842483698586
2025-05-01,Assam,Kamrup Metro,781012,73,8.203729602333674
2025-05-01,Assam,Dibrugarh,786610,84,9.518005481018623
2025-05-01,Karnataka,Bengaluru,560078,174,20.271171761168215
2025-05-01,Meghalaya,East Khasi Hills,793002,112,12.863434990398497
2025-05-01,Meghalaya,South Garo Hills,794107,44,4.738820467618804
2025-05-01,West Bengal,Alipurduar,735204,113,12.982914615733492
2025-05-01,Assam,Lakhimpur,787031,127,14.655629370423428
2025-05-01,Gujarat,Jamnagar,361005,150,17.403660753128325
2025-05-01,Assam,Dhemaji,787060,135,15.611466373103392
2025-05-01,Assam,Karimganj,788710,55,6.053096346303755
2025-05-01,Gujarat,Kachchh,370165,150,17.403660753128325
2025-05-01,Meghalaya,West Garo Hills,794001,146,16.925742251788343
2025-05-01,Assam,Dhemaji,786110,58,6.411535222308741
2025-05-01,Meghalaya,Ri Bhoi,793101,70,7.845290726328686
2025-05-01,Jammu and Kashmir,Jammu,181221,81,9.159566605013637
2025-05-01,Assam,Karimganj,788713,50,5.455698219628776
2025-05-01,Gujarat,Dahod,389140,166,19.31533475848825
2025-05-01,Gujarat,Bharuch,393001,164,19.07637550781826
2025-05-01,Assam,Golaghat,785602,177,20.6296106371732
2025-05-01,Karnataka,Bengaluru,560058,141,16.328344125113365
2025-05-01,Karnataka,Bengaluru,560067,183,21.346488389183175
2025-05-01,Gujarat,Surat,394180,110,12.624475739728506
2025-05-01,Uttar Pradesh,Aligarh,202122,232,27.200990030597954
2025-05-01,West Bengal,Kolkata,700023,221,25.886714151913
2025-05-01,Bihar,Sitamarhi,843315,233,27.32046965593295
2025-05-01,Manipur,Bishnupur,795134,63,7.008933348983718
2025-05-01,Assam,Bongaigaon,783384,166,19.31533475848825
2025-05-01,Meghalaya,East Khasi Hills,793111,157,18.240018130473292
2025-05-01,Uttar Pradesh,Lucknow,226008,189,22.063366141193146
2025-05-01,Gujarat,Ahmedabad,380005,89,10.115403607693601
2025-05-01,Assam,Kamrup,781123,71,7.964770351663682
2025-05-01,Meghalaya,West Garo Hills,794109,259,30.42693991464283
2025-05-01,Gujarat,Rajkot,360050,183,21.346488389183175
2025-05-01,Karnataka,Bengaluru,560084,50,5.455698219628776
2025-05-01,Maharashtra,Pune,410504,73,8.203729602333674
2025-05-01,Gujarat,Rajkot,360006,118,13.58031274240847
2025-05-01,Karnataka,Bengaluru,560066,198,23.138682769208106
2025-05-01,Assam,Nalbari,781369,83,9.398525855683628
2025-05-01,Karnataka,Bengaluru,560102,104,11.907597987718534
2025-05-01,Gujarat,Gir Somnath,362560,154,17.881579254468306
2025-05-01,Meghalaya,South Garo Hills,794102,211,24.691917898563048
2025-05-01,Gujarat,Dahod,389155,226,26.48411227858798
2025-05-01,West Bengal,Jalpaiguri,735218,142,16.44782375044836
2025-05-01,Assam,Kamrup Metro,782402,89,10.115403607693601
2025-05-01,Bihar,Sitamarhi,843313,239,28.03734740794292
2025-05-01,Gujarat,Ahmedabad,382340,87,9.87644435702361
2025-05-01,Assam,Udalguri,784507,112,12.863434990398497
2025-05-01,Delhi,South West Delhi,110061,77,8.681648103673655
2025-05-01,Assam,Dibrugarh,786602,66,7.367372224988705
2025-05-01,Meghalaya,South West Khasi Hills,793106,115,13.221873866403483
2025-05-01,Karnataka,Bengaluru,560093,49,5.336218594293781
2025-05-01,Delhi,Central Delhi,110003,85,9.637485106353619
2025-05-01,Assam,Barpeta,781309,183,21.346488389183175
2025-05-01,Assam,Kamrup,781354,156,18.120538505138295
2025-05-01,Mizoram,Saiha,796901,127,14.655629370423428
2025-05-01,Maharashtra,Pune,413801,82,9.279046230348632
2025-05-01,Maharashtra,Satara,415523,192,22.421805017198132
2025-05-01,Assam,Udalguri,784525,104,11.907597987718534
2025-05-01,Punjab,Ludhiana,141015,183,21.346488389183175
2025-05-01,Delhi,South West Delhi,110077,156,18.120538505138295
2025-05-01,West Bengal,Alipurduar,736182,84,9.518005481018623
2025-05-01,West Bengal,Darjeeling,734010,171,19.91273288516323
2025-05-01,Assam,Dibrugarh,785675,64,7.128412974318714
2025-05-01,Meghalaya,East Khasi Hills,793112,97,11.071240610373565
2025-05-01,Gujarat,Banaskantha,385565,157,18.240018130473292
2025-05-01,Gujarat,Dahod,389382,152,17.642620003798314
2025-05-01,Uttar Pradesh,Bahraich,271851,233,27.32046965593295
2025-05-01,Assam,Golaghat,785609,93,10.593322109033583
2025-05-01,Delhi,South Delhi,110065,144,16.68678300111835
2025-05-01,Assam,Karimganj,788711,36,3.7829834649388396
2025-05-01,Meghalaya,West Jaintia Hills,793161,163,18.956895882483263
2025-05-01,Assam,Kokrajhar,783370,252,29.590582537297863
2025-05-01,Mizoram,Lawngtlai,796770,135,15.611466373103392
2025-05-01,Gujarat,Ahmedabad,380018,70,7.845290726328686
2025-05-01,Meghalaya,Ri Bhoi,781131,112,12.863434990398497
2025-05-01,West Bengal,Kolkata,700016,104,11.907597987718534
2025-05-01,Manipur,Bishnupur,795133,122,14.058231243748452
2025-05-01,Assam,Golaghat,785702,205,23.975040146553074
2025-05-01,Assam,Golaghat,785603,85,9.637485106353619
2025-05-01,Meghalaya,East Khasi Hills,793016,49,5.336218594293781
2025-05-01,Karnataka,Bengaluru,560043,287,33.772369424022706
2025-05-01,Meghalaya,East Khasi Hills,793012,277,32.57757317067275
2025-05-01,Meghalaya,East Khasi Hills,793010,289,34.0113286746927
2025-05-01,Maharashtra,Nashik,423401,156,18.120538505138295
2025-05-01,Assam,Jorhat,785635,54,5.933616720968759
2025-05-01,Bihar,Sitamarhi,843332,299,35.206124928042655
2025-05-01,Meghalaya,East Khasi Hills,793001,223,26.125673402582994
2025-05-01,Karnataka,Bengaluru,560047,79,8.920607354343646
2025-05-01,Bihar,Patna,800111,100,11.42967948637855
2025-05-01,Gujarat,Panchmahals,389365,80,9.040086979678641
2025-05-01,Karnataka,Bengaluru,560075,54,5.933616720968759
2025-05-01,Meghalaya,South Garo Hills,794005,227,26.603591903922975
2025-05-01,Tamil Nadu,Cuddalore,607106,141,16.328344125113365
2025-05-01,Meghalaya,East Khasi Hills,793019,48,5.2167389689587855
2025-05-01,Karnataka,Bengaluru,560100,263,30.904858415982815
2025-05-01,Bihar,Muzaffarpur,843108,187,21.824406890523157
2025-05-01,Maharashtra,Thane,400601,124,14.297190494418443
2025-05-01,West Bengal,North 24 Parganas,743145,138,15.969905249108377
2025-05-01,Karnataka,Bengaluru,560076,197,23.01920314387311
2025-05-01,Maharashtra,Pune,411006,106,12.146557238388525
2025-05-01,West Bengal,Jalpaiguri,735224,180,20.988049513178186
2025-05-01,Kerala,Kollam,691532,56,6.17257597163875
2025-05-01,Maharashtra,Mumbai Suburban,400064,69,7.725811100993691
2025-05-01,Gujarat,Ahmedabad,380026,180,20.988049513178186
2025-05-01,Gujarat,Dahod,389130,60,6.650494472978732
2025-05-01,Gujarat,Chhotaudepur,391165,108,12.385516489058515
2025-05-01,Karnataka,Bengaluru,560097,128,14.775108995758425
2025-05-01,Assam,Kamrup,781141,140,16.208864499778368
2025-05-01,Gujarat,The Dangs,394716,116,13.341353491738479
2025-05-01,Gujarat,Ahmedabad,380051,158,18.359497755808288
2025-05-01,Karnataka,Bengaluru,560037,199,23.258162394543103
2025-05-01,Assam,Golaghat,785614,253,29.71006216263286
2025-05-01,Uttar Pradesh,Gorakhpur,273008,158,18.359497755808288
2025-05-01,Meghalaya,East Khasi Hills,793022,100,11.42967948637855
2025-05-01,Gujarat,Jamnagar,361006,134,15.491986747768395
2025-05-01,Assam,Charaideo,785692,50,5.455698219628776
2025-05-01,Karnataka,Bengaluru,560103,118,13.58031274240847
2025-05-01,Gujarat,Devbhumi Dwarka,361305,154,17.881579254468306
2025-05-01,Kerala,Malappuram,679325,266,31.2632972919878
2025-05-01,Assam,Kamrup,781366,87,9.87644435702361
2025-05-01,Maharashtra,Dhule,424304,182,21.22700876384818
2025-05-01,Assam,Golaghat,785621,112,12.863434990398497
2025-05-01,Madhya Pradesh,Alirajpur,457882,133,15.372507122433401
2025-05-01,Assam,Lakhimpur,784160,66,7.367372224988705
2025-05-01,Meghalaya,South West Garo Hills,794106,105,12.027077613053528
2025-05-01,Karnataka,Bengaluru,560087,165,19.195855133153255
2025-05-01,Assam,Lakhimpur,787001,58,6.411535222308741
2025-05-01,Assam,Kamrup,781103,71,7.964770351663682
2025-05-01,Karnataka,Bengaluru,560035,231,27.081510405262957
2025-05-01,Maharashtra,Mumbai Suburban,400072,193,22.541284642533128
2025-05-01,Karnataka,Bengaluru,560077,238,27.917867782607924
2025-05-01,Maharashtra,Mumbai Suburban,400065,52,5.694657470298767
2025-05-01,Gujarat,Panchmahals,389120,94,10.712801734368577
2025-05-01,Maharashtra,Yavatmal,445205,118,13.58031274240847
2025-05-01,Meghalaya,South Garo Hills,794114,77,8.681648103673655
2025-05-01,Assam,Karimganj,788722,94,10.712801734368577
2025-05-01,Uttar Pradesh,Aligarh,202136,107,12.266036863723519
2025-05-01,Assam,Dhemaji,787057,121,13.938751618413455
2025-05-01,Uttar Pradesh,Ghaziabad,201012,141,16.328344125113365
2025-05-01,Assam,Lakhimpur,787032,118,13.58031274240847
2025-05-01,Gujarat,Dahod,389152,175,20.39065138650321
2025-05-01,West Bengal,Nadia,741313,89,10.115403607693601
2025-05-01,Gujarat,Banaskantha,385575,122,14.058231243748452
2025-05-01,Gujarat,Dahod,389170,222,26.006193777247997
2025-05-01,Gujarat,Ahmedabad,382345,189,22.063366141193146
2025-05-01,Gujarat,Dahod,389146,61,6.769974098313727
2025-05-01,Bihar,Muzaffarpur,842004,223,26.125673402582994
2025-05-01,Tamil Nadu,Coimbatore,641402,89,10.115403607693601
2025-05-01,Assam,Tinsukia,786174,55,6.053096346303755
2025-05-01,Assam,Goalpara,783120,94,10.712801734368577
2025-05-01,Meghalaya,East Khasi Hills,793113,241,28.276306658612913
2025-05-01,Karnataka,Bengaluru,560061,118,13.58031274240847
2025-05-01,Karnataka,Bengaluru,560049,166,19.31533475848825
2025-05-01,Uttar Pradesh,Siddharthnagar,272201,153,17.76209962913331
2025-05-01,Meghalaya,South West Khasi Hills,793114,310,36.5204008067276
2025-05-01,Mizoram,Lunglei,796701,183,21.346488389183175
2025-05-01,Assam,Tinsukia,786182,127,14.655629370423428
2025-05-01,Rajasthan,Jaipur,302013,200,23.3776420198781
2025-05-01,Assam,Sibsagar,785685,99,11.310199861043555
2025-05-01,Gujarat,Kheda,387001,140,16.208864499778368
2025-05-01,Assam,Goalpara,783126,53,5.814137095633764
2025-05-01,Manipur,Imphal West,795001,106,12.146557238388525
2025-05-01,Assam,Tinsukia,786170,65,7.247892599653709
2025-05-01,Gujarat,Jamnagar,361002,52,5.694657470298767
2025-05-01,Assam,Nalbari,781126,163,18.956895882483263
2025-05-01,Meghalaya,East Khasi Hills,793006,137,15.850425623773383
2025-05-01,Maharashtra,Mumbai Suburban,400101,115,13.221873866403483
2025-05-01,Madhya Pradesh,Burhanpur,450221,213,24.930877149233037
2025-05-01,Karnataka,Bengaluru,560016,196,22.899723518538114
2025-05-01,Delhi,Shahdara,110032,133,15.372507122433401
2025-05-01,Maharashtra,Nagpur,440023,97,11.071240610373565
2025-05-01,Gujarat,Ahmedabad,382418,182,21.22700876384818
2025-05-01,Uttar Pradesh,Aligarh,202123,223,26.125673402582994
2025-05-01,Kerala,Thiruvananthapuram,695305,58,6.411535222308741
2025-05-01,Assam,Tinsukia,786188,56,6.17257597163875
2025-05-01,Assam,Dibrugarh,786613,39,4.141422340943826
2025-05-01,Maharashtra,Solapur,413113,63,7.008933348983718
2025-06-01,Maharashtra,Dhule,425408,197,23.01920314387311
2025-06-01,Meghalaya,East Khasi Hills,793001,170,19.793253259828234
2025-06-01,Assam,Cachar,788005,109,12.50499611439351
2025-06-01,Assam,Baksa,781346,52,5.694657470298767
2025-06-01,Meghalaya,West Garo Hills,794109,246,28.873704785287888
2025-06-01,Karnataka,Bengaluru Urban,560098,89,10.115403607693601
2025-06-01,Karnataka,Bengaluru Urban,560029,113,12.982914615733492
2025-06-01,Uttar Pradesh,Sitapur,261208,182,21.22700876384818
2025-06-01,West Bengal,24 Paraganas North,743263,182,21.22700876384818
2025-06-01,Assam,Dima Hasao,788819,71,7.964770351663682
2025-06-01,Assam,Kamrup Metro,781005,70,7.845290726328686
2025-06-01,Tamil Nadu,Salem,636006,122,14.058231243748452
2025-06-01,Uttar Pradesh,Bahraich,271825,181,21.107529138513183
2025-06-01,Gujarat,Dang,394716,147,17.045221877123335
2025-06-01,West Bengal,Kolkata,700006,142,16.44782375044836
2025-06-01,Gujarat,Anand,388325,38,4.021942715608831
2025-06-01,Meghalaya,East Khasi Hills,793112,132,15.253027497098406
2025-06-01,Assam,Lakhimpur,784160,182,21.22700876384818
2025-06-01,Madhya Pradesh,Alirajpur,457882,192,22.421805017198132
2025-06-01,Assam,Sonitpur,784507,284,33.413930548017724
2025-06-01,Mizoram,Lawngtlai,796891,173,20.15169213583322
2025-06-01,Karnataka,Bengaluru Urban,560084,136,15.730945998438386
2025-06-01,Gujarat,Dang,394710,217,25.40879565057302
2025-06-01,West Bengal,24 Paraganas North,700129,67,7.4868518503237
2025-06-01,Assam,Marigaon,782410,240,28.156827033277917
2025-06-01,Assam,Kamrup Metro,781036,36,3.7829834649388396
2025-06-01,Madhya Pradesh,Burhanpur,450221,225,26.364632653252983
2025-06-01,Punjab,Kapurthala,144401,117,13.460833117073474
2025-06-01,West Bengal,Nadia,741223,122,14.058231243748452
2025-06-01,West Bengal,Alipurduar,736206,121,13.938751618413455
2025-06-01,Assam,Goalpara,783134,80,9.040086979678641
2025-06-01,West Bengal,Darjeeling,734427,57,6.2920555969737455
2025-06-01,West Bengal,Nadia,741501,111,12.743955365063501
2025-06-01,Meghalaya,East Khasi Hills,793006,106,12.146557238388525
2025-06-01,Punjab,Ludhiana,141015,185,21.585447639853165
2025-06-01,Rajasthan,Jaisalmer,345028,134,15.491986747768395
2025-06-01,Bihar,Muzaffarpur,842004,170,19.793253259828234
2025-06-01,Assam,Lakhimpur,787056,132,15.253027497098406
2025-06-01,Tamil Nadu,Kallakurichi,605801,75,8.442688853003665
2025-06-01,West Bengal,Alipurduar,735217,72,8.084249976998677
2025-06-01,West Bengal,Birbhum,731204,221,25.886714151913
2025-06-01,Assam,Barpeta,781308,281,33.055491672012735
2025-06-01,Assam,Golaghat,785612,139,16.089384874443372
2025-06-01,Tamil Nadu,Salem,636122,62,6.889453723648723
2025-06-01,Uttar Pradesh,Farrukhabad,209739,186,21.70492726518816
2025-06-01,West Bengal,Medinipur West,721201,122,14.058231243748452
2025-06-01,Meghalaya,East Khasi Hills,793113,151,17.523140378463317
2025-06-01,Karnataka,Bengaluru Urban,560103,202,23.616601270548088
2025-06-01,Gujarat,Ahmadabad,382445,161,18.717936631813274
2025-06-01,Assam,Cachar,788009,98,11.19072023570856
2025-06-01,Tamil Nadu,Salem,636002,68,7.6063314756586955
2025-06-01,Bihar,Araria,854328,85,9.637485106353619
2025-06-01,Delhi,West Delhi,110027,209,24.452958647893055
2025-06-01,West Bengal,Darjeeling,734201,67,7.4868518503237
2025-06-01,Punjab,Kapurthala,144601,200,23.3776420198781
2025-06-01,West Bengal,24 Paraganas North,743248,77,8.681648103673655
2025-06-01,Uttar Pradesh,Aligarh,202122,141,16.328344125113365
2025-06-01,Karnataka,Bengaluru Urban,560010,152,17.642620003798314
2025-06-01,Assam,Dibrugarh,786613,80,9.040086979678641
2025-06-01,Gujarat,Banas Kantha,385330,267,31.382776917322797
2025-06-01,Assam,Barpeta,781314,232,27.200990030597954
2025-06-01,West Bengal,Nadia,741126,155,18.0010588798033
2025-06-01,Assam,Marigaon,782127,170,19.793253259828234
2025-06-01,Telangana,Hyderabad,500032,89,10.115403607693601
2025-06-01,Uttar Pradesh,Maharajganj,273305,143,16.567303375783354
2025-06-01,Mizoram,Champhai,796321,138,15.969905249108377
2025-06-01,Maharashtra,Dhule,424305,124,14.297190494418443
2025-06-01,Gujarat,Dohad,389382,205,23.975040146553074
2025-06-01,West Bengal,Darjeeling,734429,112,12.863434990398497
2025-06-01,Chhattisgarh,Gaurella Pendra Marwahi,495118,188,21.94388651585815
2025-06-01,Maharashtra,Nanded,431704,181,21.107529138513183
2025-06-01,Karnataka,Bengaluru Urban,560092,125,14.416670119753437
2025-06-01,Tamil Nadu,Kallakurichi,606401,168,19.55429400915824
2025-06-01,West Bengal,Alipurduar,736202,116,13.341353491738479
2025-06-01,Karnataka,Bengaluru Urban,560047,180,20.988049513178186
2025-06-01,Uttar Pradesh,Shravasti,271803,173,20.15169213583322
2025-06-01,Assam,Cachar,788114,83,9.398525855683628
2025-06-01,Assam,Dhubri,783334,227,26.603591903922975
2025-06-01,Gujarat,Banas Kantha,385545,232,27.200990030597954
2025-06-01,Meghalaya,East Khasi Hills,793022,121,13.938751618413455
2025-06-01,Karnataka,Bengaluru Urban,560058,196,22.899723518538114
2025-06-01,Andhra Pradesh,Spsr Nellore,524345,155,18.0010588798033
2025-06-01,Karnataka,Bengaluru Urban,560035,305,35.923002680052626
2025-06-01,Andhra Pradesh,Spsr Nellore,524315,217,25.40879565057302
2025-06-01,Gujarat,Ahmadabad,382421,219,25.64775490124301
2025-06-01,Uttar Pradesh,Bahraich,271841,200,23.3776420198781
2025-06-01,West Bengal,24 Paraganas North,743287,68,7.6063314756586955
2025-06-01,Tripura,Dhalai,799289,68,7.6063314756586955
2025-06-01,Assam,Cachar,788002,97,11.071240610373565
2025-06-01,Bihar,Purnia,854303,293,34.48924717603268
2025-06-01,Maharashtra,Thane,421501,265,31.143817666652808
2025-06-01,Bihar,Muzaffarpur,843108,207,24.213999397223066
2025-06-01,Maharashtra,Dhule,424304,298,35.08664530270766
2025-06-01,Assam,Dhemaji,787060,232,27.200990030597954
2025-06-01,West Bengal,Dinajpur Uttar,733129,278,32.697052796007746
2025-06-01,Gujarat,Anand,388001,191,22.30232539186314
2025-06-01,Assam,Golaghat,785621,162,18.83741625714827
2025-06-01,Kerala,Ernakulam,686673,139,16.089384874443372
2025-06-01,Tamil Nadu,Vellore,632602,138,15.969905249108377
2025-06-01,Uttar Pradesh,Kheri,262903,246,28.873704785287888
2025-06-01,Maharashtra,Thane,400703,96,10.951760985038568
2025-06-01,Delhi,New Delhi,110037,161,18.717936631813274
2025-06-01,Gujarat,Dohad,389140,189,22.063366141193146
2025-06-01,Rajasthan,Bhilwara,311603,103,11.788118362383537
2025-06-01,Jharkhand,Dumka,814119,198,23.138682769208106
2025-06-01,Assam,Dhemaji,787061,84,9.518005481018623
2025-06-01,Assam,Cachar,788116,119,13.699792367743465
2025-06-01,Assam,Barpeta,781313,130,15.014068246428415
2025-06-01,Assam,Bongaigaon,783371,61,6.769974098313727
2025-06-01,Madhya Pradesh,Gwalior,475330,219,25.64775490124301
2025-06-01,Bihar,Purbi Champaran,845440,181,21.107529138513183
2025-06-01,Assam,West Karbi Anglong,782486,163,18.956895882483263
2025-06-01,Madhya Pradesh,Alirajpur,457887,182,21.22700876384818
2025-06-01,West Bengal,Darjeeling,734010,74,8.323209227668668
2025-06-01,Assam,Marigaon,782105,165,19.195855133153255
2025-06-01,Meghalaya,South West Khasi Hills,793114,239,28.03734740794292
2025-06-01,Madhya Pradesh,Chhatarpur,471606,245,28.754225159952895
2025-06-01,Assam,Kamrup Metro,781017,68,7.6063314756586955
2025-06-01,Jharkhand,Ranchi,834002,227,26.603591903922975
2025-06-01,Nagaland,Peren,797110,188,21.94388651585815
2025-06-01,Tamil Nadu,Ramanathapuram,623536,43,4.619340842283808
2025-06-01,West Bengal,Malda,732124,252,29.590582537297863
2025-06-01,Assam,Cachar,788098,94,10.712801734368577
2025-06-01,Karnataka,Bengaluru Urban,560001,75,8.442688853003665
2025-06-01,West Bengal,Alipurduar,736182,100,11.42967948637855
2025-06-01,Assam,Karimganj,788724,228,26.72307152925797
2025-06-01,Gujarat,Kachchh,370201,133,15.372507122433401
2025-06-01,Nagaland,Mon,798621,174,20.271171761168215
2025-06-01,Karnataka,Bengaluru Urban,560062,233,27.32046965593295
2025-06-01,Assam,Darrang,784114,98,11.19072023570856
2025-06-01,Assam,Cachar,788001,59,6.531014847643736
2025-06-01,Assam,Marigaon,782126,98,11.19072023570856
2025-06-01,Gujarat,Ahmadabad,380016,179,20.868569887843194
2025-06-01,Karnataka,Bengaluru Urban,560024,111,12.743955365063501
2025-06-01,Assam,Karimganj,788713,75,8.442688853003665
2025-06-01,West Bengal,Jalpaiguri,735135,119,13.699792367743465
2025-06-01,Haryana,Gurugram,122002,140,16.208864499778368
2025-06-01,Gujarat,Vadodara,391770,50,5.455698219628776
2025-06-01,Assam,Golaghat,785702,210,24.57243827322805
2025-06-01,Karnataka,Bengaluru Rural,560087,271,31.86069541866278
2025-06-01,Delhi,New Delhi,110061,78,8.80112772900865
2025-06-01,Tamil Nadu,Ramanathapuram,623517,109,12.50499611439351
2025-06-01,Delhi,Central Delhi,110005,194,22.660764267868124
2025-06-01,Karnataka,Bengaluru Urban,560036,330,38.90999331342751
2025-06-01,Punjab,Ludhiana,141012,70,7.845290726328686
2025-06-01,Karnataka,Bengaluru Urban,560048,224,26.24515302791799
2025-06-01,Haryana,Kurukshetra,136119,93,10.593322109033583
2025-06-01,Madhya Pradesh,Bhind,477445,252,29.590582537297863
2025-06-01,Karnataka,Bengaluru Urban,560094,137,15.850425623773383
2025-06-01,Uttar Pradesh,Aligarh,202136,96,10.951760985038568
2025-06-01,Assam,Golaghat,785603,91,10.354362858363592
2025-06-01,West Bengal,Darjeeling,734003,112,12.863434990398497
2025-06-01,Meghalaya,South Garo Hills,794107,67,7.4868518503237
2025-06-01,Assam,Dibrugarh,786612,49,5.336218594293781
2025-06-01,Meghalaya,West Jaintia Hills,793109,257,30.18798066397284
2025-06-01,Gujarat,Banas Kantha,385570,89,10.115403607693601
2025-06-01,Uttar Pradesh,Lucknow,226005,223,26.125673402582994
2025-06-01,Maharashtra,Thane,400604,237,27.79838815727293
2025-06-01,Assam,Cachar,788119,144,16.68678300111835
2025-06-01,Maharashtra,Thane,400701,173,20.15169213583322
2025-06-01,West Bengal,Kolkata,700016,75,8.442688853003665
2025-06-01,Karnataka,Bengaluru Urban,560066,363,42.852820949482364
2025-06-01,Tamil Nadu,Vellore,632001,137,15.850425623773383
2025-06-01,Assam,Golaghat,785614,214,25.050356774568034
2025-06-01,Bihar,Siwan,841237,104,11.907597987718534
2025-06-01,Karnataka,Bengaluru Urban,560005,141,16.328344125113365
2025-06-01,Assam,Cachar,788030,168,19.55429400915824
2025-06-01,Madhya Pradesh,Chhatarpur,471105,210,24.57243827322805
2025-06-01,Uttar Pradesh,Aligarh,262907,174,20.271171761168215
2025-06-01,Assam,Golaghat,785705,130,15.014068246428415
2025-06-01,Andhra Pradesh,Spsr Nellore,524304,62,6.889453723648723
2025-06-01,Gujarat,Chhotaudepur,391110,141,16.328344125113365
2025-06-01,Kerala,Thrissur,680307,47,5.09725934362379
2025-06-01,West Bengal,Coochbehar,735224,105,12.027077613053528
2025-06-01,West Bengal,Kolkata,700023,138,15.969905249108377
2025-06-01,West Bengal,24 Paraganas North,700125,161,18.717936631813274
2025-06-01,Bihar,Katihar,854114,260,30.546419539977826
2025-06-01,Karnataka,Bengaluru Urban,560093,123,14.177710869083446
2025-06-01,Tamil Nadu,Salem,636010,117,13.460833117073474
2025-06-01,Assam,Karimganj,788710,53,5.814137095633764
2025-06-01,Assam,Dibrugarh,785675,70,7.845290726328686
2025-06-01,Madhya Pradesh,Morena,476444,276,32.45809354533776
2025-06-01,Assam,Karimganj,788709,116,13.341353491738479
2025-06-01,Karnataka,Bengaluru Urban,560008,115,13.221873866403483
2025-06-01,Madhya Pradesh,Alirajpur,457893,187,21.824406890523157
2025-06-01,Bihar,Purbi Champaran,845427,236,27.678908531937935
2025-06-01,Assam,Nagaon,782450,156,18.120538505138295
2025-06-01,Meghalaya,South Garo Hills,794114,143,16.567303375783354
2025-06-01,West Bengal,Darjeeling,734001,103,11.788118362383537
2025-06-01,Uttar Pradesh,Mathura,281121,136,15.730945998438386
2025-06-01,Assam,Cachar,788099,64,7.128412974318714
2025-06-01,Karnataka,Bengaluru Urban,560102,163,18.956895882483263
2025-06-01,Meghalaya,East Khasi Hills,793002,129,14.894588621093419
2025-06-01,Karnataka,Bengaluru Urban,560085,177,20.6296106371732
2025-06-01,West Bengal,24 Paraganas North,700110,121,13.938751618413455
2025-06-01,West Bengal,Nadia,741502,140,16.208864499778368
2025-06-01,West Bengal,Jalpaiguri,735218,85,9.637485106353619
2025-06-01,Assam,Dibrugarh,786611,55,6.053096346303755
2025-06-01,Assam,Dibrugarh,786003,45,4.858300092953799
2025-06-01,Uttar Pradesh,Aligarh,202126,151,17.523140378463317
2025-06-01,Tripura,Dhalai,799275,99,11.310199861043555
2025-06-01,Assam,Karimganj,788712,155,18.0010588798033
2025-06-01,Maharashtra,Satara,415523,201,23.49712164521309
2025-06-01,West Bengal,Purba Bardhaman,713126,58,6.411535222308741
2025-06-01,Chhattisgarh,Bijapur,494447,191,22.30232539186314
2025-06-01,Karnataka,Bengaluru Urban,560099,214,25.050356774568034
2025-06-01,Meghalaya,East Khasi Hills,793004,97,11.071240610373565
2025-06-01,Madhya Pradesh,Sagar,470227,201,23.49712164521309
2025-06-01,Uttar Pradesh,Gorakhpur,273008,178,20.749090262508197
2025-06-01,Maharashtra,Thane,400705,91,10.354362858363592
2025-06-01,Maharashtra,Thane,400706,148,17.164701502458332
2025-06-01,Uttar Pradesh,Aligarh,202155,113,12.982914615733492
2025-06-01,West Bengal,Darjeeling,734013,64,7.128412974318714
2025-06-01,Meghalaya,East Khasi Hills,793005,170,19.793253259828234
2025-06-01,Meghalaya,South West Khasi Hills,793106,145,16.806262626453346
2025-06-01,Assam,West Karbi Anglong,782485,132,15.253027497098406
2025-06-01,West Bengal,Darjeeling,734008,45,4.858300092953799
2025-06-01,West Bengal,24 Paraganas North,743127,147,17.045221877123335
2025-06-01,Uttar Pradesh,Bareilly,243202,254,29.82954178796785
2025-06-01,Delhi,New Delhi,110003,124,14.297190494418443
2025-06-01,Meghalaya,East Khasi Hills,793108,169,19.673773634493237
2025-06-01,West Bengal,Darjeeling,734101,51,5.575177844963772
2025-06-01,Andhra Pradesh,Spsr Nellore,524305,183,21.346488389183175
2025-06-01,Assam,Cachar,788101,120,13.81927199307846
2025-06-01,Assam,Cachar,782448,199,23.258162394543103
2025-06-01,Karnataka,Bengaluru Urban,560075,117,13.460833117073474
2025-06-01,West Bengal,Kolkata,700004,76,8.56216847833866
2025-06-01,Assam,Cachar,788104,131,15.13354787176341
2025-06-01,Meghalaya,South West Garo Hills,794106,91,10.354362858363592
2025-06-01,Andhra Pradesh,Spsr Nellore,524411,109,12.50499611439351
2025-06-01,Meghalaya,West Garo Hills,794001,108,12.385516489058515
2025-06-01,Karnataka,Bengaluru Urban,560038,70,7.845290726328686
2025-06-01,Madhya Pradesh,Bhind,477116,253,29.71006216263286
2025-06-01,Assam,Cachar,788107,147,17.045221877123335
2025-06-01,Assam,Marigaon,782412,45,4.858300092953799
2025-06-01,Delhi,South Delhi,110024,70,7.845290726328686
2025-06-01,Uttar Pradesh,Kanpur Nagar,209402,127,14.655629370423428
2025-06-01,Karnataka,Bengaluru Urban,560061,256,30.068501038637844
2025-06-01,Uttar Pradesh,Ayodhya,224188,82,9.279046230348632
2025-06-01,Gujarat,Vadodara,391240,98,11.19072023570856
2025-06-01,Tamil Nadu,Salem,636015,125,14.416670119753437
2025-06-01,Maharashtra,Pune,411014,236,27.678908531937935
2025-06-01,Uttar Pradesh,Agra,282003,196,22.899723518538114
2025-06-01,Assam,Dibrugarh,786010,184,21.465968014518168
2025-06-01,West Bengal,Alipurduar,735211,224,26.24515302791799
2025-06-01,Assam,Lakhimpur,787032,137,15.850425623773383
2025-06-01,Assam,Kamrup,781354,207,24.213999397223066
2025-06-01,Delhi,South Delhi,110017,191,22.30232539186314
2025-06-01,Maharashtra,Thane,400709,132,15.253027497098406
2025-06-01,Andhra Pradesh,Spsr Nellore,524308,85,9.637485106353619
2025-06-01,West Bengal,Jalpaiguri,735202,111,12.743955365063501
2025-06-01,West Bengal,Kolkata,700039,205,23.975040146553074
2025-06-01,Jharkhand,Khunti,835216,250,29.35162328662787
2025-06-01,Assam,Sivasagar,785640,80,9.040086979678641
2025-06-01,Gujarat,Dohad,389175,200,23.3776420198781
2025-06-01,Andhra Pradesh,Spsr Nellore,524309,80,9.040086979678641
2025-06-01,Assam,Marigaon,782104,62,6.889453723648723
2025-06-01,Assam,Jorhat,785630,56,6.17257597163875
2025-06-01,Tamil Nadu,Sivaganga,630302,93,10.593322109033583
2025-06-01,Karnataka,Bengaluru Urban,560034,53,5.814137095633764
2025-06-01,Karnataka,Bengaluru Urban,562125,209,24.452958647893055
2025-06-01,West Bengal,24 Paraganas North,743423,227,26.603591903922975
2025-06-01,Bihar,Jamui,811301,203,23.736080895883084
2025-06-01,Tamil Nadu,Madurai,625106,88,9.995923982358605
2025-06-01,Andhra Pradesh,Spsr Nellore,524322,125,14.416670119753437
2025-06-01,Gujarat,Mahisagar,389260,161,18.717936631813274
2025-07-01,Arunachal Pradesh,West Kameng,790101,83,9.398525855683628
2025-07-01,Himachal Pradesh,Kullu,175101,114,13.102394241068488
2025-07-01,Maharashtra,Solapur,413113,94,10.712801734368577
2025-07-01,West Bengal,Alipurduar,736202,200,23.3776420198781
2025-07-01,Assam,Kamrup Metro,782402,140,16.208864499778368
2025-07-01,Delhi,South Delhi,110029,88,9.995923982358605
2025-07-01,West Bengal,Darjeeling,734010,208,24.333479022558063
2025-07-01,Assam,Sivasagar,785640,194,22.660764267868124
2025-07-01,Assam,Jorhat,785633,46,4.977779718288795
2025-07-01,Gujarat,Chhotaudepur,391140,105,12.027077613053528
2025-07-01,Andhra Pradesh,Spsr Nellore,524345,130,15.014068246428415
2025-07-01,Odisha,Khordha,751024,87,9.87644435702361
2025-07-01,Assam,Dibrugarh,786613,112,12.863434990398497
2025-07-01,Meghalaya,Kamrup,781131,143,16.567303375783354
2025-07-01,Karnataka,Bengaluru Urban,562157,69,7.725811100993691
2025-07-01,Gujarat,Kachchh,370421,88,9.995923982358605
2025-07-01,Assam,Dibrugarh,786003,162,18.83741625714827
2025-07-01,Meghalaya,Ri Bhoi,793101,119,13.699792367743465
2025-07-01,Assam,Kamrup,781125,80,9.040086979678641
2025-07-01,Gujarat,Patan,384241,122,14.058231243748452
2025-07-01,Assam,Tinsukia,786171,202,23.616601270548088
2025-07-01,West Bengal,Nadia,741253,102,11.668638737048543
2025-07-01,West Bengal,24 Paraganas North,743263,227,26.603591903922975
2025-07-01,Assam,Kamrup Metro,781006,60,6.650494472978732
2025-07-01,Assam,Dibrugarh,786611,139,16.089384874443372
2025-07-01,Delhi,New Delhi,110061,150,17.403660753128325
2025-07-01,Meghalaya,East Khasi Hills,793021,198,23.138682769208106
2025-07-01,Tamil Nadu,Chengalpattu,600130,58,6.411535222308741
2025-07-01,Nagaland,Peren,797110,159,18.47897738114328
2025-07-01,Jharkhand,Ranchi,835205,118,13.58031274240847
2025-07-01,Meghalaya,North Garo Hills,794108,244,28.6347455346179
2025-07-01,Gujarat,Amreli,364522,67,7.4868518503237
2025-07-01,West Bengal,24 Paraganas North,700049,134,15.491986747768395
2025-07-01,Delhi,South Delhi,110065,201,23.49712164521309
2025-07-01,Assam,Cachar,788117,127,14.655629370423428
2025-07-01,Kerala,Thiruvananthapuram,695310,51,5.575177844963772
2025-07-01,Telangana,Hyderabad,500029,163,18.956895882483263
2025-07-01,Gujarat,Devbhumi Dwarka,360510,148,17.164701502458332
2025-07-01,Maharashtra,Ahmednagar,414105,172,20.032212510498223
2025-07-01,Assam,Tinsukia,786125,169,19.673773634493237
2025-07-01,Assam,West Karbi Anglong,782486,197,23.01920314387311
2025-07-01,Maharashtra,Mumbai Suburban,400059,205,23.975040146553074
2025-07-01,Karnataka,Bengaluru Urban,560004,175,20.39065138650321
2025-07-01,Assam,Kamrup,781120,65,7.247892599653709
2025-07-01,Assam,Dibrugarh,786001,238,27.917867782607924
2025-07-01,West Bengal,24 Paraganas North,700056,98,11.19072023570856
2025-07-01,West Bengal,24 Paraganas North,743127,188,21.94388651585815
2025-07-01,Assam,Golaghat,785625,177,20.6296106371732
2025-07-01,Karnataka,Bengaluru Urban,560048,240,28.156827033277917
2025-07-01,West Bengal,Nadia,741402,104,11.907597987718534
2025-07-01,Telangana,Hyderabad,500032,165,19.195855133153255
2025-07-01,Assam,Dibrugarh,786191,71,7.964770351663682
2025-07-01,Gujarat,Chhotaudepur,391135,193,22.541284642533128
2025-07-01,Gujarat,Porbandar,360570,65,7.247892599653709
2025-07-01,Andhra Pradesh,Spsr Nellore,524411,147,17.045221877123335
2025-07-01,West Bengal,Nadia,741201,183,21.346488389183175
2025-07-01,Jharkhand,Ranchi,835222,295,34.72820642670267
2025-07-01,Assam,Jorhat,785001,158,18.359497755808288
2025-07-01,Karnataka,Bengaluru Urban,560001,105,12.027077613053528
2025-07-01,West Bengal,Alipurduar,736182,148,17.164701502458332
2025-07-01,Uttar Pradesh,Lucknow,226018,215,25.16983639990303
2025-07-01,Assam,Tinsukia,786182,173,20.15169213583322
2025-07-01,Assam,Dibrugarh,786012,75,8.442688853003665
2025-07-01,Karnataka,Bengaluru Urban,562106,158,18.359497755808288
2025-07-01,Tamil Nadu,Chennai,600119,162,18.83741625714827
2025-07-01,Maharashtra,Mumbai,400022,218,25.528275275908015
2025-07-01,West Bengal,Alipurduar,735208,39,4.141422340943826
2025-07-01,Assam,Tinsukia,786156,310,36.5204008067276
2025-07-01,Gujarat,Porbandar,360579,134,15.491986747768395
2025-07-01,Gujarat,Amreli,364515,177,20.6296106371732
2025-07-01,Karnataka,Bengaluru Urban,560037,400,47.2735670868772
2025-07-01,West Bengal,Jalpaiguri,735206,69,7.725811100993691
2025-07-01,Meghalaya,East Khasi Hills,793005,248,29.11266403595788
2025-07-01,Gujarat,Sabar Kantha,383205,155,18.0010588798033
2025-07-01,West Bengal,Darjeeling,734013,87,9.87644435702361
2025-07-01,Maharashtra,Mumbai Suburban,400074,224,26.24515302791799
2025-07-01,Meghalaya,East Khasi Hills,793009,235,27.55942890660294
2025-07-01,Assam,Jorhat,785636,93,10.593322109033583
2025-07-01,West Bengal,24 Paraganas North,743249,155,18.0010588798033
2025-07-01,Mizoram,Lunglei,796770,135,15.611466373103392
2025-07-01,Assam,West Karbi Anglong,782485,185,21.585447639853165
2025-07-01,Delhi,Central Delhi,110054,146,16.925742251788343
2025-07-01,Assam,Dibrugarh,785675,228,26.72307152925797
2025-07-01,Punjab,Kapurthala,144401,221,25.886714151913
2025-07-01,West Bengal,Jalpaiguri,735202,199,23.258162394543103
2025-07-01,Meghalaya,East Khasi Hills,793017,125,14.416670119753437
2025-07-01,Assam,Kamrup,781103,175,20.39065138650321
2025-07-01,Assam,Dibrugarh,786101,196,22.899723518538114
2025-07-01,Meghalaya,West Jaintia Hills,793109,249,29.232143661292877
2025-07-01,Uttar Pradesh,Fatehpur,212663,256,30.068501038637844
2025-07-01,Karnataka,Bengaluru Urban,560008,146,16.925742251788343
2025-07-01,Assam,Kamrup Metro,781038,64,7.128412974318714
2025-07-01,Jharkhand,Dumka,814119,188,21.94388651585815
2025-07-01,Assam,Kamrup Metro,782403,108,12.385516489058515
2025-07-01,Karnataka,Bengaluru Urban,560092,110,12.624475739728506
2025-07-01,Assam,Lakhimpur,784161,84,9.518005481018623
2025-07-01,Gujarat,Ahmadabad,380015,239,28.03734740794292
2025-07-01,Karnataka,Bengaluru Urban,560041,132,15.253027497098406
2025-07-01,Haryana,Gurugram,122004,202,23.616601270548088
2025-07-01,Assam,Lakhimpur,787032,201,23.49712164521309
2025-07-01,Gujarat,Jamnagar,361012,121,13.938751618413455
2025-07-01,West Bengal,Darjeeling,734427,137,15.850425623773383
2025-07-01,Assam,Kamrup,781380,171,19.91273288516323
2025-07-01,Assam,Tinsukia,786150,73,8.203729602333674
2025-07-01,Karnataka,Bengaluru Urban,560099,241,28.276306658612913
2025-07-01,Uttar Pradesh,Kheri,262906,207,24.213999397223066
2025-07-01,Gujarat,Anand,387115,128,14.775108995758425
2025-07-01,Meghalaya,East Khasi Hills,793008,255,29.949021413302848
2025-07-01,Meghalaya,East Khasi Hills,793006,181,21.107529138513183
2025-07-01,Maharashtra,Sangli,416413,222,26.006193777247997
2025-07-01,West Bengal,Jalpaiguri,735135,300,35.32560455337765
2025-07-01,Madhya Pradesh,Gwalior,475001,272,31.980175043997775
2025-07-01,Karnataka,Bengaluru Urban,560103,183,21.346488389183175
2025-07-01,Assam,Golaghat,785612,347,40.94114694412244
2025-07-01,West Bengal,Nadia,741501,180,20.988049513178186
2025-07-01,Maharashtra,Mumbai Suburban,400076,111,12.743955365063501
2025-07-01,Maharashtra,Pune,412211,128,14.775108995758425
2025-07-01,Assam,Jorhat,785108,83,9.398525855683628
2025-07-01,Karnataka,Bengaluru Urban,560017,112,12.863434990398497
2025-07-01,Punjab,Ludhiana,141012,138,15.969905249108377
2025-07-01,Gujarat,Gandhinagar,382735,76,8.56216847833866
2025-07-01,Assam,Golaghat,785603,238,27.917867782607924
2025-07-01,Assam,Golaghat,785703,92,10.473842483698586
2025-07-01,Tamil Nadu,Chennai,600115,108,12.385516489058515
2025-07-01,West Bengal,24 Paraganas North,700124,135,15.611466373103392
2025-07-01,Gujarat,Anand,388307,116,13.341353491738479
2025-07-01,Maharashtra,Pune,411023,141,16.328344125113365
2025-07-01,Assam,Karimganj,788709,184,21.465968014518168
2025-07-01,Gujarat,Banas Kantha,385560,129,14.894588621093419
2025-07-01,West Bengal,24 Paraganas North,743235,186,21.70492726518816
2025-07-01,Assam,Jorhat,785006,79,8.920607354343646
2025-07-01,Haryana,Gurugram,122002,199,23.258162394543103
2025-07-01,Uttar Pradesh,Meerut,250344,250,29.35162328662787
2025-07-01,Gujarat,Banas Kantha,385130,190,22.182845766528143
2025-07-01,Delhi,New Delhi,110057,100,11.42967948637855
2025-07-01,Meghalaya,East Khasi Hills,793014,65,7.247892599653709
2025-07-01,Karnataka,Bidar,585437,169,19.673773634493237
2025-07-01,Gujarat,Sabar Kantha,383255,226,26.48411227858798
2025-07-01,Gujarat,Bhavnagar,364310,149,17.284181127793328
2025-07-01,Gujarat,Kachchh,370410,69,7.725811100993691
2025-07-01,Delhi,New Delhi,110021,128,14.775108995758425
2025-07-01,Assam,Dhemaji,787061,214,25.050356774568034
2025-07-01,Gujarat,Ahmadabad,382421,196,22.899723518538114
2025-07-01,Assam,Jorhat,785616,85,9.637485106353619
2025-07-01,West Bengal,Nadia,741222,244,28.6347455346179
2025-07-01,Assam,Kamrup,781122,123,14.177710869083446
2025-07-01,Uttar Pradesh,Jhansi,284304,167,19.434814383823248
2025-07-01,Gujarat,Banas Kantha,385555,289,34.0113286746927
2025-07-01,West Bengal,24 Paraganas North,743287,86,9.756964731688614
2025-07-01,Assam,Karimganj,788726,99,11.310199861043555
2025-07-01,West Bengal,Darjeeling,734008,64,7.128412974318714
2025-07-01,Karnataka,Bengaluru Urban,560035,285,33.53341017335271
2025-07-01,Meghalaya,East Khasi Hills,793010,167,19.434814383823248
2025-07-01,Sikkim,West Sikkim,737111,171,19.91273288516323
2025-07-01,Assam,Hailakandi,788165,117,13.460833117073474
2025-07-01,West Bengal,Kalimpong,734301,189,22.063366141193146
2025-07-01,Sikkim,South Sikkim,737121,260,30.546419539977826
2025-07-01,Assam,Dhemaji,787034,155,18.0010588798033
2025-07-01,Punjab,Ludhiana,141002,110,12.624475739728506
2025-07-01,Assam,Baksa,781344,73,8.203729602333674
2025-07-01,Assam,Goalpara,783134,176,20.510131011838205
2025-07-01,Assam,Cachar,788802,189,22.063366141193146
2025-07-01,Karnataka,Bengaluru Urban,560093,114,13.102394241068488
2025-07-01,Karnataka,Bengaluru Urban,560010,178,20.749090262508197
2025-07-01,Assam,Lakhimpur,787056,143,16.567303375783354
2025-07-01,Assam,Golaghat,785613,134,15.491986747768395
2025-07-01,Uttar Pradesh,Varanasi,221112,162,18.83741625714827
2025-07-01,West Bengal,24 Paraganas North,700119,261,30.665899165312826
2025-07-01,Nagaland,Dimapur,797115,154,17.881579254468306
2025-07-01,Goa,North Goa,403001,42,4.499861216948813
2025-07-01,Meghalaya,East Khasi Hills,793022,186,21.70492726518816
2025-07-01,Assam,Sivasagar,785697,57,6.2920555969737455
2025-07-01,Assam,Nagaon,782450,236,27.678908531937935
2025-07-01,West Bengal,Darjeeling,734105,49,5.336218594293781
2025-07-01,Delhi,South Delhi,110016,116,13.341353491738479
2025-07-01,Gujarat,Mahesana,384355,205,23.975040146553074
2025-07-01,Gujarat,Dang,394716,186,21.70492726518816
2025-07-01,Gujarat,Bhavnagar,364130,172,20.032212510498223
2025-07-01,Jharkhand,Ranchi,834003,144,16.68678300111835
2025-07-01,West Bengal,24 Paraganas North,743271,61,6.769974098313727
2025-07-01,West Bengal,Darjeeling,734003,286,33.65288979868771
2025-07-01,Uttar Pradesh,Lucknow,226004,297,34.96716567737266
2025-07-01,West Bengal,24 Paraganas North,743262,111,12.743955365063501
2025-07-01,Uttar Pradesh,Moradabad,244411,86,9.756964731688614
2025-07-01,Assam,Chirang,783394,102,11.668638737048543
2025-07-01,West Bengal,24 Paraganas North,743145,169,19.673773634493237
2025-07-01,West Bengal,Kolkata,700007,104,11.907597987718534
2025-07-01,Mizoram,Champhai,796321,172,20.032212510498223
2025-07-01,Gujarat,Kachchh,370150,84,9.518005481018623
2025-07-01,Kerala,Kannur,670003,70,7.845290726328686
2025-07-01,Karnataka,Bengaluru Urban,560046,89,10.115403607693601
2025-07-01,Assam,Tinsukia,786160,98,11.19072023570856
2025-07-01,Delhi,South Delhi,110024,104,11.907597987718534
2025-07-01,Delhi,New Delhi,110003,212,24.811397523898044
2025-07-01,Assam,Cachar,788102,151,17.523140378463317
2025-07-01,West Bengal,Alipurduar,736206,179,20.868569887843194
2025-07-01,Chhattisgarh,Sukma,494114,149,17.284181127793328
2025-07-01,West Bengal,Darjeeling,734101,116,13.341353491738479
2025-07-01,Punjab,Ludhiana,142026,151,17.523140378463317
2025-07-01,Meghalaya,West Garo Hills,794101,121,13.938751618413455
2025-07-01,Gujarat,Devbhumi Dwarka,360590,89,10.115403607693601
2025-07-01,Karnataka,Bengaluru Urban,560085,222,26.006193777247997
2025-07-01,Gujarat,Jamnagar,361170,108,12.385516489058515
2025-07-01,Assam,Dhemaji,787035,62,6.889453723648723
2025-07-01,Assam,Cachar,788098,214,25.050356774568034
2025-07-01,Telangana,Hyderabad,500027,160,18.598457006478277
2025-07-01,Assam,Jorhat,785630,142,16.44782375044836
2025-07-01,Maharashtra,Pune,412218,100,11.42967948637855
2025-07-01,Telangana,Hyderabad,500047,172,20.032212510498223
2025-07-01,Gujarat,Panch Mahals,389350,217,25.40879565057302
2025-07-01,Uttar Pradesh,Lucknow,226005,267,31.382776917322797
2025-07-01,Rajasthan,Bundi,323022,223,26.125673402582994
2025-07-01,West Bengal,Alipurduar,736207,169,19.673773634493237
2025-07-01,Gujarat,Morbi,363650,157,18.240018130473292
2025-07-01,Assam,Golaghat,785611,137,15.850425623773383
2025-07-01,Maharashtra,Pune,412210,205,23.975040146553074
2025-07-01,Assam,Golaghat,785615,93,10.593322109033583
2025-07-01,West Bengal,24 Paraganas North,700110,145,16.806262626453346
2025-07-01,Karnataka,Mysuru,571104,98,11.19072023570856
2025-07-01,Chhattisgarh,Bijapur,494447,313,36.87883968273259
2025-07-01,Gujarat,Kachchh,370145,156,18.120538505138295
2025-07-01,West Bengal,Coochbehar,736131,209,24.452958647893055
2025-07-01,Maharashtra,Mumbai Suburban,400053,179,20.868569887843194
2025-07-01,West Bengal,Kolkata,700016,172,20.032212510498223
2025-07-01,Andhra Pradesh,Spsr Nellore,524413,65,7.247892599653709
2025-07-01,Telangana,Hyderabad,500056,143,16.567303375783354
2025-07-01,Assam,Kamrup Metro,781005,82,9.279046230348632
2025-07-01,Gujarat,Anand,388180,154,17.881579254468306
2025-07-01,Meghalaya,East Khasi Hills,793004,128,14.775108995758425
2025-07-01,Assam,Tinsukia,786153,69,7.725811100993691
2025-07-01,West Bengal,24 Paraganas North,743248,166,19.31533475848825
2025-07-01,Assam,Jorhat,785107,70,7.845290726328686
2025-07-01,Madhya Pradesh,Alirajpur,457887,244,28.6347455346179
2025-07-01,Gujarat,Chhotaudepur,391152,90,10.234883233028595
2025-07-01,Meghalaya,South West Khasi Hills,793106,221,25.886714151913
2025-07-01,Meghalaya,South Garo Hills,794107,89,10.115403607693601
2025-07-01,Madhya Pradesh,Khargone,451111,225,26.364632653252983
2025-07-01,Gujarat,Chhotaudepur,391125,135,15.611466373103392
2025-07-01,Assam,Kamrup,781381,102,11.668638737048543
2025-07-01,Assam,Karimganj,788728,208,24.333479022558063
2025-07-01,Karnataka,Bengaluru Urban,560075,129,14.894588621093419
2025-07-01,Meghalaya,East Khasi Hills,793112,164,19.07637550781826
2025-07-01,West Bengal,Kolkata,700004,99,11.310199861043555
2025-07-01,Assam,Cachar,788001,190,22.182845766528143
2025-07-01,Karnataka,Bengaluru Urban,560038,103,11.788118362383537
2025-07-01,Karnataka,Bengaluru Urban,560102,207,24.213999397223066
2025-07-01,Gujarat,Banas Kantha,385421,214,25.050356774568034
2025-07-01,Assam,Golaghat,785601,366,43.21125982548735
2025-07-01,Kerala,Thiruvananthapuram,695005,50,5.455698219628776
2025-07-01,Meghalaya,West Garo Hills,794001,181,21.107529138513183
2025-07-01,Mizoram,Saiha,796901,153,17.76209962913331
2025-07-01,Telangana,Hyderabad,500040,203,23.736080895883084
2025-07-01,Maharashtra,Mumbai,400013,89,10.115403607693601
2025-07-01,Gujarat,Anand,388625,73,8.203729602333674
2025-07-01,Assam,Jorhat,785010,65,7.247892599653709
2025-07-01,Karnataka,Bengaluru Urban,560027,112,12.863434990398497
2025-07-01,Meghalaya,East Khasi Hills,793108,265,31.143817666652808
2025-07-01,Assam,Kamrup Metro,781019,55,6.053096346303755
2025-07-01,Assam,Golaghat,785621,254,29.82954178796785
2025-07-01,Assam,Golaghat,785619,72,8.084249976998677
2025-07-01,Meghalaya,West Garo Hills,794109,235,27.55942890660294
2025-07-01,Assam,Golaghat,785702,305,35.923002680052626
2025-07-01,Maharashtra,Pune,411052,114,13.102394241068488
2025-07-01,Madhya Pradesh,Bhind,477446,142,16.44782375044836
2025-07-01,Madhya Pradesh,Bhind,477555,226,26.48411227858798
2025-07-01,Maharashtra,Nashik,422303,128,14.775108995758425
2025-07-01,Maharashtra,Mumbai Suburban,400050,161,18.717936631813274
2025-07-01,West Bengal,Darjeeling,734429,263,30.904858415982815
2025-07-01,West Bengal,Nadia,741223,170,19.793253259828234
2025-07-01,Rajasthan,Jodhpur,342012,74,8.323209227668668
2025-07-01,Maharashtra,Pune,411021,176,20.510131011838205
2025-07-01,Assam,Dibrugarh,786610,189,22.063366141193146
2025-07-01,Nagaland,Dimapur,797103,158,18.359497755808288
2025-07-01,Maharashtra,Mumbai,400026,50,5.455698219628776
2025-07-01,Karnataka,Bengaluru Rural,562110,174,20.271171761168215
2025-07-01,Assam,Golaghat,785602,183,21.346488389183175
2025-07-01,Assam,Dima Hasao,788819,148,17.164701502458332
2025-07-01,Gujarat,Sabar Kantha,383430,136,15.730945998438386
2025-07-01,Gujarat,Rajkot,360022,147,17.045221877123335
2025-07-01,Assam,Chirang,783373,116,13.341353491738479
2025-07-01,Madhya Pradesh,Khargone,451335,219,25.64775490124301
2025-07-01,Karnataka,Bengaluru Urban,560005,150,17.403660753128325
2025-07-01,Assam,Tinsukia,786154,139,16.089384874443372
2025-07-01,Assam,Kamrup,781101,170,19.793253259828234
2025-07-01,Punjab,Ludhiana,141014,166,19.31533475848825
2025-07-01,Karnataka,Bengaluru Urban,560084,166,19.31533475848825
2025-07-01,Assam,Kamrup,781129,56,6.17257597163875
2025-07-01,Delhi,New Delhi,110070,197,23.01920314387311
2025-07-01,Madhya Pradesh,Sagar,470117,211,24.691917898563048
2025-07-01,Madhya Pradesh,Barwani,451881,250,29.35162328662787
2025-07-01,Karnataka,Bengaluru Urban,560034,84,9.518005481018623
2025-07-01,Gujarat,Surendra Nagar,382775,251,29.471102911962866
2025-07-01,Gujarat,Surendra Nagar,382750,192,22.421805017198132
2025-07-01,Gujarat,Sabar Kantha,383215,94,10.712801734368577
2025-07-01,Jharkhand,Ranchi,834005,165,19.195855133153255
2025-07-01,Madhya Pradesh,Gwalior,474005,243,28.515265909282903
2025-07-01,Assam,Jorhat,785635,194,22.660764267868124
2025-07-01,Assam,Tinsukia,786170,215,25.16983639990303
2025-07-01,Assam,Tinsukia,786181,174,20.271171761168215
2025-07-01,West Bengal,Kolkata,700006,149,17.284181127793328
2025-07-01,Uttar Pradesh,Varanasi,221109,147,17.045221877123335
2025-07-01,Jharkhand,East Singhbum,832105,205,23.975040146553074
2025-07-01,West Bengal,24 Paraganas North,700121,158,18.359497755808288
2025-07-01,Madhya Pradesh,Bhind,477227,198,23.138682769208106
2025-07-01,Gujarat,Panch Mahals,389341,239,28.03734740794292
2025-07-01,Assam,Dibrugarh,786602,170,19.793253259828234
2025-07-01,Madhya Pradesh,Bhind,477222,289,34.0113286746927
2025-07-01,Gujarat,Patan,384272,92,10.473842483698586
2025-07-01,Mizoram,Kolasib,796081,85,9.637485106353619
2025-07-01,West Bengal,24 Paraganas North,743251,178,20.749090262508197
2025-07-01,Assam,Sivasagar,785684,91,10.354362858363592
2025-07-01,West Bengal,24 Paraganas North,700162,37,3.9024630902738355
2025-07-01,Tripura,North Tripura,799271,216,25.289316025238026
2025-07-01,Jharkhand,East Singhbum,831011,111,12.743955365063501
2025-07-01,Meghalaya,East Khasi Hills,793003,74,8.323209227668668
2025-07-01,Maharashtra,Solapur,413109,167,19.434814383823248
2025-07-01,West Bengal,Darjeeling,734014,182,21.22700876384818
2025-07-01,Gujarat,Kachchh,370140,170,19.793253259828234
2025-07-01,Karnataka,Bengaluru Urban,560029,221,25.886714151913
2025-07-01,Gujarat,Panch Mahals,389365,159,18.47897738114328
2025-07-01,Gujarat,Ahmadabad,382230,187,21.824406890523157
2025-07-01,Assam,Karimganj,788712,276,32.45809354533776
2025-07-01,Gujarat,Bhavnagar,364230,76,8.56216847833866
2025-07-01,Maharashtra,Ahmednagar,413705,196,22.899723518538114
2025-07-01,Assam,Karimganj,788710,67,7.4868518503237
2025-07-01,Andhra Pradesh,Prakasam,523105,237,27.79838815727293
2025-07-01,Maharashtra,Mumbai Suburban,400080,204,23.85556052121808
2025-07-01,Tamil Nadu,Chengalpattu,603204,168,19.55429400915824
2025-07-01,Gujarat,Patan,384240,243,28.515265909282903
2025-07-01,Gujarat,Ahmadabad,380018,117,13.460833117073474
2025-07-01,West Bengal,Alipurduar,735204,199,23.258162394543103
2025-07-01,Karnataka,Bengaluru Urban,560024,91,10.354362858363592
2025-07-01,Assam,Jorhat,785634,173,20.15169213583322
2025-07-01,Assam,Golaghat,785622,44,4.738820467618804
2025-07-01,Chhattisgarh,Sukma,494122,214,25.050356774568034
2025-07-01,Assam,Tinsukia,786188,71,7.964770351663682
2025-07-01,Andhra Pradesh,Spsr Nellore,524223,81,9.159566605013637
2025-07-01,Assam,Golaghat,785610,60,6.650494472978732
2025-07-01,Tamil Nadu,Chennai,600028,130,15.014068246428415
2025-07-01,Karnataka,Bengaluru Urban,562125,255,29.949021413302848
2025-07-01,Assam,Jorhat,785112,92,10.473842483698586
2025-07-01,Kerala,Ernakulam,682006,136,15.730945998438386
2025-07-01,West Bengal,24 Paraganas North,700129,76,8.56216847833866
2025-07-01,Delhi,South Delhi,110048,83,9.398525855683628
2025-07-01,Maharashtra,Pune,411058,117,13.460833117073474
2025-07-01,West Bengal,24 Paraganas North,700102,157,18.240018130473292
2025-07-01,Assam,Cachar,782448,335,39.50739144010249
2025-07-01,Assam,Tinsukia,786190,102,11.668638737048543
2025-07-01,Assam,Karimganj,788725,212,24.811397523898044
2025-07-01,Assam,Dhemaji,787026,140,16.208864499778368
2025-07-01,Maharashtra,Pune,413106,160,18.598457006478277
2025-07-01,Meghalaya,East Khasi Hills,793019,137,15.850425623773383
2025-07-01,Karnataka,Mysuru,570023,97,11.071240610373565
2025-07-01,West Bengal,Jalpaiguri,735225,75,8.442688853003665
2025-07-01,West Bengal,Coochbehar,735224,234,27.439949281267943
2025-07-01,Madhya Pradesh,Bhind,477447,197,23.01920314387311
2025-07-01,Assam,Golaghat,785609,48,5.2167389689587855
2025-07-01,Nagaland,Mokokchung,798601,220,25.767234526578008
2025-07-01,Gujarat,Sabar Kantha,383220,164,19.07637550781826
2025-07-01,Kerala,Ernakulam,682030,88,9.995923982358605
2025-07-01,West Bengal,Darjeeling,734201,93,10.593322109033583
2025-07-01,Tripura,Gomati,799114,124,14.297190494418443
2025-07-01,Gujarat,Ahmadabad,382240,100,11.42967948637855
2025-07-01,Assam,Dibrugarh,786612,94,10.712801734368577
2025-07-01,Gujarat,Panch Mahals,389360,104,11.907597987718534
2025-07-01,Meghalaya,East Khasi Hills,793002,224,26.24515302791799
2025-07-01,West Bengal,24 Paraganas North,743245,100,11.42967948637855
2025-07-01,Assam,Cachar,788112,160,18.598457006478277
2025-07-01,Assam,Cachar,788113,194,22.660764267868124
2025-07-01,Gujarat,Vadodara,391770,110,12.624475739728506
2025-07-01,Madhya Pradesh,Burhanpur,450445,192,22.421805017198132
2025-07-01,Assam,Jorhat,785680,91,10.354362858363592
2025-07-01,Assam,Tinsukia,786152,200,23.3776420198781
2025-07-01,Gujarat,Chhotaudepur,391168,146,16.925742251788343
2025-07-01,Kerala,Thiruvananthapuram,695011,79,8.920607354343646
2025-07-01,Assam,Kamrup,781135,116,13.341353491738479
2025-07-01,Assam,Golaghat,785699,68,7.6063314756586955
2025-07-01,Assam,Cachar,788011,89,10.115403607693601
2025-07-01,Assam,Baksa,781372,147,17.045221877123335
2025-07-01,Maharashtra,Buldhana,444301,134,15.491986747768395
2025-07-01,West Bengal,Nadia,741313,78,8.80112772900865
2025-07-01,Assam,Kokrajhar,783369,66,7.367372224988705
2025-09-01,Assam,Dhubri,783334,46,4.977779718288795
2025-09-01,Assam,Sonitpur,784149,58,6.411535222308741
2025-09-01,Bihar,Araria,854318,49,5.336218594293781
2025-09-01,Bihar,Kishanganj,855101,41,4.380381591613817
2025-09-01,Bihar,Nalanda,803101,31,3.1855853382638624
2025-09-01,Bihar,Purnia,854315,54,5.933616720968759
2025-09-01,Bihar,Sitamarhi,843302,35,3.663503839603844
2025-09-01,Chhattisgarh,Balrampur,497225,35,3.663503839603844
2025-09-01,Jharkhand,Giridih,815312,51,5.575177844963772
2025-09-01,Madhya Pradesh,Burhanpur,450331,51,5.575177844963772
2025-09-01,Madhya Pradesh,Damoh,470775,33,3.4245445889338533
2025-09-01,Madhya Pradesh,Damoh,470880,34,3.5440242142688487
2025-09-01,Madhya Pradesh,Khargone,451331,30,3.066105712928867
2025-09-01,Madhya Pradesh,Sidhi,486661,30,3.066105712928867
2025-09-01,Madhya Pradesh,Ujjain,456222,32,3.305064963598858
2025-09-01,Madhya Pradesh,Vidisha,464114,37,3.9024630902738355
2025-09-01,Punjab,Amritsar,143001,43,4.619340842283808
2025-09-01,Uttar Pradesh,Banda,210001,42,4.499861216948813
2025-09-01,Uttar Pradesh,Ghaziabad,201102,38,4.021942715608831
2025-09-01,West Bengal,North 24 Parganas,743423,40,4.260901966278822
2025-09-01,West Bengal,South 24 Parganas,743329,36,3.7829834649388396
2025-09-01,Assam,Barpeta,781308,34,3.5440242142688487
2025-09-01,Assam,Barpeta,781319,31,3.1855853382638624
2025-09-01,Assam,Dhubri,783348,46,4.977779718288795
2025-09-01,Assam,Goalpara,783129,46,4.977779718288795
2025-09-01,Bihar,Katihar,854317,50,5.455698219628776
2025-09-01,Delhi,North West Delhi,110086,43,4.619340842283808
2025-09-01,Gujarat,Banaskantha,385120,32,3.305064963598858
2025-09-01,Gujarat,Dahod,389151,32,3.305064963598858
2025-09-01,Gujarat,Surat,395010,30,3.066105712928867
2025-09-01,Haryana,Gurgaon,122001,34,3.5440242142688487
2025-09-01,Haryana,Mewat,122508,45,4.858300092953799
2025-09-01,Haryana,Panipat,132103,40,4.260901966278822
2025-09-01,Jharkhand,Bokaro,827013,44,4.738820467618804
2025-09-01,Jharkhand,Chatra,825401,68,7.6063314756586955
2025-09-01,Jharkhand,Chatra,825404,32,3.305064963598858
2025-09-01,Jharkhand,Sahebganj,816108,33,3.4245445889338533
2025-09-01,Karnataka,Mysuru,571105,33,3.4245445889338533
2025-09-01,Madhya Pradesh,Chhindwara,480001,31,3.1855853382638624
2025-09-01,Madhya Pradesh,Morena,476221,38,4.021942715608831
2025-09-01,Madhya Pradesh,Ujjain,456771,37,3.9024630902738355
2025-09-01,Madhya Pradesh,Umaria,484661,44,4.738820467618804
2025-09-01,Maharashtra,Dhule,424001,33,3.4245445889338533
2025-09-01,Maharashtra,Thane,400612,43,4.619340842283808
2025-09-01,Meghalaya,East Khasi Hills,793121,32,3.305064963598858
2025-09-01,Uttar Pradesh,Aligarh,202001,57,6.2920555969737455
2025-09-01,Uttar Pradesh,Azamgarh,276202,30,3.066105712928867
2025-09-01,Uttar Pradesh,Balrampur,271604,34,3.5440242142688487
2025-09-01,Uttar Pradesh,Gonda,271312,30,3.066105712928867
2025-09-01,Uttar Pradesh,Hardoi,241123,35,3.663503839603844
2025-09-01,Uttar Pradesh,Kheri,261502,35,3.663503839603844
2025-09-01,Uttar Pradesh,Shahjahanpur,242401,38,4.021942715608831
2025-09-01,Uttar Pradesh,Sitapur,261201,63,7.008933348983718
2025-09-01,Uttar Pradesh,Unnao,209801,54,5.933616720968759
2025-09-01,West Bengal,Birbhum,731214,35,3.663503839603844
2025-09-01,Odisha,Nabarangapur,764049,31,3.1855853382638624
2025-09-01,Rajasthan,Bharatpur,321001,33,3.4245445889338533
2025-09-01,Rajasthan,Jalor,343041,56,6.17257597163875
2025-09-01,Rajasthan,Udaipur,307025,35,3.663503839603844
2025-09-01,Tamil Nadu,Madurai,625106,35,3.663503839603844
2025-09-01,Tamil Nadu,Namakkal,636202,49,5.336218594293781
2025-09-01,Maharashtra,Thane,421302,48,5.2167389689587855
2025-09-01,Manipur,Chandel,795131,31,3.1855853382638624
2025-09-01,Meghalaya,West Khasi Hills,793119,33,3.4245445889338533
2025-09-01,Telangana,Khammam,507003,37,3.9024630902738355
2025-09-01,Assam,Goalpara,783101,30,3.066105712928867
2025-09-01,Bihar,Araria,854311,44,4.738820467618804
2025-09-01,Bihar,East Champaran,845401,40,4.260901966278822
2025-09-01,Bihar,Khagaria,852161,37,3.9024630902738355
2025-09-01,Bihar,Munger,811213,35,3.663503839603844
2025-09-01,Bihar,Vaishali,844122,37,3.9024630902738355
2025-09-01,Delhi,West Delhi,110041,34,3.5440242142688487
2025-09-01,Gujarat,Banaskantha,385535,43,4.619340842283808
2025-09-01,Jharkhand,Giridih,815313,34,3.5440242142688487
2025-09-01,Jharkhand,Giridih,825324,43,4.619340842283808
2025-09-01,Madhya Pradesh,Barwani,451666,111,12.743955365063501
2025-09-01,Madhya Pradesh,Jhabua,457661,35,3.663503839603844
2025-09-01,Madhya Pradesh,Khargone,451228,37,3.9024630902738355
2025-09-01,Madhya Pradesh,Vidisha,464228,50,5.455698219628776
2025-09-01,Maharashtra,Nandurbar,425414,32,3.305064963598858
2025-09-01,Maharashtra,Nashik,423203,84,9.518005481018623
2025-09-01,Uttar Pradesh,Baghpat,250611,30,3.066105712928867
2025-09-01,Uttar Pradesh,Fatehpur,212601,34,3.5440242142688487
2025-09-01,Uttar Pradesh,Hardoi,241001,47,5.09725934362379
2025-09-01,Uttar Pradesh,Rae Bareli,229001,33,3.4245445889338533
2025-09-01,Uttar Pradesh,Saharanpur,247001,31,3.1855853382638624
2025-09-01,Uttar Pradesh,Sitapur,261205,30,3.066105712928867
2025-09-01,West Bengal,Howrah,711303,42,4.499861216948813
2025-09-01,West Bengal,Howrah,711316,35,3.663503839603844
2025-09-01,West Bengal,Uttar Dinajpur,733208,36,3.7829834649388396
2025-09-01,West Bengal,Uttar Dinajpur,733210,88,9.995923982358605
2025-09-01,Meghalaya,East Khasi Hills,793110,30,3.066105712928867
2025-09-01,Meghalaya,West Jaintia Hills,793150,36,3.7829834649388396
2025-09-01,Rajasthan,Barmer,344706,35,3.663503839603844
2025-09-01,Assam,Kamrup,781102,33,3.4245445889338533
2025-09-01,Assam,Nagaon,782124,39,4.141422340943826
2025-09-01,Bihar,Araria,854312,30,3.066105712928867
2025-09-01,Bihar,Gaya,824232,86,9.756964731688614
2025-09-01,Bihar,Gopalganj,841508,99,11.310199861043555
2025-09-01,Bihar,Khagaria,851204,36,3.7829834649388396
2025-09-01,Delhi,North Delhi,110084,32,3.305064963598858
2025-09-01,Delhi,West Delhi,110059,41,4.380381591613817
2025-09-01,Jammu and Kashmir,Bandipore,193502,30,3.066105712928867
2025-09-01,Jharkhand,Pakur,816107,51,5.575177844963772
2025-09-01,Madhya Pradesh,Guna,473001,35,3.663503839603844
2025-09-01,Madhya Pradesh,Morena,476001,41,4.380381591613817
2025-09-01,Madhya Pradesh,Raisen,464776,30,3.066105712928867
2025-09-01,Madhya Pradesh,Shivpuri,473551,34,3.5440242142688487
2025-09-01,Madhya Pradesh,Singrauli,486886,44,4.738820467618804
2025-09-01,Maharashtra,Aurangabad,431001,49,5.336218594293781
2025-09-01,Maharashtra,Nashik,423301,33,3.4245445889338533
2025-09-01,Uttar Pradesh,Agra,282006,33,3.4245445889338533
2025-09-01,Uttar Pradesh,Bahraich,271865,30,3.066105712928867
2025-09-01,Uttar Pradesh,Bareilly,243503,37,3.9024630902738355
2025-09-01,Uttar Pradesh,Deoria,274001,36,3.7829834649388396
2025-09-01,Uttar Pradesh,Firozabad,283203,30,3.066105712928867
2025-09-01,Uttar Pradesh,Kanpur Nagar,208001,40,4.260901966278822
2025-09-01,Uttar Pradesh,Maharajganj,273164,37,3.9024630902738355
2025-09-01,Uttar Pradesh,Mirzapur,231001,71,7.964770351663682
2025-09-01,Uttar Pradesh,Siddharthnagar,272153,51,5.575177844963772
2025-09-01,Uttar Pradesh,Sitapur,261135,35,3.663503839603844
2025-09-01,West Bengal,South 24 Parganas,743372,30,3.066105712928867
2025-09-01,West Bengal,South 24 Parganas,743376,41,4.380381591613817
2025-09-01,West Bengal,Uttar Dinajpur,733201,38,4.021942715608831
2025-09-01,West Bengal,Uttar Dinajpur,733202,69,7.725811100993691
2025-09-01,Gujarat,Surat,394210,46,4.977779718288795
2025-09-01,Jharkhand,Deoghar,815353,38,4.021942715608831
2025-09-01,Jharkhand,Dhanbad,828109,32,3.305064963598858
2025-09-01,Jharkhand,Garhwa,822114,55,6.053096346303755
2025-09-01,Jharkhand,Jamtara,815351,30,3.066105712928867
2025-09-01,Jharkhand,Koderma,825410,32,3.305064963598858
2025-09-01,Karnataka,Ramanagar,562159,41,4.380381591613817
2025-09-01,Madhya Pradesh,Guna,473105,36,3.7829834649388396
2025-09-01,Madhya Pradesh,Jabalpur,482001,52,5.694657470298767
2025-09-01,Madhya Pradesh,Khargone,451332,42,4.499861216948813
2025-09-01,Madhya Pradesh,Morena,476224,34,3.5440242142688487
2025-09-01,Madhya Pradesh,Sheopur,476337,34,3.5440242142688487
2025-09-01,Assam,Barpeta,781314,43,4.619340842283808
2025-09-01,Assam,Golaghat,785705,68,7.6063314756586955
2025-09-01,Bihar,Gaya,824201,30,3.066105712928867
2025-09-01,Bihar,Samastipur,848101,33,3.4245445889338533
2025-09-01,Bihar,Saran,841301,32,3.305064963598858
2025-09-01,Bihar,West Champaran,845438,42,4.499861216948813
2025-09-01,Delhi,North East Delhi,110094,47,5.09725934362379
2025-09-01,Gujarat,Ahmedabad,382350,30,3.066105712928867
2025-09-01,West Bengal,South 24 Parganas,743502,44,4.738820467618804
2025-09-01,West Bengal,Uttar Dinajpur,733207,88,9.995923982358605
2025-09-01,Uttar Pradesh,Agra,282001,51,5.575177844963772
2025-09-01,Uttar Pradesh,Agra,282007,35,3.663503839603844
2025-09-01,Uttar Pradesh,Bahraich,271855,78,8.80112772900865
2025-09-01,Uttar Pradesh,Banda,210121,34,3.5440242142688487
2025-09-01,Uttar Pradesh,Chitrakoot,210205,37,3.9024630902738355
2025-09-01,Uttar Pradesh,Ghaziabad,201001,34,3.5440242142688487
2025-09-01,Uttar Pradesh,Kaushambi,212217,36,3.7829834649388396
2025-09-01,Uttar Pradesh,Meerut,250002,58,6.411535222308741
2025-09-01,Uttar Pradesh,Shahjahanpur,242001,38,4.021942715608831
2025-09-01,Uttar Pradesh,Sitapur,261204,36,3.7829834649388396
2025-09-01,Uttar Pradesh,Sonbhadra,231223,30,3.066105712928867
2025-09-01,West Bengal,Murshidabad,742202,60,6.650494472978732
2025-09-02,Uttar Pradesh,Agra,282006,31,3.1855853382638624
2025-09-02,Uttar Pradesh,Aligarh,202001,88,9.995923982358605
2025-09-02,Uttar Pradesh,Bahraich,271830,49,5.336218594293781
2025-09-02,Uttar Pradesh,Balrampur,271604,33,3.4245445889338533
2025-09-02,Uttar Pradesh,Banda,210129,34,3.5440242142688487
2025-09-02,Uttar Pradesh,Bulandshahr,203001,41,4.380381591613817
2025-09-02,Uttar Pradesh,Bulandshahr,203131,40,4.260901966278822
2025-09-02,Uttar Pradesh,Gorakhpur,273158,31,3.1855853382638624
2025-09-02,Uttar Pradesh,Kheri,261502,54,5.933616720968759
2025-09-02,Uttar Pradesh,Sitapur,261135,66,7.367372224988705
2025-09-02,Uttar Pradesh,Sitapur,261201,62,6.889453723648723
2025-09-02,West Bengal,Murshidabad,742304,34,3.5440242142688487
2025-09-02,West Bengal,Paschim Medinipur,721127,60,6.650494472978732
2025-09-02,West Bengal,South 24 Parganas,743329,49,5.336218594293781
2025-09-02,West Bengal,South 24 Parganas,743502,32,3.305064963598858
2025-09-02,West Bengal,Uttar Dinajpur,733202,140,16.208864499778368
2025-09-02,Assam,Bongaigaon,783384,31,3.1855853382638624
2025-09-02,Assam,Sonitpur,784112,36,3.7829834649388396
2025-09-02,Bihar,Darbhanga,848213,44,4.738820467618804
2025-09-02,Bihar,East Champaran,845305,39,4.141422340943826
2025-09-02,Bihar,East Champaran,845433,33,3.4245445889338533
2025-09-02,Bihar,Gaya,824232,32,3.305064963598858
2025-09-02,Bihar,Katihar,855113,38,4.021942715608831
2025-09-02,Bihar,Kishanganj,855107,42,4.499861216948813
2025-09-02,Bihar,Muzaffarpur,843103,31,3.1855853382638624
2025-09-02,Bihar,Nalanda,803101,34,3.5440242142688487
2025-09-02,Bihar,West Champaran,845451,30,3.066105712928867
2025-09-02,Delhi,North East Delhi,110094,44,4.738820467618804
2025-09-02,Gujarat,Surat,394210,37,3.9024630902738355
2025-09-02,Haryana,Faridabad,121004,36,3.7829834649388396
2025-09-02,Jharkhand,Deoghar,815353,61,6.769974098313727
2025-09-02,Jharkhand,Giridih,815302,38,4.021942715608831
2025-09-02,Madhya Pradesh,Bhind,477001,35,3.663503839603844
2025-09-02,Madhya Pradesh,Chhatarpur,471313,38,4.021942715608831
2025-09-02,Madhya Pradesh,Chhatarpur,471515,48,5.2167389689587855
2025-09-02,Madhya Pradesh,Khargone,451228,33,3.4245445889338533
2025-09-02,Madhya Pradesh,Khargone,451332,41,4.380381591613817
2025-09-02,Madhya Pradesh,Panna,488222,32,3.305064963598858
2025-09-02,Manipur,Chandel,795131,37,3.9024630902738355
2025-09-02,Rajasthan,Barmer,344702,41,4.380381591613817
2025-09-02,Rajasthan,Pali,306401,31,3.1855853382638624
2025-09-02,Rajasthan,Udaipur,307025,34,3.5440242142688487
2025-09-02,Uttar Pradesh,Deoria,274001,35,3.663503839603844
2025-09-02,Uttar Pradesh,Firozabad,283203,54,5.933616720968759
2025-09-02,Uttar Pradesh,Kanpur Nagar,208001,39,4.141422340943826
2025-09-02,Uttar Pradesh,Mau,275101,33,3.4245445889338533
2025-09-02,Uttar Pradesh,Rampur,243701,40,4.260901966278822
2025-09-02,Uttar Pradesh,Saharanpur,247001,64,7.128412974318714
2025-09-02,West Bengal,Howrah,711316,32,3.305064963598858
2025-09-02,West Bengal,Uttar Dinajpur,733209,30,3.066105712928867
2025-09-02,Assam,Goalpara,783129,45,4.858300092953799
2025-09-02,Bihar,Araria,854318,42,4.499861216948813
2025-09-02,Bihar,Araria,854334,31,3.1855853382638624
2025-09-02,Bihar,Bhagalpur,813209,32,3.305064963598858
2025-09-02,Bihar,Madhepura,852128,33,3.4245445889338533
2025-09-02,Bihar,Purnia,854315,41,4.380381591613817
2025-09-02,Bihar,Siwan,841226,41,4.380381591613817
2025-09-02,Bihar,West Champaran,845454,47,5.09725934362379
2025-09-02,Bihar,West Champaran,845455,37,3.9024630902738355
2025-09-02,Chhattisgarh,Bilaspur,495009,50,5.455698219628776
2025-09-02,Chhattisgarh,Bilaspur,495551,36,3.7829834649388396
2025-09-02,Delhi,East Delhi,110095,32,3.305064963598858
2025-09-02,Delhi,West Delhi,110041,31,3.1855853382638624
2025-09-02,Gujarat,Ahmedabad,382350,38,4.021942715608831
2025-09-02,Gujarat,Banaskantha,385535,48,5.2167389689587855
2025-09-02,Madhya Pradesh,Alirajpur,457990,33,3.4245445889338533
2025-09-02,Madhya Pradesh,Barwani,451551,30,3.066105712928867
2025-09-02,Madhya Pradesh,Damoh,470775,55,6.053096346303755
2025-09-02,Madhya Pradesh,Dewas,455227,39,4.141422340943826
2025-09-02,Madhya Pradesh,Gwalior,475110,43,4.619340842283808
2025-09-02,Madhya Pradesh,Indore,453551,31,3.1855853382638624
2025-09-02,Madhya Pradesh,Singrauli,486886,34,3.5440242142688487
2025-09-02,Madhya Pradesh,Umaria,484661,78,8.80112772900865
2025-09-02,Maharashtra,Aurangabad,431001,56,6.17257597163875
2025-09-02,Maharashtra,Dhule,424001,52,5.694657470298767
2025-09-02,Meghalaya,East Khasi Hills,793121,31,3.1855853382638624
2025-09-02,Rajasthan,Bharatpur,321001,41,4.380381591613817
2025-09-02,Telangana,Mahabubnagar,509001,33,3.4245445889338533
2025-09-02,Madhya Pradesh,Bhopal,462001,47,5.09725934362379
2025-09-02,Madhya Pradesh,Burhanpur,450331,38,4.021942715608831
2025-09-02,Madhya Pradesh,Jabalpur,482001,44,4.738820467618804
2025-09-02,Madhya Pradesh,Morena,476001,36,3.7829834649388396
2025-09-02,Madhya Pradesh,Panna,488220,30,3.066105712928867
2025-09-02,Maharashtra,Amravati,444601,35,3.663503839603844
2025-09-02,Meghalaya,East Garo Hills,794111,39,4.141422340943826
2025-09-02,Odisha,Malkangiri,764044,40,4.260901966278822
2025-09-02,Uttar Pradesh,Bareilly,243503,38,4.021942715608831
2025-09-02,Uttar Pradesh,Chitrakoot,210208,33,3.4245445889338533
2025-09-02,Uttar Pradesh,Hapur,245101,41,4.380381591613817
2025-09-02,Uttar Pradesh,Meerut,250002,78,8.80112772900865
2025-09-02,Uttar Pradesh,Moradabad,244001,76,8.56216847833866
2025-09-02,Uttar Pradesh,Muzaffarnagar,251001,30,3.066105712928867
2025-09-02,Uttar Pradesh,Sitapur,261403,31,3.1855853382638624
2025-09-02,Bihar,Araria,854311,43,4.619340842283808
2025-09-02,Bihar,East Champaran,845417,31,3.1855853382638624
2025-09-02,Bihar,Sitamarhi,843302,30,3.066105712928867
2025-09-02,Delhi,North East Delhi,110053,36,3.7829834649388396
2025-09-02,Delhi,North West Delhi,110086,38,4.021942715608831
2025-09-02,Jharkhand,Chatra,825404,45,4.858300092953799
2025-09-02,Rajasthan,Hanumangarh,335523,33,3.4245445889338533
2025-09-02,Rajasthan,Nagaur,341302,57,6.2920555969737455
2025-09-02,Rajasthan,Alwar,301402,35,3.663503839603844
2025-09-02,Rajasthan,Tonk,304001,40,4.260901966278822
2025-09-02,Telangana,Khammam,507003,31,3.1855853382638624
2025-09-02,Uttar Pradesh,Agra,282001,41,4.380381591613817
2025-09-02,Uttar Pradesh,Bahraich,271865,58,6.411535222308741
2025-09-02,Uttar Pradesh,Banda,210001,42,4.499861216948813
2025-09-02,Uttar Pradesh,Bareilly,243001,36,3.7829834649388396
2025-09-02,Uttar Pradesh,Gautam Buddha Nagar,201301,36,3.7829834649388396
2025-09-02,Uttar Pradesh,Meerut,250001,44,4.738820467618804
2025-09-02,Uttar Pradesh,Mirzapur,231001,39,4.141422340943826
2025-09-02,Uttar Pradesh,Rampur,244901,55,6.053096346303755
2025-09-02,Uttar Pradesh,Shahjahanpur,242001,44,4.738820467618804
2025-09-02,Uttar Pradesh,Shahjahanpur,242127,43,4.619340842283808
2025-09-02,Uttar Pradesh,Sitapur,261205,50,5.455698219628776
2025-09-02,Uttar Pradesh,Unnao,209801,39,4.141422340943826
2025-09-02,West Bengal,Malda,732125,39,4.141422340943826
2025-09-02,West Bengal,Murshidabad,742224,42,4.499861216948813
2025-09-02,West Bengal,Uttar Dinajpur,733210,34,3.5440242142688487
2025-09-02,Madhya Pradesh,Ashok Nagar,473446,33,3.4245445889338533
2025-09-02,Madhya Pradesh,Bhopal,462030,33,3.4245445889338533
2025-09-02,Madhya Pradesh,Jhabua,457661,65,7.247892599653709
2025-09-02,Madhya Pradesh,Morena,476224,30,3.066105712928867
2025-09-02,Madhya Pradesh,Sagar,470227,33,3.4245445889338533
2025-09-02,Madhya Pradesh,Satna,485331,54,5.933616720968759
2025-09-02,Madhya Pradesh,Vidisha,464228,32,3.305064963598858
2025-09-02,Maharashtra,Nashik,423203,69,7.725811100993691
2025-09-02,Assam,Barpeta,781308,90,10.234883233028595
2025-09-02,Assam,Dhubri,783335,30,3.066105712928867
2025-09-02,Assam,Golaghat,785705,47,5.09725934362379
2025-09-02,Assam,Karbi Anglong,782481,48,5.2167389689587855
2025-09-02,Assam,Lakhimpur,784160,37,3.9024630902738355
2025-09-02,Bihar,Gaya,823003,37,3.9024630902738355
2025-09-02,Bihar,Madhepura,852210,39,4.141422340943826
2025-09-02,Bihar,West Champaran,845404,53,5.814137095633764
2025-09-02,Chhattisgarh,Balrampur,497225,34,3.5440242142688487
2025-09-02,Delhi,West Delhi,110059,47,5.09725934362379
2025-09-02,Jharkhand,Chatra,825401,38,4.021942715608831
2025-09-02,Jharkhand,Godda,814153,32,3.305064963598858
2025-09-02,Assam,Barpeta,781319,42,4.499861216948813
2025-09-02,Assam,Dhubri,783334,47,5.09725934362379
2025-09-02,Assam,Dhubri,783348,36,3.7829834649388396
2025-09-02,Assam,Kamrup,781136,30,3.066105712928867
2025-09-02,Assam,Lakhimpur,784161,40,4.260901966278822
2025-09-02,Assam,Lakhimpur,787055,32,3.305064963598858
2025-09-02,Bihar,Katihar,854317,30,3.066105712928867
2025-09-02,Bihar,Nawada,805107,30,3.066105712928867
2025-09-02,Bihar,Purnia,854304,36,3.7829834649388396
2025-09-02,Bihar,Saharsa,852106,31,3.1855853382638624
2025-09-02,Bihar,West Champaran,845438,51,5.575177844963772
2025-09-02,Gujarat,Junagadh,362225,33,3.4245445889338533
2025-09-02,Meghalaya,West Khasi Hills,793119,44,4.738820467618804
2025-09-02,Rajasthan,Jalor,343041,45,4.858300092953799
2025-09-02,Tamil Nadu,Namakkal,637406,74,8.323209227668668
2025-09-02,Gujarat,Surat,395010,33,3.4245445889338533
2025-09-02,Haryana,Karnal,132001,32,3.305064963598858
2025-09-02,Jharkhand,Dhanbad,828109,39,4.141422340943826
2025-09-02,Jharkhand,Lohardaga,835302,33,3.4245445889338533
2025-09-02,Jharkhand,Sahebganj,816108,46,4.977779718288795
2025-09-02,Karnataka,Udupi,576221,37,3.9024630902738355
2025-09-02,Madhya Pradesh,Ashok Nagar,473443,30,3.066105712928867
2025-09-02,Madhya Pradesh,Barwani,451666,87,9.87644435702361
2025-09-02,Madhya Pradesh,Guna,473001,40,4.260901966278822
2025-09-02,Madhya Pradesh,Morena,476221,30,3.066105712928867
2025-09-02,Madhya Pradesh,Sagar,470117,38,4.021942715608831
2025-09-02,Madhya Pradesh,Vidisha,464114,44,4.738820467618804
2025-09-02,Uttar Pradesh,Bahraich,271855,88,9.995923982358605
2025-09-02,Uttar Pradesh,Etah,207001,35,3.663503839603844
2025-09-02,Uttar Pradesh,Hardoi,241001,50,5.455698219628776
2025-09-02,Uttar Pradesh,Hathras,204101,37,3.9024630902738355
2025-09-02,Uttar Pradesh,Kheri,262701,34,3.5440242142688487
2025-09-02,Uttar Pradesh,Kheri,262902,39,4.141422340943826
2025-09-02,Uttar Pradesh,Kushinagar,274302,36,3.7829834649388396
2025-09-02,Uttar Pradesh,Kushinagar,274304,31,3.1855853382638624
2025-09-02,Uttar Pradesh,Saharanpur,247341,30,3.066105712928867
2025-09-02,Uttar Pradesh,Sambhal,244302,32,3.305064963598858
2025-09-02,Uttar Pradesh,Shamli,247776,41,4.380381591613817
2025-09-02,Uttar Pradesh,Sitapur,261204,30,3.066105712928867
2025-09-02,Uttar Pradesh,Sitapur,261303,33,3.4245445889338533
2025-09-02,West Bengal,Murshidabad,742202,118,13.58031274240847
2025-09-02,West Bengal,North 24 Parganas,743423,40,4.260901966278822
2025-09-02,West Bengal,South 24 Parganas,743349,35,3.663503839603844
2025-09-02,West Bengal,Uttar Dinajpur,733207,64,7.128412974318714
2025-09-02,West Bengal,Uttar Dinajpur,733208,42,4.499861216948813
2025-09-03,Assam,Golaghat,785705,96,10.951760985038568
2025-09-03,Bihar,Araria,854318,32,3.305064963598858
2025-09-03,Bihar,Kishanganj,855101,35,3.663503839603844
2025-09-03,Bihar,Kishanganj,855117,31,3.1855853382638624
2025-09-03,Delhi,North East Delhi,110094,64,7.128412974318714
2025-09-03,Telangana,Hyderabad,500053,36,3.7829834649388396
2025-09-03,Uttar Pradesh,Ambedkar Nagar,224129,32,3.305064963598858
2025-09-03,Uttar Pradesh,Bahraich,271865,55,6.053096346303755
2025-09-03,Uttar Pradesh,Banda,210001,48,5.2167389689587855
2025-09-03,Uttar Pradesh,Budaun,243601,40,4.260901966278822
2025-09-03,Uttar Pradesh,Kasganj,207242,32,3.305064963598858
2025-09-03,Uttar Pradesh,Kheri,261505,49,5.336218594293781
2025-09-03,Uttar Pradesh,Shahjahanpur,242127,45,4.858300092953799
2025-09-03,Uttar Pradesh,Sitapur,261303,31,3.1855853382638624
2025-09-03,Uttar Pradesh,Sultanpur,228001,38,4.021942715608831
2025-09-03,Uttar Pradesh,Varanasi,221001,44,4.738820467618804
2025-09-03,Madhya Pradesh,Damoh,470880,35,3.663503839603844
2025-09-03,Madhya Pradesh,Datia,475661,37,3.9024630902738355
2025-09-03,Madhya Pradesh,Guna,473001,56,6.17257597163875
2025-09-03,Meghalaya,West Jaintia Hills,793151,30,3.066105712928867
2025-09-03,Meghalaya,West Khasi Hills,793119,69,7.725811100993691
2025-09-03,Rajasthan,Pali,306401,36,3.7829834649388396
2025-09-03,West Bengal,Murshidabad,742202,66,7.367372224988705
2025-09-03,West Bengal,Murshidabad,742224,41,4.380381591613817
2025-09-03,Bihar,Araria,854312,33,3.4245445889338533
2025-09-03,Bihar,East Champaran,845401,49,5.336218594293781
2025-09-03,Bihar,Katihar,854317,39,4.141422340943826
2025-09-03,Bihar,Purnia,854330,30,3.066105712928867
2025-09-03,Bihar,Saran,841403,33,3.4245445889338533
2025-09-03,Bihar,Vaishali,844508,46,4.977779718288795
2025-09-03,Bihar,West Champaran,845307,30,3.066105712928867
2025-09-03,Bihar,West Champaran,845438,54,5.933616720968759
2025-09-03,Delhi,North West Delhi,110086,36,3.7829834649388396
2025-09-03,Gujarat,Surat,395010,40,4.260901966278822
2025-09-03,Haryana,Mewat,122508,41,4.380381591613817
2025-09-03,Uttar Pradesh,Bahraich,271801,39,4.141422340943826
2025-09-03,Uttar Pradesh,Bahraich,271830,47,5.09725934362379
2025-09-03,Uttar Pradesh,Deoria,274001,33,3.4245445889338533
2025-09-03,Uttar Pradesh,Meerut,250002,46,4.977779718288795
2025-09-03,Uttar Pradesh,Saharanpur,247001,54,5.933616720968759
2025-09-03,Uttar Pradesh,Sambhal,202522,30,3.066105712928867
2025-09-03,Uttar Pradesh,Shamli,247774,34,3.5440242142688487
2025-09-03,Madhya Pradesh,Barwani,451666,48,5.2167389689587855
2025-09-03,Madhya Pradesh,Barwani,451770,35,3.663503839603844
2025-09-03,Madhya Pradesh,Burhanpur,450331,30,3.066105712928867
2025-09-03,Madhya Pradesh,Jabalpur,482001,40,4.260901966278822
2025-09-03,Madhya Pradesh,Singrauli,486886,39,4.141422340943826
2025-09-03,Madhya Pradesh,Ujjain,456771,35,3.663503839603844
2025-09-03,Madhya Pradesh,Umaria,484661,38,4.021942715608831
2025-09-03,Maharashtra,Nandurbar,425414,35,3.663503839603844
2025-09-03,Meghalaya,West Garo Hills,794104,32,3.305064963598858
2025-09-03,Odisha,Malkangiri,764044,33,3.4245445889338533
2025-09-03,Rajasthan,Alwar,301411,34,3.5440242142688487
2025-09-03,Rajasthan,Bikaner,334001,49,5.336218594293781
2025-09-03,Rajasthan,Jalor,343041,41,4.380381591613817
2025-09-03,Rajasthan,Nagaur,341302,50,5.455698219628776
2025-09-03,West Bengal,Malda,732201,31,3.1855853382638624
2025-09-03,West Bengal,South 24 Parganas,743329,46,4.977779718288795
2025-09-03,West Bengal,Uttar Dinajpur,733208,46,4.977779718288795
2025-09-03,West Bengal,Uttar Dinajpur,733216,35,3.663503839603844
2025-09-03,Madhya Pradesh,Gwalior,475110,30,3.066105712928867
2025-09-03,Madhya Pradesh,Katni,483501,36,3.7829834649388396
2025-09-03,Madhya Pradesh,Mandsaur,458389,36,3.7829834649388396
2025-09-03,Madhya Pradesh,Panna,488220,36,3.7829834649388396
2025-09-03,Madhya Pradesh,Satna,485001,32,3.305064963598858
2025-09-03,Madhya Pradesh,Satna,485331,31,3.1855853382638624
2025-09-03,Madhya Pradesh,Sidhi,486661,49,5.336218594293781
2025-09-03,Maharashtra,Aurangabad,431001,77,8.681648103673655
2025-09-03,Maharashtra,Thane,400612,34,3.5440242142688487
2025-09-03,Rajasthan,Alwar,301402,30,3.066105712928867
2025-09-03,Rajasthan,Bharatpur,321204,33,3.4245445889338533
2025-09-03,Bihar,Kaimur (Bhabua),821109,35,3.663503839603844
2025-09-03,Bihar,Khagaria,851214,37,3.9024630902738355
2025-09-03,Bihar,Samastipur,848114,36,3.7829834649388396
2025-09-03,Bihar,Sitamarhi,843302,37,3.9024630902738355
2025-09-03,Bihar,West Champaran,845455,42,4.499861216948813
2025-09-03,Delhi,West Delhi,110059,52,5.694657470298767
2025-09-03,Gujarat,Ahmedabad,382110,33,3.4245445889338533
2025-09-03,Gujarat,Banaskantha,385535,52,5.694657470298767
2025-09-03,Uttar Pradesh,Aligarh,202001,62,6.889453723648723
2025-09-03,Uttar Pradesh,Amroha,244241,31,3.1855853382638624
2025-09-03,Uttar Pradesh,Bahraich,271855,70,7.845290726328686
2025-09-03,Uttar Pradesh,Bahraich,271903,33,3.4245445889338533
2025-09-03,Uttar Pradesh,Gautam Buddha Nagar,201301,36,3.7829834649388396
2025-09-03,Uttar Pradesh,Ghaziabad,201001,37,3.9024630902738355
2025-09-03,Uttar Pradesh,Hardoi,241001,42,4.499861216948813
2025-09-03,Uttar Pradesh,Kaushambi,212217,38,4.021942715608831
2025-09-03,Uttar Pradesh,Kheri,262701,33,3.4245445889338533
2025-09-03,Uttar Pradesh,Kheri,262902,30,3.066105712928867
2025-09-03,Uttar Pradesh,Mainpuri,205262,31,3.1855853382638624
2025-09-03,Uttar Pradesh,Moradabad,244001,57,6.2920555969737455
2025-09-03,Uttar Pradesh,Rampur,244901,87,9.87644435702361
2025-09-03,Uttar Pradesh,Unnao,209801,52,5.694657470298767
2025-09-03,West Bengal,Bankura,722144,30,3.066105712928867
2025-09-03,Assam,Dhubri,783348,31,3.1855853382638624
2025-09-03,West Bengal,South 24 Parganas,700141,30,3.066105712928867
2025-09-03,West Bengal,South 24 Parganas,743376,32,3.305064963598858
2025-09-03,West Bengal,Uttar Dinajpur,733202,106,12.146557238388525
2025-09-03,West Bengal,Uttar Dinajpur,733210,65,7.247892599653709
2025-09-03,Assam,Nagaon,782124,50,5.455698219628776
2025-09-03,Bihar,Araria,854334,34,3.5440242142688487
2025-09-03,Gujarat,Surat,394210,37,3.9024630902738355
2025-09-03,Gujarat,Surendra Nagar,363520,30,3.066105712928867
2025-09-03,Uttar Pradesh,Banda,210121,31,3.1855853382638624
2025-09-03,Uttar Pradesh,Fatehpur,212601,37,3.9024630902738355
2025-09-03,Uttar Pradesh,Firozabad,283203,43,4.619340842283808
2025-09-03,Uttar Pradesh,Hapur,245101,36,3.7829834649388396
2025-09-03,Uttar Pradesh,Hardoi,241123,32,3.305064963598858
2025-09-03,Uttar Pradesh,Hathras,204101,33,3.4245445889338533
2025-09-03,Uttar Pradesh,Kheri,262802,30,3.066105712928867
2025-09-03,Uttar Pradesh,Kushinagar,274304,37,3.9024630902738355
2025-09-03,Uttar Pradesh,Pilibhit,262122,47,5.09725934362379
2025-09-03,Uttar Pradesh,Rae Bareli,229001,41,4.380381591613817
2025-09-03,Uttar Pradesh,Sambhal,202421,42,4.499861216948813
2025-09-03,Uttar Pradesh,Shahjahanpur,242401,38,4.021942715608831
2025-09-03,Uttar Pradesh,Sitapur,261201,52,5.694657470298767
2025-09-03,Uttar Pradesh,Sitapur,261203,31,3.1855853382638624
2025-09-03,Uttar Pradesh,Sitapur,261205,40,4.260901966278822
2025-09-03,West Bengal,North 24 Parganas,743251,31,3.1855853382638624
2025-09-03,Madhya Pradesh,Ashok Nagar,473446,30,3.066105712928867
2025-09-03,Madhya Pradesh,Barwani,451447,30,3.066105712928867
2025-09-03,Madhya Pradesh,Jhabua,457661,69,7.725811100993691
2025-09-03,Maharashtra,Dhule,425405,30,3.066105712928867
2025-09-03,Maharashtra,Thane,421302,59,6.531014847643736
2025-09-03,Rajasthan,Alwar,301001,38,4.021942715608831
2025-09-03,Rajasthan,Barmer,344001,39,4.141422340943826
2025-09-03,Rajasthan,Jalor,343040,32,3.305064963598858
2025-09-03,Assam,Hojai,782446,42,4.499861216948813
2025-09-03,Assam,Lakhimpur,787031,30,3.066105712928867
2025-09-03,Bihar,Darbhanga,847203,30,3.066105712928867
2025-09-03,Bihar,Gaya,823003,36,3.7829834649388396
2025-09-03,Bihar,Kishanganj,855107,41,4.380381591613817
2025-09-03,Bihar,Kishanganj,855115,33,3.4245445889338533
2025-09-03,Bihar,Purnia,854315,32,3.305064963598858
2025-09-03,Bihar,Saran,841301,30,3.066105712928867
2025-09-03,Bihar,West Champaran,845453,31,3.1855853382638624
2025-09-03,Chhattisgarh,Rajnandgaon,491441,31,3.1855853382638624
2025-09-03,Delhi,South Delhi,110062,31,3.1855853382638624
2025-09-03,Jharkhand,Palamu,822110,32,3.305064963598858
2025-09-03,Madhya Pradesh,Morena,476001,34,3.5440242142688487
2025-09-03,Madhya Pradesh,Singrauli,486882,33,3.4245445889338533
2025-09-03,Maharashtra,Nashik,423203,56,6.17257597163875
2025-09-03,Meghalaya,East Garo Hills,794110,46,4.977779718288795
2025-09-03,Rajasthan,Ajmer,305901,30,3.066105712928867
2025-09-03,Rajasthan,Ganganagar,335001,31,3.1855853382638624
2025-09-03,Rajasthan,Sikar,332301,37,3.9024630902738355
2025-09-03,Tamil Nadu,Karur,621313,82,9.279046230348632
2025-09-03,Uttar Pradesh,Agra,282001,34,3.5440242142688487
2025-09-03,Uttar Pradesh,Aligarh,202133,30,3.066105712928867
2025-09-03,Uttar Pradesh,Bareilly,243503,39,4.141422340943826
2025-09-03,Uttar Pradesh,Kanpur Nagar,208001,39,4.141422340943826
2025-09-03,Uttar Pradesh,Kheri,261502,43,4.619340842283808
2025-09-03,Uttar Pradesh,Kheri,262804,42,4.499861216948813
2025-09-03,Uttar Pradesh,Kushinagar,274402,30,3.066105712928867
2025-09-03,Uttar Pradesh,Lucknow,226003,40,4.260901966278822
2025-09-03,Uttar Pradesh,Mirzapur,231001,65,7.247892599653709
2025-09-03,Uttar Pradesh,Pilibhit,262001,31,3.1855853382638624
2025-09-03,Uttar Pradesh,Shahjahanpur,242001,61,6.769974098313727
2025-09-03,Uttar Pradesh,Siddharthnagar,272153,49,5.336218594293781
2025-09-03,Uttar Pradesh,Unnao,241504,38,4.021942715608831
2025-09-03,West Bengal,Nadia,741122,34,3.5440242142688487
2025-09-03,West Bengal,Paschim Medinipur,721127,35,3.663503839603844
2025-09-03,West Bengal,South 24 Parganas,743502,45,4.858300092953799
2025-09-03,West Bengal,Uttar Dinajpur,733207,172,20.032212510498223
2025-09-04,Assam,Golaghat,785705,45,4.858300092953799
2025-09-04,Assam,Karimganj,788736,41,4.380381591613817
2025-09-04,Assam,Nagaon,782125,47,5.09725934362379
2025-09-04,Chhattisgarh,Rajnandgaon,491441,38,4.021942715608831
2025-09-04,Delhi,North East Delhi,110094,51,5.575177844963772
2025-09-04,Delhi,West Delhi,110041,49,5.336218594293781
2025-09-04,Rajasthan,Udaipur,307025,30,3.066105712928867
2025-09-04,Uttar Pradesh,Bahraich,271865,30,3.066105712928867
2025-09-04,Uttar Pradesh,Faizabad,224001,35,3.663503839603844
2025-09-04,Uttar Pradesh,Fatehpur,212601,33,3.4245445889338533
2025-09-04,Uttar Pradesh,Hapur,245101,36,3.7829834649388396
2025-09-04,Uttar Pradesh,Pilibhit,262001,36,3.7829834649388396
2025-09-04,Uttar Pradesh,Shrawasti,271831,36,3.7829834649388396
2025-09-04,West Bengal,Dakshin Dinajpur,733125,46,4.977779718288795
2025-09-04,West Bengal,South 24 Parganas,743329,38,4.021942715608831
2025-09-04,Madhya Pradesh,Ashok Nagar,473331,54,5.933616720968759
2025-09-04,Madhya Pradesh,Guna,473001,64,7.128412974318714
2025-09-04,Madhya Pradesh,Morena,476001,39,4.141422340943826
2025-09-04,Madhya Pradesh,Ujjain,456222,46,4.977779718288795
2025-09-04,Uttar Pradesh,Lalitpur,284403,34,3.5440242142688487
2025-09-04,Uttar Pradesh,Lucknow,226003,38,4.021942715608831
2025-09-04,Uttar Pradesh,Rampur,244901,35,3.663503839603844
2025-09-04,Uttar Pradesh,Sitapur,261203,34,3.5440242142688487
2025-09-04,Uttar Pradesh,Sitapur,261303,49,5.336218594293781
2025-09-04,Uttar Pradesh,Varanasi,221001,31,3.1855853382638624
2025-09-04,West Bengal,Barddhaman,713512,38,4.021942715608831
2025-09-04,West Bengal,Uttar Dinajpur,733207,68,7.6063314756586955
2025-09-04,West Bengal,Uttar Dinajpur,733208,56,6.17257597163875
2025-09-04,Gujarat,Surat,394210,43,4.619340842283808
2025-09-04,Jharkhand,Giridih,815312,31,3.1855853382638624
2025-09-04,Madhya Pradesh,Alirajpur,457990,39,4.141422340943826
2025-09-04,Madhya Pradesh,Gwalior,475110,34,3.5440242142688487
2025-09-04,Madhya Pradesh,Morena,476224,39,4.141422340943826
2025-09-04,Madhya Pradesh,Shivpuri,473551,43,4.619340842283808
2025-09-04,Maharashtra,Nashik,423203,55,6.053096346303755
2025-09-04,Assam,Barpeta,781314,39,4.141422340943826
2025-09-04,Assam,Nagaon,782124,35,3.663503839603844
2025-09-04,Bihar,Araria,854311,38,4.021942715608831
2025-09-04,Bihar,East Champaran,845437,33,3.4245445889338533
2025-09-04,Bihar,Madhepura,852210,44,4.738820467618804
2025-09-04,Bihar,Saharsa,852127,35,3.663503839603844
2025-09-04,Bihar,West Champaran,845438,43,4.619340842283808
2025-09-04,Gujarat,Banaskantha,385535,35,3.663503839603844
2025-09-04,Meghalaya,West Khasi Hills,793119,35,3.663503839603844
2025-09-04,Rajasthan,Baran,325216,33,3.4245445889338533
2025-09-04,Rajasthan,Pali,306401,37,3.9024630902738355
2025-09-04,Assam,Barpeta,781319,31,3.1855853382638624
2025-09-04,Assam,Goalpara,783129,37,3.9024630902738355
2025-09-04,Assam,Nalbari,781126,52,5.694657470298767
2025-09-04,Bihar,Darbhanga,847203,30,3.066105712928867
2025-09-04,Bihar,Darbhanga,848213,35,3.663503839603844
2025-09-04,Bihar,West Champaran,845449,33,3.4245445889338533
2025-09-04,Delhi,South Delhi,110062,33,3.4245445889338533
2025-09-04,Delhi,West Delhi,110059,70,7.845290726328686
2025-09-04,Karnataka,Ramanagar,562159,30,3.066105712928867
2025-09-04,Madhya Pradesh,Bhopal,462001,33,3.4245445889338533
2025-09-04,Madhya Pradesh,Bhopal,462030,30,3.066105712928867
2025-09-04,Madhya Pradesh,Jhabua,457661,31,3.1855853382638624
2025-09-04,Madhya Pradesh,Khargone,451442,30,3.066105712928867
2025-09-04,Madhya Pradesh,Morena,476221,35,3.663503839603844
2025-09-04,Madhya Pradesh,Ujjain,456006,30,3.066105712928867
2025-09-04,Madhya Pradesh,Umaria,484661,36,3.7829834649388396
2025-09-04,Odisha,Malkangiri,764044,35,3.663503839603844
2025-09-04,Uttar Pradesh,Firozabad,283203,47,5.09725934362379
2025-09-04,Uttar Pradesh,Kheri,261502,43,4.619340842283808
2025-09-04,Uttar Pradesh,Kheri,262804,32,3.305064963598858
2025-09-04,Uttar Pradesh,Mirzapur,231301,37,3.9024630902738355
2025-09-04,Uttar Pradesh,Rae Bareli,229001,40,4.260901966278822
2025-09-04,Uttar Pradesh,Rampur,244924,35,3.663503839603844
2025-09-04,Uttar Pradesh,Sambhal,202421,46,4.977779718288795
2025-09-04,Uttar Pradesh,Shahjahanpur,242001,47,5.09725934362379
2025-09-04,Uttar Pradesh,Siddharthnagar,272153,30,3.066105712928867
2025-09-04,Uttar Pradesh,Siddharthnagar,272202,34,3.5440242142688487
2025-09-04,Uttar Pradesh,Sitapur,261135,32,3.305064963598858
2025-09-04,West Bengal,North 24 Parganas,743232,30,3.066105712928867
2025-09-04,Rajasthan,Bharatpur,321022,32,3.305064963598858
2025-09-04,Rajasthan,Dholpur,328023,33,3.4245445889338533
2025-09-04,Rajasthan,Ganganagar,335804,34,3.5440242142688487
2025-09-04,Rajasthan,Jalor,343041,52,5.694657470298767
2025-09-04,Rajasthan,Nagaur,341001,33,3.4245445889338533
2025-09-04,Uttar Pradesh,Azamgarh,276203,30,3.066105712928867
2025-09-04,Uttar Pradesh,Balrampur,271201,35,3.663503839603844
2025-09-04,Uttar Pradesh,Chitrakoot,210205,31,3.1855853382638624
2025-09-04,Assam,Barpeta,781308,42,4.499861216948813
2025-09-04,Bihar,Kishanganj,855117,39,4.141422340943826
2025-09-04,Bihar,West Champaran,845106,39,4.141422340943826
2025-09-04,Bihar,West Champaran,845453,33,3.4245445889338533
2025-09-04,Delhi,East Delhi,110091,30,3.066105712928867
2025-09-04,Haryana,Faridabad,121004,68,7.6063314756586955
2025-09-04,Jharkhand,Pakur,816107,57,6.2920555969737455
2025-09-04,Madhya Pradesh,Ashok Nagar,473446,40,4.260901966278822
2025-09-04,Madhya Pradesh,Barwani,451666,73,8.203729602333674
2025-09-04,Madhya Pradesh,Burhanpur,450331,31,3.1855853382638624
2025-09-04,Madhya Pradesh,Khargone,451332,30,3.066105712928867
2025-09-04,Madhya Pradesh,Vidisha,464228,32,3.305064963598858
2025-09-04,Maharashtra,Aurangabad,431001,51,5.575177844963772
2025-09-04,Maharashtra,Jalgaon,424101,31,3.1855853382638624
2025-09-04,Maharashtra,Thane,421302,38,4.021942715608831
2025-09-04,Meghalaya,North Garo Hills,794002,31,3.1855853382638624
2025-09-04,Uttar Pradesh,Ghaziabad,201001,31,3.1855853382638624
2025-09-04,Uttar Pradesh,Ghaziabad,201102,34,3.5440242142688487
2025-09-04,Uttar Pradesh,Hathras,204101,30,3.066105712928867
2025-09-04,Uttar Pradesh,Mau,275101,32,3.305064963598858
2025-09-04,Uttar Pradesh,Mirzapur,231001,33,3.4245445889338533
2025-09-04,Uttar Pradesh,Moradabad,244001,80,9.040086979678641
2025-09-04,Uttar Pradesh,Unnao,209801,33,3.4245445889338533
2025-09-04,West Bengal,Howrah,711401,36,3.7829834649388396
2025-09-04,West Bengal,Malda,732125,52,5.694657470298767
2025-09-04,West Bengal,Murshidabad,742135,36,3.7829834649388396
2025-09-04,West Bengal,Murshidabad,742202,91,10.354362858363592
2025-09-04,West Bengal,South 24 Parganas,743502,30,3.066105712928867
2025-09-04,West Bengal,Uttar Dinajpur,733210,63,7.008933348983718
2025-09-04,Rajasthan,Bharatpur,321205,31,3.1855853382638624
2025-09-04,Rajasthan,Bharatpur,321602,31,3.1855853382638624
2025-09-04,Rajasthan,Jalor,343040,44,4.738820467618804
2025-09-04,Uttar Pradesh,Agra,282001,46,4.977779718288795
2025-09-04,Uttar Pradesh,Agra,283111,45,4.858300092953799
2025-09-04,Uttar Pradesh,Aligarh,202001,41,4.380381591613817
2025-09-04,Uttar Pradesh,Bahraich,271851,34,3.5440242142688487
2025-09-04,Uttar Pradesh,Bahraich,271855,105,12.027077613053528
2025-09-04,Uttar Pradesh,Budaun,243601,39,4.141422340943826
2025-09-04,Assam,Barpeta,781313,40,4.260901966278822
2025-09-04,Assam,Dhubri,783348,35,3.663503839603844
2025-09-04,Assam,Karimganj,788724,37,3.9024630902738355
2025-09-04,Telangana,Khammam,507003,30,3.066105712928867
2025-09-04,Uttar Pradesh,Bahraich,271830,41,4.380381591613817
2025-09-04,Uttar Pradesh,Bareilly,243201,49,5.336218594293781
2025-09-04,Uttar Pradesh,Kheri,261505,50,5.455698219628776
2025-09-04,Uttar Pradesh,Kushinagar,274304,34,3.5440242142688487
2025-09-04,Uttar Pradesh,Meerut,250002,46,4.977779718288795
2025-09-04,Uttar Pradesh,Pilibhit,262122,46,4.977779718288795
2025-09-04,Uttar Pradesh,Saharanpur,247001,50,5.455698219628776
2025-09-04,West Bengal,Malda,732124,30,3.066105712928867
2025-09-04,West Bengal,Murshidabad,742166,40,4.260901966278822
2025-09-04,West Bengal,Murshidabad,742201,39,4.141422340943826
2025-09-04,West Bengal,Uttar Dinajpur,733202,105,12.027077613053528
2025-09-04,Delhi,North West Delhi,110086,67,7.4868518503237
2025-09-04,Delhi,South Delhi,110044,34,3.5440242142688487
2025-09-04,Jharkhand,Jamtara,815352,34,3.5440242142688487
2025-09-04,Madhya Pradesh,Barwani,451447,31,3.1855853382638624
2025-09-04,Madhya Pradesh,Guna,473105,39,4.141422340943826
2025-09-04,Madhya Pradesh,Khargone,451441,36,3.7829834649388396
2025-09-04,Rajasthan,Barmer,344001,42,4.499861216948813
2025-09-04,Rajasthan,Bharatpur,321204,37,3.9024630902738355
2025-09-04,Rajasthan,Nagaur,341302,49,5.336218594293781
2025-09-05,Assam,Karimganj,788734,33,3.4245445889338533
2025-09-05,Madhya Pradesh,Barwani,451551,49,5.336218594293781
2025-09-05,Rajasthan,Pratapgarh,312605,31,3.1855853382638624
2025-09-05,Uttar Pradesh,Gautam Buddha Nagar,201301,35,3.663503839603844
2025-09-05,Uttar Pradesh,Kheri,262804,38,4.021942715608831
2025-09-05,Uttar Pradesh,Moradabad,244001,35,3.663503839603844
2025-09-05,Uttar Pradesh,Siddharthnagar,272205,41,4.380381591613817
2025-09-05,West Bengal,Howrah,711312,51,5.575177844963772
2025-09-05,West Bengal,Murshidabad,742135,30,3.066105712928867
2025-09-05,West Bengal,North 24 Parganas,743423,38,4.021942715608831
2025-09-05,Assam,Golaghat,785705,59,6.531014847643736
2025-09-05,Assam,Karimganj,788723,30,3.066105712928867
2025-09-05,Uttar Pradesh,Bahraich,271855,69,7.725811100993691
2025-09-05,Uttar Pradesh,Saharanpur,247001,33,3.4245445889338533
2025-09-05,West Bengal,Murshidabad,742303,34,3.5440242142688487
2025-09-05,Jharkhand,Giridih,825412,34,3.5440242142688487
2025-09-05,Meghalaya,West Khasi Hills,793119,56,6.17257597163875
2025-09-05,Rajasthan,Alwar,301021,32,3.305064963598858
2025-09-05,West Bengal,Murshidabad,742122,35,3.663503839603844
2025-09-05,Haryana,Faridabad,121004,42,4.499861216948813
2025-09-05,Haryana,Panipat,132103,56,6.17257597163875
2025-09-05,Odisha,Nabarangapur,764073,31,3.1855853382638624
2025-09-05,Assam,Dhubri,783348,31,3.1855853382638624
2025-09-05,Assam,Marigaon,782121,32,3.305064963598858
2025-09-05,Assam,Nalbari,781126,31,3.1855853382638624
2025-09-05,West Bengal,Murshidabad,742201,30,3.066105712928867
2025-09-05,West Bengal,South 24 Parganas,743329,50,5.455698219628776
2025-09-05,Uttar Pradesh,Ghaziabad,201001,32,3.305064963598858
2025-09-05,Uttar Pradesh,Meerut,250002,31,3.1855853382638624
2025-09-05,West Bengal,Murshidabad,742159,33,3.4245445889338533
2025-09-05,West Bengal,Murshidabad,742202,135,15.611466373103392
2025-09-05,West Bengal,Murshidabad,742213,33,3.4245445889338533
2025-09-05,West Bengal,Murshidabad,742224,34,3.5440242142688487
2025-09-05,West Bengal,Uttar Dinajpur,733210,39,4.141422340943826
2025-09-05,Jharkhand,Pakur,816107,31,3.1855853382638624
2025-09-05,Karnataka,Raichur,584139,33,3.4245445889338533
2025-09-05,Meghalaya,East Khasi Hills,793015,30,3.066105712928867
2025-09-05,Meghalaya,West Jaintia Hills,793151,30,3.066105712928867
2025-09-06,Assam,Nagaon,782124,35,3.663503839603844
2025-09-06,Bihar,Begusarai,851112,33,3.4245445889338533
2025-09-06,Bihar,East Champaran,845437,40,4.260901966278822
2025-09-06,Bihar,Kishanganj,855101,38,4.021942715608831
2025-09-06,Bihar,Kishanganj,855107,32,3.305064963598858
2025-09-06,Chhattisgarh,Balrampur,497225,34,3.5440242142688487
2025-09-06,Delhi,East Delhi,110092,33,3.4245445889338533
2025-09-06,Delhi,North East Delhi,110094,48,5.2167389689587855
2025-09-06,Delhi,South West Delhi,110043,32,3.305064963598858
2025-09-06,Haryana,Faridabad,121004,32,3.305064963598858
2025-09-06,Haryana,Gurgaon,122001,49,5.336218594293781
2025-09-06,Jharkhand,Giridih,825320,31,3.1855853382638624
2025-09-06,Jharkhand,West Singhbhum,833102,50,5.455698219628776
2025-09-06,Uttar Pradesh,Bahraich,271830,36,3.7829834649388396
2025-09-06,Uttar Pradesh,Deoria,274001,43,4.619340842283808
2025-09-06,Uttar Pradesh,Gautam Buddha Nagar,201301,44,4.738820467618804
2025-09-06,Uttar Pradesh,Ghaziabad,201001,39,4.141422340943826
2025-09-06,Uttar Pradesh,Meerut,250001,44,4.738820467618804
2025-09-06,Uttar Pradesh,Pilibhit,262001,42,4.499861216948813
2025-09-06,Uttar Pradesh,Saharanpur,247001,69,7.725811100993691
2025-09-06,Uttar Pradesh,Sambhal,202421,30,3.066105712928867
2025-09-06,Uttar Pradesh,Shahjahanpur,242001,35,3.663503839603844
2025-09-06,Uttar Pradesh,Sitapur,261201,32,3.305064963598858
2025-09-06,Uttarakhand,Dehradun,248001,34,3.5440242142688487
2025-09-06,West Bengal,Dakshin Dinajpur,733124,34,3.5440242142688487
2025-09-06,West Bengal,Howrah,711312,38,4.021942715608831
2025-09-06,West Bengal,Malda,732201,33,3.4245445889338533
2025-09-06,West Bengal,Uttar Dinajpur,733207,59,6.531014847643736
2025-09-06,West Bengal,Uttar Dinajpur,733210,47,5.09725934362379
2025-09-06,Madhya Pradesh,Singrauli,486886,32,3.305064963598858
2025-09-06,Assam,Dhubri,783330,42,4.499861216948813
2025-09-06,Assam,Karimganj,788723,30,3.066105712928867
2025-09-06,Bihar,Darbhanga,848213,31,3.1855853382638624
2025-09-06,Bihar,Saran,841301,31,3.1855853382638624
2025-09-06,Bihar,Siwan,841226,44,4.738820467618804
2025-09-06,Bihar,West Champaran,845438,42,4.499861216948813
2025-09-06,Bihar,West Champaran,845455,33,3.4245445889338533
2025-09-06,Delhi,West Delhi,110059,77,8.681648103673655
2025-09-06,Madhya Pradesh,Ujjain,456222,78,8.80112772900865
2025-09-06,Madhya Pradesh,Ujjain,456224,39,4.141422340943826
2025-09-06,Punjab,Amritsar,143001,41,4.380381591613817
2025-09-06,Rajasthan,Bharatpur,321001,45,4.858300092953799
2025-09-06,Rajasthan,Bharatpur,321204,38,4.021942715608831
2025-09-06,Uttar Pradesh,Agra,282001,34,3.5440242142688487
2025-09-06,Uttar Pradesh,Budaun,243639,34,3.5440242142688487
2025-09-06,Uttar Pradesh,Kheri,261502,43,4.619340842283808
2025-09-06,Uttar Pradesh,Rampur,244901,34,3.5440242142688487
2025-09-06,Uttar Pradesh,Shamli,247776,42,4.499861216948813
2025-09-06,West Bengal,Malda,732125,35,3.663503839603844
2025-09-06,West Bengal,Murshidabad,742213,34,3.5440242142688487
2025-09-06,West Bengal,South 24 Parganas,743611,34,3.5440242142688487
2025-09-06,West Bengal,Uttar Dinajpur,733208,38,4.021942715608831
2025-09-06,Delhi,North East Delhi,110053,55,6.053096346303755
2025-09-06,Jharkhand,Jamtara,815352,49,5.336218594293781
2025-09-06,Jharkhand,Pakur,816102,40,4.260901966278822
2025-09-06,Jharkhand,Pakur,816107,37,3.9024630902738355
2025-09-06,Madhya Pradesh,Chhatarpur,471313,32,3.305064963598858
2025-09-06,Madhya Pradesh,Morena,476001,42,4.499861216948813
2025-09-06,Madhya Pradesh,Satna,485331,50,5.455698219628776
2025-09-06,Rajasthan,Bharatpur,321023,36,3.7829834649388396
2025-09-06,Uttar Pradesh,Bahraich,271855,58,6.411535222308741
2025-09-06,Uttar Pradesh,Bahraich,271903,30,3.066105712928867
2025-09-06,Uttar Pradesh,Firozabad,283203,40,4.260901966278822
2025-09-06,Uttar Pradesh,Kheri,262902,32,3.305064963598858
2025-09-06,Uttar Pradesh,Meerut,250002,46,4.977779718288795
2025-09-06,Uttar Pradesh,Moradabad,244001,64,7.128412974318714
2025-09-06,West Bengal,Birbhum,731221,31,3.1855853382638624
2025-09-06,West Bengal,Murshidabad,742224,54,5.933616720968759
2025-09-06,West Bengal,North 24 Parganas,743424,35,3.663503839603844
2025-09-06,West Bengal,Puruliya,723153,40,4.260901966278822
2025-09-06,Assam,Marigaon,782105,37,3.9024630902738355
2025-09-06,Bihar,Araria,854318,36,3.7829834649388396
2025-09-06,Bihar,Purnia,854315,37,3.9024630902738355
2025-09-06,Bihar,Sitamarhi,843302,42,4.499861216948813
2025-09-06,Delhi,North West Delhi,110086,59,6.531014847643736
2025-09-06,Haryana,Panipat,132103,32,3.305064963598858
2025-09-06,Jharkhand,Giridih,825324,43,4.619340842283808
2025-09-06,Jharkhand,Sahebganj,816108,31,3.1855853382638624
2025-09-06,Karnataka,Udupi,576124,31,3.1855853382638624
2025-09-06,Madhya Pradesh,Barwani,451666,30,3.066105712928867
2025-09-06,Madhya Pradesh,Jhabua,457661,47,5.09725934362379
2025-09-06,Madhya Pradesh,Umaria,484661,30,3.066105712928867
2025-09-06,Odisha,Malkangiri,764045,60,6.650494472978732
2025-09-06,Rajasthan,Dholpur,328001,30,3.066105712928867
2025-09-06,Rajasthan,Jalor,343040,33,3.4245445889338533
2025-09-06,Rajasthan,Karauli,322230,35,3.663503839603844
2025-09-06,Uttar Pradesh,Aligarh,202001,88,9.995923982358605
2025-09-06,Uttar Pradesh,Budaun,243601,33,3.4245445889338533
2025-09-06,Uttar Pradesh,Ghaziabad,201102,32,3.305064963598858
2025-09-06,Uttar Pradesh,Hapur,245101,46,4.977779718288795
2025-09-06,Uttar Pradesh,Mirzapur,231001,53,5.814137095633764
2025-09-06,Uttar Pradesh,Rampur,244922,41,4.380381591613817
2025-09-06,Uttar Pradesh,Shamli,247774,34,3.5440242142688487
2025-09-06,West Bengal,South 24 Parganas,743329,32,3.305064963598858
2025-09-06,West Bengal,Uttar Dinajpur,733201,34,3.5440242142688487
2025-09-06,West Bengal,Uttar Dinajpur,733202,77,8.681648103673655
2025-09-06,Bihar,Araria,854311,35,3.663503839603844
2025-09-06,Bihar,Nawada,805130,36,3.7829834649388396
2025-09-06,Assam,Barpeta,781308,34,3.5440242142688487
2025-09-06,Madhya Pradesh,Guna,473001,36,3.7829834649388396
2025-09-06,Maharashtra,Thane,400612,33,3.4245445889338533
2025-09-06,Rajasthan,Alwar,301001,39,4.141422340943826
2025-09-06,Rajasthan,Bhilwara,311604,54,5.933616720968759
2025-09-06,Rajasthan,Jalor,343041,40,4.260901966278822
2025-09-06,Tamil Nadu,Tiruchirappalli,621209,43,4.619340842283808
2025-09-06,Assam,Nagaon,782125,40,4.260901966278822
2025-09-06,Bihar,Vaishali,844122,34,3.5440242142688487
2025-09-06,Bihar,West Champaran,845454,32,3.305064963598858
2025-09-06,Delhi,North Delhi,110084,42,4.499861216948813
2025-09-06,Delhi,West Delhi,110041,44,4.738820467618804
2025-09-06,Jharkhand,Giridih,815312,41,4.380381591613817
2025-09-06,Uttar Pradesh,Bahraich,271851,46,4.977779718288795
2025-09-06,Uttar Pradesh,Bulandshahr,203001,39,4.141422340943826
2025-09-06,Uttar Pradesh,Kanpur Nagar,208001,38,4.021942715608831
2025-09-06,Uttar Pradesh,Sambhal,244302,30,3.066105712928867
2025-09-06,Uttar Pradesh,Shahjahanpur,242127,56,6.17257597163875
2025-09-06,Uttar Pradesh,Shamli,247778,40,4.260901966278822
2025-09-06,Uttar Pradesh,Varanasi,221001,41,4.380381591613817
2025-09-06,West Bengal,Howrah,711303,52,5.694657470298767
2025-09-06,West Bengal,Murshidabad,742202,160,18.598457006478277
2025-09-06,West Bengal,South 24 Parganas,743502,34,3.5440242142688487
2025-09-07,Rajasthan,Bharatpur,321023,31,3.1855853382638624
2025-09-07,Uttar Pradesh,Kannauj,209721,63,7.008933348983718
2025-09-07,Uttar Pradesh,Mirzapur,231001,35,3.663503839603844
2025-09-07,Uttar Pradesh,Saharanpur,247001,38,4.021942715608831
2025-09-07,West Bengal,Murshidabad,742224,34,3.5440242142688487
2025-09-07,Jharkhand,Jamtara,815352,53,5.814137095633764
2025-09-07,Maharashtra,Aurangabad,431001,41,4.380381591613817
2025-09-07,Uttar Pradesh,Bahraich,271882,54,5.933616720968759
2025-09-07,Uttar Pradesh,Moradabad,244001,46,4.977779718288795
2025-09-07,West Bengal,Murshidabad,731222,31,3.1855853382638624
2025-09-07,West Bengal,Murshidabad,742148,35,3.663503839603844
2025-09-07,West Bengal,Uttar Dinajpur,733207,50,5.455698219628776
2025-09-07,Rajasthan,Alwar,301405,36,3.7829834649388396
2025-09-07,Rajasthan,Sikar,332602,31,3.1855853382638624
2025-09-07,Uttar Pradesh,Kushinagar,274304,30,3.066105712928867
2025-09-07,Uttar Pradesh,Meerut,250002,45,4.858300092953799
2025-09-07,West Bengal,North 24 Parganas,743423,64,7.128412974318714
2025-09-07,West Bengal,Uttar Dinajpur,733210,40,4.260901966278822
2025-09-07,Bihar,Kishanganj,855101,66,7.367372224988705
2025-09-07,Bihar,Kishanganj,855108,50,5.455698219628776
2025-09-07,Jharkhand,Giridih,815312,30,3.066105712928867
2025-09-07,Uttar Pradesh,Bahraich,271855,40,4.260901966278822
2025-09-07,West Bengal,Murshidabad,742201,39,4.141422340943826
2025-09-07,West Bengal,North 24 Parganas,743425,34,3.5440242142688487
2025-09-07,West Bengal,Uttar Dinajpur,733215,31,3.1855853382638624
2025-09-07,Rajasthan,Karauli,322230,39,4.141422340943826
2025-09-07,Uttar Pradesh,Mirzapur,231304,36,3.7829834649388396
2025-09-07,Uttar Pradesh,Muzaffarnagar,251001,34,3.5440242142688487
2025-09-07,West Bengal,Murshidabad,742202,59,6.531014847643736
2025-09-07,West Bengal,Uttar Dinajpur,733201,34,3.5440242142688487
2025-09-08,Bihar,Araria,854311,42,4.499861216948813
2025-09-08,Bihar,East Champaran,845401,40,4.260901966278822
2025-09-08,Bihar,Purnia,854315,68,7.6063314756586955
2025-09-08,Bihar,Saharsa,852127,33,3.4245445889338533
2025-09-08,Bihar,West Champaran,845307,30,3.066105712928867
2025-09-08,Delhi,West Delhi,110059,53,5.814137095633764
2025-09-08,Jharkhand,Deoghar,815353,44,4.738820467618804
2025-09-08,Jharkhand,Garhwa,822114,35,3.663503839603844
2025-09-08,Jharkhand,Giridih,815312,34,3.5440242142688487
2025-09-08,Madhya Pradesh,Damoh,470775,32,3.305064963598858
2025-09-08,Madhya Pradesh,Raisen,464551,31,3.1855853382638624
2025-09-08,Madhya Pradesh,Sheopur,476337,35,3.663503839603844
2025-09-08,Madhya Pradesh,Umaria,484661,37,3.9024630902738355
2025-09-08,Madhya Pradesh,Vidisha,464001,30,3.066105712928867
2025-09-08,Uttar Pradesh,Bahraich,271851,43,4.619340842283808
2025-09-08,Uttar Pradesh,Banda,210001,36,3.7829834649388396
2025-09-08,Uttar Pradesh,Gautam Buddha Nagar,201301,41,4.380381591613817
2025-09-08,Uttar Pradesh,Ghaziabad,201102,58,6.411535222308741
2025-09-08,Uttar Pradesh,Kheri,261502,38,4.021942715608831
2025-09-08,Uttar Pradesh,Kheri,262802,34,3.5440242142688487
2025-09-08,Uttar Pradesh,Mathura,281403,32,3.305064963598858
2025-09-08,Uttar Pradesh,Meerut,250002,62,6.889453723648723
2025-09-08,Uttar Pradesh,Sambhal,244302,31,3.1855853382638624
2025-09-08,Uttarakhand,Dehradun,248001,45,4.858300092953799
2025-09-08,West Bengal,Dakshin Dinajpur,733132,36,3.7829834649388396
2025-09-08,West Bengal,Puruliya,723121,38,4.021942715608831
2025-09-08,West Bengal,Uttar Dinajpur,733207,98,11.19072023570856
2025-09-08,West Bengal,Uttar Dinajpur,733210,52,5.694657470298767
2025-09-08,Meghalaya,East Khasi Hills,793121,30,3.066105712928867
2025-09-08,Rajasthan,Dholpur,328001,38,4.021942715608831
2025-09-08,Rajasthan,Jodhpur,342001,39,4.141422340943826
2025-09-08,Karnataka,Gadag,582102,49,5.336218594293781
2025-09-08,Madhya Pradesh,Guna,473001,58,6.411535222308741
2025-09-08,Madhya Pradesh,Gwalior,475110,35,3.663503839603844
2025-09-08,Madhya Pradesh,Morena,476001,44,4.738820467618804
2025-09-08,Madhya Pradesh,Narsinghpur,487001,32,3.305064963598858
2025-09-08,Madhya Pradesh,Panna,488220,33,3.4245445889338533
2025-09-08,Madhya Pradesh,Ujjain,456006,33,3.4245445889338533
2025-09-08,Madhya Pradesh,Vidisha,464228,44,4.738820467618804
2025-09-08,Maharashtra,Aurangabad,431001,78,8.80112772900865
2025-09-08,Maharashtra,Nashik,423203,70,7.845290726328686
2025-09-08,Maharashtra,Nashik,423301,32,3.305064963598858
2025-09-08,Uttar Pradesh,Agra,282001,38,4.021942715608831
2025-09-08,Uttar Pradesh,Aligarh,202001,45,4.858300092953799
2025-09-08,Uttar Pradesh,Bahraich,271830,38,4.021942715608831
2025-09-08,Uttar Pradesh,Bareilly,243122,31,3.1855853382638624
2025-09-08,Uttar Pradesh,Bareilly,243303,33,3.4245445889338533
2025-09-08,Uttar Pradesh,Etah,207001,37,3.9024630902738355
2025-09-08,Uttar Pradesh,Hardoi,241001,36,3.7829834649388396
2025-09-08,Uttar Pradesh,Kheri,262902,35,3.663503839603844
2025-09-08,Uttar Pradesh,Moradabad,244001,55,6.053096346303755
2025-09-08,Uttar Pradesh,Pilibhit,262001,43,4.619340842283808
2025-09-08,Uttar Pradesh,Pilibhit,262122,43,4.619340842283808
2025-09-08,Uttar Pradesh,Rae Bareli,229001,31,3.1855853382638624
2025-09-08,Uttar Pradesh,Rampur,243701,31,3.1855853382638624
2025-09-08,Uttar Pradesh,Sitapur,261121,31,3.1855853382638624
2025-09-08,Uttar Pradesh,Sitapur,261203,37,3.9024630902738355
2025-09-08,West Bengal,Birbhum,731222,30,3.066105712928867
2025-09-08,West Bengal,Malda,732201,46,4.977779718288795
2025-09-08,West Bengal,Murshidabad,742202,82,9.279046230348632
2025-09-08,West Bengal,North 24 Parganas,743423,48,5.2167389689587855
2025-09-08,West Bengal,North 24 Parganas,743425,37,3.9024630902738355
2025-09-08,West Bengal,Uttar Dinajpur,733201,31,3.1855853382638624
2025-09-08,Assam,Dhubri,783334,30,3.066105712928867
2025-09-08,Assam,Nagaon,782122,45,4.858300092953799
2025-09-08,Assam,Nagaon,782124,50,5.455698219628776
2025-09-08,Assam,Nagaon,782125,31,3.1855853382638624
2025-09-08,Assam,Nalbari,781126,38,4.021942715608831
2025-09-08,Bihar,Katihar,855113,39,4.141422340943826
2025-09-08,Bihar,Sheohar,843329,30,3.066105712928867
2025-09-08,Bihar,West Champaran,845438,61,6.769974098313727
2025-09-08,Gujarat,Bhavnagar,364140,34,3.5440242142688487
2025-09-08,Haryana,Mewat,122508,41,4.380381591613817
2025-09-08,Haryana,Palwal,121102,33,3.4245445889338533
2025-09-08,Meghalaya,West Khasi Hills,793119,38,4.021942715608831
2025-09-08,Odisha,Bargarh,768049,36,3.7829834649388396
2025-09-08,Rajasthan,Bharatpur,321204,44,4.738820467618804
2025-09-08,Assam,Barpeta,781314,43,4.619340842283808
2025-09-08,Assam,Dhubri,783348,39,4.141422340943826
2025-09-08,Assam,Goalpara,783101,31,3.1855853382638624
2025-09-08,Assam,Karimganj,788722,42,4.499861216948813
2025-09-08,Bihar,East Champaran,845301,34,3.5440242142688487
2025-09-08,Bihar,East Champaran,845302,34,3.5440242142688487
2025-09-08,Bihar,Kaimur (Bhabua),821109,31,3.1855853382638624
2025-09-08,Bihar,Madhepura,852210,48,5.2167389689587855
2025-09-08,Bihar,Sitamarhi,843302,34,3.5440242142688487
2025-09-08,Bihar,West Champaran,845455,33,3.4245445889338533
2025-09-08,Chhattisgarh,Balrampur,497118,45,4.858300092953799
2025-09-08,Delhi,North West Delhi,110086,53,5.814137095633764
2025-09-08,Gujarat,Panchmahals,389115,30,3.066105712928867
2025-09-08,Haryana,Karnal,132001,38,4.021942715608831
2025-09-08,Jharkhand,Bokaro,827013,33,3.4245445889338533
2025-09-08,Jharkhand,Dhanbad,828109,31,3.1855853382638624
2025-09-08,Jharkhand,Jamtara,815352,36,3.7829834649388396
2025-09-08,Madhya Pradesh,Ashok Nagar,473331,35,3.663503839603844
2025-09-08,Madhya Pradesh,Barwani,451666,92,10.473842483698586
2025-09-08,Madhya Pradesh,Dewas,455001,41,4.380381591613817
2025-09-08,Madhya Pradesh,Dhar,454446,32,3.305064963598858
2025-09-08,Madhya Pradesh,Jhabua,457770,45,4.858300092953799
2025-09-08,Madhya Pradesh,Katni,483501,31,3.1855853382638624
2025-09-08,Madhya Pradesh,Katni,483773,35,3.663503839603844
2025-09-08,Madhya Pradesh,Narsinghpur,487118,34,3.5440242142688487
2025-09-08,Madhya Pradesh,Ratlam,457001,43,4.619340842283808
2025-09-08,Madhya Pradesh,Singrauli,486886,56,6.17257597163875
2025-09-08,Maharashtra,Palghar,401602,30,3.066105712928867
2025-09-08,Meghalaya,West Jaintia Hills,793150,45,4.858300092953799
2025-09-08,Odisha,Malkangiri,764044,30,3.066105712928867
2025-09-08,Odisha,Nabarangapur,764071,36,3.7829834649388396
2025-09-08,Punjab,Amritsar,143001,46,4.977779718288795
2025-09-08,Uttar Pradesh,Hapur,245101,43,4.619340842283808
2025-09-08,Uttar Pradesh,Kheri,262804,50,5.455698219628776
2025-09-08,Uttar Pradesh,Mainpuri,205001,30,3.066105712928867
2025-09-08,Uttar Pradesh,Saharanpur,247001,59,6.531014847643736
2025-09-08,Uttar Pradesh,Shahjahanpur,242001,51,5.575177844963772
2025-09-08,Uttar Pradesh,Siddharthnagar,272153,53,5.814137095633764
2025-09-08,Uttar Pradesh,Sitapur,261201,33,3.4245445889338533
2025-09-08,Uttar Pradesh,Sitapur,261205,30,3.066105712928867
2025-09-08,Uttar Pradesh,Varanasi,221001,33,3.4245445889338533
2025-09-08,West Bengal,Birbhum,731221,37,3.9024630902738355
2025-09-08,West Bengal,Howrah,711316,33,3.4245445889338533
2025-09-08,West Bengal,Howrah,711401,36,3.7829834649388396
2025-09-08,West Bengal,Murshidabad,742226,30,3.066105712928867
2025-09-08,Rajasthan,Bharatpur,321023,35,3.663503839603844
2025-09-08,Rajasthan,Bikaner,334001,42,4.499861216948813
2025-09-08,Rajasthan,Nagaur,341001,43,4.619340842283808
2025-09-08,Telangana,K.v. Rangareddy,500052,35,3.663503839603844
2025-09-08,Uttar Pradesh,Bahraich,271865,43,4.619340842283808
2025-09-08,Uttar Pradesh,Budaun,243639,40,4.260901966278822
2025-09-08,Uttar Pradesh,Firozabad,283203,50,5.455698219628776
2025-09-08,Uttar Pradesh,Ghaziabad,201001,58,6.411535222308741
2025-09-08,Assam,Barpeta,781308,40,4.260901966278822
2025-09-08,Madhya Pradesh,Bhopal,462001,31,3.1855853382638624
2025-09-08,Madhya Pradesh,Guna,473105,31,3.1855853382638624
2025-09-08,Madhya Pradesh,Guna,473110,36,3.7829834649388396
2025-09-08,Madhya Pradesh,Satna,485115,38,4.021942715608831
2025-09-08,Madhya Pradesh,Satna,485331,65,7.247892599653709
2025-09-08,Madhya Pradesh,Sidhi,486661,42,4.499861216948813
2025-09-08,Madhya Pradesh,Ujjain,456313,39,4.141422340943826
2025-09-08,Rajasthan,Alwar,301001,40,4.260901966278822
2025-09-08,Bihar,Araria,854318,33,3.4245445889338533
2025-09-08,Bihar,Bhagalpur,853205,30,3.066105712928867
2025-09-08,Bihar,Saharsa,852106,33,3.4245445889338533
2025-09-08,Chhattisgarh,Balrampur,497225,42,4.499861216948813
2025-09-08,Delhi,North East Delhi,110053,36,3.7829834649388396
2025-09-08,Delhi,South Delhi,110062,39,4.141422340943826
2025-09-08,Delhi,South West Delhi,110043,33,3.4245445889338533
2025-09-08,Gujarat,Dahod,389180,31,3.1855853382638624
2025-09-08,Jharkhand,Jamtara,815351,30,3.066105712928867
2025-09-08,Jharkhand,Palamu,822113,46,4.977779718288795
2025-09-08,Uttar Pradesh,Hathras,204101,36,3.7829834649388396
2025-09-08,Uttar Pradesh,Kanpur Nagar,208001,35,3.663503839603844
2025-09-08,Uttar Pradesh,Maharajganj,273164,30,3.066105712928867
2025-09-08,Uttar Pradesh,Mirzapur,231001,50,5.455698219628776
2025-09-08,Uttar Pradesh,Unnao,209801,31,3.1855853382638624
2025-09-08,West Bengal,Paschim Medinipur,721150,31,3.1855853382638624
2025-09-08,West Bengal,Puruliya,723143,32,3.305064963598858
2025-09-08,West Bengal,Puruliya,723213,32,3.305064963598858
2025-09-08,Rajasthan,Jaipur,302012,30,3.066105712928867
2025-09-08,Rajasthan,Pali,306401,39,4.141422340943826
2025-09-08,Rajasthan,Sikar,332301,34,3.5440242142688487
2025-09-08,Uttar Pradesh,Bahraich,271855,110,12.624475739728506
2025-09-08,Uttar Pradesh,Balrampur,271201,30,3.066105712928867
2025-09-08,Uttar Pradesh,Bareilly,243505,41,4.380381591613817
2025-09-08,Uttar Pradesh,Bijnor,246733,41,4.380381591613817
2025-09-08,Uttar Pradesh,Bulandshahr,203001,33,3.4245445889338533
2025-09-08,Assam,Goalpara,783129,36,3.7829834649388396
2025-09-08,Bihar,Katihar,854317,44,4.738820467618804
2025-09-08,Bihar,Kishanganj,855107,37,3.9024630902738355
2025-09-08,Bihar,Siwan,841226,34,3.5440242142688487
2025-09-08,Bihar,Vaishali,844504,30,3.066105712928867
2025-09-08,Bihar,West Champaran,845454,36,3.7829834649388396
2025-09-08,Chhattisgarh,Bilaspur,495551,34,3.5440242142688487
2025-09-08,Delhi,North East Delhi,110094,54,5.933616720968759
2025-09-08,Delhi,South Delhi,110044,36,3.7829834649388396
2025-09-08,Delhi,West Delhi,110041,37,3.9024630902738355
2025-09-08,Gujarat,Surat,394210,33,3.4245445889338533
2025-09-08,Gujarat,Surat,395010,32,3.305064963598858
2025-09-08,Haryana,Faridabad,121004,30,3.066105712928867
2025-09-08,Haryana,Kaithal,136027,31,3.1855853382638624
2025-09-08,Haryana,Panipat,132103,49,5.336218594293781
2025-09-08,Jharkhand,Dhanbad,828205,51,5.575177844963772
2025-09-08,Jharkhand,Lohardaga,835302,33,3.4245445889338533
2025-09-08,Jharkhand,Pakur,816107,47,5.09725934362379
2025-09-08,Rajasthan,Alwar,301405,35,3.663503839603844
2025-09-08,Rajasthan,Bharatpur,321001,36,3.7829834649388396
2025-09-08,Uttar Pradesh,Bahraich,271801,30,3.066105712928867
2025-09-08,Uttar Pradesh,Lucknow,226003,36,3.7829834649388396
2025-09-08,Uttar Pradesh,Meerut,250001,31,3.1855853382638624
2025-09-08,Uttar Pradesh,Siddharthnagar,272206,52,5.694657470298767
2025-09-08,Uttar Pradesh,Varanasi,221302,34,3.5440242142688487
2025-09-08,West Bengal,Murshidabad,742135,54,5.933616720968759
2025-09-08,West Bengal,Murshidabad,742148,32,3.305064963598858
2025-09-08,West Bengal,South 24 Parganas,743329,33,3.4245445889338533
2025-09-08,West Bengal,South 24 Parganas,743502,34,3.5440242142688487
2025-09-08,West Bengal,Uttar Dinajpur,733202,59,6.531014847643736
2025-09-08,Karnataka,Gadag,582118,33,3.4245445889338533
2025-09-08,Madhya Pradesh,Ashok Nagar,473330,38,4.021942715608831
2025-09-08,Madhya Pradesh,Burhanpur,450331,37,3.9024630902738355
2025-09-08,Madhya Pradesh,Datia,475661,43,4.619340842283808
2025-09-08,Madhya Pradesh,Jabalpur,482001,61,6.769974098313727
2025-09-08,Madhya Pradesh,Jhabua,457661,77,8.681648103673655
2025-09-08,Madhya Pradesh,Morena,476224,33,3.4245445889338533
2025-09-08,Madhya Pradesh,Morena,476229,30,3.066105712928867
2025-09-08,Madhya Pradesh,Shivpuri,473551,31,3.1855853382638624
2025-09-08,Maharashtra,Nandurbar,425414,33,3.4245445889338533
2025-09-09,Assam,Lakhimpur,787055,32,3.305064963598858
2025-09-09,Bihar,Gaya,824232,35,3.663503839603844
2025-09-09,Bihar,Samastipur,848114,43,4.619340842283808
2025-09-09,Bihar,Saran,841301,33,3.4245445889338533
2025-09-09,Bihar,Sitamarhi,843302,54,5.933616720968759
2025-09-09,Bihar,Vaishali,844508,44,4.738820467618804
2025-09-09,Bihar,West Champaran,845453,31,3.1855853382638624
2025-09-09,Bihar,West Champaran,845454,44,4.738820467618804
2025-09-09,Chhattisgarh,Mungeli,495115,40,4.260901966278822
2025-09-09,Delhi,North West Delhi,110086,54,5.933616720968759
2025-09-09,Haryana,Karnal,132001,43,4.619340842283808
2025-09-09,Jharkhand,Chatra,825404,31,3.1855853382638624
2025-09-09,Jharkhand,Dhanbad,828109,34,3.5440242142688487
2025-09-09,Uttar Pradesh,Agra,282001,39,4.141422340943826
2025-09-09,Uttar Pradesh,Balrampur,271604,30,3.066105712928867
2025-09-09,Uttar Pradesh,Basti,272002,34,3.5440242142688487
2025-09-09,Uttar Pradesh,Bijnor,246725,48,5.2167389689587855
2025-09-09,Uttar Pradesh,Hardoi,241001,41,4.380381591613817
2025-09-09,Uttar Pradesh,Meerut,250001,41,4.380381591613817
2025-09-09,Uttar Pradesh,Mirzapur,231304,34,3.5440242142688487
2025-09-09,Uttar Pradesh,Rae Bareli,229001,47,5.09725934362379
2025-09-09,Uttar Pradesh,Sambhal,202421,30,3.066105712928867
2025-09-09,Uttar Pradesh,Shamli,247774,31,3.1855853382638624
2025-09-09,Uttar Pradesh,Sitapur,261135,42,4.499861216948813
2025-09-09,Uttar Pradesh,Sitapur,261201,48,5.2167389689587855
2025-09-09,Uttar Pradesh,Sonbhadra,231216,30,3.066105712928867
2025-09-09,Uttar Pradesh,Unnao,209801,47,5.09725934362379
2025-09-09,Maharashtra,Nanded,431715,31,3.1855853382638624
2025-09-09,Odisha,Malkangiri,764044,34,3.5440242142688487
2025-09-09,Rajasthan,Ajmer,305001,30,3.066105712928867
2025-09-09,Rajasthan,Barmer,344033,31,3.1855853382638624
2025-09-09,Rajasthan,Bharatpur,321204,34,3.5440242142688487
2025-09-09,Rajasthan,Dungarpur,314030,36,3.7829834649388396
2025-09-09,Rajasthan,Jalor,343029,35,3.663503839603844
2025-09-09,Rajasthan,Karauli,322230,35,3.663503839603844
2025-09-09,Rajasthan,Nagaur,341001,47,5.09725934362379
2025-09-09,Rajasthan,Udaipur,313001,31,3.1855853382638624
2025-09-09,Jharkhand,Jamtara,815352,33,3.4245445889338533
2025-09-09,Madhya Pradesh,Barwani,451551,51,5.575177844963772
2025-09-09,Madhya Pradesh,Barwani,451666,73,8.203729602333674
2025-09-09,Madhya Pradesh,Chhatarpur,471515,37,3.9024630902738355
2025-09-09,Madhya Pradesh,Dewas,455001,39,4.141422340943826
2025-09-09,Madhya Pradesh,Gwalior,475110,40,4.260901966278822
2025-09-09,Madhya Pradesh,Jabalpur,482001,45,4.858300092953799
2025-09-09,Madhya Pradesh,Jabalpur,483225,33,3.4245445889338533
2025-09-09,Madhya Pradesh,Khargone,451331,42,4.499861216948813
2025-09-09,Madhya Pradesh,Khargone,451332,39,4.141422340943826
2025-09-09,Madhya Pradesh,Khargone,451441,33,3.4245445889338533
2025-09-09,Madhya Pradesh,Satna,485001,41,4.380381591613817
2025-09-09,Madhya Pradesh,Shivpuri,473551,42,4.499861216948813
2025-09-09,Madhya Pradesh,Ujjain,456224,41,4.380381591613817
2025-09-09,West Bengal,Uttar Dinajpur,733207,95,10.832281359703574
2025-09-09,Assam,Nagaon,782003,37,3.9024630902738355
2025-09-09,Bihar,Banka,813106,33,3.4245445889338533
2025-09-09,Bihar,Katihar,854317,62,6.889453723648723
2025-09-09,Bihar,Kishanganj,855101,35,3.663503839603844
2025-09-09,Bihar,Kishanganj,855117,33,3.4245445889338533
2025-09-09,Bihar,Saharsa,852127,31,3.1855853382638624
2025-09-09,Bihar,Sitamarhi,843332,58,6.411535222308741
2025-09-09,Bihar,West Champaran,845449,40,4.260901966278822
2025-09-09,Chhattisgarh,Balrampur,497225,44,4.738820467618804
2025-09-09,Delhi,West Delhi,110059,64,7.128412974318714
2025-09-09,Gujarat,Surat,394210,44,4.738820467618804
2025-09-09,Haryana,Mewat,122508,35,3.663503839603844
2025-09-09,Uttar Pradesh,Aligarh,202001,64,7.128412974318714
2025-09-09,Uttar Pradesh,Bahraich,271903,31,3.1855853382638624
2025-09-09,Uttar Pradesh,Bulandshahr,203131,35,3.663503839603844
2025-09-09,Uttar Pradesh,Chandauli,232101,34,3.5440242142688487
2025-09-09,Uttar Pradesh,Chandauli,232103,34,3.5440242142688487
2025-09-09,Uttar Pradesh,Etawah,206242,35,3.663503839603844
2025-09-09,Uttar Pradesh,Firozabad,283204,33,3.4245445889338533
2025-09-09,Uttar Pradesh,Gautam Buddha Nagar,201301,37,3.9024630902738355
2025-09-09,Uttar Pradesh,Kannauj,209721,31,3.1855853382638624
2025-09-09,Uttar Pradesh,Kheri,261502,32,3.305064963598858
2025-09-09,Uttar Pradesh,Kheri,262802,41,4.380381591613817
2025-09-09,Uttar Pradesh,Kheri,262804,65,7.247892599653709
2025-09-09,Uttar Pradesh,Meerut,250344,33,3.4245445889338533
2025-09-09,Uttar Pradesh,Rampur,244901,41,4.380381591613817
2025-09-09,Uttar Pradesh,Sitapur,261203,36,3.7829834649388396
2025-09-09,Uttar Pradesh,Sitapur,261303,33,3.4245445889338533
2025-09-09,Uttar Pradesh,Varanasi,221001,51,5.575177844963772
2025-09-09,Uttarakhand,Tehri Garhwal,249132,31,3.1855853382638624
2025-09-09,Maharashtra,Thane,421302,76,8.56216847833866
2025-09-09,Meghalaya,West Jaintia Hills,793150,33,3.4245445889338533
2025-09-09,Meghalaya,West Khasi Hills,793119,56,6.17257597163875
2025-09-09,Odisha,Malkangiri,764043,32,3.305064963598858
2025-09-09,Rajasthan,Baran,325216,51,5.575177844963772
2025-09-09,Rajasthan,Bikaner,334001,37,3.9024630902738355
2025-09-09,Rajasthan,Dholpur,328001,31,3.1855853382638624
2025-09-09,Rajasthan,Jodhpur,342301,31,3.1855853382638624
2025-09-09,Jharkhand,Garhwa,822114,46,4.977779718288795
2025-09-09,Jharkhand,Sahebganj,816108,55,6.053096346303755
2025-09-09,Madhya Pradesh,Ashok Nagar,473330,37,3.9024630902738355
2025-09-09,Madhya Pradesh,Dhar,454001,30,3.066105712928867
2025-09-09,Madhya Pradesh,Guna,473101,32,3.305064963598858
2025-09-09,Madhya Pradesh,Indore,453551,39,4.141422340943826
2025-09-09,Madhya Pradesh,Katni,483442,30,3.066105712928867
2025-09-09,Madhya Pradesh,Panna,488220,52,5.694657470298767
2025-09-09,Madhya Pradesh,Panna,488442,38,4.021942715608831
2025-09-09,Madhya Pradesh,Raisen,464551,30,3.066105712928867
2025-09-09,West Bengal,South 24 Parganas,743329,37,3.9024630902738355
2025-09-09,West Bengal,Uttar Dinajpur,733202,74,8.323209227668668
2025-09-09,Uttar Pradesh,Ghaziabad,201102,47,5.09725934362379
2025-09-09,Uttar Pradesh,Kanpur Nagar,208001,36,3.7829834649388396
2025-09-09,Uttar Pradesh,Kanpur Nagar,209202,39,4.141422340943826
2025-09-09,Uttar Pradesh,Maharajganj,273163,34,3.5440242142688487
2025-09-09,Uttar Pradesh,Mainpuri,205263,30,3.066105712928867
2025-09-09,Uttar Pradesh,Mathura,281403,39,4.141422340943826
2025-09-09,Uttar Pradesh,Meerut,250002,64,7.128412974318714
2025-09-09,Uttar Pradesh,Pilibhit,262122,62,6.889453723648723
2025-09-09,Uttar Pradesh,Sambhal,202412,30,3.066105712928867
2025-09-09,Uttar Pradesh,Unnao,241504,32,3.305064963598858
2025-09-09,West Bengal,Malda,732125,34,3.5440242142688487
2025-09-09,West Bengal,Murshidabad,742135,30,3.066105712928867
2025-09-09,Madhya Pradesh,Ashok Nagar,473331,32,3.305064963598858
2025-09-09,Madhya Pradesh,Ashok Nagar,473443,35,3.663503839603844
2025-09-09,Madhya Pradesh,Bhopal,462030,33,3.4245445889338533
2025-09-09,Madhya Pradesh,Guna,473105,56,6.17257597163875
2025-09-09,Madhya Pradesh,Morena,476229,39,4.141422340943826
2025-09-09,Madhya Pradesh,Panna,488001,60,6.650494472978732
2025-09-09,Madhya Pradesh,Panna,488446,42,4.499861216948813
2025-09-09,Madhya Pradesh,Seoni,480661,32,3.305064963598858
2025-09-09,Madhya Pradesh,Sidhi,486661,73,8.203729602333674
2025-09-09,Madhya Pradesh,Ujjain,456222,49,5.336218594293781
2025-09-09,Madhya Pradesh,Umaria,484660,30,3.066105712928867
2025-09-09,Madhya Pradesh,Vidisha,464228,49,5.336218594293781
2025-09-09,Odisha,Malkangiri,764047,35,3.663503839603844
2025-09-09,Punjab,Amritsar,143001,33,3.4245445889338533
2025-09-09,Assam,Nagaon,782124,48,5.2167389689587855
2025-09-09,Rajasthan,Bharatpur,321404,31,3.1855853382638624
2025-09-09,Rajasthan,Nagaur,341303,35,3.663503839603844
2025-09-09,Rajasthan,Pali,306401,38,4.021942715608831
2025-09-09,Rajasthan,Sawai Madhopur,322201,47,5.09725934362379
2025-09-09,Rajasthan,Tonk,304001,34,3.5440242142688487
2025-09-09,Tamil Nadu,Tiruchirappalli,620001,43,4.619340842283808
2025-09-09,Tamil Nadu,Tiruchirappalli,621209,38,4.021942715608831
2025-09-09,Telangana,Hyderabad,500053,40,4.260901966278822
2025-09-09,Uttar Pradesh,Banda,210001,43,4.619340842283808
2025-09-09,Uttar Pradesh,Bara Banki,225305,31,3.1855853382638624
2025-09-09,Uttar Pradesh,Budaun,243601,45,4.858300092953799
2025-09-09,Bihar,East Champaran,845437,31,3.1855853382638624
2025-09-09,Bihar,Katihar,855113,30,3.066105712928867
2025-09-09,Bihar,Khagaria,848203,37,3.9024630902738355
2025-09-09,Bihar,Nawada,805123,30,3.066105712928867
2025-09-09,Haryana,Palwal,121102,35,3.663503839603844
2025-09-09,Karnataka,Gadag,582118,32,3.305064963598858
2025-09-09,Uttar Pradesh,Etah,207001,38,4.021942715608831
2025-09-09,Uttar Pradesh,Farrukhabad,209743,32,3.305064963598858
2025-09-09,Uttar Pradesh,Firozabad,283203,63,7.008933348983718
2025-09-09,Uttar Pradesh,Ghaziabad,201001,35,3.663503839603844
2025-09-09,Uttar Pradesh,Hathras,204101,50,5.455698219628776
2025-09-09,Uttar Pradesh,Mainpuri,205001,43,4.619340842283808
2025-09-09,Uttar Pradesh,Meerut,250401,30,3.066105712928867
2025-09-09,Uttar Pradesh,Mirzapur,231303,32,3.305064963598858
2025-09-09,Uttar Pradesh,Moradabad,202411,35,3.663503839603844
2025-09-09,Uttar Pradesh,Pilibhit,262001,51,5.575177844963772
2025-09-09,Uttar Pradesh,Pilibhit,262201,41,4.380381591613817
2025-09-09,Uttar Pradesh,Saharanpur,247001,69,7.725811100993691
2025-09-09,Uttar Pradesh,Sant Kabir Nagar,272175,37,3.9024630902738355
2025-09-09,Uttar Pradesh,Siddharthnagar,272153,52,5.694657470298767
2025-09-09,Uttar Pradesh,Siddharthnagar,272202,63,7.008933348983718
2025-09-09,West Bengal,Jalpaiguri,736204,34,3.5440242142688487
2025-09-09,West Bengal,Murshidabad,742213,34,3.5440242142688487
2025-09-09,West Bengal,Paschim Medinipur,721127,35,3.663503839603844
2025-09-09,West Bengal,Puruliya,723152,31,3.1855853382638624
2025-09-09,West Bengal,South 24 Parganas,743502,35,3.663503839603844
2025-09-09,West Bengal,Uttar Dinajpur,733208,44,4.738820467618804
2025-09-09,Odisha,Nabarangapur,764072,36,3.7829834649388396
2025-09-09,Rajasthan,Ajmer,305901,31,3.1855853382638624
2025-09-09,Rajasthan,Bharatpur,321001,41,4.380381591613817
2025-09-09,Rajasthan,Bharatpur,321022,36,3.7829834649388396
2025-09-09,Rajasthan,Dholpur,328024,34,3.5440242142688487
2025-09-09,Rajasthan,Jodhpur,342001,61,6.769974098313727
2025-09-09,Uttar Pradesh,Bahraich,271851,35,3.663503839603844
2025-09-09,Uttar Pradesh,Bahraich,271855,80,9.040086979678641
2025-09-09,Bihar,Araria,854311,45,4.858300092953799
2025-09-09,Bihar,Darbhanga,847203,41,4.380381591613817
2025-09-09,Bihar,Darbhanga,848213,32,3.305064963598858
2025-09-09,Bihar,Katihar,855102,30,3.066105712928867
2025-09-09,Bihar,Madhepura,852210,45,4.858300092953799
2025-09-09,Bihar,Purnia,854315,57,6.2920555969737455
2025-09-09,Bihar,Samastipur,848210,30,3.066105712928867
2025-09-09,Bihar,Sheohar,843329,31,3.1855853382638624
2025-09-09,Bihar,Siwan,841226,40,4.260901966278822
2025-09-09,Bihar,West Champaran,845438,46,4.977779718288795
2025-09-09,Haryana,Kaithal,136027,31,3.1855853382638624
2025-09-09,Haryana,Panipat,132103,34,3.5440242142688487
2025-09-09,Jharkhand,Deoghar,815353,44,4.738820467618804
2025-09-09,Jharkhand,Lohardaga,835302,35,3.663503839603844
2025-09-09,Jharkhand,Pakur,816107,50,5.455698219628776
2025-09-09,Madhya Pradesh,Chhatarpur,471313,30,3.066105712928867
2025-09-09,Madhya Pradesh,Dewas,455118,35,3.663503839603844
2025-09-09,Madhya Pradesh,Guna,473001,58,6.411535222308741
2025-09-09,Madhya Pradesh,Hoshangabad,461990,47,5.09725934362379
2025-09-09,Madhya Pradesh,Indore,452001,32,3.305064963598858
2025-09-09,Madhya Pradesh,Jhabua,457661,83,9.398525855683628
2025-09-09,Madhya Pradesh,Jhabua,457770,54,5.933616720968759
2025-09-09,Madhya Pradesh,Katni,483440,39,4.141422340943826
2025-09-09,Madhya Pradesh,Morena,476001,55,6.053096346303755
2025-09-09,Madhya Pradesh,Neemuch,458441,46,4.977779718288795
2025-09-09,Madhya Pradesh,Shivpuri,473995,41,4.380381591613817
2025-09-09,Maharashtra,Nandurbar,425414,46,4.977779718288795
2025-09-09,Maharashtra,Nashik,423203,49,5.336218594293781
2025-09-09,Meghalaya,East Khasi Hills,793121,47,5.09725934362379
2025-09-09,Maharashtra,Thane,400612,37,3.9024630902738355
2025-09-09,Rajasthan,Bharatpur,321203,32,3.305064963598858
2025-09-09,Rajasthan,Bhilwara,311301,31,3.1855853382638624
2025-09-09,Rajasthan,Churu,331023,31,3.1855853382638624
2025-09-09,Telangana,Mahabubnagar,509001,31,3.1855853382638624
2025-09-09,Uttar Pradesh,Bahraich,271801,33,3.4245445889338533
2025-09-09,Uttar Pradesh,Bahraich,271825,35,3.663503839603844
2025-09-09,Uttar Pradesh,Bahraich,271830,42,4.499861216948813
2025-09-09,Uttar Pradesh,Bareilly,243505,37,3.9024630902738355
2025-09-09,Uttar Pradesh,Bijnor,246761,30,3.066105712928867
2025-09-09,Uttar Pradesh,Hapur,245101,42,4.499861216948813
2025-09-09,Uttar Pradesh,Maharajganj,273164,34,3.5440242142688487
2025-09-09,Uttar Pradesh,Mirzapur,231001,63,7.008933348983718
2025-09-09,Uttar Pradesh,Moradabad,244001,86,9.756964731688614
2025-09-09,Uttar Pradesh,Muzaffarnagar,251002,30,3.066105712928867
2025-09-09,Uttar Pradesh,Rampur,244922,31,3.1855853382638624
2025-09-09,Uttar Pradesh,Sambhal,244302,36,3.7829834649388396
2025-09-09,Uttar Pradesh,Shahjahanpur,242001,58,6.411535222308741
2025-09-09,Uttar Pradesh,Sitapur,261001,32,3.305064963598858
2025-09-09,Uttar Pradesh,Sitapur,261205,33,3.4245445889338533
2025-09-09,West Bengal,Howrah,711315,54,5.933616720968759
2025-09-09,West Bengal,Howrah,711316,32,3.305064963598858
2025-09-09,West Bengal,Murshidabad,742202,114,13.102394241068488
2025-09-09,West Bengal,Puruliya,723143,31,3.1855853382638624
2025-09-09,West Bengal,Uttar Dinajpur,733210,39,4.141422340943826
2025-09-09,Assam,Barpeta,781308,33,3.4245445889338533
2025-09-09,Assam,Barpeta,781319,31,3.1855853382638624
2025-09-09,Assam,Dhubri,783348,31,3.1855853382638624
2025-09-09,Bihar,Gaya,823003,30,3.066105712928867
2025-09-09,Bihar,Kishanganj,855107,42,4.499861216948813
2025-09-09,Bihar,Samastipur,848117,30,3.066105712928867
2025-09-09,Bihar,Vaishali,844122,31,3.1855853382638624
2025-09-09,Chhattisgarh,Bilaspur,495224,33,3.4245445889338533
2025-09-09,Delhi,North East Delhi,110094,54,5.933616720968759
2025-09-09,Delhi,West Delhi,110041,51,5.575177844963772
2025-09-09,Gujarat,Surat,395010,33,3.4245445889338533
2025-09-09,Gujarat,Valsad,396065,34,3.5440242142688487
2025-09-09,Haryana,Faridabad,121004,32,3.305064963598858
2025-09-09,Haryana,Gurgaon,122001,33,3.4245445889338533
2025-09-09,Jharkhand,West Singhbhum,833214,39,4.141422340943826
2025-09-09,Karnataka,Ramanagar,562120,40,4.260901966278822
2025-09-09,Madhya Pradesh,Bhind,477001,30,3.066105712928867
2025-09-09,Madhya Pradesh,Burhanpur,450331,38,4.021942715608831
2025-09-09,Madhya Pradesh,Datia,475661,61,6.769974098313727
2025-09-09,Madhya Pradesh,Dhar,454331,30,3.066105712928867
2025-09-09,Madhya Pradesh,Indore,452010,33,3.4245445889338533
2025-09-09,Madhya Pradesh,Jhabua,457777,40,4.260901966278822
2025-09-09,Madhya Pradesh,Jhabua,457779,30,3.066105712928867
2025-09-09,Madhya Pradesh,Katni,483501,44,4.738820467618804
2025-09-09,Madhya Pradesh,Khargone,451001,40,4.260901966278822
2025-09-09,Madhya Pradesh,Satna,485226,33,3.4245445889338533
2025-09-09,Madhya Pradesh,Singrauli,486886,56,6.17257597163875
2025-09-09,Madhya Pradesh,Umaria,484661,66,7.367372224988705
2025-09-09,Madhya Pradesh,Vidisha,464111,34,3.5440242142688487
2025-09-09,Madhya Pradesh,Vidisha,464114,38,4.021942715608831
2025-09-09,Maharashtra,Aurangabad,431001,69,7.725811100993691
2025-09-10,Bihar,Nalanda,803101,44,4.738820467618804
2025-09-10,Bihar,Sitamarhi,843302,41,4.380381591613817
2025-09-10,Bihar,West Champaran,845438,53,5.814137095633764
2025-09-10,Delhi,South West Delhi,110043,36,3.7829834649388396
2025-09-10,Delhi,West Delhi,110059,41,4.380381591613817
2025-09-10,Gujarat,Surat,395004,39,4.141422340943826
2025-09-10,Gujarat,Surat,395006,30,3.066105712928867
2025-09-10,Gujarat,Surat,395010,37,3.9024630902738355
2025-09-10,Haryana,Faridabad,121004,51,5.575177844963772
2025-09-10,Manipur,Churachandpur,795128,37,3.9024630902738355
2025-09-10,Odisha,Malkangiri,764047,45,4.858300092953799
2025-09-10,Rajasthan,Ajmer,305001,30,3.066105712928867
2025-09-10,Rajasthan,Barmer,344001,45,4.858300092953799
2025-09-10,Rajasthan,Barmer,344033,30,3.066105712928867
2025-09-10,Rajasthan,Barmer,344704,49,5.336218594293781
2025-09-10,Rajasthan,Bharatpur,321022,32,3.305064963598858
2025-09-10,Rajasthan,Dholpur,328001,31,3.1855853382638624
2025-09-10,Rajasthan,Jalor,307803,30,3.066105712928867
2025-09-10,Rajasthan,Pali,306401,37,3.9024630902738355
2025-09-10,Jharkhand,Garhwa,822114,49,5.336218594293781
2025-09-10,Jharkhand,Giridih,825108,37,3.9024630902738355
2025-09-10,Madhya Pradesh,Ashok Nagar,473335,36,3.7829834649388396
2025-09-10,Madhya Pradesh,Chhindwara,480331,33,3.4245445889338533
2025-09-10,Madhya Pradesh,Jhabua,457661,84,9.518005481018623
2025-09-10,Madhya Pradesh,Jhabua,457775,65,7.247892599653709
2025-09-10,Madhya Pradesh,Panna,488220,35,3.663503839603844
2025-09-10,Madhya Pradesh,Panna,488448,31,3.1855853382638624
2025-09-10,Madhya Pradesh,Ujjain,456335,39,4.141422340943826
2025-09-10,Madhya Pradesh,Ujjain,456776,52,5.694657470298767
2025-09-10,Maharashtra,Aurangabad,431001,77,8.681648103673655
2025-09-10,Uttar Pradesh,Bahraich,271830,35,3.663503839603844
2025-09-10,Uttar Pradesh,Bahraich,271855,79,8.920607354343646
2025-09-10,Uttar Pradesh,Budaun,243641,44,4.738820467618804
2025-09-10,Uttar Pradesh,Bulandshahr,203001,38,4.021942715608831
2025-09-10,Uttar Pradesh,Ghaziabad,201102,45,4.858300092953799
2025-09-10,Uttar Pradesh,Jhansi,284204,34,3.5440242142688487
2025-09-10,Uttar Pradesh,Kheri,261505,39,4.141422340943826
2025-09-10,Uttar Pradesh,Mirzapur,231001,45,4.858300092953799
2025-09-10,Uttar Pradesh,Sambhal,244302,47,5.09725934362379
2025-09-10,Uttarakhand,Udham Singh Nagar,244713,32,3.305064963598858
2025-09-10,West Bengal,Malda,732201,46,4.977779718288795
2025-09-10,West Bengal,Murshidabad,742213,30,3.066105712928867
2025-09-10,West Bengal,Uttar Dinajpur,733202,66,7.367372224988705
2025-09-10,Rajasthan,Barmer,344032,30,3.066105712928867
2025-09-10,Rajasthan,Barmer,344702,45,4.858300092953799
2025-09-10,Rajasthan,Dungarpur,314030,32,3.305064963598858
2025-09-10,Rajasthan,Jhalawar,326034,31,3.1855853382638624
2025-09-10,Rajasthan,Udaipur,307025,34,3.5440242142688487
2025-09-10,Assam,Marigaon,782105,31,3.1855853382638624
2025-09-10,Bihar,East Champaran,845302,31,3.1855853382638624
2025-09-10,Bihar,East Champaran,845418,32,3.305064963598858
2025-09-10,Bihar,Gaya,824201,37,3.9024630902738355
2025-09-10,Bihar,Jamui,811303,30,3.066105712928867
2025-09-10,Bihar,Kishanganj,855107,36,3.7829834649388396
2025-09-10,Bihar,Kishanganj,855117,37,3.9024630902738355
2025-09-10,Delhi,West Delhi,110041,35,3.663503839603844
2025-09-10,Haryana,Panipat,132103,40,4.260901966278822
2025-09-10,Uttar Pradesh,Agra,282006,33,3.4245445889338533
2025-09-10,Uttar Pradesh,Bahraich,271865,53,5.814137095633764
2025-09-10,Uttar Pradesh,Bijnor,246761,31,3.1855853382638624
2025-09-10,Uttar Pradesh,Budaun,243601,43,4.619340842283808
2025-09-10,Uttar Pradesh,Gautam Buddha Nagar,201301,46,4.977779718288795
2025-09-10,Uttar Pradesh,Hathras,204101,31,3.1855853382638624
2025-09-10,Uttar Pradesh,Kaushambi,212217,30,3.066105712928867
2025-09-10,Uttar Pradesh,Kheri,262804,36,3.7829834649388396
2025-09-10,Uttar Pradesh,Mainpuri,205001,31,3.1855853382638624
2025-09-10,Uttar Pradesh,Pilibhit,262001,57,6.2920555969737455
2025-09-10,Uttar Pradesh,Pilibhit,262122,36,3.7829834649388396
2025-09-10,Uttar Pradesh,Rampur,244901,67,7.4868518503237
2025-09-10,Uttar Pradesh,Saharanpur,247001,53,5.814137095633764
2025-09-10,Uttar Pradesh,Shahjahanpur,242001,62,6.889453723648723
2025-09-10,Uttar Pradesh,Shahjahanpur,242127,31,3.1855853382638624
2025-09-10,Uttar Pradesh,Siddharthnagar,272153,41,4.380381591613817
2025-09-10,Uttar Pradesh,Siddharthnagar,272206,38,4.021942715608831
2025-09-10,Uttar Pradesh,Sitapur,261135,43,4.619340842283808
2025-09-10,Uttar Pradesh,Sitapur,261203,57,6.2920555969737455
2025-09-10,Uttar Pradesh,Sitapur,261204,30,3.066105712928867
2025-09-10,Uttar Pradesh,Sitapur,261205,42,4.499861216948813
2025-09-10,Uttar Pradesh,Unnao,241504,36,3.7829834649388396
2025-09-10,Uttarakhand,Dehradun,248001,43,4.619340842283808
2025-09-10,Uttarakhand,Udham Singh Nagar,262308,33,3.4245445889338533
2025-09-10,West Bengal,Howrah,711303,30,3.066105712928867
2025-09-10,West Bengal,South 24 Parganas,743338,33,3.4245445889338533
2025-09-10,Jharkhand,Sahebganj,816108,57,6.2920555969737455
2025-09-10,Madhya Pradesh,Ashok Nagar,473446,36,3.7829834649388396
2025-09-10,Madhya Pradesh,Barwani,451666,110,12.624475739728506
2025-09-10,Madhya Pradesh,Bhopal,462001,31,3.1855853382638624
2025-09-10,Madhya Pradesh,Guna,473001,79,8.920607354343646
2025-09-10,Madhya Pradesh,Harda,461331,30,3.066105712928867
2025-09-10,Madhya Pradesh,Indore,452001,41,4.380381591613817
2025-09-10,Madhya Pradesh,Katni,483501,46,4.977779718288795
2025-09-10,Madhya Pradesh,Umaria,484661,38,4.021942715608831
2025-09-10,Madhya Pradesh,Vidisha,464221,34,3.5440242142688487
2025-09-10,Assam,Dhubri,783334,32,3.305064963598858
2025-09-10,Bihar,Bhagalpur,813108,35,3.663503839603844
2025-09-10,Bihar,Darbhanga,847203,41,4.380381591613817
2025-09-10,Bihar,Kishanganj,855101,35,3.663503839603844
2025-09-10,Bihar,West Champaran,845449,34,3.5440242142688487
2025-09-10,Bihar,West Champaran,845455,32,3.305064963598858
2025-09-10,Chhattisgarh,Kondagaon,494226,39,4.141422340943826
2025-09-10,Delhi,North East Delhi,110094,39,4.141422340943826
2025-09-10,Gujarat,Banaskantha,385535,31,3.1855853382638624
2025-09-10,Gujarat,Patan,384265,46,4.977779718288795
2025-09-10,Haryana,Mewat,122508,31,3.1855853382638624
2025-09-10,Jharkhand,Palamu,822110,31,3.1855853382638624
2025-09-10,Jharkhand,West Singhbhum,833104,35,3.663503839603844
2025-09-10,Karnataka,Ramanagar,562127,42,4.499861216948813
2025-09-10,Rajasthan,Jodhpur,342001,32,3.305064963598858
2025-09-10,Rajasthan,Nagaur,341001,45,4.858300092953799
2025-09-10,Rajasthan,Tonk,304001,30,3.066105712928867
2025-09-10,Tamil Nadu,Namakkal,637505,52,5.694657470298767
2025-09-10,Uttar Pradesh,Agra,282001,47,5.09725934362379
2025-09-10,Uttar Pradesh,Aligarh,202001,72,8.084249976998677
2025-09-10,Uttar Pradesh,Amroha,244221,36,3.7829834649388396
2025-09-10,Uttar Pradesh,Baghpat,250611,30,3.066105712928867
2025-09-10,Uttar Pradesh,Bahraich,271801,40,4.260901966278822
2025-09-10,Uttar Pradesh,Bareilly,243201,34,3.5440242142688487
2025-09-10,Uttar Pradesh,Bareilly,243503,36,3.7829834649388396
2025-09-10,Uttar Pradesh,Firozabad,283203,54,5.933616720968759
2025-09-10,Uttar Pradesh,Kannauj,209721,42,4.499861216948813
2025-09-10,Uttar Pradesh,Kheri,261502,36,3.7829834649388396
2025-09-10,Uttar Pradesh,Meerut,250002,64,7.128412974318714
2025-09-10,Uttar Pradesh,Moradabad,244001,102,11.668638737048543
2025-09-10,Uttar Pradesh,Sambhal,202412,41,4.380381591613817
2025-09-10,Uttar Pradesh,Sambhal,202522,42,4.499861216948813
2025-09-10,Uttar Pradesh,Shrawasti,271831,34,3.5440242142688487
2025-09-10,Uttar Pradesh,Unnao,209801,34,3.5440242142688487
2025-09-10,Madhya Pradesh,Alirajpur,457990,30,3.066105712928867
2025-09-10,Madhya Pradesh,Ashok Nagar,473443,40,4.260901966278822
2025-09-10,Madhya Pradesh,Datia,475661,56,6.17257597163875
2025-09-10,Madhya Pradesh,Dhar,454446,33,3.4245445889338533
2025-09-10,Madhya Pradesh,Gwalior,474001,32,3.305064963598858
2025-09-10,Madhya Pradesh,Morena,476229,31,3.1855853382638624
2025-09-10,Madhya Pradesh,Narsinghpur,487118,36,3.7829834649388396
2025-09-10,Madhya Pradesh,Panna,488001,31,3.1855853382638624
2025-09-10,Madhya Pradesh,Satna,485001,40,4.260901966278822
2025-09-10,Madhya Pradesh,Shajapur,465337,38,4.021942715608831
2025-09-10,Madhya Pradesh,Shivpuri,473551,30,3.066105712928867
2025-09-10,Madhya Pradesh,Ujjain,456224,39,4.141422340943826
2025-09-10,Maharashtra,Nashik,423203,43,4.619340842283808
2025-09-10,Meghalaya,East Khasi Hills,793121,33,3.4245445889338533
2025-09-10,Punjab,Ludhiana,141001,30,3.066105712928867
2025-09-10,Rajasthan,Ajmer,305901,43,4.619340842283808
2025-09-10,Rajasthan,Alwar,301001,51,5.575177844963772
2025-09-10,Rajasthan,Banswara,327001,32,3.305064963598858
2025-09-10,Rajasthan,Baran,325220,30,3.066105712928867
2025-09-10,Rajasthan,Bharatpur,321001,40,4.260901966278822
2025-09-10,Rajasthan,Jalor,343030,31,3.1855853382638624
2025-09-10,Rajasthan,Jalor,343041,45,4.858300092953799
2025-09-10,Rajasthan,Jalor,343042,31,3.1855853382638624
2025-09-10,West Bengal,Murshidabad,742201,38,4.021942715608831
2025-09-10,Assam,Goalpara,783129,44,4.738820467618804
2025-09-10,Assam,Karimganj,788728,30,3.066105712928867
2025-09-10,Assam,Nagaon,782140,41,4.380381591613817
2025-09-10,Bihar,Banka,813101,31,3.1855853382638624
2025-09-10,Bihar,Begusarai,851211,33,3.4245445889338533
2025-09-10,Bihar,Nawada,805107,35,3.663503839603844
2025-09-10,Bihar,Purnia,854315,52,5.694657470298767
2025-09-10,Chhattisgarh,Balrampur,497225,35,3.663503839603844
2025-09-10,Delhi,South Delhi,110062,31,3.1855853382638624
2025-09-10,Haryana,Gurgaon,122001,36,3.7829834649388396
2025-09-10,Jharkhand,Dhanbad,828109,30,3.066105712928867
2025-09-10,Jharkhand,Pakur,816107,39,4.141422340943826
2025-09-10,Karnataka,Gadag,582113,32,3.305064963598858
2025-09-10,Rajasthan,Bikaner,334803,37,3.9024630902738355
2025-09-10,Rajasthan,Dholpur,328027,31,3.1855853382638624
2025-09-10,Rajasthan,Pratapgarh,312605,32,3.305064963598858
2025-09-10,Rajasthan,Sikar,332301,34,3.5440242142688487
2025-09-10,Uttar Pradesh,Agra,283111,30,3.066105712928867
2025-09-10,Uttar Pradesh,Bahraich,271881,31,3.1855853382638624
2025-09-10,Uttar Pradesh,Banda,210001,40,4.260901966278822
2025-09-10,Uttar Pradesh,Bulandshahr,203205,33,3.4245445889338533
2025-09-10,Uttar Pradesh,Ghaziabad,201001,39,4.141422340943826
2025-09-10,Uttar Pradesh,Hardoi,241001,41,4.380381591613817
2025-09-10,Uttar Pradesh,Kheri,262802,40,4.260901966278822
2025-09-10,Uttar Pradesh,Meerut,250001,41,4.380381591613817
2025-09-10,Uttar Pradesh,Mirzapur,231302,30,3.066105712928867
2025-09-10,Uttar Pradesh,Pilibhit,262201,36,3.7829834649388396
2025-09-10,Uttar Pradesh,Sitapur,261201,32,3.305064963598858
2025-09-10,Madhya Pradesh,Ashok Nagar,473330,41,4.380381591613817
2025-09-10,Madhya Pradesh,Ashok Nagar,473331,55,6.053096346303755
2025-09-10,Madhya Pradesh,Burhanpur,450331,51,5.575177844963772
2025-09-10,Madhya Pradesh,Datia,475335,33,3.4245445889338533
2025-09-10,Madhya Pradesh,Dhar,454001,32,3.305064963598858
2025-09-10,Madhya Pradesh,Gwalior,475110,43,4.619340842283808
2025-09-10,Madhya Pradesh,Katni,483440,40,4.260901966278822
2025-09-10,Madhya Pradesh,Khargone,451441,35,3.663503839603844
2025-09-10,Madhya Pradesh,Sidhi,486661,36,3.7829834649388396
2025-09-10,Madhya Pradesh,Singrauli,486881,32,3.305064963598858
2025-09-10,Madhya Pradesh,Vidisha,464224,37,3.9024630902738355
2025-09-10,Madhya Pradesh,Vidisha,464228,73,8.203729602333674
2025-09-10,Maharashtra,Jalna,431203,34,3.5440242142688487
2025-09-10,Maharashtra,Latur,413517,35,3.663503839603844
2025-09-10,Maharashtra,Nandurbar,425414,35,3.663503839603844
2025-09-10,Maharashtra,Thane,400612,34,3.5440242142688487
2025-09-10,Maharashtra,Thane,421301,49,5.336218594293781
2025-09-10,Odisha,Malkangiri,764045,46,4.977779718288795
2025-09-10,Rajasthan,Baran,325216,39,4.141422340943826
2025-09-10,Rajasthan,Bhilwara,311404,45,4.858300092953799
2025-09-10,West Bengal,Nadia,741123,36,3.7829834649388396
2025-09-10,West Bengal,South 24 Parganas,743502,40,4.260901966278822
2025-09-10,West Bengal,Uttar Dinajpur,733207,86,9.756964731688614
2025-09-10,West Bengal,Uttar Dinajpur,733208,54,5.933616720968759
2025-09-10,Assam,Karbi Anglong,782461,40,4.260901966278822
2025-09-10,Assam,Nagaon,782124,52,5.694657470298767
2025-09-10,Assam,Nagaon,782125,30,3.066105712928867
2025-09-10,Bihar,Araria,854311,54,5.933616720968759
2025-09-10,Bihar,East Champaran,845401,43,4.619340842283808
2025-09-10,Bihar,Katihar,855113,49,5.336218594293781
2025-09-10,Bihar,West Champaran,845451,30,3.066105712928867
2025-09-10,Delhi,North West Delhi,110042,31,3.1855853382638624
2025-09-10,Delhi,North West Delhi,110086,43,4.619340842283808
2025-09-10,Gujarat,Panchmahals,389001,30,3.066105712928867
2025-09-10,Gujarat,Surat,394210,53,5.814137095633764
2025-09-10,Jharkhand,Deoghar,815353,58,6.411535222308741
2025-09-10,Jharkhand,Koderma,825409,42,4.499861216948813
2025-09-10,Jharkhand,West Singhbhum,833102,34,3.5440242142688487
2025-09-10,Madhya Pradesh,Barwani,451551,57,6.2920555969737455
2025-09-10,Madhya Pradesh,Dewas,455001,39,4.141422340943826
2025-09-10,Madhya Pradesh,Gwalior,474006,35,3.663503839603844
2025-09-10,Madhya Pradesh,Hoshangabad,461990,40,4.260901966278822
2025-09-10,Madhya Pradesh,Morena,476001,56,6.17257597163875
2025-09-10,Madhya Pradesh,Rajgarh,465674,35,3.663503839603844
2025-09-10,Madhya Pradesh,Ratlam,457001,65,7.247892599653709
2025-09-10,Madhya Pradesh,Ujjain,456006,39,4.141422340943826
2025-09-10,Madhya Pradesh,Vidisha,464001,30,3.066105712928867
2025-09-10,Maharashtra,Thane,421302,70,7.845290726328686
2025-09-10,Odisha,Nabarangapur,764071,40,4.260901966278822
2025-09-10,Rajasthan,Barmer,344701,30,3.066105712928867
2025-09-10,Rajasthan,Bikaner,334001,44,4.738820467618804
2025-09-10,Rajasthan,Jodhpur,342601,36,3.7829834649388396
2025-09-10,Uttar Pradesh,Bahraich,271851,30,3.066105712928867
2025-09-10,Uttar Pradesh,Bulandshahr,203131,33,3.4245445889338533
2025-09-10,Uttar Pradesh,Etah,207001,33,3.4245445889338533
2025-09-10,Uttar Pradesh,Firozabad,283204,39,4.141422340943826
2025-09-10,Uttar Pradesh,Hapur,245101,39,4.141422340943826
2025-09-10,Uttar Pradesh,Kanpur Nagar,208001,31,3.1855853382638624
2025-09-10,Uttar Pradesh,Moradabad,244926,30,3.066105712928867
2025-09-10,Uttar Pradesh,Sitapur,261136,32,3.305064963598858
2025-09-10,West Bengal,Dakshin Dinajpur,733141,31,3.1855853382638624
2025-09-10,West Bengal,Murshidabad,742202,95,10.832281359703574
2025-09-10,West Bengal,Murshidabad,742224,31,3.1855853382638624
2025-09-10,West Bengal,Uttar Dinajpur,733210,132,15.253027497098406
2025-09-11,Rajasthan,Banswara,327801,30,3.066105712928867
2025-09-11,Rajasthan,Jodhpur,342001,39,4.141422340943826
2025-09-11,Rajasthan,Nagaur,341001,38,4.021942715608831
2025-09-11,Uttar Pradesh,Budaun,243601,43,4.619340842283808
2025-09-11,Uttar Pradesh,Ghazipur,233227,37,3.9024630902738355
2025-09-11,Uttar Pradesh,Mainpuri,205001,36,3.7829834649388396
2025-09-11,Uttar Pradesh,Mirzapur,231001,32,3.305064963598858
2025-09-11,Uttar Pradesh,Rampur,244901,63,7.008933348983718
2025-09-11,Uttar Pradesh,Sitapur,261001,37,3.9024630902738355
2025-09-11,Uttar Pradesh,Sitapur,261201,32,3.305064963598858
2025-09-11,Uttarakhand,Dehradun,248001,30,3.066105712928867
2025-09-11,West Bengal,Murshidabad,742304,35,3.663503839603844
2025-09-11,Karnataka,Gadag,582118,34,3.5440242142688487
2025-09-11,Madhya Pradesh,Damoh,470880,30,3.066105712928867
2025-09-11,Madhya Pradesh,Guna,473001,62,6.889453723648723
2025-09-11,Madhya Pradesh,Guna,473287,32,3.305064963598858
2025-09-11,Madhya Pradesh,Umaria,484660,31,3.1855853382638624
2025-09-11,Meghalaya,West Khasi Hills,793119,44,4.738820467618804
2025-09-11,Bihar,Araria,854318,69,7.725811100993691
2025-09-11,Bihar,Kishanganj,855101,32,3.305064963598858
2025-09-11,Bihar,Purnia,854304,39,4.141422340943826
2025-09-11,Delhi,West Delhi,110059,33,3.4245445889338533
2025-09-11,Gujarat,Banaskantha,385110,35,3.663503839603844
2025-09-11,Gujarat,Dahod,389151,31,3.1855853382638624
2025-09-11,Madhya Pradesh,Barwani,451551,33,3.4245445889338533
2025-09-11,Madhya Pradesh,Dhar,454001,33,3.4245445889338533
2025-09-11,Madhya Pradesh,Hoshangabad,461775,45,4.858300092953799
2025-09-11,Madhya Pradesh,Jabalpur,482001,32,3.305064963598858
2025-09-11,Madhya Pradesh,Vidisha,464228,34,3.5440242142688487
2025-09-11,Maharashtra,Thane,400612,44,4.738820467618804
2025-09-11,Assam,Barpeta,781314,32,3.305064963598858
2025-09-11,Bihar,Sitamarhi,843324,31,3.1855853382638624
2025-09-11,Delhi,North West Delhi,110086,38,4.021942715608831
2025-09-11,Gujarat,Banaskantha,385535,36,3.7829834649388396
2025-09-11,Gujarat,Surat,395010,45,4.858300092953799
2025-09-11,Gujarat,Surendra Nagar,363530,31,3.1855853382638624
2025-09-11,Gujarat,Tapi,394380,42,4.499861216948813
2025-09-11,Jharkhand,Sahebganj,816108,39,4.141422340943826
2025-09-11,Uttar Pradesh,Baghpat,250611,30,3.066105712928867
2025-09-11,Uttar Pradesh,Bahraich,271865,49,5.336218594293781
2025-09-11,Uttar Pradesh,Bareilly,243001,30,3.066105712928867
2025-09-11,Uttar Pradesh,Gautam Buddha Nagar,201301,42,4.499861216948813
2025-09-11,Uttar Pradesh,Kanpur Nagar,208001,41,4.380381591613817
2025-09-11,Uttar Pradesh,Moradabad,244001,65,7.247892599653709
2025-09-11,Uttar Pradesh,Pilibhit,262122,30,3.066105712928867
2025-09-11,Uttar Pradesh,Sitapur,261203,31,3.1855853382638624
2025-09-11,West Bengal,Murshidabad,742224,41,4.380381591613817
2025-09-11,West Bengal,North 24 Parganas,743423,33,3.4245445889338533
2025-09-11,West Bengal,Uttar Dinajpur,733207,73,8.203729602333674
2025-09-11,West Bengal,Uttar Dinajpur,733215,33,3.4245445889338533
2025-09-11,Rajasthan,Barmer,344001,30,3.066105712928867
2025-09-11,Rajasthan,Barmer,344033,30,3.066105712928867
2025-09-11,Rajasthan,Dungarpur,314030,31,3.1855853382638624
2025-09-11,Rajasthan,Jalor,343029,31,3.1855853382638624
2025-09-11,Rajasthan,Pali,306401,36,3.7829834649388396
2025-09-11,Uttar Pradesh,Aligarh,202001,43,4.619340842283808
2025-09-11,Uttar Pradesh,Agra,282001,46,4.977779718288795
2025-09-11,Uttar Pradesh,Bahraich,271855,60,6.650494472978732
2025-09-11,Uttar Pradesh,Bahraich,271902,35,3.663503839603844
2025-09-11,Uttar Pradesh,Fatehpur,212601,30,3.066105712928867
2025-09-11,Uttar Pradesh,Firozabad,283204,31,3.1855853382638624
2025-09-11,Uttar Pradesh,Ghaziabad,201001,47,5.09725934362379
2025-09-11,Uttar Pradesh,Maharajganj,273303,37,3.9024630902738355
2025-09-11,Uttar Pradesh,Meerut,250002,47,5.09725934362379
2025-09-11,Uttar Pradesh,Saharanpur,247001,38,4.021942715608831
2025-09-11,Uttarakhand,Udham Singh Nagar,244713,41,4.380381591613817
2025-09-11,West Bengal,Howrah,711303,34,3.5440242142688487
2025-09-11,West Bengal,Malda,732125,57,6.2920555969737455
2025-09-11,West Bengal,Puruliya,723121,38,4.021942715608831
2025-09-11,West Bengal,Puruliya,723152,30,3.066105712928867
2025-09-11,West Bengal,Uttar Dinajpur,733201,37,3.9024630902738355
2025-09-11,West Bengal,Uttar Dinajpur,733202,55,6.053096346303755
2025-09-11,Gujarat,Surat,394210,30,3.066105712928867
2025-09-11,Gujarat,Surendra Nagar,363310,35,3.663503839603844
2025-09-11,Madhya Pradesh,Bhopal,462030,35,3.663503839603844
2025-09-11,Madhya Pradesh,Burhanpur,450331,50,5.455698219628776
2025-09-11,Madhya Pradesh,Morena,476001,54,5.933616720968759
2025-09-11,Madhya Pradesh,Panna,488446,32,3.305064963598858
2025-09-11,Madhya Pradesh,Shivpuri,473551,38,4.021942715608831
2025-09-11,Maharashtra,Thane,421301,31,3.1855853382638624
2025-09-11,Punjab,Ludhiana,141008,33,3.4245445889338533
2025-09-11,Rajasthan,Banswara,327001,42,4.499861216948813
2025-09-11,Rajasthan,Barmer,344702,41,4.380381591613817
2025-09-11,Rajasthan,Barmer,344706,32,3.305064963598858
2025-09-11,Rajasthan,Jalor,343040,41,4.380381591613817
2025-09-11,Rajasthan,Jalor,343041,45,4.858300092953799
2025-09-11,Assam,Dhubri,783348,39,4.141422340943826
2025-09-11,Bihar,Araria,854311,46,4.977779718288795
2025-09-11,Bihar,Sitamarhi,843302,54,5.933616720968759
2025-09-11,West Bengal,Paschim Medinipur,721150,35,3.663503839603844
2025-09-11,West Bengal,South 24 Parganas,743399,30,3.066105712928867
2025-09-11,West Bengal,South 24 Parganas,743502,55,6.053096346303755
2025-09-11,West Bengal,Uttar Dinajpur,733208,33,3.4245445889338533
2025-09-11,Uttar Pradesh,Agra,282007,40,4.260901966278822
2025-09-11,Uttar Pradesh,Azamgarh,223227,36,3.7829834649388396
2025-09-11,Uttar Pradesh,Banda,210001,44,4.738820467618804
2025-09-11,Uttar Pradesh,Hapur,245101,43,4.619340842283808
2025-09-11,Uttar Pradesh,Kaushambi,212217,34,3.5440242142688487
2025-09-11,Uttar Pradesh,Lucknow,226003,36,3.7829834649388396
2025-09-11,Uttar Pradesh,Maharajganj,273163,30,3.066105712928867
2025-09-11,Uttar Pradesh,Meerut,250001,30,3.066105712928867
2025-09-11,Uttar Pradesh,Shamli,247774,32,3.305064963598858
2025-09-11,Uttar Pradesh,Unnao,209801,47,5.09725934362379
2025-09-11,West Bengal,Murshidabad,742202,55,6.053096346303755
2025-09-11,Gujarat,Gandhinagar,382721,31,3.1855853382638624
2025-09-11,Gujarat,Valsad,396065,40,4.260901966278822
2025-09-11,Haryana,Panipat,132103,41,4.380381591613817
2025-09-11,Jharkhand,Deoghar,815353,38,4.021942715608831
2025-09-11,Madhya Pradesh,Gwalior,475110,36,3.7829834649388396
2025-09-11,Madhya Pradesh,Jhabua,457661,77,8.681648103673655
2025-09-11,Madhya Pradesh,Katni,483501,39,4.141422340943826
2025-09-11,Madhya Pradesh,Morena,476224,31,3.1855853382638624
2025-09-11,Maharashtra,Aurangabad,431001,59,6.531014847643736
2025-09-11,Maharashtra,Dhule,425405,30,3.066105712928867
2025-09-11,Maharashtra,Thane,421302,60,6.650494472978732
2025-09-11,Odisha,Malkangiri,764045,52,5.694657470298767
2025-09-11,Odisha,Malkangiri,764047,42,4.499861216948813
2025-09-11,Rajasthan,Barmer,344704,39,4.141422340943826
2025-09-11,Rajasthan,Bharatpur,321022,30,3.066105712928867
2025-09-11,Rajasthan,Bharatpur,321204,31,3.1855853382638624
2025-09-11,Assam,Nagaon,782124,36,3.7829834649388396
2025-09-11,Bihar,Katihar,855113,35,3.663503839603844
2025-09-11,Bihar,Kishanganj,855107,69,7.725811100993691
2025-09-11,Bihar,Purnia,854315,58,6.411535222308741
2025-09-11,Bihar,West Champaran,845438,32,3.305064963598858
2025-09-11,Delhi,North East Delhi,110094,45,4.858300092953799
2025-09-11,Madhya Pradesh,Barwani,451666,54,5.933616720968759
2025-09-11,Madhya Pradesh,Datia,475661,37,3.9024630902738355
2025-09-11,Madhya Pradesh,Indore,452016,38,4.021942715608831
2025-09-11,Madhya Pradesh,Khargone,451441,33,3.4245445889338533
2025-09-11,Madhya Pradesh,Morena,476221,34,3.5440242142688487
2025-09-11,Madhya Pradesh,Ratlam,457001,48,5.2167389689587855
2025-09-11,Madhya Pradesh,Satna,485772,38,4.021942715608831
2025-09-11,Madhya Pradesh,Sheopur,476337,36,3.7829834649388396
2025-09-11,Maharashtra,Nashik,423203,43,4.619340842283808
2025-09-11,Odisha,Nabarangapur,764072,31,3.1855853382638624
2025-09-11,Rajasthan,Baran,325216,31,3.1855853382638624
2025-09-11,Rajasthan,Pratapgarh,313605,30,3.066105712928867
2025-09-11,Rajasthan,Udaipur,307025,30,3.066105712928867
2025-09-11,Rajasthan,Udaipur,313701,36,3.7829834649388396
2025-09-11,Uttar Pradesh,Bahraich,271801,32,3.305064963598858
2025-09-11,Uttar Pradesh,Firozabad,283203,39,4.141422340943826
2025-09-11,Uttar Pradesh,Ghaziabad,201102,40,4.260901966278822
2025-09-11,Uttar Pradesh,Hardoi,241001,36,3.7829834649388396
2025-09-11,Uttar Pradesh,Mau,275101,42,4.499861216948813
2025-09-11,Uttar Pradesh,Shahjahanpur,242001,47,5.09725934362379
2025-09-11,West Bengal,Uttar Dinajpur,733210,35,3.663503839603844
2025-09-11,Bihar,Bhagalpur,813204,31,3.1855853382638624
2025-09-11,Bihar,Katihar,854317,37,3.9024630902738355
2025-09-11,Bihar,Nawada,805107,32,3.305064963598858
2025-09-11,Bihar,Purnia,854330,32,3.305064963598858
2025-09-11,Chhattisgarh,Balrampur,497225,35,3.663503839603844
2025-09-11,Gujarat,Ahmedabad,382110,33,3.4245445889338533
2025-09-11,Jharkhand,Giridih,815312,30,3.066105712928867
2025-09-11,Jharkhand,Pakur,816104,30,3.066105712928867
2025-09-12,Bihar,Araria,854311,43,4.619340842283808
2025-09-12,Bihar,Darbhanga,847203,34,3.5440242142688487
2025-09-12,Bihar,Saharsa,852129,30,3.066105712928867
2025-09-12,Bihar,Sheikhpura,811101,38,4.021942715608831
2025-09-12,Bihar,Sheohar,843329,33,3.4245445889338533
2025-09-12,Chhattisgarh,Bijapur,494444,43,4.619340842283808
2025-09-12,Delhi,South Delhi,110044,31,3.1855853382638624
2025-09-12,Jharkhand,Giridih,825108,31,3.1855853382638624
2025-09-12,Jharkhand,Gumla,835207,37,3.9024630902738355
2025-09-12,Madhya Pradesh,Damoh,470880,36,3.7829834649388396
2025-09-12,Madhya Pradesh,Guna,473105,36,3.7829834649388396
2025-09-12,Madhya Pradesh,Gwalior,474001,31,3.1855853382638624
2025-09-12,Madhya Pradesh,Hoshangabad,461223,37,3.9024630902738355
2025-09-12,Madhya Pradesh,Katni,483501,48,5.2167389689587855
2025-09-12,Madhya Pradesh,Sagar,470117,31,3.1855853382638624
2025-09-12,Madhya Pradesh,Shivpuri,473551,43,4.619340842283808
2025-09-12,Maharashtra,Aurangabad,431001,79,8.920607354343646
2025-09-12,Maharashtra,Thane,400612,43,4.619340842283808
2025-09-12,Meghalaya,West Garo Hills,794103,31,3.1855853382638624
2025-09-12,Meghalaya,West Jaintia Hills,793151,33,3.4245445889338533
2025-09-12,Uttar Pradesh,Bulandshahr,203001,30,3.066105712928867
2025-09-12,Uttar Pradesh,Hapur,245101,37,3.9024630902738355
2025-09-12,Uttar Pradesh,Meerut,250001,30,3.066105712928867
2025-09-12,Uttar Pradesh,Mirzapur,231001,38,4.021942715608831
2025-09-12,Uttar Pradesh,Moradabad,244001,88,9.995923982358605
2025-09-12,Uttar Pradesh,Pilibhit,262122,35,3.663503839603844
2025-09-12,Uttar Pradesh,Shahjahanpur,242001,44,4.738820467618804
2025-09-12,Uttar Pradesh,Sitapur,261205,53,5.814137095633764
2025-09-12,Uttar Pradesh,Sultanpur,228001,33,3.4245445889338533
2025-09-12,West Bengal,Howrah,711303,35,3.663503839603844
2025-09-12,West Bengal,Howrah,711316,38,4.021942715608831
2025-09-12,Rajasthan,Bharatpur,321405,40,4.260901966278822
2025-09-12,Rajasthan,Jalor,343040,36,3.7829834649388396
2025-09-12,Rajasthan,Jodhpur,342001,44,4.738820467618804
2025-09-12,Rajasthan,Karauli,321611,30,3.066105712928867
2025-09-12,Rajasthan,Pali,306401,30,3.066105712928867
2025-09-12,Uttar Pradesh,Bahraich,271865,31,3.1855853382638624
2025-09-12,Uttar Pradesh,Budaun,202523,31,3.1855853382638624
2025-09-12,Assam,Barpeta,781313,33,3.4245445889338533
2025-09-12,Bihar,Nawada,805130,40,4.260901966278822
2025-09-12,Delhi,West Delhi,110059,72,8.084249976998677
2025-09-12,Jharkhand,Palamu,822118,33,3.4245445889338533
2025-09-12,Jharkhand,Sahebganj,816108,45,4.858300092953799
2025-09-12,Rajasthan,Alwar,301001,31,3.1855853382638624
2025-09-12,Rajasthan,Bhilwara,311604,85,9.637485106353619
2025-09-12,Rajasthan,Jaipur,302012,32,3.305064963598858
2025-09-12,Rajasthan,Jhalawar,326039,30,3.066105712928867
2025-09-12,Rajasthan,Karauli,322230,38,4.021942715608831
2025-09-12,Rajasthan,Udaipur,313001,32,3.305064963598858
2025-09-12,Uttar Pradesh,Bareilly,243303,33,3.4245445889338533
2025-09-12,Uttar Pradesh,Bareilly,243503,34,3.5440242142688487
2025-09-12,Uttar Pradesh,Deoria,274001,32,3.305064963598858
2025-09-12,Uttar Pradesh,Ghaziabad,201001,40,4.260901966278822
2025-09-12,Uttar Pradesh,Hardoi,241001,30,3.066105712928867
2025-09-12,Madhya Pradesh,Burhanpur,450331,48,5.2167389689587855
2025-09-12,Madhya Pradesh,Hoshangabad,461990,41,4.380381591613817
2025-09-12,Madhya Pradesh,Morena,476001,53,5.814137095633764
2025-09-12,Madhya Pradesh,Ratlam,457001,45,4.858300092953799
2025-09-12,Madhya Pradesh,Shajapur,465337,36,3.7829834649388396
2025-09-12,Madhya Pradesh,Sheopur,476337,36,3.7829834649388396
2025-09-12,Madhya Pradesh,Shivpuri,473770,31,3.1855853382638624
2025-09-12,Odisha,Malkangiri,764045,60,6.650494472978732
2025-09-12,Uttar Pradesh,Mainpuri,205262,34,3.5440242142688487
2025-09-12,Uttar Pradesh,Sitapur,261201,36,3.7829834649388396
2025-09-12,Uttar Pradesh,Unnao,209801,33,3.4245445889338533
2025-09-12,West Bengal,Dakshin Dinajpur,733132,31,3.1855853382638624
2025-09-12,West Bengal,Malda,732201,32,3.305064963598858
2025-09-12,West Bengal,South 24 Parganas,743502,51,5.575177844963772
2025-09-12,West Bengal,Uttar Dinajpur,733207,89,10.115403607693601
2025-09-12,Assam,Nagaon,782124,55,6.053096346303755
2025-09-12,Bihar,Kishanganj,855107,47,5.09725934362379
2025-09-12,Bihar,Purnia,854315,37,3.9024630902738355
2025-09-12,Bihar,West Champaran,845438,30,3.066105712928867
2025-09-12,Chhattisgarh,Balrampur,497225,30,3.066105712928867
2025-09-12,Gujarat,Dahod,389151,31,3.1855853382638624
2025-09-12,Haryana,Hisar,125001,30,3.066105712928867
2025-09-12,Jharkhand,Dhanbad,828109,39,4.141422340943826
2025-09-12,Madhya Pradesh,Barwani,451666,66,7.367372224988705
2025-09-12,Madhya Pradesh,Harda,461331,30,3.066105712928867
2025-09-12,Madhya Pradesh,Jabalpur,483334,30,3.066105712928867
2025-09-12,Madhya Pradesh,Jhabua,457661,71,7.964770351663682
2025-09-12,Madhya Pradesh,Katni,483770,32,3.305064963598858
2025-09-12,Madhya Pradesh,Katni,483773,46,4.977779718288795
2025-09-12,Madhya Pradesh,Panna,488220,43,4.619340842283808
2025-09-12,Maharashtra,Aurangabad,431103,30,3.066105712928867
2025-09-12,Maharashtra,Nandurbar,425414,33,3.4245445889338533
2025-09-12,Meghalaya,West Khasi Hills,793119,34,3.5440242142688487
2025-09-12,Odisha,Malkangiri,764047,40,4.260901966278822
2025-09-12,Odisha,Nabarangapur,764073,31,3.1855853382638624
2025-09-12,Rajasthan,Barmer,344704,37,3.9024630902738355
2025-09-12,Rajasthan,Barmer,344706,30,3.066105712928867
2025-09-12,Rajasthan,Bharatpur,321001,30,3.066105712928867
2025-09-12,Rajasthan,Bharatpur,321204,52,5.694657470298767
2025-09-12,Rajasthan,Nagaur,341001,32,3.305064963598858
2025-09-12,Uttar Pradesh,Agra,282001,47,5.09725934362379
2025-09-12,Uttar Pradesh,Firozabad,283204,32,3.305064963598858
2025-09-12,Uttar Pradesh,Gautam Buddha Nagar,201301,37,3.9024630902738355
2025-09-12,Uttar Pradesh,Ghaziabad,201102,54,5.933616720968759
2025-09-12,Uttar Pradesh,Hardoi,241402,36,3.7829834649388396
2025-09-12,Uttar Pradesh,Kheri,262701,36,3.7829834649388396
2025-09-12,Uttar Pradesh,Sitapur,261001,34,3.5440242142688487
2025-09-12,Uttar Pradesh,Sitapur,261203,38,4.021942715608831
2025-09-12,Uttarakhand,Dehradun,248001,32,3.305064963598858
2025-09-12,West Bengal,Uttar Dinajpur,733202,66,7.367372224988705
2025-09-12,West Bengal,Uttar Dinajpur,733210,70,7.845290726328686
2025-09-12,Bihar,East Champaran,845305,45,4.858300092953799
2025-09-12,Bihar,Samastipur,848114,37,3.9024630902738355
2025-09-12,Bihar,Sitamarhi,843302,38,4.021942715608831
2025-09-12,Delhi,North East Delhi,110094,39,4.141422340943826
2025-09-12,Delhi,North West Delhi,110086,31,3.1855853382638624
2025-09-12,Delhi,South West Delhi,110043,37,3.9024630902738355
2025-09-12,Gujarat,Surat,394210,37,3.9024630902738355
2025-09-12,Jharkhand,Pakur,816107,40,4.260901966278822
2025-09-12,Karnataka,Gadag,582209,36,3.7829834649388396
2025-09-12,Madhya Pradesh,Alirajpur,457990,43,4.619340842283808
2025-09-12,Madhya Pradesh,Barwani,451449,37,3.9024630902738355
2025-09-12,Madhya Pradesh,Datia,475661,60,6.650494472978732
2025-09-12,Madhya Pradesh,Mandsaur,458880,32,3.305064963598858
2025-09-12,Madhya Pradesh,Panna,488001,33,3.4245445889338533
2025-09-12,Madhya Pradesh,Sidhi,486661,32,3.305064963598858
2025-09-12,Madhya Pradesh,Singrauli,486886,40,4.260901966278822
2025-09-12,Madhya Pradesh,Ujjain,456771,61,6.769974098313727
2025-09-12,Madhya Pradesh,Vidisha,464221,38,4.021942715608831
2025-09-12,Madhya Pradesh,Vidisha,464228,33,3.4245445889338533
2025-09-12,Maharashtra,Thane,421302,71,7.964770351663682
2025-09-12,Meghalaya,East Khasi Hills,793121,31,3.1855853382638624
2025-09-12,Rajasthan,Alwar,321607,30,3.066105712928867
2025-09-12,Uttar Pradesh,Baghpat,250611,35,3.663503839603844
2025-09-12,Uttar Pradesh,Bahraich,271801,38,4.021942715608831
2025-09-12,Uttar Pradesh,Bahraich,271855,95,10.832281359703574
2025-09-12,Uttar Pradesh,Budaun,202526,36,3.7829834649388396
2025-09-12,Uttar Pradesh,Budaun,243639,34,3.5440242142688487
2025-09-12,Uttar Pradesh,Firozabad,283203,47,5.09725934362379
2025-09-12,Uttar Pradesh,Mau,275101,30,3.066105712928867
2025-09-12,Uttar Pradesh,Meerut,250002,49,5.336218594293781
2025-09-12,Uttar Pradesh,Saharanpur,247554,36,3.7829834649388396
2025-09-12,West Bengal,North 24 Parganas,743425,44,4.738820467618804
2025-09-12,West Bengal,Puruliya,723201,32,3.305064963598858
2025-09-12,Gujarat,Banaskantha,385535,37,3.9024630902738355
2025-09-12,Haryana,Panipat,132103,34,3.5440242142688487
2025-09-12,Jharkhand,Giridih,815312,31,3.1855853382638624
2025-09-12,Madhya Pradesh,Ashok Nagar,473331,32,3.305064963598858
2025-09-12,Madhya Pradesh,Ashok Nagar,473335,34,3.5440242142688487
2025-09-12,Madhya Pradesh,Datia,475675,31,3.1855853382638624
2025-09-12,Bihar,Vaishali,844122,30,3.066105712928867
2025-09-12,Bihar,West Champaran,845454,30,3.066105712928867
2025-09-12,Madhya Pradesh,Guna,473001,87,9.87644435702361
2025-09-12,Madhya Pradesh,Hoshangabad,461775,35,3.663503839603844
2025-09-12,Madhya Pradesh,Katni,483442,79,8.920607354343646
2025-09-12,Madhya Pradesh,Raisen,464551,34,3.5440242142688487
2025-09-12,Madhya Pradesh,Rajgarh,465674,75,8.442688853003665
2025-09-12,Madhya Pradesh,Shahdol,484774,31,3.1855853382638624
2025-09-12,Maharashtra,Nashik,423203,44,4.738820467618804
2025-09-12,Nagaland,Phek,797114,32,3.305064963598858
2025-09-12,Rajasthan,Baran,325216,34,3.5440242142688487
2025-09-12,Rajasthan,Barmer,344702,30,3.066105712928867
2025-09-12,Rajasthan,Jalor,343041,61,6.769974098313727
2025-09-12,West Bengal,Malda,732125,35,3.663503839603844
2025-09-12,West Bengal,Murshidabad,742202,88,9.995923982358605
2025-09-12,West Bengal,Murshidabad,742226,34,3.5440242142688487
2025-09-12,Uttar Pradesh,Aligarh,202001,67,7.4868518503237
2025-09-12,Uttar Pradesh,Budaun,243601,49,5.336218594293781
2025-09-12,Uttar Pradesh,Etawah,206242,33,3.4245445889338533
2025-09-12,Uttar Pradesh,Lucknow,226002,45,4.858300092953799
2025-09-12,Uttar Pradesh,Muzaffarnagar,251001,31,3.1855853382638624
2025-09-12,Uttar Pradesh,Saharanpur,247001,61,6.769974098313727
2025-09-12,Uttar Pradesh,Sant Kabir Nagar,272175,37,3.9024630902738355
2025-09-12,Uttar Pradesh,Shamli,247775,43,4.619340842283808
2025-09-12,Uttar Pradesh,Sonbhadra,231216,32,3.305064963598858
2025-09-13,Bihar,Vaishali,844505,30,3.066105712928867
2025-09-13,Chhattisgarh,Balrampur,497225,32,3.305064963598858
2025-09-13,Jharkhand,Gumla,835208,32,3.305064963598858
2025-09-13,Jharkhand,Sahebganj,816108,45,4.858300092953799
2025-09-13,Madhya Pradesh,Jabalpur,482001,38,4.021942715608831
2025-09-13,Madhya Pradesh,Jhabua,457661,96,10.951760985038568
2025-09-13,Madhya Pradesh,Umaria,484661,39,4.141422340943826
2025-09-13,Madhya Pradesh,Vidisha,464228,30,3.066105712928867
2025-09-13,Uttar Pradesh,Bahraich,271825,35,3.663503839603844
2025-09-13,Uttar Pradesh,Moradabad,244001,56,6.17257597163875
2025-09-13,West Bengal,Malda,732124,31,3.1855853382638624
2025-09-13,West Bengal,Murshidabad,742224,33,3.4245445889338533
2025-09-13,Maharashtra,Thane,421301,37,3.9024630902738355
2025-09-13,Punjab,Amritsar,143001,38,4.021942715608831
2025-09-13,Rajasthan,Bhilwara,311604,33,3.4245445889338533
2025-09-13,Rajasthan,Jalor,343041,50,5.455698219628776
2025-09-13,Delhi,West Delhi,110059,64,7.128412974318714
2025-09-13,Madhya Pradesh,Guna,473287,35,3.663503839603844
2025-09-13,Madhya Pradesh,Rewa,486445,30,3.066105712928867
2025-09-13,Maharashtra,Aurangabad,431001,80,9.040086979678641
2025-09-13,Uttar Pradesh,Bahraich,271801,39,4.141422340943826
2025-09-13,Uttar Pradesh,Ghaziabad,201204,31,3.1855853382638624
2025-09-13,Uttar Pradesh,Hardoi,241001,34,3.5440242142688487
2025-09-13,Uttar Pradesh,Meerut,250002,38,4.021942715608831
2025-09-13,Uttar Pradesh,Mirzapur,231001,31,3.1855853382638624
2025-09-13,West Bengal,Murshidabad,742201,34,3.5440242142688487
2025-09-13,West Bengal,North 24 Parganas,743423,32,3.305064963598858
2025-09-13,West Bengal,Uttar Dinajpur,733202,84,9.518005481018623
2025-09-13,West Bengal,Uttar Dinajpur,733207,46,4.977779718288795
2025-09-13,Rajasthan,Bharatpur,321001,37,3.9024630902738355
2025-09-13,Bihar,Katihar,854317,36,3.7829834649388396
2025-09-13,Madhya Pradesh,Panna,488442,34,3.5440242142688487
2025-09-13,Madhya Pradesh,Ujjain,456776,30,3.066105712928867
2025-09-13,Maharashtra,Nashik,423203,50,5.455698219628776
2025-09-13,Maharashtra,Thane,421201,31,3.1855853382638624
2025-09-13,Maharashtra,Thane,421302,53,5.814137095633764
2025-09-13,Rajasthan,Banswara,327001,34,3.5440242142688487
2025-09-13,Rajasthan,Churu,331001,30,3.066105712928867
2025-09-13,Rajasthan,Jalor,343040,41,4.380381591613817
2025-09-13,Rajasthan,Jodhpur,342025,30,3.066105712928867
2025-09-13,Rajasthan,Sirohi,307026,38,4.021942715608831
2025-09-13,Gujarat,Banaskantha,385110,32,3.305064963598858
2025-09-13,Uttar Pradesh,Amroha,244235,39,4.141422340943826
2025-09-13,Uttar Pradesh,Deoria,274001,33,3.4245445889338533
2025-09-13,Uttar Pradesh,Ghaziabad,201001,39,4.141422340943826
2025-09-13,Uttar Pradesh,Jhansi,284204,35,3.663503839603844
2025-09-13,Uttar Pradesh,Pilibhit,262122,32,3.305064963598858
2025-09-13,West Bengal,Murshidabad,742202,83,9.398525855683628
2025-09-13,Madhya Pradesh,Barwani,451666,58,6.411535222308741
2025-09-13,Madhya Pradesh,Guna,473001,43,4.619340842283808
2025-09-13,Madhya Pradesh,Ratlam,457001,42,4.499861216948813
2025-09-13,Madhya Pradesh,Ujjain,456771,42,4.499861216948813
2025-09-13,Maharashtra,Thane,400612,51,5.575177844963772
2025-09-13,Maharashtra,Thane,401107,34,3.5440242142688487
2025-09-13,Rajasthan,Barmer,344704,44,4.738820467618804
2025-09-13,Rajasthan,Dungarpur,314030,30,3.066105712928867
2025-09-13,Bihar,Katihar,855113,50,5.455698219628776
2025-09-13,Chhattisgarh,Bijapur,494444,41,4.380381591613817
2025-09-13,Haryana,Panipat,132103,34,3.5440242142688487
2025-09-13,Uttar Pradesh,Aligarh,202001,31,3.1855853382638624
2025-09-13,Uttar Pradesh,Farrukhabad,209739,33,3.4245445889338533
2025-09-13,Uttar Pradesh,Kanpur Nagar,208001,30,3.066105712928867
2025-09-13,West Bengal,Dakshin Dinajpur,733132,34,3.5440242142688487
2025-09-13,Uttar Pradesh,Gautam Buddha Nagar,201301,33,3.4245445889338533
2025-09-13,Uttar Pradesh,Ghaziabad,201102,34,3.5440242142688487
2025-09-13,Uttar Pradesh,Meerut,250001,36,3.7829834649388396
2025-09-13,Uttar Pradesh,Rampur,244901,32,3.305064963598858
2025-09-13,Uttar Pradesh,Rampur,244924,30,3.066105712928867
2025-09-13,Madhya Pradesh,Alirajpur,457990,32,3.305064963598858
2025-09-13,Madhya Pradesh,Balaghat,481001,44,4.738820467618804
2025-09-13,Madhya Pradesh,Burhanpur,450331,33,3.4245445889338533
2025-09-13,Madhya Pradesh,Dewas,455001,31,3.1855853382638624
2025-09-13,Madhya Pradesh,Gwalior,475110,41,4.380381591613817
2025-09-13,Madhya Pradesh,Katni,483501,32,3.305064963598858
2025-09-13,Madhya Pradesh,Mandsaur,458775,38,4.021942715608831
2025-09-13,Madhya Pradesh,Panna,488220,48,5.2167389689587855
2025-09-13,Madhya Pradesh,Shivpuri,473551,34,3.5440242142688487
2025-09-13,Madhya Pradesh,Shivpuri,473990,36,3.7829834649388396
2025-09-13,Madhya Pradesh,Ujjain,456335,37,3.9024630902738355
2025-09-13,Maharashtra,Nandurbar,425414,32,3.305064963598858
2025-09-13,Rajasthan,Jaipur,303904,31,3.1855853382638624
2025-09-13,Rajasthan,Jalor,343022,34,3.5440242142688487
2025-09-13,Rajasthan,Nagaur,341001,43,4.619340842283808
2025-09-13,Uttar Pradesh,Bahraich,271855,82,9.279046230348632
2025-09-13,Uttar Pradesh,Bahraich,271865,46,4.977779718288795
2025-09-13,Bihar,West Champaran,845438,44,4.738820467618804
2025-09-13,Bihar,West Champaran,845454,35,3.663503839603844
2025-09-13,Delhi,North East Delhi,110094,30,3.066105712928867
2025-09-14,Madhya Pradesh,Indore,452001,49,5.336218594293781
2025-09-14,Uttar Pradesh,Amroha,244255,31,3.1855853382638624
2025-09-14,Uttar Pradesh,Ghaziabad,201204,30,3.066105712928867
2025-09-14,West Bengal,Uttar Dinajpur,733202,30,3.066105712928867
2025-09-14,Bihar,Kishanganj,855108,40,4.260901966278822
2025-09-14,Uttar Pradesh,Kannauj,209721,41,4.380381591613817
2025-09-14,Uttar Pradesh,Kheri,261505,35,3.663503839603844
2025-09-14,Bihar,Kishanganj,855101,45,4.858300092953799
2025-09-14,Uttar Pradesh,Mau,275101,30,3.066105712928867
2025-09-14,Uttar Pradesh,Meerut,250001,49,5.336218594293781
2025-09-14,Uttar Pradesh,Siddharthnagar,272205,36,3.7829834649388396
2025-09-14,West Bengal,Murshidabad,742223,32,3.305064963598858
2025-09-14,West Bengal,North 24 Parganas,743425,51,5.575177844963772
2025-09-14,Jharkhand,Deoghar,815353,32,3.305064963598858
2025-09-14,Jharkhand,Giridih,815316,36,3.7829834649388396
2025-09-14,Uttar Pradesh,Meerut,250002,37,3.9024630902738355
2025-09-14,Uttar Pradesh,Unnao,209801,31,3.1855853382638624
2025-09-14,Jharkhand,Pakur,816107,42,4.499861216948813
2025-09-14,Uttar Pradesh,Moradabad,244001,42,4.499861216948813
2025-09-15,Bihar,Katihar,855102,33,3.4245445889338533
2025-09-15,Delhi,South Delhi,110062,32,3.305064963598858
2025-09-15,West Bengal,North 24 Parganas,743425,44,4.738820467618804
2025-09-15,West Bengal,Paschim Medinipur,721150,47,5.09725934362379
2025-09-15,Madhya Pradesh,Burhanpur,450331,44,4.738820467618804
2025-09-15,Madhya Pradesh,Khargone,451441,32,3.305064963598858
2025-09-15,Madhya Pradesh,Ratlam,457001,34,3.5440242142688487
2025-09-15,Maharashtra,Aurangabad,431001,65,7.247892599653709
2025-09-15,Rajasthan,Barmer,344001,33,3.4245445889338533
2025-09-15,Rajasthan,Barmer,344704,38,4.021942715608831
2025-09-15,Rajasthan,Jalor,343040,30,3.066105712928867
2025-09-15,Uttar Pradesh,Meerut,250002,43,4.619340842283808
2025-09-15,Uttar Pradesh,Unnao,209801,31,3.1855853382638624
2025-09-15,Bihar,Katihar,854317,32,3.305064963598858
2025-09-15,Delhi,South Delhi,110044,31,3.1855853382638624
2025-09-15,Jharkhand,Sahebganj,816108,38,4.021942715608831
2025-09-15,West Bengal,North 24 Parganas,743423,31,3.1855853382638624
2025-09-15,West Bengal,Uttar Dinajpur,733202,50,5.455698219628776
2025-09-15,Madhya Pradesh,Guna,473001,48,5.2167389689587855
2025-09-15,Madhya Pradesh,Morena,476001,42,4.499861216948813
2025-09-15,Madhya Pradesh,Sheopur,476337,31,3.1855853382638624
2025-09-15,Meghalaya,West Jaintia Hills,793150,34,3.5440242142688487
2025-09-15,Rajasthan,Alwar,301001,39,4.141422340943826
2025-09-15,Rajasthan,Bikaner,334001,35,3.663503839603844
2025-09-15,Uttar Pradesh,Aligarh,202001,31,3.1855853382638624
2025-09-15,Uttar Pradesh,Banda,210001,32,3.305064963598858
2025-09-15,Uttar Pradesh,Ghaziabad,201001,36,3.7829834649388396
2025-09-15,Uttar Pradesh,Ghaziabad,201102,36,3.7829834649388396
2025-09-15,Uttar Pradesh,Mirzapur,231001,31,3.1855853382638624
2025-09-15,Uttar Pradesh,Moradabad,244001,55,6.053096346303755
2025-09-15,Uttar Pradesh,Pilibhit,262122,34,3.5440242142688487
2025-09-15,Uttar Pradesh,Saharanpur,247001,46,4.977779718288795
2025-09-15,Assam,Barpeta,781314,33,3.4245445889338533
2025-09-15,Delhi,North West Delhi,110086,32,3.305064963598858
2025-09-15,Rajasthan,Baran,325216,38,4.021942715608831
2025-09-15,Rajasthan,Bharatpur,321024,33,3.4245445889338533
2025-09-15,Rajasthan,Jodhpur,342001,32,3.305064963598858
2025-09-15,Rajasthan,Sirohi,307026,32,3.305064963598858
2025-09-15,Uttar Pradesh,Azamgarh,276203,30,3.066105712928867
2025-09-15,Madhya Pradesh,Vidisha,464221,46,4.977779718288795
2025-09-15,Meghalaya,East Garo Hills,794111,32,3.305064963598858
2025-09-15,Uttar Pradesh,Shahjahanpur,242001,31,3.1855853382638624
2025-09-15,Chhattisgarh,Bijapur,494444,31,3.1855853382638624
2025-09-15,Chhattisgarh,Kondagaon,494226,30,3.066105712928867
2025-09-15,Delhi,North East Delhi,110094,44,4.738820467618804
2025-09-15,Madhya Pradesh,Umaria,484661,47,5.09725934362379
2025-09-15,Madhya Pradesh,Vidisha,464228,30,3.066105712928867
2025-09-15,Maharashtra,Thane,421302,36,3.7829834649388396
2025-09-15,Meghalaya,West Khasi Hills,793119,33,3.4245445889338533
2025-09-15,Uttar Pradesh,Kanpur Nagar,208001,31,3.1855853382638624
2025-09-15,Uttar Pradesh,Rampur,244901,34,3.5440242142688487
2025-09-15,West Bengal,Murshidabad,742202,81,9.159566605013637
2025-09-15,Bihar,Vaishali,843114,32,3.305064963598858
2025-09-15,Madhya Pradesh,Barwani,451666,66,7.367372224988705
2025-09-15,Madhya Pradesh,Jhabua,457661,38,4.021942715608831
2025-09-15,Maharashtra,Nashik,423203,54,5.933616720968759
2025-09-15,Punjab,Amritsar,143001,34,3.5440242142688487
2025-09-15,Rajasthan,Barmer,344706,34,3.5440242142688487
2025-09-15,Rajasthan,Jalor,343041,47,5.09725934362379
2025-09-15,Uttar Pradesh,Baghpat,250611,39,4.141422340943826
2025-09-15,Uttar Pradesh,Bahraich,271855,36,3.7829834649388396
2025-09-15,Uttar Pradesh,Hapur,245101,36,3.7829834649388396
2025-09-15,Uttar Pradesh,Hardoi,241001,31,3.1855853382638624
2025-09-15,Uttar Pradesh,Moradabad,244501,30,3.066105712928867
2025-09-15,West Bengal,South 24 Parganas,743502,33,3.4245445889338533
2025-09-15,West Bengal,Uttar Dinajpur,733207,38,4.021942715608831
2025-09-16,Bihar,Darbhanga,848213,37,3.9024630902738355
2025-09-16,Bihar,Purnia,854315,39,4.141422340943826
2025-09-16,Delhi,North West Delhi,110086,36,3.7829834649388396
2025-09-16,Delhi,West Delhi,110059,42,4.499861216948813
2025-09-16,Haryana,Faridabad,121004,34,3.5440242142688487
2025-09-16,Haryana,Panipat,132103,37,3.9024630902738355
2025-09-16,Jharkhand,Deoghar,815353,37,3.9024630902738355
2025-09-16,Madhya Pradesh,Alirajpur,457990,35,3.663503839603844
2025-09-16,Madhya Pradesh,Betul,460440,38,4.021942715608831
2025-09-16,Madhya Pradesh,Dewas,455001,32,3.305064963598858
2025-09-16,Madhya Pradesh,Indore,452001,40,4.260901966278822
2025-09-16,Madhya Pradesh,Jabalpur,482001,56,6.17257597163875
2025-09-16,Madhya Pradesh,Sheopur,476337,36,3.7829834649388396
2025-09-16,Maharashtra,Aurangabad,431001,70,7.845290726328686
2025-09-16,Uttar Pradesh,Bahraich,271855,70,7.845290726328686
2025-09-16,Uttar Pradesh,Etah,207001,31,3.1855853382638624
2025-09-16,Assam,Barpeta,781308,36,3.7829834649388396
2025-09-16,Bihar,Katihar,854317,33,3.4245445889338533
2025-09-16,Chhattisgarh,Balrampur,497225,32,3.305064963598858
2025-09-16,Gujarat,Banaskantha,385320,30,3.066105712928867
2025-09-16,Madhya Pradesh,Barwani,451551,35,3.663503839603844
2025-09-16,Madhya Pradesh,Dhar,454001,32,3.305064963598858
2025-09-16,Madhya Pradesh,Hoshangabad,461111,35,3.663503839603844
2025-09-16,Madhya Pradesh,Morena,476221,30,3.066105712928867
2025-09-16,Madhya Pradesh,Shivpuri,473551,43,4.619340842283808
2025-09-16,Madhya Pradesh,Sidhi,486661,39,4.141422340943826
2025-09-16,Maharashtra,Nandurbar,425414,45,4.858300092953799
2025-09-16,Maharashtra,Nashik,423203,50,5.455698219628776
2025-09-16,Maharashtra,Thane,421302,52,5.694657470298767
2025-09-16,Meghalaya,East Khasi Hills,793005,43,4.619340842283808
2025-09-16,Rajasthan,Barmer,344704,56,6.17257597163875
2025-09-16,Rajasthan,Jodhpur,342301,30,3.066105712928867
2025-09-16,Rajasthan,Nagaur,341303,31,3.1855853382638624
2025-09-16,Tamil Nadu,Kancheepuram,603110,35,3.663503839603844
2025-09-16,Uttar Pradesh,Agra,282006,33,3.4245445889338533
2025-09-16,Uttar Pradesh,Fatehpur,212601,39,4.141422340943826
2025-09-16,Uttar Pradesh,Firozabad,283203,34,3.5440242142688487
2025-09-16,Uttar Pradesh,Ghaziabad,201001,39,4.141422340943826
2025-09-16,Uttar Pradesh,Ghaziabad,201102,43,4.619340842283808
2025-09-16,Uttar Pradesh,Meerut,250001,34,3.5440242142688487
2025-09-16,Uttar Pradesh,Rae Bareli,229001,32,3.305064963598858
2025-09-16,West Bengal,Uttar Dinajpur,733201,31,3.1855853382638624
2025-09-16,West Bengal,Uttar Dinajpur,733207,40,4.260901966278822
2025-09-16,Bihar,Kishanganj,855101,30,3.066105712928867
2025-09-16,Chhattisgarh,Bijapur,494444,31,3.1855853382638624
2025-09-16,Delhi,North East Delhi,110053,32,3.305064963598858
2025-09-16,Delhi,North East Delhi,110093,35,3.663503839603844
2025-09-16,Delhi,North East Delhi,110094,40,4.260901966278822
2025-09-16,Gujarat,Banaskantha,385535,38,4.021942715608831
2025-09-16,Meghalaya,South Garo Hills,794005,38,4.021942715608831
2025-09-16,Meghalaya,West Jaintia Hills,793150,30,3.066105712928867
2025-09-16,Rajasthan,Banswara,327801,33,3.4245445889338533
2025-09-16,Rajasthan,Barmer,344702,43,4.619340842283808
2025-09-16,Rajasthan,Bundi,323021,36,3.7829834649388396
2025-09-16,Madhya Pradesh,Barwani,451666,81,9.159566605013637
2025-09-16,Madhya Pradesh,Guna,473001,45,4.858300092953799
2025-09-16,Madhya Pradesh,Khargone,451441,37,3.9024630902738355
2025-09-16,Madhya Pradesh,Mandsaur,458775,30,3.066105712928867
2025-09-16,Madhya Pradesh,Raisen,464551,35,3.663503839603844
2025-09-16,Madhya Pradesh,Ujjain,456224,71,7.964770351663682
2025-09-16,Maharashtra,Dhule,424001,31,3.1855853382638624
2025-09-16,Maharashtra,Dhule,425405,37,3.9024630902738355
2025-09-16,Uttar Pradesh,Budaun,243601,41,4.380381591613817
2025-09-16,Uttar Pradesh,Lucknow,226002,36,3.7829834649388396
2025-09-16,Uttar Pradesh,Rampur,244901,69,7.725811100993691
2025-09-16,West Bengal,Dakshin Dinajpur,733132,36,3.7829834649388396
2025-09-16,West Bengal,Murshidabad,742202,45,4.858300092953799
2025-09-16,West Bengal,North 24 Parganas,743286,69,7.725811100993691
2025-09-16,Haryana,Hisar,125001,30,3.066105712928867
2025-09-16,Madhya Pradesh,Hoshangabad,461775,52,5.694657470298767
2025-09-16,Madhya Pradesh,Panna,488442,39,4.141422340943826
2025-09-16,Maharashtra,Nandurbar,425412,32,3.305064963598858
2025-09-16,Meghalaya,West Khasi Hills,793119,39,4.141422340943826
2025-09-16,Rajasthan,Banswara,327001,39,4.141422340943826
2025-09-16,Rajasthan,Jalor,343032,31,3.1855853382638624
2025-09-16,Telangana,Hyderabad,500008,36,3.7829834649388396
2025-09-16,Uttar Pradesh,Baghpat,250611,33,3.4245445889338533
2025-09-16,Uttar Pradesh,Bulandshahr,203001,38,4.021942715608831
2025-09-16,Uttar Pradesh,Chitrakoot,210209,31,3.1855853382638624
2025-09-16,Uttar Pradesh,Gautam Buddha Nagar,201301,32,3.305064963598858
2025-09-16,Uttar Pradesh,Hardoi,241001,31,3.1855853382638624
2025-09-16,Uttar Pradesh,Kushinagar,274304,37,3.9024630902738355
2025-09-16,Uttar Pradesh,Meerut,250002,78,8.80112772900865
2025-09-16,Uttar Pradesh,Moradabad,244001,70,7.845290726328686
2025-09-16,Uttar Pradesh,Pilibhit,262122,39,4.141422340943826
2025-09-16,Uttar Pradesh,Shahjahanpur,242001,38,4.021942715608831
2025-09-16,Haryana,Mewat,122508,34,3.5440242142688487
2025-09-16,Madhya Pradesh,Gwalior,475110,31,3.1855853382638624
2025-09-16,Madhya Pradesh,Jhabua,457661,63,7.008933348983718
2025-09-16,Madhya Pradesh,Katni,483440,45,4.858300092953799
2025-09-16,Madhya Pradesh,Katni,483501,35,3.663503839603844
2025-09-16,Madhya Pradesh,Morena,476001,54,5.933616720968759
2025-09-16,Madhya Pradesh,Panna,488220,30,3.066105712928867
2025-09-16,Madhya Pradesh,Ratlam,457001,45,4.858300092953799
2025-09-16,Madhya Pradesh,Umaria,484661,52,5.694657470298767
2025-09-16,Maharashtra,Thane,421601,34,3.5440242142688487
2025-09-16,Odisha,Malkangiri,764087,34,3.5440242142688487
2025-09-16,Rajasthan,Ajmer,305901,33,3.4245445889338533
2025-09-16,Rajasthan,Jalor,343041,61,6.769974098313727
2025-09-16,Rajasthan,Jodhpur,342001,33,3.4245445889338533
2025-09-16,Rajasthan,Nagaur,341001,36,3.7829834649388396
2025-09-16,Rajasthan,Sirohi,307026,32,3.305064963598858
2025-09-16,Uttar Pradesh,Aligarh,202001,37,3.9024630902738355
2025-09-16,Uttar Pradesh,Kanpur Nagar,208001,37,3.9024630902738355
2025-09-16,Uttar Pradesh,Lalitpur,284403,31,3.1855853382638624
2025-09-16,Uttar Pradesh,Mau,275101,32,3.305064963598858
2025-09-16,Uttar Pradesh,Saharanpur,247001,51,5.575177844963772
2025-09-16,West Bengal,North 24 Parganas,743424,35,3.663503839603844
2025-09-16,West Bengal,South 24 Parganas,743329,43,4.619340842283808
2025-09-16,West Bengal,Uttar Dinajpur,733202,30,3.066105712928867
2025-09-17,Madhya Pradesh,Alirajpur,457882,36,3.7829834649388396
2025-09-17,Madhya Pradesh,Gwalior,475110,46,4.977779718288795
2025-09-17,Madhya Pradesh,Harda,461228,30,3.066105712928867
2025-09-17,Madhya Pradesh,Mandsaur,458775,50,5.455698219628776
2025-09-17,Madhya Pradesh,Ujjain,456006,31,3.1855853382638624
2025-09-17,Maharashtra,Thane,421301,33,3.4245445889338533
2025-09-17,Rajasthan,Udaipur,313705,35,3.663503839603844
2025-09-17,Uttar Pradesh,Banda,210001,33,3.4245445889338533
2025-09-17,Bihar,Purnia,854315,33,3.4245445889338533
2025-09-17,Delhi,North East Delhi,110094,56,6.17257597163875
2025-09-17,Gujarat,Tapi,394380,30,3.066105712928867
2025-09-17,Uttar Pradesh,Meerut,250002,57,6.2920555969737455
2025-09-17,Uttar Pradesh,Rampur,244901,60,6.650494472978732
2025-09-17,Uttar Pradesh,Unnao,241503,32,3.305064963598858
2025-09-17,West Bengal,South 24 Parganas,743502,35,3.663503839603844
2025-09-17,Madhya Pradesh,Barwani,451447,32,3.305064963598858
2025-09-17,Madhya Pradesh,Dewas,455001,33,3.4245445889338533
2025-09-17,Madhya Pradesh,Hoshangabad,461775,44,4.738820467618804
2025-09-17,Madhya Pradesh,Khargone,451332,45,4.858300092953799
2025-09-17,Madhya Pradesh,Morena,476224,38,4.021942715608831
2025-09-17,Madhya Pradesh,Panna,488442,46,4.977779718288795
2025-09-17,Madhya Pradesh,Panna,488446,39,4.141422340943826
2025-09-17,Madhya Pradesh,Ratlam,457001,39,4.141422340943826
2025-09-17,Madhya Pradesh,Umaria,484661,44,4.738820467618804
2025-09-17,Madhya Pradesh,Vidisha,464114,35,3.663503839603844
2025-09-17,Madhya Pradesh,Vidisha,464221,30,3.066105712928867
2025-09-17,Madhya Pradesh,Vidisha,464228,39,4.141422340943826
2025-09-17,Maharashtra,Nandurbar,425414,33,3.4245445889338533
2025-09-17,Rajasthan,Bharatpur,321001,31,3.1855853382638624
2025-09-17,Rajasthan,Jodhpur,342312,32,3.305064963598858
2025-09-17,Uttar Pradesh,Aligarh,202001,41,4.380381591613817
2025-09-17,Uttar Pradesh,Bahraich,271855,53,5.814137095633764
2025-09-17,Uttar Pradesh,Bulandshahr,203001,37,3.9024630902738355
2025-09-17,Uttar Pradesh,Ghaziabad,201001,30,3.066105712928867
2025-09-17,Delhi,North Delhi,110084,35,3.663503839603844
2025-09-17,West Bengal,Murshidabad,742213,36,3.7829834649388396
2025-09-17,Madhya Pradesh,Guna,473001,38,4.021942715608831
2025-09-17,Madhya Pradesh,Indore,452001,38,4.021942715608831
2025-09-17,Madhya Pradesh,Katni,483501,43,4.619340842283808
2025-09-17,Madhya Pradesh,Katni,483773,40,4.260901966278822
2025-09-17,Madhya Pradesh,Panna,488220,30,3.066105712928867
2025-09-17,Madhya Pradesh,Shivpuri,473551,39,4.141422340943826
2025-09-17,Madhya Pradesh,Umaria,484660,35,3.663503839603844
2025-09-17,Maharashtra,Nashik,423203,46,4.977779718288795
2025-09-17,Uttar Pradesh,Moradabad,244001,62,6.889453723648723
2025-09-17,West Bengal,South 24 Parganas,743329,38,4.021942715608831
2025-09-17,Rajasthan,Barmer,344001,39,4.141422340943826
2025-09-17,Rajasthan,Barmer,344704,46,4.977779718288795
2025-09-17,Rajasthan,Jalor,343040,33,3.4245445889338533
2025-09-17,Rajasthan,Jhunjhunun,333701,38,4.021942715608831
2025-09-17,Uttar Pradesh,Bahraich,271865,36,3.7829834649388396
2025-09-17,Uttar Pradesh,Basti,272002,34,3.5440242142688487
2025-09-17,Uttar Pradesh,Gautam Buddha Nagar,201301,40,4.260901966278822
2025-09-17,Uttar Pradesh,Hapur,245101,44,4.738820467618804
2025-09-17,Uttar Pradesh,Kanpur Nagar,208001,44,4.738820467618804
2025-09-17,Chhattisgarh,Kondagaon,494226,31,3.1855853382638624
2025-09-17,Delhi,South Delhi,110062,45,4.858300092953799
2025-09-17,Delhi,West Delhi,110059,47,5.09725934362379
2025-09-17,Haryana,Mewat,122508,43,4.619340842283808
2025-09-17,Jharkhand,Jamtara,815352,51,5.575177844963772
2025-09-17,Uttar Pradesh,Muzaffarnagar,251001,66,7.367372224988705
2025-09-17,Uttar Pradesh,Saharanpur,247001,42,4.499861216948813
2025-09-17,West Bengal,Uttar Dinajpur,733207,51,5.575177844963772
2025-09-17,Rajasthan,Jalor,343041,70,7.845290726328686
2025-09-17,Rajasthan,Sirohi,307022,33,3.4245445889338533
2025-09-17,Uttar Pradesh,Agra,282001,39,4.141422340943826
2025-09-17,Uttar Pradesh,Bulandshahr,203131,33,3.4245445889338533
2025-09-17,Uttar Pradesh,Ghaziabad,201102,54,5.933616720968759
2025-09-17,Uttar Pradesh,Hardoi,241001,31,3.1855853382638624
2025-09-17,Madhya Pradesh,Alirajpur,457990,32,3.305064963598858
2025-09-17,Madhya Pradesh,Barwani,451666,83,9.398525855683628
2025-09-17,Madhya Pradesh,Bhind,477001,34,3.5440242142688487
2025-09-17,Madhya Pradesh,Damoh,470880,43,4.619340842283808
2025-09-17,Madhya Pradesh,Hoshangabad,461990,35,3.663503839603844
2025-09-17,Madhya Pradesh,Jhabua,457661,51,5.575177844963772
2025-09-17,Madhya Pradesh,Morena,476001,38,4.021942715608831
2025-09-17,Madhya Pradesh,Vidisha,464001,33,3.4245445889338533
2025-09-17,Maharashtra,Aurangabad,431001,45,4.858300092953799
2025-09-17,Maharashtra,Dhule,425405,46,4.977779718288795
2025-09-17,Maharashtra,Thane,421302,67,7.4868518503237
2025-09-17,Punjab,Amritsar,143001,45,4.858300092953799
2025-09-17,Rajasthan,Ajmer,305001,31,3.1855853382638624
2025-09-17,Gujarat,Banaskantha,385535,41,4.380381591613817
2025-09-17,Uttar Pradesh,Budaun,243601,38,4.021942715608831
2025-09-17,Uttar Pradesh,Chitrakoot,210207,30,3.066105712928867
2025-09-17,Uttar Pradesh,Etah,207001,42,4.499861216948813
2025-09-17,Uttar Pradesh,Firozabad,283203,39,4.141422340943826
2025-09-17,Uttar Pradesh,Kasganj,207242,44,4.738820467618804
2025-09-17,Uttar Pradesh,Mau,275101,38,4.021942715608831
2025-09-17,Uttar Pradesh,Meerut,250001,35,3.663503839603844
2025-09-17,West Bengal,Murshidabad,742202,96,10.951760985038568
2025-09-17,West Bengal,Murshidabad,742224,37,3.9024630902738355
2025-09-17,West Bengal,Uttar Dinajpur,733202,53,5.814137095633764
2025-09-17,Haryana,Panipat,132103,33,3.4245445889338533
2025-09-17,Madhya Pradesh,Ashok Nagar,473331,31,3.1855853382638624
2025-09-17,Madhya Pradesh,Panna,488222,32,3.305064963598858
2025-09-17,Madhya Pradesh,Sheopur,476355,32,3.305064963598858
2025-09-17,Madhya Pradesh,Ujjain,456771,33,3.4245445889338533
2025-09-17,Rajasthan,Alwar,301001,45,4.858300092953799
2025-09-17,Rajasthan,Banswara,327001,43,4.619340842283808
2025-09-17,Rajasthan,Bharatpur,321204,31,3.1855853382638624
2025-09-17,Rajasthan,Jodhpur,342001,37,3.9024630902738355
2025-09-17,Rajasthan,Sirohi,307026,37,3.9024630902738355
2025-09-17,Bihar,Araria,854311,37,3.9024630902738355
2025-09-17,Delhi,West Delhi,110041,39,4.141422340943826
2025-09-18,Bihar,Araria,854311,46,4.977779718288795
2025-09-18,Bihar,West Champaran,845454,32,3.305064963598858
2025-09-18,Uttar Pradesh,Banda,210001,36,3.7829834649388396
2025-09-18,Uttar Pradesh,Meerut,250001,30,3.066105712928867
2025-09-18,Uttar Pradesh,Meerut,250002,55,6.053096346303755
2025-09-18,West Bengal,Murshidabad,742202,35,3.663503839603844
2025-09-18,West Bengal,North 24 Parganas,743423,48,5.2167389689587855
2025-09-18,West Bengal,Uttar Dinajpur,733202,74,8.323209227668668
2025-09-18,Haryana,Faridabad,121004,42,4.499861216948813
2025-09-18,Madhya Pradesh,Guna,473001,30,3.066105712928867
2025-09-18,Madhya Pradesh,Morena,476001,38,4.021942715608831
2025-09-18,Meghalaya,Ri Bhoi,793105,30,3.066105712928867
2025-09-18,Punjab,Amritsar,143001,32,3.305064963598858
2025-09-18,Rajasthan,Banswara,327027,30,3.066105712928867
2025-09-18,Rajasthan,Jalor,343041,68,7.6063314756586955
2025-09-18,Rajasthan,Nagaur,341001,38,4.021942715608831
2025-09-18,Uttar Pradesh,Aligarh,202001,30,3.066105712928867
2025-09-18,Uttar Pradesh,Firozabad,283203,34,3.5440242142688487
2025-09-18,Uttar Pradesh,Hardoi,241001,43,4.619340842283808
2025-09-18,Uttar Pradesh,Unnao,209801,35,3.663503839603844
2025-09-18,Assam,Nalbari,781126,31,3.1855853382638624
2025-09-18,Bihar,Nawada,805107,33,3.4245445889338533
2025-09-18,Chhattisgarh,Balrampur,497225,35,3.663503839603844
2025-09-18,Jharkhand,Sahebganj,816108,35,3.663503839603844
2025-09-18,Karnataka,Ramanagar,562117,33,3.4245445889338533
2025-09-18,Madhya Pradesh,Burhanpur,450331,34,3.5440242142688487
2025-09-18,Madhya Pradesh,Hoshangabad,461990,35,3.663503839603844
2025-09-18,Madhya Pradesh,Jhabua,457661,44,4.738820467618804
2025-09-18,Madhya Pradesh,Panna,488446,30,3.066105712928867
2025-09-18,Madhya Pradesh,Sagar,470335,32,3.305064963598858
2025-09-18,Madhya Pradesh,Singrauli,486886,36,3.7829834649388396
2025-09-18,West Bengal,Uttar Dinajpur,733207,74,8.323209227668668
2025-09-18,Punjab,Ludhiana,141008,30,3.066105712928867
2025-09-18,Haryana,Palwal,121102,32,3.305064963598858
2025-09-18,Jharkhand,Pakur,816107,42,4.499861216948813
2025-09-18,Madhya Pradesh,Harda,461331,31,3.1855853382638624
2025-09-18,Madhya Pradesh,Hoshangabad,461775,45,4.858300092953799
2025-09-18,Bihar,Sitamarhi,843302,32,3.305064963598858
2025-09-18,Tamil Nadu,Thanjavur,612002,37,3.9024630902738355
2025-09-18,Uttar Pradesh,Baghpat,250611,36,3.7829834649388396
2025-09-18,Uttar Pradesh,Hapur,245101,30,3.066105712928867
2025-09-18,Uttar Pradesh,Mau,275101,34,3.5440242142688487
2025-09-18,Uttar Pradesh,Moradabad,244001,57,6.2920555969737455
2025-09-18,Uttar Pradesh,Saharanpur,247001,51,5.575177844963772
2025-09-18,West Bengal,South 24 Parganas,700135,32,3.305064963598858
2025-09-18,West Bengal,Uttar Dinajpur,733208,31,3.1855853382638624
2025-09-18,Maharashtra,Aurangabad,431001,48,5.2167389689587855
2025-09-18,Maharashtra,Thane,421302,61,6.769974098313727
2025-09-18,Rajasthan,Barmer,344704,42,4.499861216948813
2025-09-18,Assam,Nagaon,782124,31,3.1855853382638624
2025-09-18,Bihar,Begusarai,851211,34,3.5440242142688487
2025-09-18,Bihar,East Champaran,845302,31,3.1855853382638624
2025-09-18,Bihar,East Champaran,845401,30,3.066105712928867
2025-09-18,Bihar,West Champaran,845438,48,5.2167389689587855
2025-09-18,Delhi,North East Delhi,110094,46,4.977779718288795
2025-09-18,Madhya Pradesh,Barwani,451551,33,3.4245445889338533
2025-09-18,Madhya Pradesh,Dewas,455001,40,4.260901966278822
2025-09-18,Madhya Pradesh,Panna,488001,35,3.663503839603844
2025-09-18,Tamil Nadu,Tiruvallur,600052,37,3.9024630902738355
2025-09-18,Uttar Pradesh,Kanpur Nagar,208001,31,3.1855853382638624
2025-09-18,West Bengal,Malda,732125,71,7.964770351663682
2025-09-18,West Bengal,Uttar Dinajpur,733210,45,4.858300092953799
2025-09-18,Rajasthan,Alwar,301001,34,3.5440242142688487
2025-09-18,Rajasthan,Bhilwara,311603,34,3.5440242142688487
2025-09-18,Rajasthan,Jalor,343030,32,3.305064963598858
2025-09-18,Rajasthan,Jodhpur,342001,36,3.7829834649388396
2025-09-18,Bihar,Kishanganj,855107,44,4.738820467618804
2025-09-18,Bihar,Purnia,854315,45,4.858300092953799
2025-09-18,Delhi,West Delhi,110059,38,4.021942715608831
2025-09-18,Gujarat,Surat,394210,31,3.1855853382638624
2025-09-18,Jharkhand,Dhanbad,828109,38,4.021942715608831
2025-09-18,Jharkhand,Dhanbad,828205,50,5.455698219628776
2025-09-18,Jharkhand,Jamtara,815351,34,3.5440242142688487
2025-09-18,Jharkhand,Jamtara,815352,32,3.305064963598858
2025-09-18,Jharkhand,West Singhbhum,833102,39,4.141422340943826
2025-09-18,Rajasthan,Banswara,327001,40,4.260901966278822
2025-09-18,Rajasthan,Bharatpur,321203,38,4.021942715608831
2025-09-18,Rajasthan,Jalor,307029,51,5.575177844963772
2025-09-18,Rajasthan,Jalor,343040,33,3.4245445889338533
2025-09-18,Rajasthan,Sirohi,307026,30,3.066105712928867
2025-09-18,Tamil Nadu,Karur,639102,36,3.7829834649388396
2025-09-18,Uttar Pradesh,Budaun,243601,32,3.305064963598858
2025-09-18,Uttar Pradesh,Bulandshahr,203001,35,3.663503839603844
2025-09-18,Uttar Pradesh,Ghaziabad,201001,43,4.619340842283808
2025-09-18,Uttar Pradesh,Kheri,262802,30,3.066105712928867
2025-09-18,Uttar Pradesh,Rampur,244901,38,4.021942715608831
2025-09-18,West Bengal,Murshidabad,742224,33,3.4245445889338533
2025-09-18,Madhya Pradesh,Barwani,451666,56,6.17257597163875
2025-09-18,Madhya Pradesh,Chhatarpur,471105,61,6.769974098313727
2025-09-18,Madhya Pradesh,Katni,483501,37,3.9024630902738355
2025-09-18,Madhya Pradesh,Panna,488442,35,3.663503839603844
2025-09-18,Madhya Pradesh,Umaria,484661,37,3.9024630902738355
2025-09-18,Maharashtra,Nandurbar,425414,40,4.260901966278822
2025-09-18,Maharashtra,Nashik,423203,54,5.933616720968759
2025-09-19,Uttar Pradesh,Meerut,250001,33,3.4245445889338533
2025-09-19,Uttar Pradesh,Moradabad,244001,54,5.933616720968759
2025-09-19,Uttar Pradesh,Shahjahanpur,242001,30,3.066105712928867
2025-09-19,West Bengal,Murshidabad,742202,77,8.681648103673655
2025-09-19,West Bengal,South 24 Parganas,743502,44,4.738820467618804
2025-09-19,Delhi,North West Delhi,110086,34,3.5440242142688487
2025-09-19,Haryana,Faridabad,121004,34,3.5440242142688487
2025-09-19,Madhya Pradesh,Morena,476001,32,3.305064963598858
2025-09-19,Maharashtra,Aurangabad,431001,58,6.411535222308741
2025-09-19,Uttar Pradesh,Fatehpur,212601,33,3.4245445889338533
2025-09-19,Uttar Pradesh,Hapur,245101,32,3.305064963598858
2025-09-19,Uttar Pradesh,Kanpur Nagar,208001,34,3.5440242142688487
2025-09-19,Jharkhand,Sahebganj,816108,38,4.021942715608831
2025-09-19,Madhya Pradesh,Hoshangabad,461775,65,7.247892599653709
2025-09-19,Madhya Pradesh,Hoshangabad,461990,45,4.858300092953799
2025-09-19,Madhya Pradesh,Panna,488442,31,3.1855853382638624
2025-09-19,Maharashtra,Thane,400612,32,3.305064963598858
2025-09-19,Bihar,Sitamarhi,843302,36,3.7829834649388396
2025-09-19,Chhattisgarh,Balrampur,497225,45,4.858300092953799
2025-09-19,Rajasthan,Alwar,301001,30,3.066105712928867
2025-09-19,Punjab,Amritsar,143001,33,3.4245445889338533
2025-09-19,Rajasthan,Jodhpur,342301,31,3.1855853382638624
2025-09-19,Tamil Nadu,Namakkal,637209,41,4.380381591613817
2025-09-19,Bihar,Araria,854311,50,5.455698219628776
2025-09-19,Delhi,West Delhi,110059,45,4.858300092953799
2025-09-19,Gujarat,Banaskantha,385535,36,3.7829834649388396
2025-09-19,Gujarat,Tapi,394380,34,3.5440242142688487
2025-09-19,Jharkhand,Dhanbad,828109,30,3.066105712928867
2025-09-19,Uttar Pradesh,Pilibhit,262122,41,4.380381591613817
2025-09-19,West Bengal,Uttar Dinajpur,733202,47,5.09725934362379
2025-09-19,Madhya Pradesh,Indore,452001,38,4.021942715608831
2025-09-19,Maharashtra,Dhule,425405,31,3.1855853382638624
2025-09-19,Maharashtra,Nandurbar,425414,37,3.9024630902738355
2025-09-19,Maharashtra,Thane,421302,57,6.2920555969737455
2025-09-19,Meghalaya,East Garo Hills,794111,30,3.066105712928867
2025-09-19,Meghalaya,West Khasi Hills,793119,58,6.411535222308741
2025-09-19,Uttar Pradesh,Saharanpur,247001,51,5.575177844963772
2025-09-19,West Bengal,Murshidabad,742213,59,6.531014847643736
2025-09-19,West Bengal,Paschim Medinipur,721506,32,3.305064963598858
2025-09-19,West Bengal,Uttar Dinajpur,733210,51,5.575177844963772
2025-09-19,Uttar Pradesh,Aligarh,202001,35,3.663503839603844
2025-09-19,Uttar Pradesh,Ghaziabad,201001,36,3.7829834649388396
2025-09-19,Bihar,Katihar,854317,30,3.066105712928867
2025-09-19,Bihar,Khagaria,852161,33,3.4245445889338533
2025-09-19,Bihar,Saran,841301,36,3.7829834649388396
2025-09-19,Gujarat,Banaskantha,385310,34,3.5440242142688487
2025-09-19,Haryana,Palwal,121102,31,3.1855853382638624
2025-09-19,Madhya Pradesh,Gwalior,475110,30,3.066105712928867
2025-09-19,Maharashtra,Nashik,423203,53,5.814137095633764
2025-09-19,Odisha,Nabarangapur,764071,48,5.2167389689587855
2025-09-19,Odisha,Nabarangapur,764073,42,4.499861216948813
2025-09-19,Odisha,Rayagada,765029,31,3.1855853382638624
2025-09-19,Rajasthan,Jalor,343040,55,6.053096346303755
2025-09-19,Rajasthan,Jalor,343041,45,4.858300092953799
2025-09-19,Bihar,Kishanganj,855107,31,3.1855853382638624
2025-09-19,Jharkhand,Bokaro,829112,30,3.066105712928867
2025-09-19,Jharkhand,Jamtara,815351,52,5.694657470298767
2025-09-19,Jharkhand,Jamtara,815352,36,3.7829834649388396
2025-09-19,Madhya Pradesh,Barwani,451666,31,3.1855853382638624
2025-09-19,Madhya Pradesh,Datia,475661,40,4.260901966278822
2025-09-19,Madhya Pradesh,Guna,473001,37,3.9024630902738355
2025-09-19,Madhya Pradesh,Jhabua,457661,49,5.336218594293781
2025-09-19,Madhya Pradesh,Panna,488441,31,3.1855853382638624
2025-09-19,Uttar Pradesh,Agra,282001,30,3.066105712928867
2025-09-19,Uttar Pradesh,Chitrakoot,210205,31,3.1855853382638624
2025-09-19,Uttar Pradesh,Meerut,250002,46,4.977779718288795
2025-09-19,West Bengal,Uttar Dinajpur,733207,54,5.933616720968759
2025-09-20,Bihar,Gaya,824206,32,3.305064963598858
2025-09-20,Bihar,Vaishali,844508,32,3.305064963598858
2025-09-20,Bihar,West Champaran,845438,39,4.141422340943826
2025-09-20,Delhi,West Delhi,110059,51,5.575177844963772
2025-09-20,Gujarat,Banaskantha,385001,31,3.1855853382638624
2025-09-20,Jharkhand,Sahebganj,816108,33,3.4245445889338533
2025-09-20,Jharkhand,West Singhbhum,833102,39,4.141422340943826
2025-09-20,Karnataka,Dakshina Kannada,575014,31,3.1855853382638624
2025-09-20,Madhya Pradesh,Barwani,451666,30,3.066105712928867
2025-09-20,Madhya Pradesh,Jhabua,457661,48,5.2167389689587855
2025-09-20,Madhya Pradesh,Ratlam,457001,36,3.7829834649388396
2025-09-20,Uttar Pradesh,Ghaziabad,201001,43,4.619340842283808
2025-09-20,Uttar Pradesh,Shamli,247774,34,3.5440242142688487
2025-09-20,West Bengal,Murshidabad,742202,41,4.380381591613817
2025-09-20,West Bengal,Murshidabad,742224,31,3.1855853382638624
2025-09-20,West Bengal,Uttar Dinajpur,733207,39,4.141422340943826
2025-09-20,Maharashtra,Nashik,423203,56,6.17257597163875
2025-09-20,Maharashtra,Thane,401107,39,4.141422340943826
2025-09-20,Chhattisgarh,Bastar,494001,62,6.889453723648723
2025-09-20,Gujarat,Banaskantha,385535,36,3.7829834649388396
2025-09-20,Madhya Pradesh,Chhindwara,480001,35,3.663503839603844
2025-09-20,Madhya Pradesh,Umaria,484661,32,3.305064963598858
2025-09-20,Maharashtra,Thane,421302,64,7.128412974318714
2025-09-20,West Bengal,Uttar Dinajpur,733202,51,5.575177844963772
2025-09-20,Jharkhand,Jamtara,815351,56,6.17257597163875
2025-09-20,Madhya Pradesh,Jabalpur,482001,37,3.9024630902738355
2025-09-20,Bihar,Buxar,802129,30,3.066105712928867
2025-09-20,Manipur,Churachandpur,795128,32,3.305064963598858
2025-09-20,Uttar Pradesh,Kanpur Nagar,208001,36,3.7829834649388396
2025-09-20,Uttar Pradesh,Mainpuri,205001,30,3.066105712928867
2025-09-20,Uttar Pradesh,Meerut,250001,34,3.5440242142688487
2025-09-20,Uttar Pradesh,Shahjahanpur,242001,32,3.305064963598858
2025-09-20,West Bengal,Malda,732201,31,3.1855853382638624
2025-09-20,Jharkhand,Gumla,835207,33,3.4245445889338533
2025-09-20,Jharkhand,Jamtara,815352,31,3.1855853382638624
2025-09-20,Bihar,West Champaran,845455,35,3.663503839603844
2025-09-20,Maharashtra,Pune,411026,31,3.1855853382638624
2025-09-20,Rajasthan,Jalor,343041,42,4.499861216948813
2025-09-20,Tamil Nadu,Namakkal,638183,71,7.964770351663682
2025-09-20,Uttar Pradesh,Meerut,250002,35,3.663503839603844
2025-09-20,Uttar Pradesh,Unnao,209801,31,3.1855853382638624
2025-09-20,West Bengal,Uttar Dinajpur,733201,32,3.305064963598858
2025-09-20,Maharashtra,Aurangabad,431001,44,4.738820467618804
2025-09-20,Maharashtra,Raigarh,410206,30,3.066105712928867
2025-09-20,Maharashtra,Thane,400612,31,3.1855853382638624
2025-09-20,Tamil Nadu,Tiruchirappalli,621306,34,3.5440242142688487
2025-09-20,Uttar Pradesh,Gautam Buddha Nagar,201301,48,5.2167389689587855
2025-09-20,Uttar Pradesh,Ghaziabad,201102,38,4.021942715608831
2025-09-20,Uttar Pradesh,Moradabad,244001,39,4.141422340943826
2025-09-20,Assam,Karimganj,788720,31,3.1855853382638624
2025-09-20,Karnataka,Dakshina Kannada,575030,55,6.053096346303755
2025-09-22,Uttar Pradesh,Kanpur Nagar,208001,33,3.4245445889338533
2025-09-22,Uttar Pradesh,Moradabad,244001,38,4.021942715608831
2025-09-22,Uttar Pradesh,Saharanpur,247001,47,5.09725934362379
2025-09-22,Bihar,Katihar,855102,43,4.619340842283808
2025-09-22,Uttar Pradesh,Meerut,250002,33,3.4245445889338533
2025-09-22,West Bengal,Uttar Dinajpur,733210,42,4.499861216948813
2025-09-22,Uttar Pradesh,Bulandshahr,203001,33,3.4245445889338533
2025-09-22,Maharashtra,Aurangabad,431001,41,4.380381591613817
2025-09-22,Maharashtra,Nandurbar,425414,30,3.066105712928867
2025-09-22,Maharashtra,Thane,421302,37,3.9024630902738355
2025-09-22,West Bengal,Uttar Dinajpur,733202,59,6.531014847643736
2025-09-22,West Bengal,Uttar Dinajpur,733207,33,3.4245445889338533
2025-09-22,Bihar,Katihar,854317,39,4.141422340943826
2025-09-22,Bihar,Kishanganj,855101,35,3.663503839603844
2025-09-22,Delhi,North East Delhi,110094,34,3.5440242142688487
2025-09-22,Uttar Pradesh,Hardoi,241001,35,3.663503839603844
2025-09-22,Uttar Pradesh,Shahjahanpur,242001,31,3.1855853382638624
2025-09-22,Nagaland,Shamator,798628,32,3.305064963598858
2025-09-22,West Bengal,Uttar Dinajpur,733208,30,3.066105712928867
2025-09-22,Bihar,Siwan,841226,30,3.066105712928867
2025-09-22,Delhi,West Delhi,110059,32,3.305064963598858
2025-09-22,Gujarat,Banaskantha,385001,31,3.1855853382638624
2025-09-22,Madhya Pradesh,Jhabua,457661,66,7.367372224988705
2025-09-22,Madhya Pradesh,Ratlam,457001,30,3.066105712928867
2025-09-22,Maharashtra,Nashik,423203,41,4.380381591613817
2025-09-22,Meghalaya,West Jaintia Hills,793150,34,3.5440242142688487
2025-09-22,Bihar,Araria,854311,39,4.141422340943826
2025-09-22,Bihar,Purnia,854315,46,4.977779718288795
2025-09-22,Uttar Pradesh,Agra,282001,32,3.305064963598858
2025-09-22,Uttar Pradesh,Aligarh,202001,40,4.260901966278822
2025-09-22,Madhya Pradesh,Burhanpur,450331,34,3.5440242142688487
2025-09-22,Madhya Pradesh,Morena,476001,39,4.141422340943826
2025-09-22,Madhya Pradesh,Singrauli,486886,33,3.4245445889338533
2025-09-23,Bihar,Gaya,824206,37,3.9024630902738355
2025-09-23,Bihar,Sheikhpura,811105,33,3.4245445889338533
2025-09-23,Madhya Pradesh,Burhanpur,450331,37,3.9024630902738355
2025-09-23,Madhya Pradesh,Gwalior,474001,33,3.4245445889338533
2025-09-23,Madhya Pradesh,Morena,476001,55,6.053096346303755
2025-09-23,Madhya Pradesh,Shivpuri,473551,30,3.066105712928867
2025-09-23,Maharashtra,Nashik,423203,49,5.336218594293781
2025-09-23,Rajasthan,Alwar,301001,35,3.663503839603844
2025-09-23,Rajasthan,Bharatpur,321001,30,3.066105712928867
2025-09-23,Rajasthan,Bikaner,331803,40,4.260901966278822
2025-09-23,Uttar Pradesh,Budaun,243601,32,3.305064963598858
2025-09-23,Uttar Pradesh,Gautam Buddha Nagar,201301,47,5.09725934362379
2025-09-23,Uttar Pradesh,Hardoi,241001,33,3.4245445889338533
2025-09-23,Uttar Pradesh,Kanpur Nagar,208001,43,4.619340842283808
2025-09-23,Bihar,Kishanganj,855101,32,3.305064963598858
2025-09-23,Bihar,Kishanganj,855107,42,4.499861216948813
2025-09-23,Bihar,Samastipur,848114,33,3.4245445889338533
2025-09-23,Madhya Pradesh,Jhabua,457661,64,7.128412974318714
2025-09-23,Madhya Pradesh,Sidhi,486661,31,3.1855853382638624
2025-09-23,Maharashtra,Aurangabad,431001,58,6.411535222308741
2025-09-23,Rajasthan,Barmer,344706,30,3.066105712928867
2025-09-23,Rajasthan,Udaipur,313031,30,3.066105712928867
2025-09-23,West Bengal,Malda,732201,31,3.1855853382638624
2025-09-23,West Bengal,Uttar Dinajpur,733210,30,3.066105712928867
2025-09-23,Bihar,Araria,854311,42,4.499861216948813
2025-09-23,Bihar,Katihar,854317,41,4.380381591613817
2025-09-23,Madhya Pradesh,Ratlam,457001,40,4.260901966278822
2025-09-23,Uttar Pradesh,Meerut,250002,36,3.7829834649388396
2025-09-23,Uttar Pradesh,Saharanpur,247001,65,7.247892599653709
2025-09-23,West Bengal,Uttar Dinajpur,733215,32,3.305064963598858
2025-09-23,Madhya Pradesh,Guna,473001,38,4.021942715608831
2025-09-23,Madhya Pradesh,Singrauli,486886,46,4.977779718288795
2025-09-23,Bihar,Gaya,823003,33,3.4245445889338533
2025-09-23,Bihar,Purnia,854330,31,3.1855853382638624
2025-09-23,Rajasthan,Banswara,327001,34,3.5440242142688487
2025-09-23,Rajasthan,Barmer,344704,33,3.4245445889338533
2025-09-23,Rajasthan,Jodhpur,342001,40,4.260901966278822
2025-09-23,Uttar Pradesh,Aligarh,202001,37,3.9024630902738355
2025-09-23,Uttar Pradesh,Fatehpur,212601,32,3.305064963598858
2025-09-23,Uttar Pradesh,Moradabad,244001,57,6.2920555969737455
2025-09-23,West Bengal,Uttar Dinajpur,733202,50,5.455698219628776
2025-09-23,Maharashtra,Nandurbar,425414,37,3.9024630902738355
2025-09-23,Maharashtra,Thane,421302,42,4.499861216948813
2025-09-23,Rajasthan,Jalor,343041,55,6.053096346303755
2025-09-23,Bihar,West Champaran,845454,30,3.066105712928867
2025-09-23,Delhi,North East Delhi,110094,42,4.499861216948813
2025-09-23,Madhya Pradesh,Barwani,451666,34,3.5440242142688487
2025-09-23,Bihar,Purnia,854315,78,8.80112772900865
2025-09-23,Uttar Pradesh,Agra,282001,40,4.260901966278822
2025-09-23,West Bengal,Uttar Dinajpur,733207,40,4.260901966278822
2025-09-24,Uttar Pradesh,Saharanpur,247001,52,5.694657470298767
2025-09-24,Uttarakhand,Dehradun,248001,31,3.1855853382638624
2025-09-24,West Bengal,Malda,732123,36,3.7829834649388396
2025-09-24,West Bengal,Malda,732125,33,3.4245445889338533
2025-09-24,Assam,Goalpara,783129,37,3.9024630902738355
2025-09-24,Bihar,Araria,854311,65,7.247892599653709
2025-09-24,Bihar,East Champaran,845401,41,4.380381591613817
2025-09-24,Bihar,Kishanganj,855101,46,4.977779718288795
2025-09-24,Bihar,Purnia,854330,37,3.9024630902738355
2025-09-24,Jharkhand,Garhwa,822128,31,3.1855853382638624
2025-09-24,Madhya Pradesh,Burhanpur,450331,36,3.7829834649388396
2025-09-24,Madhya Pradesh,Morena,476001,42,4.499861216948813
2025-09-24,Madhya Pradesh,Panna,488220,31,3.1855853382638624
2025-09-24,Maharashtra,Dhule,425405,30,3.066105712928867
2025-09-24,Maharashtra,Thane,400612,31,3.1855853382638624
2025-09-24,Maharashtra,Thane,421302,48,5.2167389689587855
2025-09-24,Meghalaya,East Khasi Hills,793113,32,3.305064963598858
2025-09-24,Punjab,Amritsar,143001,36,3.7829834649388396
2025-09-24,Rajasthan,Barmer,344704,33,3.4245445889338533
2025-09-24,Uttar Pradesh,Moradabad,244001,48,5.2167389689587855
2025-09-24,Uttar Pradesh,Rae Bareli,229001,36,3.7829834649388396
2025-09-24,West Bengal,Howrah,711303,33,3.4245445889338533
2025-09-24,West Bengal,Uttar Dinajpur,733210,38,4.021942715608831
2025-09-24,West Bengal,Uttar Dinajpur,733215,31,3.1855853382638624
2025-09-24,Bihar,Buxar,802126,32,3.305064963598858
2025-09-24,Bihar,Darbhanga,847203,38,4.021942715608831
2025-09-24,Bihar,Katihar,855113,35,3.663503839603844
2025-09-24,Bihar,Kishanganj,855115,35,3.663503839603844
2025-09-24,Rajasthan,Barmer,344001,30,3.066105712928867
2025-09-24,Rajasthan,Udaipur,313701,31,3.1855853382638624
2025-09-24,Madhya Pradesh,Guna,473001,35,3.663503839603844
2025-09-24,Maharashtra,Nashik,423203,42,4.499861216948813
2025-09-24,Delhi,West Delhi,110059,30,3.066105712928867
2025-09-24,Madhya Pradesh,Panna,488446,35,3.663503839603844
2025-09-24,Madhya Pradesh,Ratlam,457001,43,4.619340842283808
2025-09-24,Uttar Pradesh,Meerut,250002,51,5.575177844963772
2025-09-24,Uttar Pradesh,Rampur,244901,41,4.380381591613817
2025-09-24,Uttar Pradesh,Shahjahanpur,242001,35,3.663503839603844
2025-09-24,Maharashtra,Aurangabad,431001,66,7.367372224988705
2025-09-24,Meghalaya,South Garo Hills,794102,38,4.021942715608831
2025-09-24,Uttar Pradesh,Agra,282001,38,4.021942715608831
2025-09-24,Uttar Pradesh,Ghaziabad,201001,39,4.141422340943826
2025-09-24,Uttar Pradesh,Hapur,245101,37,3.9024630902738355
2025-09-24,Uttar Pradesh,Pilibhit,262001,31,3.1855853382638624
2025-09-24,West Bengal,Uttar Dinajpur,733207,68,7.6063314756586955
2025-09-24,Madhya Pradesh,Barwani,451666,35,3.663503839603844
2025-09-24,Madhya Pradesh,Dhar,454331,30,3.066105712928867
2025-09-24,Madhya Pradesh,Jabalpur,482001,44,4.738820467618804
2025-09-24,Madhya Pradesh,Jhabua,457661,55,6.053096346303755
2025-09-24,Madhya Pradesh,Singrauli,486886,32,3.305064963598858
2025-09-24,Assam,Nagaon,782122,44,4.738820467618804
2025-09-24,Bihar,Araria,854318,33,3.4245445889338533
2025-09-24,Bihar,Kishanganj,855107,59,6.531014847643736
2025-09-24,Bihar,Purnia,854315,86,9.756964731688614
2025-09-24,Chhattisgarh,Bastar,494442,30,3.066105712928867
2025-09-24,Maharashtra,Thane,421301,44,4.738820467618804
2025-09-24,Rajasthan,Jalor,343041,52,5.694657470298767
2025-09-24,Rajasthan,Nagaur,341001,30,3.066105712928867
2025-09-24,Bihar,Katihar,854317,44,4.738820467618804
2025-09-24,Bihar,Purnia,854304,39,4.141422340943826
2025-09-24,Delhi,North East Delhi,110094,41,4.380381591613817
2025-09-24,Jharkhand,Latehar,829202,31,3.1855853382638624
2025-09-24,Jharkhand,Palamu,822110,33,3.4245445889338533
2025-09-24,Uttar Pradesh,Varanasi,221001,32,3.305064963598858
2025-09-24,West Bengal,Uttar Dinajpur,733202,48,5.2167389689587855
2025-09-24,West Bengal,Uttar Dinajpur,733208,38,4.021942715608831
2025-09-24,Madhya Pradesh,Guna,473222,47,5.09725934362379
2025-09-24,Maharashtra,Nandurbar,425414,48,5.2167389689587855
2025-09-24,Odisha,Rayagada,765017,37,3.9024630902738355
2025-09-24,Uttar Pradesh,Aligarh,202001,45,4.858300092953799
2025-09-25,Uttar Pradesh,Ghaziabad,201102,30,3.066105712928867
2025-09-25,Uttar Pradesh,Pilibhit,262122,31,3.1855853382638624
2025-09-25,Uttar Pradesh,Rae Bareli,229001,35,3.663503839603844
2025-09-25,Uttar Pradesh,Shahjahanpur,242001,41,4.380381591613817
2025-09-25,West Bengal,Uttar Dinajpur,733207,39,4.141422340943826
2025-09-25,Assam,Barpeta,781314,30,3.066105712928867
2025-09-25,Bihar,Buxar,802123,35,3.663503839603844
2025-09-25,Bihar,East Champaran,845302,31,3.1855853382638624
2025-09-25,Bihar,Kishanganj,855101,51,5.575177844963772
2025-09-25,Bihar,Purnia,854304,36,3.7829834649388396
2025-09-25,Bihar,Purnia,854315,115,13.221873866403483
2025-09-25,Bihar,Purnia,854330,36,3.7829834649388396
2025-09-25,Madhya Pradesh,Singrauli,486886,31,3.1855853382638624
2025-09-25,Madhya Pradesh,Umaria,484661,35,3.663503839603844
2025-09-25,Maharashtra,Thane,421301,36,3.7829834649388396
2025-09-25,Maharashtra,Thane,421302,51,5.575177844963772
2025-09-25,Punjab,Amritsar,143001,38,4.021942715608831
2025-09-25,Rajasthan,Sirohi,307022,31,3.1855853382638624
2025-09-25,Uttar Pradesh,Aligarh,202001,37,3.9024630902738355
2025-09-25,Assam,Karimganj,788724,31,3.1855853382638624
2025-09-25,Bihar,Katihar,854317,37,3.9024630902738355
2025-09-25,Bihar,Kishanganj,855107,45,4.858300092953799
2025-09-25,Jharkhand,Ramgarh,829110,34,3.5440242142688487
2025-09-25,Madhya Pradesh,Burhanpur,450331,33,3.4245445889338533
2025-09-25,Madhya Pradesh,Jabalpur,482001,34,3.5440242142688487
2025-09-25,Madhya Pradesh,Jhabua,457661,52,5.694657470298767
2025-09-25,Maharashtra,Palghar,401606,40,4.260901966278822
2025-09-25,Maharashtra,Thane,400612,35,3.663503839603844
2025-09-25,Rajasthan,Alwar,301021,46,4.977779718288795
2025-09-25,Rajasthan,Dungarpur,314030,30,3.066105712928867
2025-09-25,Rajasthan,Jodhpur,342001,31,3.1855853382638624
2025-09-25,Madhya Pradesh,Morena,476001,36,3.7829834649388396
2025-09-25,Maharashtra,Aurangabad,431001,51,5.575177844963772
2025-09-25,Maharashtra,Dhule,424002,30,3.066105712928867
2025-09-25,Maharashtra,Nashik,423203,41,4.380381591613817
2025-09-25,Manipur,Chandel,795131,31,3.1855853382638624
2025-09-25,Rajasthan,Barmer,344704,45,4.858300092953799
2025-09-25,Uttar Pradesh,Bahraich,271855,53,5.814137095633764
2025-09-25,Uttar Pradesh,Hapur,245101,32,3.305064963598858
2025-09-25,Uttar Pradesh,Maharajganj,273303,34,3.5440242142688487
2025-09-25,Uttar Pradesh,Moradabad,244001,30,3.066105712928867
2025-09-25,Bihar,Araria,854311,55,6.053096346303755
2025-09-25,Bihar,Begusarai,851211,33,3.4245445889338533
2025-09-25,Bihar,Buxar,802126,34,3.5440242142688487
2025-09-25,Bihar,East Champaran,845401,34,3.5440242142688487
2025-09-25,Bihar,Sheikhpura,811105,30,3.066105712928867
2025-09-25,Delhi,North West Delhi,110086,34,3.5440242142688487
2025-09-25,Jharkhand,Garhwa,822114,30,3.066105712928867
2025-09-25,West Bengal,South 24 Parganas,743502,34,3.5440242142688487
2025-09-25,West Bengal,Uttar Dinajpur,733210,37,3.9024630902738355
2025-09-25,West Bengal,Murshidabad,742202,33,3.4245445889338533
2025-09-25,Madhya Pradesh,Barwani,451666,36,3.7829834649388396
2025-09-25,Assam,Karimganj,788806,33,3.4245445889338533
2025-09-25,Bihar,Araria,854318,39,4.141422340943826
2025-09-25,Delhi,West Delhi,110059,48,5.2167389689587855
2025-09-25,Uttar Pradesh,Lucknow,226003,36,3.7829834649388396
2025-09-25,Uttar Pradesh,Meerut,250002,35,3.663503839603844
2025-09-25,Uttar Pradesh,Rampur,244901,39,4.141422340943826
2025-09-25,Uttar Pradesh,Saharanpur,247001,58,6.411535222308741
2025-09-25,Bihar,West Champaran,845438,33,3.4245445889338533
2025-09-25,Delhi,North East Delhi,110094,37,3.9024630902738355
2025-09-25,Haryana,Palwal,121102,30,3.066105712928867
2025-09-25,Madhya Pradesh,Panna,488220,32,3.305064963598858
2025-09-25,Madhya Pradesh,Ratlam,457001,43,4.619340842283808
2025-09-25,Maharashtra,Dhule,425405,32,3.305064963598858
2025-09-25,Uttar Pradesh,Kannauj,209721,36,3.7829834649388396
2025-09-25,Uttar Pradesh,Pilibhit,262001,31,3.1855853382638624
2025-09-25,West Bengal,Malda,732125,67,7.4868518503237
2025-09-25,West Bengal,Uttar Dinajpur,733202,52,5.694657470298767
2025-09-25,Bihar,Purnia,854326,31,3.1855853382638624
2025-09-25,Meghalaya,West Khasi Hills,793119,44,4.738820467618804
2025-09-25,Rajasthan,Jalor,343041,43,4.619340842283808
2025-09-26,Madhya Pradesh,Jhabua,457661,50,5.455698219628776
2025-09-26,Meghalaya,West Khasi Hills,793119,35,3.663503839603844
2025-09-26,Bihar,Araria,854311,35,3.663503839603844
2025-09-26,Delhi,West Delhi,110059,35,3.663503839603844
2025-09-26,Bihar,West Champaran,845438,31,3.1855853382638624
2025-09-26,Rajasthan,Alwar,301001,30,3.066105712928867
2025-09-26,Uttar Pradesh,Agra,282001,34,3.5440242142688487
2025-09-26,Madhya Pradesh,Barwani,451666,30,3.066105712928867
2025-09-26,Bihar,Buxar,802123,39,4.141422340943826
2025-09-26,Bihar,Kishanganj,855101,31,3.1855853382638624
2025-09-26,Bihar,Purnia,854315,55,6.053096346303755
2025-09-26,West Bengal,Uttar Dinajpur,733207,33,3.4245445889338533
2025-09-26,Uttar Pradesh,Ghaziabad,201001,31,3.1855853382638624
2025-09-26,Uttar Pradesh,Moradabad,244001,54,5.933616720968759
2025-09-26,Maharashtra,Dhule,425405,37,3.9024630902738355
2025-09-26,Rajasthan,Jalor,343041,41,4.380381591613817
2025-09-26,Uttar Pradesh,Bahraich,271855,37,3.9024630902738355
2025-09-26,Madhya Pradesh,Morena,476001,32,3.305064963598858
2025-09-26,Uttar Pradesh,Saharanpur,247001,44,4.738820467618804
2025-09-27,Uttar Pradesh,Bahraich,271855,53,5.814137095633764
2025-09-27,Delhi,West Delhi,110059,32,3.305064963598858
2025-09-27,Bihar,Purnia,854315,43,4.619340842283808
2025-09-29,Uttar Pradesh,Bahraich,271855,50,5.455698219628776
2025-10-13,Telangana,Hyderabad,500053,38,4.021942715608831
2025-10-13,Madhya Pradesh,Sidhi,486661,34,3.5440242142688487
2025-10-13,Madhya Pradesh,Singrauli,486886,42,4.499861216948813
2025-10-13,Maharashtra,Nandurbar,425414,31,3.1855853382638624
2025-10-13,Meghalaya,Ri Bhoi,793105,57,6.2920555969737455
2025-10-13,Meghalaya,West Garo Hills,794103,64,7.128412974318714
2025-10-13,Meghalaya,West Jaintia Hills,793151,42,4.499861216948813
2025-10-13,Odisha,Jagatsinghapur,754141,30,3.066105712928867
2025-10-13,Uttar Pradesh,Aligarh,202001,43,4.619340842283808
2025-10-13,Uttar Pradesh,Budaun,243601,30,3.066105712928867
2025-10-13,Uttar Pradesh,Gautam Buddha Nagar,201306,32,3.305064963598858
2025-10-13,Uttar Pradesh,Kheri,262802,32,3.305064963598858
2025-10-13,Uttar Pradesh,Lucknow,226003,41,4.380381591613817
2025-10-13,Uttar Pradesh,Siddharthnagar,272153,35,3.663503839603844
2025-10-13,West Bengal,Malda,732125,36,3.7829834649388396
2025-10-13,West Bengal,North 24 Parganas,743423,38,4.021942715608831
2025-10-13,West Bengal,Uttar Dinajpur,733201,59,6.531014847643736
2025-10-13,Bihar,Araria,854333,43,4.619340842283808
2025-10-13,Bihar,Aurangabad,824120,39,4.141422340943826
2025-10-13,Bihar,Begusarai,851112,46,4.977779718288795
2025-10-13,Bihar,Jamui,811308,46,4.977779718288795
2025-10-13,Bihar,Khagaria,851204,30,3.066105712928867
2025-10-13,Bihar,Kishanganj,855115,44,4.738820467618804
2025-10-13,Bihar,Nawada,805130,36,3.7829834649388396
2025-10-13,Bihar,Purnia,854101,35,3.663503839603844
2025-10-13,Bihar,Purnia,854326,39,4.141422340943826
2025-10-13,Bihar,Purnia,854330,98,11.19072023570856
2025-10-13,Bihar,Saran,841301,32,3.305064963598858
2025-10-13,Bihar,Sheikhpura,811105,52,5.694657470298767
2025-10-13,Bihar,Sitamarhi,843302,38,4.021942715608831
2025-10-13,Bihar,Supaul,852137,45,4.858300092953799
2025-10-13,Bihar,Vaishali,844122,48,5.2167389689587855
2025-10-13,Chhattisgarh,Kondagaon,494226,32,3.305064963598858
2025-10-13,Delhi,West Delhi,110059,55,6.053096346303755
2025-10-13,Jharkhand,Garhwa,822114,35,3.663503839603844
2025-10-13,Jharkhand,Giridih,815312,39,4.141422340943826
2025-10-13,Madhya Pradesh,Guna,473001,30,3.066105712928867
2025-10-13,Madhya Pradesh,Katni,483501,43,4.619340842283808
2025-10-13,Maharashtra,Pune,411048,32,3.305064963598858
2025-10-13,Maharashtra,Thane,421301,44,4.738820467618804
2025-10-13,Maharashtra,Thane,421302,69,7.725811100993691
2025-10-13,Rajasthan,Alwar,301001,43,4.619340842283808
2025-10-13,Rajasthan,Udaipur,307025,35,3.663503839603844
2025-10-13,Assam,Dhemaji,786110,54,5.933616720968759
2025-10-13,Bihar,Araria,854311,94,10.712801734368577
2025-10-13,Bihar,Araria,854312,58,6.411535222308741
2025-10-13,Bihar,Araria,854318,39,4.141422340943826
2025-10-13,Bihar,Araria,854329,37,3.9024630902738355
2025-10-13,Bihar,East Champaran,845401,30,3.066105712928867
2025-10-13,Bihar,Gaya,823003,33,3.4245445889338533
2025-10-13,Bihar,Gaya,824232,51,5.575177844963772
2025-10-13,Bihar,Gaya,824233,33,3.4245445889338533
2025-10-13,Bihar,Jamui,811314,40,4.260901966278822
2025-10-13,Bihar,Katihar,855113,45,4.858300092953799
2025-10-13,Bihar,Kishanganj,855117,38,4.021942715608831
2025-10-13,Bihar,Madhubani,847108,33,3.4245445889338533
2025-10-13,Bihar,Nalanda,803110,30,3.066105712928867
2025-10-13,Bihar,Nawada,805104,30,3.066105712928867
2025-10-13,Bihar,Purnia,854315,113,12.982914615733492
2025-10-13,Bihar,Saharsa,852127,34,3.5440242142688487
2025-10-13,Bihar,Sitamarhi,843324,43,4.619340842283808
2025-10-13,Bihar,West Champaran,845106,33,3.4245445889338533
2025-10-13,Delhi,North East Delhi,110053,32,3.305064963598858
2025-10-13,Haryana,Faridabad,121004,35,3.663503839603844
2025-10-13,Uttar Pradesh,Bijnor,246725,33,3.4245445889338533
2025-10-13,Uttar Pradesh,Bulandshahr,203001,33,3.4245445889338533
2025-10-13,Uttar Pradesh,Kanpur Nagar,208001,36,3.7829834649388396
2025-10-13,Uttar Pradesh,Maharajganj,273302,31,3.1855853382638624
2025-10-13,Uttar Pradesh,Meerut,250002,70,7.845290726328686
2025-10-13,Uttar Pradesh,Shamli,247774,34,3.5440242142688487
2025-10-13,Uttarakhand,Nainital,263139,32,3.305064963598858
2025-10-13,West Bengal,Murshidabad,742202,71,7.964770351663682
2025-10-13,West Bengal,Murshidabad,742304,41,4.380381591613817
2025-10-13,West Bengal,South 24 Parganas,743329,50,5.455698219628776
2025-10-13,West Bengal,South 24 Parganas,743376,39,4.141422340943826
2025-10-13,West Bengal,South 24 Parganas,743502,40,4.260901966278822
2025-10-13,West Bengal,Uttar Dinajpur,733202,68,7.6063314756586955
2025-10-13,West Bengal,Uttar Dinajpur,733210,69,7.725811100993691
2025-10-13,Madhya Pradesh,Umaria,484660,32,3.305064963598858
2025-10-13,Maharashtra,Aurangabad,431001,78,8.80112772900865
2025-10-13,Meghalaya,Ri Bhoi,793103,45,4.858300092953799
2025-10-13,Meghalaya,West Khasi Hills,793119,58,6.411535222308741
2025-10-13,Jammu and Kashmir,Doda,182203,37,3.9024630902738355
2025-10-13,Jharkhand,Chatra,825401,37,3.9024630902738355
2025-10-13,Jharkhand,Jamtara,815352,48,5.2167389689587855
2025-10-13,Uttar Pradesh,Moradabad,244001,105,12.027077613053528
2025-10-13,Uttar Pradesh,Rampur,244901,50,5.455698219628776
2025-10-13,Bihar,Katihar,854105,32,3.305064963598858
2025-10-13,Bihar,Madhubani,847408,40,4.260901966278822
2025-10-13,Bihar,Muzaffarpur,843125,32,3.305064963598858
2025-10-13,Bihar,Nawada,805106,34,3.5440242142688487
2025-10-13,Bihar,Purnia,854204,49,5.336218594293781
2025-10-13,Bihar,Sitamarhi,843327,37,3.9024630902738355
2025-10-13,Bihar,Siwan,841406,33,3.4245445889338533
2025-10-13,Bihar,Supaul,852131,39,4.141422340943826
2025-10-13,Bihar,Vaishali,843114,32,3.305064963598858
2025-10-13,Bihar,Vaishali,844505,34,3.5440242142688487
2025-10-13,Bihar,West Champaran,845455,39,4.141422340943826
2025-10-13,West Bengal,Murshidabad,742224,57,6.2920555969737455
2025-10-13,West Bengal,Uttar Dinajpur,733208,52,5.694657470298767
2025-10-13,Haryana,Gurgaon,122001,30,3.066105712928867
2025-10-13,Haryana,Mewat,122508,33,3.4245445889338533
2025-10-13,Jharkhand,Jamtara,815351,33,3.4245445889338533
2025-10-13,Bihar,Aurangabad,824124,36,3.7829834649388396
2025-10-13,Bihar,Banka,813106,45,4.858300092953799
2025-10-13,Bihar,Darbhanga,847203,48,5.2167389689587855
2025-10-13,Bihar,East Champaran,845303,31,3.1855853382638624
2025-10-13,Bihar,Gaya,824201,48,5.2167389689587855
2025-10-13,Bihar,Gaya,824206,41,4.380381591613817
2025-10-13,Bihar,Gaya,824231,36,3.7829834649388396
2025-10-13,Bihar,Kishanganj,855101,70,7.845290726328686
2025-10-13,Bihar,Kishanganj,855107,74,8.323209227668668
2025-10-13,Bihar,Lakhisarai,811311,31,3.1855853382638624
2025-10-13,Bihar,Madhepura,852101,44,4.738820467618804
2025-10-13,Bihar,Purnia,854304,48,5.2167389689587855
2025-10-13,Bihar,Saharsa,852129,31,3.1855853382638624
2025-10-13,Bihar,Samastipur,848101,31,3.1855853382638624
2025-10-13,Bihar,Samastipur,848114,39,4.141422340943826
2025-10-13,Bihar,Saran,841101,46,4.977779718288795
2025-10-13,Bihar,Vaishali,844102,30,3.066105712928867
2025-10-13,Bihar,Vaishali,844508,35,3.663503839603844
2025-10-13,Chhattisgarh,Balrampur,497225,42,4.499861216948813
2025-10-13,Delhi,North East Delhi,110094,38,4.021942715608831
2025-10-13,Delhi,North West Delhi,110086,35,3.663503839603844
2025-10-13,Uttar Pradesh,Deoria,274001,34,3.5440242142688487
2025-10-13,Uttar Pradesh,Hardoi,241001,49,5.336218594293781
2025-10-13,Uttar Pradesh,Kheri,261505,40,4.260901966278822
2025-10-13,Uttar Pradesh,Pilibhit,262122,37,3.9024630902738355
2025-10-13,Uttar Pradesh,Saharanpur,247001,74,8.323209227668668
2025-10-13,West Bengal,Murshidabad,742135,42,4.499861216948813
2025-10-13,West Bengal,Uttar Dinajpur,733215,35,3.663503839603844
2025-10-13,Maharashtra,Jalna,431203,30,3.066105712928867
2025-10-13,Punjab,Amritsar,143001,33,3.4245445889338533
2025-10-13,Rajasthan,Banswara,327001,37,3.9024630902738355
2025-10-13,Rajasthan,Bikaner,334001,35,3.663503839603844
2025-10-13,Rajasthan,Jalor,343041,35,3.663503839603844
2025-10-13,Jharkhand,Deoghar,815353,55,6.053096346303755
2025-10-13,Jharkhand,Dhanbad,828109,47,5.09725934362379
2025-10-13,Jharkhand,Pakur,816107,33,3.4245445889338533
2025-10-13,Madhya Pradesh,Jabalpur,482003,45,4.858300092953799
2025-10-13,Madhya Pradesh,Jabalpur,483225,35,3.663503839603844
2025-10-13,Madhya Pradesh,Jhabua,457661,49,5.336218594293781
2025-10-13,Madhya Pradesh,Neemuch,458441,30,3.066105712928867
2025-10-13,Madhya Pradesh,Ratlam,457001,33,3.4245445889338533
2025-10-13,Uttar Pradesh,Bahraich,271855,80,9.040086979678641
2025-10-13,Uttar Pradesh,Bahraich,271865,38,4.021942715608831
2025-10-13,Uttar Pradesh,Gautam Buddha Nagar,201301,50,5.455698219628776
2025-10-13,Uttar Pradesh,Ghaziabad,201102,52,5.694657470298767
2025-10-13,Uttar Pradesh,Mirzapur,231001,36,3.7829834649388396
2025-10-13,Uttar Pradesh,Shahjahanpur,242001,39,4.141422340943826
2025-10-13,West Bengal,Birbhum,731303,38,4.021942715608831
2025-10-13,Assam,Dhemaji,787059,100,11.42967948637855
2025-10-13,Bihar,Jamui,811303,42,4.499861216948813
2025-10-13,Bihar,Katihar,854103,36,3.7829834649388396
2025-10-13,Bihar,Katihar,854317,63,7.008933348983718
2025-10-13,Bihar,Madhepura,852128,35,3.663503839603844
2025-10-13,Bihar,Samastipur,848117,39,4.141422340943826
2025-10-13,Bihar,Saran,841403,31,3.1855853382638624
2025-10-13,Bihar,Sheohar,843329,36,3.7829834649388396
2025-10-13,Bihar,West Champaran,845438,67,7.4868518503237
2025-10-13,Delhi,South Delhi,110062,32,3.305064963598858
2025-10-13,West Bengal,Uttar Dinajpur,733207,77,8.681648103673655
2025-10-13,West Bengal,Uttar Dinajpur,733209,32,3.305064963598858
2025-10-15,Delhi,North West Delhi,110086,34,3.5440242142688487
2025-10-15,Delhi,West Delhi,110059,38,4.021942715608831
2025-10-15,Madhya Pradesh,Barwani,451666,32,3.305064963598858
2025-10-15,Uttar Pradesh,Bahraich,271801,32,3.305064963598858
2025-10-15,Uttar Pradesh,Ghaziabad,201001,30,3.066105712928867
2025-10-15,Uttar Pradesh,Hapur,245101,39,4.141422340943826
2025-10-15,Maharashtra,Nashik,423203,72,8.084249976998677
2025-10-15,Maharashtra,Thane,421302,48,5.2167389689587855
2025-10-15,Assam,Dhubri,783348,39,4.141422340943826
2025-10-15,Bihar,Katihar,855113,32,3.305064963598858
2025-10-15,Bihar,Nawada,805103,31,3.1855853382638624
2025-10-15,West Bengal,Uttar Dinajpur,733210,58,6.411535222308741
2025-10-15,Madhya Pradesh,Shivpuri,473551,45,4.858300092953799
2025-10-15,Meghalaya,West Khasi Hills,793119,55,6.053096346303755
2025-10-15,Rajasthan,Alwar,301001,30,3.066105712928867
2025-10-15,Uttar Pradesh,Bahraich,271855,54,5.933616720968759
2025-10-15,Bihar,Katihar,854317,52,5.694657470298767
2025-10-15,Bihar,Kishanganj,855101,70,7.845290726328686
2025-10-15,Bihar,Purnia,854330,55,6.053096346303755
2025-10-15,Bihar,Vaishali,843114,35,3.663503839603844
2025-10-15,Haryana,Faridabad,121004,32,3.305064963598858
2025-10-15,Assam,Dhubri,783371,43,4.619340842283808
2025-10-15,West Bengal,Malda,732125,31,3.1855853382638624
2025-10-15,West Bengal,Uttar Dinajpur,733202,61,6.769974098313727
2025-10-15,Assam,Kokrajhar,783360,38,4.021942715608831
2025-10-15,Bihar,Gaya,824201,35,3.663503839603844
2025-10-15,Bihar,Kishanganj,855107,47,5.09725934362379
2025-10-15,Bihar,Madhepura,852210,34,3.5440242142688487
2025-10-15,Bihar,Nalanda,803101,34,3.5440242142688487
2025-10-15,Bihar,Nawada,805106,35,3.663503839603844
2025-10-15,Bihar,Purnia,854315,88,9.995923982358605
2025-10-15,Bihar,Samastipur,848114,43,4.619340842283808
2025-10-15,Bihar,Sitamarhi,843302,36,3.7829834649388396
2025-10-15,Bihar,West Champaran,845438,49,5.336218594293781
2025-10-15,Jharkhand,Jamtara,815351,30,3.066105712928867
2025-10-15,Madhya Pradesh,Sidhi,486661,32,3.305064963598858
2025-10-15,Maharashtra,Parbhani,431401,31,3.1855853382638624
2025-10-15,Uttar Pradesh,Ghaziabad,201102,33,3.4245445889338533
2025-10-15,Uttar Pradesh,Meerut,250001,31,3.1855853382638624
2025-10-15,Uttar Pradesh,Moradabad,244001,71,7.964770351663682
2025-10-15,Uttar Pradesh,Saharanpur,247001,40,4.260901966278822
2025-10-15,Uttar Pradesh,Unnao,209801,39,4.141422340943826
2025-10-15,West Bengal,South 24 Parganas,743355,33,3.4245445889338533
2025-10-15,West Bengal,Uttar Dinajpur,733207,60,6.650494472978732
2025-10-15,Uttar Pradesh,Gautam Buddha Nagar,201301,36,3.7829834649388396
2025-10-15,Bihar,Araria,854311,91,10.354362858363592
2025-10-15,Bihar,Araria,854312,32,3.305064963598858
2025-10-15,Bihar,Nawada,805130,49,5.336218594293781
2025-10-15,Bihar,Purnia,854304,30,3.066105712928867
2025-10-15,Bihar,Saharsa,852106,31,3.1855853382638624
2025-10-15,Bihar,Siwan,841226,35,3.663503839603844
2025-10-15,Bihar,Supaul,852137,35,3.663503839603844
2025-10-15,Bihar,West Champaran,845101,31,3.1855853382638624
2025-10-15,Delhi,North East Delhi,110094,43,4.619340842283808
2025-10-15,Jharkhand,Deoghar,815353,42,4.499861216948813
2025-10-15,Jharkhand,Garhwa,822114,30,3.066105712928867
2025-10-15,Madhya Pradesh,Burhanpur,450331,39,4.141422340943826
2025-10-15,Madhya Pradesh,Katni,483770,32,3.305064963598858
2025-10-15,Maharashtra,Aurangabad,431001,55,6.053096346303755
2025-10-15,Maharashtra,Thane,421301,32,3.305064963598858
2025-10-15,Uttar Pradesh,Kheri,262802,31,3.1855853382638624
2025-10-15,Uttar Pradesh,Rampur,244901,45,4.858300092953799
2025-10-15,Uttar Pradesh,Shahjahanpur,242001,32,3.305064963598858
2025-10-15,Uttarakhand,Nainital,263139,46,4.977779718288795
2025-10-15,West Bengal,Murshidabad,742202,45,4.858300092953799
2025-10-15,West Bengal,South 24 Parganas,743329,40,4.260901966278822
2025-10-15,Madhya Pradesh,Singrauli,486886,49,5.336218594293781
2025-10-15,Maharashtra,Thane,400612,34,3.5440242142688487
2025-10-15,Haryana,Mewat,122508,41,4.380381591613817
2025-10-15,Bihar,Araria,854333,45,4.858300092953799
2025-10-15,Bihar,Banka,813106,34,3.5440242142688487
2025-10-15,Bihar,East Champaran,845302,30,3.066105712928867
2025-10-15,Bihar,Gaya,823003,30,3.066105712928867
2025-10-15,Bihar,Gaya,824206,42,4.499861216948813
2025-10-15,Bihar,Gaya,824232,55,6.053096346303755
2025-10-15,Bihar,Kishanganj,855117,31,3.1855853382638624
2025-10-15,Bihar,Madhepura,852128,37,3.9024630902738355
2025-10-15,Bihar,Madhubani,847408,30,3.066105712928867
2025-10-15,Bihar,Nawada,805104,30,3.066105712928867
2025-10-15,Bihar,Purnia,854204,40,4.260901966278822
2025-10-15,Bihar,Saharsa,852127,31,3.1855853382638624
2025-10-15,Bihar,Supaul,852131,31,3.1855853382638624
2025-10-15,Bihar,Vaishali,844122,40,4.260901966278822
2025-10-15,Bihar,Vaishali,844505,31,3.1855853382638624
2025-10-15,Uttar Pradesh,Meerut,250002,52,5.694657470298767
2025-10-15,West Bengal,South 24 Parganas,743502,38,4.021942715608831
2025-10-16,Maharashtra,Nashik,423203,34,3.5440242142688487
2025-10-16,Maharashtra,Thane,421302,33,3.4245445889338533
2025-10-16,Bihar,Araria,854312,33,3.4245445889338533
2025-10-16,Bihar,Gaya,824232,33,3.4245445889338533
2025-10-16,Bihar,Purnia,854330,30,3.066105712928867
2025-10-16,West Bengal,Uttar Dinajpur,733202,49,5.336218594293781
2025-10-16,West Bengal,Uttar Dinajpur,733210,52,5.694657470298767
2025-10-16,Uttar Pradesh,Aligarh,202001,33,3.4245445889338533
2025-10-16,Uttar Pradesh,Moradabad,244001,32,3.305064963598858
2025-10-16,Uttar Pradesh,Saharanpur,247001,35,3.663503839603844
2025-10-16,Uttar Pradesh,Bahraich,271855,42,4.499861216948813
2025-10-16,Madhya Pradesh,Shivpuri,473551,30,3.066105712928867
2025-10-16,Madhya Pradesh,Sidhi,486661,30,3.066105712928867
2025-10-16,West Bengal,Uttar Dinajpur,733207,41,4.380381591613817
2025-10-16,Uttar Pradesh,Bareilly,243123,30,3.066105712928867
2025-10-16,West Bengal,Murshidabad,742202,37,3.9024630902738355
2025-10-16,Meghalaya,East Khasi Hills,793015,63,7.008933348983718
2025-10-16,Bihar,Araria,854311,55,6.053096346303755
2025-10-16,Bihar,Katihar,854317,42,4.499861216948813
2025-10-16,Bihar,Kishanganj,855101,36,3.7829834649388396
2025-10-16,Bihar,Nawada,805130,34,3.5440242142688487
2025-10-16,Bihar,Sitamarhi,843324,30,3.066105712928867
2025-10-16,Gujarat,Banaskantha,385320,30,3.066105712928867
2025-10-17,Bihar,Araria,854325,37,3.9024630902738355
2025-10-17,Bihar,Araria,854329,88,9.995923982358605
2025-10-17,Bihar,Arwal,804421,31,3.1855853382638624
2025-10-17,Bihar,Aurangabad,824120,34,3.5440242142688487
2025-10-17,Bihar,Aurangabad,824124,37,3.9024630902738355
2025-10-17,Bihar,Banka,813104,37,3.9024630902738355
2025-10-17,Bihar,Bhojpur,802203,37,3.9024630902738355
2025-10-17,Bihar,Darbhanga,847201,37,3.9024630902738355
2025-10-17,Bihar,East Champaran,845418,44,4.738820467618804
2025-10-17,Bihar,East Champaran,845427,31,3.1855853382638624
2025-10-17,Bihar,Gaya,823001,42,4.499861216948813
2025-10-17,Bihar,Jamui,811305,30,3.066105712928867
2025-10-17,Bihar,Katihar,854105,33,3.4245445889338533
2025-10-17,Bihar,Khagaria,848203,41,4.380381591613817
2025-10-17,Bihar,Kishanganj,855116,37,3.9024630902738355
2025-10-17,Bihar,Madhepura,852112,37,3.9024630902738355
2025-10-17,Bihar,Madhubani,847226,31,3.1855853382638624
2025-10-17,Bihar,Madhubani,847235,41,4.380381591613817
2025-10-17,Bihar,Madhubani,847408,67,7.4868518503237
2025-10-17,Bihar,Munger,811213,30,3.066105712928867
2025-10-17,Bihar,Muzaffarpur,843128,30,3.066105712928867
2025-10-17,Bihar,Sitamarhi,843302,63,7.008933348983718
2025-10-17,Bihar,Sitamarhi,843332,30,3.066105712928867
2025-10-17,Bihar,Vaishali,843114,42,4.499861216948813
2025-10-17,Bihar,Vaishali,844102,38,4.021942715608831
2025-10-17,Bihar,Vaishali,844503,35,3.663503839603844
2025-10-17,Bihar,Vaishali,844505,47,5.09725934362379
2025-10-17,Bihar,West Champaran,845101,34,3.5440242142688487
2025-10-17,Bihar,West Champaran,845454,48,5.2167389689587855
2025-10-17,Chhattisgarh,Bastar,494001,35,3.663503839603844
2025-10-17,Delhi,South Delhi,110025,31,3.1855853382638624
2025-10-17,Delhi,South West Delhi,110043,30,3.066105712928867
2025-10-17,Gujarat,Panchmahals,389001,34,3.5440242142688487
2025-10-17,Jharkhand,Dhanbad,828109,57,6.2920555969737455
2025-10-17,Jharkhand,Garhwa,822112,38,4.021942715608831
2025-10-17,Jharkhand,Garhwa,822114,57,6.2920555969737455
2025-10-17,Jharkhand,Giridih,815312,37,3.9024630902738355
2025-10-17,Jharkhand,Giridih,825412,30,3.066105712928867
2025-10-17,Jharkhand,Hazaribagh,825301,41,4.380381591613817
2025-10-17,Uttar Pradesh,Balrampur,271201,36,3.7829834649388396
2025-10-17,Uttar Pradesh,Bareilly,243001,47,5.09725934362379
2025-10-17,Uttar Pradesh,Bareilly,243505,32,3.305064963598858
2025-10-17,Uttar Pradesh,Bijnor,246731,40,4.260901966278822
2025-10-17,Uttar Pradesh,Bijnor,246763,50,5.455698219628776
2025-10-17,Uttar Pradesh,Budaun,243601,72,8.084249976998677
2025-10-17,Uttar Pradesh,Gautam Buddha Nagar,203207,34,3.5440242142688487
2025-10-17,Uttar Pradesh,Hardoi,241001,48,5.2167389689587855
2025-10-17,Uttar Pradesh,Hathras,204101,46,4.977779718288795
2025-10-17,Uttar Pradesh,Kanpur Nagar,208021,33,3.4245445889338533
2025-10-17,Uttar Pradesh,Kheri,261505,33,3.4245445889338533
2025-10-17,Uttar Pradesh,Kheri,262802,50,5.455698219628776
2025-10-17,Uttar Pradesh,Mathura,281001,30,3.066105712928867
2025-10-17,Uttar Pradesh,Meerut,250001,43,4.619340842283808
2025-10-17,Uttar Pradesh,Mirzapur,231001,65,7.247892599653709
2025-10-17,Uttar Pradesh,Rampur,244901,77,8.681648103673655
2025-10-17,Uttar Pradesh,Sant Kabir Nagar,272125,36,3.7829834649388396
2025-10-17,Uttar Pradesh,Sitapur,261151,46,4.977779718288795
2025-10-17,Uttar Pradesh,Unnao,209801,66,7.367372224988705
2025-10-17,Uttar Pradesh,Unnao,209821,35,3.663503839603844
2025-10-17,Uttarakhand,Nainital,263139,66,7.367372224988705
2025-10-17,West Bengal,Cooch Behar,736135,36,3.7829834649388396
2025-10-17,West Bengal,Cooch Behar,736168,31,3.1855853382638624
2025-10-17,West Bengal,Malda,732125,96,10.951760985038568
2025-10-17,West Bengal,North 24 Parganas,743423,41,4.380381591613817
2025-10-17,Odisha,Jagatsinghapur,754141,51,5.575177844963772
2025-10-17,Rajasthan,Bikaner,331803,33,3.4245445889338533
2025-10-17,Madhya Pradesh,Alirajpur,457990,34,3.5440242142688487
2025-10-17,Madhya Pradesh,Jabalpur,483225,33,3.4245445889338533
2025-10-17,Madhya Pradesh,Sagar,470226,30,3.066105712928867
2025-10-17,Madhya Pradesh,Satna,485001,43,4.619340842283808
2025-10-17,Madhya Pradesh,Singrauli,486886,98,11.19072023570856
2025-10-17,Madhya Pradesh,Ujjain,456006,35,3.663503839603844
2025-10-17,Madhya Pradesh,Umaria,484661,33,3.4245445889338533
2025-10-17,Maharashtra,Akola,444001,30,3.066105712928867
2025-10-17,Maharashtra,Aurangabad,431001,110,12.624475739728506
2025-10-17,Maharashtra,Palghar,401209,32,3.305064963598858
2025-10-17,Maharashtra,Parbhani,431401,60,6.650494472978732
2025-10-17,Maharashtra,Thane,400612,62,6.889453723648723
2025-10-17,Assam,Barpeta,781314,37,3.9024630902738355
2025-10-17,Assam,Dhubri,783334,31,3.1855853382638624
2025-10-17,Assam,Dhubri,783348,31,3.1855853382638624
2025-10-17,Assam,Hojai,782435,45,4.858300092953799
2025-10-17,West Bengal,South 24 Parganas,743312,31,3.1855853382638624
2025-10-17,West Bengal,South 24 Parganas,743375,32,3.305064963598858
2025-10-17,West Bengal,South 24 Parganas,743502,61,6.769974098313727
2025-10-17,Telangana,Hyderabad,500053,60,6.650494472978732
2025-10-17,Uttar Pradesh,Agra,282007,46,4.977779718288795
2025-10-17,Uttar Pradesh,Bahraich,271801,40,4.260901966278822
2025-10-17,Uttar Pradesh,Bahraich,271855,71,7.964770351663682
2025-10-17,Uttar Pradesh,Bahraich,271903,42,4.499861216948813
2025-10-17,Uttar Pradesh,Banda,210001,37,3.9024630902738355
2025-10-17,Uttar Pradesh,Bijnor,246725,34,3.5440242142688487
2025-10-17,Uttar Pradesh,Budaun,243638,31,3.1855853382638624
2025-10-17,Uttar Pradesh,Bulandshahr,203131,36,3.7829834649388396
2025-10-17,Uttar Pradesh,Chitrakoot,210205,40,4.260901966278822
2025-10-17,Uttar Pradesh,Fatehpur,212601,62,6.889453723648723
2025-10-17,Uttar Pradesh,Firozabad,283203,40,4.260901966278822
2025-10-17,Uttar Pradesh,Gautam Buddha Nagar,201301,60,6.650494472978732
2025-10-17,Uttar Pradesh,Jaunpur,222001,36,3.7829834649388396
2025-10-17,Uttar Pradesh,Lucknow,226003,69,7.725811100993691
2025-10-17,Uttar Pradesh,Meerut,250002,117,13.460833117073474
2025-10-17,Uttar Pradesh,Pilibhit,262122,44,4.738820467618804
2025-10-17,Uttar Pradesh,Saharanpur,247554,42,4.499861216948813
2025-10-17,Uttar Pradesh,Sitapur,261135,40,4.260901966278822
2025-10-17,West Bengal,Birbhum,731220,41,4.380381591613817
2025-10-17,West Bengal,Howrah,711312,44,4.738820467618804
2025-10-17,West Bengal,Howrah,711401,38,4.021942715608831
2025-10-17,West Bengal,Murshidabad,742133,39,4.141422340943826
2025-10-17,West Bengal,Murshidabad,742135,44,4.738820467618804
2025-10-17,West Bengal,Murshidabad,742201,34,3.5440242142688487
2025-10-17,West Bengal,Murshidabad,742202,80,9.040086979678641
2025-10-17,West Bengal,Murshidabad,742224,41,4.380381591613817
2025-10-17,West Bengal,North 24 Parganas,743425,48,5.2167389689587855
2025-10-17,West Bengal,South 24 Parganas,743336,31,3.1855853382638624
2025-10-17,West Bengal,South 24 Parganas,743337,51,5.575177844963772
2025-10-17,West Bengal,Uttar Dinajpur,733201,69,7.725811100993691
2025-10-17,West Bengal,Uttar Dinajpur,733202,114,13.102394241068488
2025-10-17,Bihar,Banka,813106,54,5.933616720968759
2025-10-17,Bihar,Begusarai,851211,41,4.380381591613817
2025-10-17,Bihar,Bhagalpur,853204,31,3.1855853382638624
2025-10-17,Bihar,Darbhanga,847203,58,6.411535222308741
2025-10-17,Bihar,Gaya,823003,64,7.128412974318714
2025-10-17,Bihar,Gaya,824232,73,8.203729602333674
2025-10-17,Bihar,Gopalganj,841409,30,3.066105712928867
2025-10-17,Bihar,Jamui,811303,57,6.2920555969737455
2025-10-17,Bihar,Katihar,854113,39,4.141422340943826
2025-10-17,Bihar,Katihar,854114,32,3.305064963598858
2025-10-17,Bihar,Katihar,854317,150,17.403660753128325
2025-10-17,Bihar,Katihar,855102,78,8.80112772900865
2025-10-17,Bihar,Khagaria,852161,32,3.305064963598858
2025-10-17,Bihar,Kishanganj,855115,47,5.09725934362379
2025-10-17,Bihar,Kishanganj,855117,79,8.920607354343646
2025-10-17,Bihar,Madhubani,847401,31,3.1855853382638624
2025-10-17,Bihar,Munger,811211,31,3.1855853382638624
2025-10-17,Bihar,Nawada,805130,45,4.858300092953799
2025-10-17,Bihar,Purnia,854102,44,4.738820467618804
2025-10-17,Bihar,Purnia,854205,31,3.1855853382638624
2025-10-17,Bihar,Purnia,854304,86,9.756964731688614
2025-10-17,Bihar,Saharsa,852127,41,4.380381591613817
2025-10-17,Bihar,Samastipur,848114,63,7.008933348983718
2025-10-17,Bihar,Saran,841403,30,3.066105712928867
2025-10-17,Bihar,Siwan,841226,51,5.575177844963772
2025-10-17,Bihar,Supaul,852137,48,5.2167389689587855
2025-10-17,Bihar,Supaul,852215,31,3.1855853382638624
2025-10-17,Bihar,Vaishali,844122,63,7.008933348983718
2025-10-17,Bihar,West Champaran,845453,41,4.380381591613817
2025-10-17,Chhattisgarh,Bastar,494010,33,3.4245445889338533
2025-10-17,Chhattisgarh,Kondagaon,494226,59,6.531014847643736
2025-10-17,Delhi,South Delhi,110044,47,5.09725934362379
2025-10-17,Haryana,Gurgaon,122001,38,4.021942715608831
2025-10-17,Haryana,Palwal,121103,46,4.977779718288795
2025-10-17,Jammu and Kashmir,Doda,182143,33,3.4245445889338533
2025-10-17,Jharkhand,Giridih,815314,57,6.2920555969737455
2025-10-17,Jharkhand,Jamtara,815351,52,5.694657470298767
2025-10-17,Jharkhand,Ranchi,834001,39,4.141422340943826
2025-10-17,Odisha,Nabarangapur,764072,31,3.1855853382638624
2025-10-17,Rajasthan,Bikaner,334001,37,3.9024630902738355
2025-10-17,Rajasthan,Jaipur,302012,33,3.4245445889338533
2025-10-17,Rajasthan,Udaipur,307025,51,5.575177844963772
2025-10-17,Rajasthan,Udaipur,313001,34,3.5440242142688487
2025-10-17,Madhya Pradesh,Ashok Nagar,473331,30,3.066105712928867
2025-10-17,Madhya Pradesh,Barwani,451447,31,3.1855853382638624
2025-10-17,Madhya Pradesh,Dhar,454331,30,3.066105712928867
2025-10-17,Madhya Pradesh,Indore,452001,40,4.260901966278822
2025-10-17,Madhya Pradesh,Jhabua,457661,49,5.336218594293781
2025-10-17,Madhya Pradesh,Khargone,451001,43,4.619340842283808
2025-10-17,Bihar,Araria,854318,109,12.50499611439351
2025-10-17,Bihar,Banka,813102,41,4.380381591613817
2025-10-17,Bihar,Begusarai,851111,40,4.260901966278822
2025-10-17,Bihar,Bhagalpur,813209,33,3.4245445889338533
2025-10-17,Bihar,Bhojpur,802301,31,3.1855853382638624
2025-10-17,Bihar,East Champaran,845302,38,4.021942715608831
2025-10-17,Bihar,Gaya,824233,46,4.977779718288795
2025-10-17,Bihar,Kaimur (Bhabua),821101,30,3.066105712928867
2025-10-17,Bihar,Kaimur (Bhabua),821109,32,3.305064963598858
2025-10-17,Bihar,Katihar,854104,37,3.9024630902738355
2025-10-17,Bihar,Khagaria,851204,37,3.9024630902738355
2025-10-17,Bihar,Kishanganj,855108,40,4.260901966278822
2025-10-17,Bihar,Muzaffarpur,843125,39,4.141422340943826
2025-10-17,Bihar,Purnia,854202,49,5.336218594293781
2025-10-17,Bihar,Purnia,854204,86,9.756964731688614
2025-10-17,Bihar,Purnia,854330,103,11.788118362383537
2025-10-17,Bihar,Saharsa,852129,40,4.260901966278822
2025-10-17,Bihar,Saharsa,852216,34,3.5440242142688487
2025-10-17,Bihar,Saran,841101,33,3.4245445889338533
2025-10-17,Bihar,Saran,841219,36,3.7829834649388396
2025-10-17,Bihar,Saran,841301,47,5.09725934362379
2025-10-17,Bihar,Sitamarhi,843317,34,3.5440242142688487
2025-10-17,Chhattisgarh,Bijapur,494444,56,6.17257597163875
2025-10-17,Delhi,North West Delhi,110042,40,4.260901966278822
2025-10-17,Haryana,Faridabad,121004,49,5.336218594293781
2025-10-17,Haryana,Fatehabad,125051,30,3.066105712928867
2025-10-17,Haryana,Panipat,132103,50,5.455698219628776
2025-10-17,Haryana,Yamuna Nagar,135001,35,3.663503839603844
2025-10-17,Jammu and Kashmir,Doda,182203,68,7.6063314756586955
2025-10-17,Jharkhand,Bokaro,827013,38,4.021942715608831
2025-10-17,Jharkhand,Deoghar,815353,105,12.027077613053528
2025-10-17,Jharkhand,Dhanbad,828205,44,4.738820467618804
2025-10-17,Jharkhand,Garhwa,822120,35,3.663503839603844
2025-10-17,Jharkhand,Koderma,825409,36,3.7829834649388396
2025-10-17,Jharkhand,West Singhbhum,833214,61,6.769974098313727
2025-10-17,Madhya Pradesh,Bhopal,462001,40,4.260901966278822
2025-10-17,Madhya Pradesh,Chhindwara,480441,30,3.066105712928867
2025-10-17,Madhya Pradesh,Dewas,455001,51,5.575177844963772
2025-10-17,Madhya Pradesh,Morena,476001,53,5.814137095633764
2025-10-17,Madhya Pradesh,Panna,488441,35,3.663503839603844
2025-10-17,Madhya Pradesh,Ratlam,457001,61,6.769974098313727
2025-10-17,Madhya Pradesh,Sheopur,476337,33,3.4245445889338533
2025-10-17,Madhya Pradesh,Sidhi,486661,73,8.203729602333674
2025-10-17,Madhya Pradesh,Umaria,484660,38,4.021942715608831
2025-10-17,Maharashtra,Aurangabad,431103,40,4.260901966278822
2025-10-17,Maharashtra,Dhule,424001,47,5.09725934362379
2025-10-17,Maharashtra,Jalgaon,425001,30,3.066105712928867
2025-10-17,Maharashtra,Jalna,431203,40,4.260901966278822
2025-10-17,Maharashtra,Mumbai,400043,30,3.066105712928867
2025-10-17,Telangana,Hyderabad,500064,45,4.858300092953799
2025-10-17,Telangana,Medak,502286,31,3.1855853382638624
2025-10-17,Telangana,Nizamabad,503001,41,4.380381591613817
2025-10-17,Uttar Pradesh,Agra,282001,56,6.17257597163875
2025-10-17,Uttar Pradesh,Agra,282006,30,3.066105712928867
2025-10-17,Uttar Pradesh,Bahraich,271825,34,3.5440242142688487
2025-10-17,Uttar Pradesh,Bahraich,271865,41,4.380381591613817
2025-10-17,Uttar Pradesh,Balrampur,271208,31,3.1855853382638624
2025-10-17,Uttar Pradesh,Balrampur,271604,55,6.053096346303755
2025-10-17,Uttar Pradesh,Banda,210121,36,3.7829834649388396
2025-10-17,Uttar Pradesh,Bulandshahr,203001,58,6.411535222308741
2025-10-17,Uttar Pradesh,Firozabad,283204,32,3.305064963598858
2025-10-17,Uttar Pradesh,Gorakhpur,273001,30,3.066105712928867
2025-10-17,Uttar Pradesh,Gorakhpur,273015,34,3.5440242142688487
2025-10-17,Uttar Pradesh,Hapur,245207,36,3.7829834649388396
2025-10-17,Uttar Pradesh,Kheri,262804,36,3.7829834649388396
2025-10-17,Uttar Pradesh,Kushinagar,274304,31,3.1855853382638624
2025-10-17,Uttar Pradesh,Kushinagar,274802,34,3.5440242142688487
2025-10-17,Uttar Pradesh,Lucknow,226002,35,3.663503839603844
2025-10-17,Uttar Pradesh,Lucknow,226017,34,3.5440242142688487
2025-10-17,Uttar Pradesh,Mainpuri,205001,37,3.9024630902738355
2025-10-17,Uttar Pradesh,Muzaffarnagar,251001,45,4.858300092953799
2025-10-17,Uttar Pradesh,Pilibhit,262001,56,6.17257597163875
2025-10-17,Uttar Pradesh,Rae Bareli,229001,50,5.455698219628776
2025-10-17,Uttar Pradesh,Rampur,244924,43,4.619340842283808
2025-10-17,Uttar Pradesh,Shamli,247774,49,5.336218594293781
2025-10-17,Uttar Pradesh,Sitapur,261141,31,3.1855853382638624
2025-10-17,Uttar Pradesh,Unnao,241504,34,3.5440242142688487
2025-10-17,Uttarakhand,Dehradun,248001,47,5.09725934362379
2025-10-17,Uttarakhand,Udham Singh Nagar,244713,36,3.7829834649388396
2025-10-17,Maharashtra,Nandurbar,425414,57,6.2920555969737455
2025-10-17,Rajasthan,Alwar,301001,41,4.380381591613817
2025-10-17,Rajasthan,Banswara,327001,34,3.5440242142688487
2025-10-17,Rajasthan,Bharatpur,321205,31,3.1855853382638624
2025-10-17,West Bengal,Birbhum,731219,32,3.305064963598858
2025-10-17,West Bengal,Malda,732201,54,5.933616720968759
2025-10-17,West Bengal,Murshidabad,742134,34,3.5440242142688487
2025-10-17,West Bengal,South 24 Parganas,700140,30,3.066105712928867
2025-10-17,West Bengal,South 24 Parganas,743329,81,9.159566605013637
2025-10-17,West Bengal,South 24 Parganas,743338,61,6.769974098313727
2025-10-17,West Bengal,South 24 Parganas,743355,33,3.4245445889338533
2025-10-17,West Bengal,South 24 Parganas,743399,55,6.053096346303755
2025-10-17,West Bengal,South 24 Parganas,743503,49,5.336218594293781
2025-10-17,West Bengal,Uttar Dinajpur,733207,129,14.894588621093419
2025-10-17,Madhya Pradesh,Chhindwara,480001,40,4.260901966278822
2025-10-17,Madhya Pradesh,Datia,475661,32,3.305064963598858
2025-10-17,Madhya Pradesh,Hoshangabad,461775,35,3.663503839603844
2025-10-17,Madhya Pradesh,Indore,452002,34,3.5440242142688487
2025-10-17,Madhya Pradesh,Katni,483501,72,8.084249976998677
2025-10-17,Madhya Pradesh,Katni,483770,38,4.021942715608831
2025-10-17,Madhya Pradesh,Morena,476224,37,3.9024630902738355
2025-10-17,Madhya Pradesh,Rewa,486331,40,4.260901966278822
2025-10-17,Madhya Pradesh,Shahdol,484774,35,3.663503839603844
2025-10-17,Madhya Pradesh,Shivpuri,473781,37,3.9024630902738355
2025-10-17,Madhya Pradesh,Singrauli,486882,38,4.021942715608831
2025-10-17,Maharashtra,Pune,411048,33,3.4245445889338533
2025-10-17,Maharashtra,Solapur,413304,55,6.053096346303755
2025-10-17,Maharashtra,Thane,421301,54,5.933616720968759
2025-10-17,Manipur,Churachandpur,795128,36,3.7829834649388396
2025-10-17,Rajasthan,Bharatpur,321022,41,4.380381591613817
2025-10-17,Chhattisgarh,Raipur,492001,31,3.1855853382638624
2025-10-17,Chhattisgarh,Rajnandgaon,491441,36,3.7829834649388396
2025-10-17,Delhi,North East Delhi,110053,41,4.380381591613817
2025-10-17,Delhi,North East Delhi,110093,30,3.066105712928867
2025-10-17,Delhi,North East Delhi,110094,90,10.234883233028595
2025-10-17,Delhi,North West Delhi,110086,53,5.814137095633764
2025-10-17,Haryana,Hisar,125001,37,3.9024630902738355
2025-10-17,Haryana,Mewat,122104,30,3.066105712928867
2025-10-17,Haryana,Palwal,121102,40,4.260901966278822
2025-10-17,Jammu and Kashmir,Doda,182202,46,4.977779718288795
2025-10-17,Jammu and Kashmir,Kupwara,193222,30,3.066105712928867
2025-10-17,Jharkhand,Chatra,825103,31,3.1855853382638624
2025-10-17,Jharkhand,Chatra,825401,37,3.9024630902738355
2025-10-17,Jharkhand,East Singhbhum,831002,36,3.7829834649388396
2025-10-17,Jharkhand,Garhwa,822128,34,3.5440242142688487
2025-10-17,Jharkhand,Giridih,825324,35,3.663503839603844
2025-10-17,Jharkhand,Gumla,835207,34,3.5440242142688487
2025-10-17,Jharkhand,Lohardaga,835302,32,3.305064963598858
2025-10-17,Jharkhand,Sahebganj,816109,33,3.4245445889338533
2025-10-17,Rajasthan,Nagaur,341001,30,3.066105712928867
2025-10-17,Telangana,K.v. Rangareddy,500005,35,3.663503839603844
2025-10-17,Telangana,K.v. Rangareddy,500052,30,3.066105712928867
2025-10-17,Uttar Pradesh,Aligarh,202001,102,11.668638737048543
2025-10-17,Uttar Pradesh,Amroha,244221,46,4.977779718288795
2025-10-17,Assam,Karimganj,788724,30,3.066105712928867
2025-10-17,Assam,Nagaon,782124,30,3.066105712928867
2025-10-17,Bihar,Araria,854312,94,10.712801734368577
2025-10-17,Bihar,Aurangabad,824125,49,5.336218594293781
2025-10-17,Bihar,Banka,813101,51,5.575177844963772
2025-10-17,Bihar,Begusarai,851112,56,6.17257597163875
2025-10-17,Bihar,Bhojpur,802201,32,3.305064963598858
2025-10-17,Bihar,Bhojpur,802208,38,4.021942715608831
2025-10-17,Bihar,Buxar,802125,34,3.5440242142688487
2025-10-17,Bihar,East Champaran,845401,36,3.7829834649388396
2025-10-17,Bihar,Gaya,824201,39,4.141422340943826
2025-10-17,Bihar,Gaya,824205,30,3.066105712928867
2025-10-17,Bihar,Gopalganj,841405,30,3.066105712928867
2025-10-17,Bihar,Jamui,811307,34,3.5440242142688487
2025-10-17,Bihar,Jamui,811308,50,5.455698219628776
2025-10-17,Bihar,Katihar,854103,41,4.380381591613817
2025-10-17,Bihar,Katihar,855113,90,10.234883233028595
2025-10-17,Bihar,Katihar,855114,30,3.066105712928867
2025-10-17,Bihar,Khagaria,851201,35,3.663503839603844
2025-10-17,Bihar,Madhepura,852210,48,5.2167389689587855
2025-10-17,Bihar,Madhubani,847402,39,4.141422340943826
2025-10-17,Bihar,Muzaffarpur,843109,43,4.619340842283808
2025-10-17,Bihar,Nawada,805104,30,3.066105712928867
2025-10-17,Bihar,Purnia,854326,59,6.531014847643736
2025-10-17,Bihar,Samastipur,848207,36,3.7829834649388396
2025-10-17,Bihar,Samastipur,848210,35,3.663503839603844
2025-10-17,Bihar,Sitamarhi,843324,77,8.681648103673655
2025-10-17,Bihar,Supaul,852131,56,6.17257597163875
2025-10-17,Bihar,West Champaran,845449,51,5.575177844963772
2025-10-17,Uttar Pradesh,Deoria,274001,37,3.9024630902738355
2025-10-17,Uttar Pradesh,Ghazipur,233001,35,3.663503839603844
2025-10-17,Uttar Pradesh,Lucknow,226020,31,3.1855853382638624
2025-10-17,Uttar Pradesh,Maharajganj,273302,36,3.7829834649388396
2025-10-17,Uttar Pradesh,Maharajganj,273303,40,4.260901966278822
2025-10-17,Uttar Pradesh,Mau,275304,30,3.066105712928867
2025-10-17,Uttar Pradesh,Muzaffarnagar,251002,30,3.066105712928867
2025-10-17,Uttar Pradesh,Pilibhit,262201,32,3.305064963598858
2025-10-17,Uttar Pradesh,Saharanpur,247001,125,14.416670119753437
2025-10-17,Uttar Pradesh,Sant Kabir Nagar,272175,34,3.5440242142688487
2025-10-17,Uttar Pradesh,Shahjahanpur,242001,74,8.323209227668668
2025-10-17,Uttar Pradesh,Shamli,247776,47,5.09725934362379
2025-10-17,Uttar Pradesh,Siddharthnagar,272189,37,3.9024630902738355
2025-10-17,Uttar Pradesh,Siddharthnagar,272192,35,3.663503839603844
2025-10-17,Uttar Pradesh,Sitapur,261207,32,3.305064963598858
2025-10-17,West Bengal,Howrah,711303,50,5.455698219628776
2025-10-17,West Bengal,Malda,732102,32,3.305064963598858
2025-10-17,West Bengal,Nadia,741156,38,4.021942715608831
2025-10-17,West Bengal,Puruliya,723121,33,3.4245445889338533
2025-10-17,West Bengal,South 24 Parganas,743349,36,3.7829834649388396
2025-10-17,West Bengal,South 24 Parganas,743376,44,4.738820467618804
2025-10-17,Assam,Barpeta,781308,32,3.305064963598858
2025-10-17,Assam,Goalpara,783101,34,3.5440242142688487
2025-10-17,Bihar,Araria,854333,101,11.549159111713546
2025-10-17,Bihar,Begusarai,848201,36,3.7829834649388396
2025-10-17,Bihar,Bhagalpur,813213,30,3.066105712928867
2025-10-17,Bihar,Darbhanga,847427,30,3.066105712928867
2025-10-17,Bihar,Darbhanga,848213,36,3.7829834649388396
2025-10-17,Bihar,East Champaran,845305,31,3.1855853382638624
2025-10-17,Bihar,Gaya,824211,33,3.4245445889338533
2025-10-17,Bihar,Jamui,811314,50,5.455698219628776
2025-10-17,Bihar,Kishanganj,855101,136,15.730945998438386
2025-10-17,Bihar,Kishanganj,855107,122,14.058231243748452
2025-10-17,Bihar,Madhepura,852128,67,7.4868518503237
2025-10-17,Bihar,Madhubani,847223,35,3.663503839603844
2025-10-17,Bihar,Nawada,805122,30,3.066105712928867
2025-10-17,Bihar,Purnia,854315,163,18.956895882483263
2025-10-17,Bihar,Purnia,854327,35,3.663503839603844
2025-10-17,Bihar,Rohtas,821113,31,3.1855853382638624
2025-10-17,Bihar,Saharsa,852106,42,4.499861216948813
2025-10-17,Bihar,Saharsa,852217,37,3.9024630902738355
2025-10-17,Bihar,Saharsa,852221,33,3.4245445889338533
2025-10-17,Bihar,Samastipur,848101,37,3.9024630902738355
2025-10-17,Bihar,Samastipur,848209,31,3.1855853382638624
2025-10-17,Bihar,Sheikhpura,811105,60,6.650494472978732
2025-10-17,Bihar,Sheohar,843329,77,8.681648103673655
2025-10-17,Bihar,Sitamarhi,843314,37,3.9024630902738355
2025-10-17,Bihar,Sitamarhi,843327,50,5.455698219628776
2025-10-17,Bihar,Supaul,852214,34,3.5440242142688487
2025-10-17,Bihar,Vaishali,844508,80,9.040086979678641
2025-10-17,Bihar,West Champaran,845106,39,4.141422340943826
2025-10-17,Bihar,West Champaran,845438,77,8.681648103673655
2025-10-17,Chhattisgarh,Balrampur,497225,56,6.17257597163875
2025-10-17,Chhattisgarh,Mungeli,495334,34,3.5440242142688487
2025-10-17,Delhi,East Delhi,110092,32,3.305064963598858
2025-10-17,Delhi,North Delhi,110084,30,3.066105712928867
2025-10-17,Delhi,South Delhi,110062,78,8.80112772900865
2025-10-17,Delhi,West Delhi,110059,67,7.4868518503237
2025-10-17,Haryana,Jind,126102,36,3.7829834649388396
2025-10-17,Haryana,Karnal,132001,42,4.499861216948813
2025-10-17,Haryana,Mewat,122508,60,6.650494472978732
2025-10-17,Jharkhand,Chatra,825408,41,4.380381591613817
2025-10-17,Jharkhand,Jamtara,815352,52,5.694657470298767
2025-10-17,Jharkhand,Ramgarh,829110,35,3.663503839603844
2025-10-17,Jharkhand,West Singhbhum,833201,39,4.141422340943826
2025-10-17,Madhya Pradesh,Barwani,451666,53,5.814137095633764
2025-10-17,Madhya Pradesh,Burhanpur,450331,50,5.455698219628776
2025-10-17,Madhya Pradesh,Dhar,454001,88,9.995923982358605
2025-10-17,Madhya Pradesh,Guna,473001,42,4.499861216948813
2025-10-17,Madhya Pradesh,Indore,452010,35,3.663503839603844
2025-10-17,Madhya Pradesh,Indore,452016,41,4.380381591613817
2025-10-17,Madhya Pradesh,Jabalpur,482001,58,6.411535222308741
2025-10-17,Madhya Pradesh,Jabalpur,482003,34,3.5440242142688487
2025-10-17,Madhya Pradesh,Panna,488333,35,3.663503839603844
2025-10-17,Madhya Pradesh,Shivpuri,473670,38,4.021942715608831
2025-10-17,Madhya Pradesh,Shivpuri,473770,31,3.1855853382638624
2025-10-17,Madhya Pradesh,Shivpuri,473995,43,4.619340842283808
2025-10-17,Madhya Pradesh,Sidhi,486670,44,4.738820467618804
2025-10-17,Madhya Pradesh,Singrauli,486881,33,3.4245445889338533
2025-10-17,Maharashtra,Amravati,444601,30,3.066105712928867
2025-10-17,Maharashtra,Hingoli,431512,36,3.7829834649388396
2025-10-17,Maharashtra,Nashik,423203,115,13.221873866403483
2025-10-17,Telangana,Hyderabad,500005,45,4.858300092953799
2025-10-17,Telangana,Hyderabad,500008,33,3.4245445889338533
2025-10-17,Uttar Pradesh,Balrampur,271206,41,4.380381591613817
2025-10-17,Uttar Pradesh,Bareilly,243123,30,3.066105712928867
2025-10-17,Uttar Pradesh,Bareilly,243201,47,5.09725934362379
2025-10-17,Uttar Pradesh,Bijnor,246701,47,5.09725934362379
2025-10-17,Uttar Pradesh,Bijnor,246762,63,7.008933348983718
2025-10-17,Uttar Pradesh,Chitrakoot,210209,32,3.305064963598858
2025-10-17,Uttar Pradesh,Etawah,206001,31,3.1855853382638624
2025-10-17,Uttar Pradesh,Etawah,206242,32,3.305064963598858
2025-10-17,Uttar Pradesh,Ghaziabad,201001,58,6.411535222308741
2025-10-17,Uttar Pradesh,Ghaziabad,201102,63,7.008933348983718
2025-10-17,Uttar Pradesh,Hapur,245101,68,7.6063314756586955
2025-10-17,Uttar Pradesh,Kanpur Nagar,208001,59,6.531014847643736
2025-10-17,Uttar Pradesh,Kheri,262701,40,4.260901966278822
2025-10-17,Uttar Pradesh,Maharajganj,273162,34,3.5440242142688487
2025-10-17,Uttar Pradesh,Mau,275101,45,4.858300092953799
2025-10-17,Uttar Pradesh,Moradabad,244001,152,17.642620003798314
2025-10-17,Uttar Pradesh,Pratapgarh,230204,31,3.1855853382638624
2025-10-17,Uttar Pradesh,Rampur,244921,44,4.738820467618804
2025-10-17,Uttar Pradesh,Siddharthnagar,272153,48,5.2167389689587855
2025-10-17,Uttar Pradesh,Sitapur,261001,47,5.09725934362379
2025-10-17,Uttar Pradesh,Sultanpur,228001,30,3.066105712928867
2025-10-17,Uttar Pradesh,Varanasi,221001,60,6.650494472978732
2025-10-17,West Bengal,Murshidabad,742304,42,4.499861216948813
2025-10-17,West Bengal,North 24 Parganas,743456,39,4.141422340943826
2025-10-17,West Bengal,South 24 Parganas,743368,36,3.7829834649388396
2025-10-17,West Bengal,Uttar Dinajpur,733208,62,6.889453723648723
2025-10-17,West Bengal,Uttar Dinajpur,733209,44,4.738820467618804
2025-10-17,West Bengal,Uttar Dinajpur,733210,141,16.328344125113365
2025-10-17,West Bengal,Uttar Dinajpur,733215,57,6.2920555969737455
2025-10-18,Madhya Pradesh,Barwani,451666,36,3.7829834649388396
2025-10-18,Bihar,Araria,854311,108,12.385516489058515
2025-10-18,Bihar,Araria,854333,32,3.305064963598858
2025-10-18,Bihar,Gaya,824232,45,4.858300092953799
2025-10-18,Bihar,Katihar,854317,59,6.531014847643736
2025-10-18,Bihar,Katihar,855102,33,3.4245445889338533
2025-10-18,Bihar,Katihar,855113,30,3.066105712928867
2025-10-18,Bihar,Kishanganj,855101,54,5.933616720968759
2025-10-18,Bihar,Madhubani,847408,49,5.336218594293781
2025-10-18,Bihar,Sitamarhi,843327,32,3.305064963598858
2025-10-18,Uttar Pradesh,Amroha,244221,36,3.7829834649388396
2025-10-18,Uttar Pradesh,Rampur,244901,34,3.5440242142688487
2025-10-18,West Bengal,Murshidabad,742224,34,3.5440242142688487
2025-10-18,Bihar,Kishanganj,855107,51,5.575177844963772
2025-10-18,Bihar,Saran,841403,33,3.4245445889338533
2025-10-18,Bihar,Sitamarhi,843302,42,4.499861216948813
2025-10-18,Bihar,Sitamarhi,843324,47,5.09725934362379
2025-10-18,Jharkhand,Dhanbad,828109,34,3.5440242142688487
2025-10-18,Jharkhand,Dhanbad,828305,41,4.380381591613817
2025-10-18,Jharkhand,West Singhbhum,833214,30,3.066105712928867
2025-10-18,Madhya Pradesh,Umaria,484661,38,4.021942715608831
2025-10-18,Punjab,Gurdaspur,143505,34,3.5440242142688487
2025-10-18,Uttar Pradesh,Hapur,245101,41,4.380381591613817
2025-10-18,Uttar Pradesh,Meerut,250002,64,7.128412974318714
2025-10-18,Uttar Pradesh,Moradabad,244001,83,9.398525855683628
2025-10-18,Uttar Pradesh,Saharanpur,247001,63,7.008933348983718
2025-10-18,West Bengal,Murshidabad,742202,32,3.305064963598858
2025-10-18,West Bengal,Uttar Dinajpur,733202,55,6.053096346303755
2025-10-18,Jharkhand,Giridih,815312,51,5.575177844963772
2025-10-18,Madhya Pradesh,Dewas,455001,31,3.1855853382638624
2025-10-18,Madhya Pradesh,Ratlam,457001,48,5.2167389689587855
2025-10-18,Assam,Sonitpur,784027,33,3.4245445889338533
2025-10-18,Bihar,Darbhanga,847203,32,3.305064963598858
2025-10-18,Bihar,Nawada,805130,43,4.619340842283808
2025-10-18,Bihar,Purnia,854315,65,7.247892599653709
2025-10-18,Bihar,Supaul,852131,32,3.305064963598858
2025-10-18,Bihar,West Champaran,845454,33,3.4245445889338533
2025-10-18,Uttar Pradesh,Aligarh,202001,54,5.933616720968759
2025-10-18,Uttar Pradesh,Budaun,243601,31,3.1855853382638624
2025-10-18,Uttar Pradesh,Ghaziabad,201102,40,4.260901966278822
2025-10-18,Uttar Pradesh,Hardoi,241001,31,3.1855853382638624
2025-10-18,West Bengal,Malda,732125,36,3.7829834649388396
2025-10-18,West Bengal,Murshidabad,742213,35,3.663503839603844
2025-10-18,Madhya Pradesh,Sidhi,486661,47,5.09725934362379
2025-10-18,Maharashtra,Nashik,423203,52,5.694657470298767
2025-10-18,Maharashtra,Thane,421302,35,3.663503839603844
2025-10-18,Bihar,Purnia,854330,48,5.2167389689587855
2025-10-18,Bihar,Vaishali,844102,31,3.1855853382638624
2025-10-18,Delhi,North East Delhi,110094,52,5.694657470298767
2025-10-18,Delhi,West Delhi,110059,30,3.066105712928867
2025-10-18,Jammu and Kashmir,Doda,182203,31,3.1855853382638624
2025-10-18,Madhya Pradesh,Dhar,454001,30,3.066105712928867
2025-10-18,Madhya Pradesh,Morena,476001,31,3.1855853382638624
2025-10-18,Bihar,Araria,854312,42,4.499861216948813
2025-10-18,Bihar,Araria,854318,48,5.2167389689587855
2025-10-18,Bihar,Araria,854329,42,4.499861216948813
2025-10-18,Bihar,Kishanganj,855117,30,3.066105712928867
2025-10-18,Bihar,Madhepura,852128,32,3.305064963598858
2025-10-18,Bihar,Madhepura,852210,37,3.9024630902738355
2025-10-18,Uttar Pradesh,Bahraich,271855,63,7.008933348983718
2025-10-18,Uttar Pradesh,Rae Bareli,229001,30,3.066105712928867
2025-10-18,Uttarakhand,Nainital,263139,34,3.5440242142688487
2025-10-18,West Bengal,South 24 Parganas,743329,40,4.260901966278822
2025-10-18,West Bengal,South 24 Parganas,743338,39,4.141422340943826
2025-10-18,West Bengal,Uttar Dinajpur,733207,72,8.084249976998677
2025-10-18,West Bengal,Uttar Dinajpur,733208,35,3.663503839603844
2025-10-18,West Bengal,Uttar Dinajpur,733210,82,9.279046230348632
2025-10-18,Bihar,Gaya,823003,37,3.9024630902738355
2025-10-18,Bihar,Kishanganj,855115,37,3.9024630902738355
2025-10-18,Bihar,Samastipur,848114,38,4.021942715608831
2025-10-18,Bihar,Sheikhpura,811105,34,3.5440242142688487
2025-10-18,Bihar,Supaul,852137,45,4.858300092953799
2025-10-18,Bihar,West Champaran,845101,32,3.305064963598858
2025-10-18,Bihar,West Champaran,845438,47,5.09725934362379
2025-10-18,Chhattisgarh,Kondagaon,494226,32,3.305064963598858
2025-10-18,Haryana,Faridabad,121004,34,3.5440242142688487
2025-10-18,Haryana,Karnal,132001,32,3.305064963598858
2025-10-18,Haryana,Mewat,122508,44,4.738820467618804
2025-10-18,Haryana,Panipat,132103,42,4.499861216948813
2025-10-18,Jharkhand,Deoghar,815353,46,4.977779718288795
2025-10-18,Madhya Pradesh,Singrauli,486886,54,5.933616720968759
2025-10-18,Maharashtra,Aurangabad,431001,32,3.305064963598858
2025-10-18,Uttar Pradesh,Bahraich,271865,33,3.4245445889338533
2025-10-18,Uttar Pradesh,Bijnor,246762,34,3.5440242142688487
2025-10-18,Uttar Pradesh,Bijnor,246763,34,3.5440242142688487
2025-10-18,Uttar Pradesh,Lucknow,226003,30,3.066105712928867
2025-10-18,Uttar Pradesh,Shahjahanpur,242001,31,3.1855853382638624
2025-10-18,Uttar Pradesh,Shamli,247776,33,3.4245445889338533
2025-10-19,Bihar,Araria,854318,50,5.455698219628776
2025-10-19,Bihar,Madhepura,852210,31,3.1855853382638624
2025-10-19,Bihar,Purnia,854203,30,3.066105712928867
2025-10-19,Bihar,Saharsa,852129,32,3.305064963598858
2025-10-19,Bihar,Vaishali,843114,31,3.1855853382638624
2025-10-19,Bihar,Vaishali,844122,37,3.9024630902738355
2025-10-19,Bihar,West Champaran,845101,36,3.7829834649388396
2025-10-19,Chhattisgarh,Balrampur,497225,30,3.066105712928867
2025-10-19,Jharkhand,Dhanbad,828205,41,4.380381591613817
2025-10-19,Jharkhand,Giridih,815312,41,4.380381591613817
2025-10-19,Jharkhand,West Singhbhum,833102,32,3.305064963598858
2025-10-19,Madhya Pradesh,Umaria,484661,30,3.066105712928867
2025-10-19,Maharashtra,Nashik,423203,79,8.920607354343646
2025-10-19,Maharashtra,Thane,421301,30,3.066105712928867
2025-10-19,Rajasthan,Alwar,301001,39,4.141422340943826
2025-10-19,Uttar Pradesh,Bulandshahr,203001,35,3.663503839603844
2025-10-19,Uttar Pradesh,Deoria,274001,31,3.1855853382638624
2025-10-19,Uttar Pradesh,Gautam Buddha Nagar,201301,33,3.4245445889338533
2025-10-19,Uttar Pradesh,Kanpur Nagar,208001,34,3.5440242142688487
2025-10-19,Uttar Pradesh,Moradabad,244001,110,12.624475739728506
2025-10-19,West Bengal,Murshidabad,742303,40,4.260901966278822
2025-10-19,West Bengal,South 24 Parganas,743338,39,4.141422340943826
2025-10-19,West Bengal,South 24 Parganas,743349,47,5.09725934362379
2025-10-19,West Bengal,South 24 Parganas,743503,42,4.499861216948813
2025-10-19,West Bengal,Uttar Dinajpur,733201,67,7.4868518503237
2025-10-19,Delhi,West Delhi,110059,57,6.2920555969737455
2025-10-19,Jharkhand,Deoghar,815353,49,5.336218594293781
2025-10-19,Jharkhand,Dhanbad,828305,41,4.380381591613817
2025-10-19,Uttar Pradesh,Balrampur,271604,32,3.305064963598858
2025-10-19,Uttar Pradesh,Rampur,244901,59,6.531014847643736
2025-10-19,Uttar Pradesh,Saharanpur,247001,87,9.87644435702361
2025-10-19,Uttarakhand,Dehradun,248001,30,3.066105712928867
2025-10-19,West Bengal,Cooch Behar,736135,31,3.1855853382638624
2025-10-19,West Bengal,Malda,732201,33,3.4245445889338533
2025-10-19,West Bengal,North 24 Parganas,743425,61,6.769974098313727
2025-10-19,West Bengal,Uttar Dinajpur,733208,66,7.367372224988705
2025-10-19,Assam,Nagaon,782123,43,4.619340842283808
2025-10-19,Bihar,Araria,854311,98,11.19072023570856
2025-10-19,Bihar,Jamui,811303,32,3.305064963598858
2025-10-19,Bihar,Kishanganj,855107,46,4.977779718288795
2025-10-19,Bihar,Kishanganj,855108,35,3.663503839603844
2025-10-19,Bihar,Madhubani,847408,37,3.9024630902738355
2025-10-19,Bihar,Purnia,854204,42,4.499861216948813
2025-10-19,Bihar,Saran,841101,34,3.5440242142688487
2025-10-19,Bihar,Supaul,854339,36,3.7829834649388396
2025-10-19,Delhi,North West Delhi,110086,30,3.066105712928867
2025-10-19,Haryana,Mewat,122508,53,5.814137095633764
2025-10-19,Jammu and Kashmir,Doda,182203,50,5.455698219628776
2025-10-19,Maharashtra,Nandurbar,425414,30,3.066105712928867
2025-10-19,Telangana,Hyderabad,500053,39,4.141422340943826
2025-10-19,Uttar Pradesh,Hapur,245101,35,3.663503839603844
2025-10-19,Uttar Pradesh,Mirzapur,231001,32,3.305064963598858
2025-10-19,Uttar Pradesh,Muzaffarnagar,251001,45,4.858300092953799
2025-10-19,Uttar Pradesh,Unnao,209801,38,4.021942715608831
2025-10-19,West Bengal,Murshidabad,742201,41,4.380381591613817
2025-10-19,West Bengal,Murshidabad,742202,36,3.7829834649388396
2025-10-19,West Bengal,Murshidabad,742304,38,4.021942715608831
2025-10-19,West Bengal,South 24 Parganas,743329,58,6.411535222308741
2025-10-19,West Bengal,South 24 Parganas,743399,35,3.663503839603844
2025-10-19,Karnataka,Dakshina Kannada,575013,35,3.663503839603844
2025-10-19,Madhya Pradesh,Singrauli,486886,46,4.977779718288795
2025-10-19,Maharashtra,Aurangabad,431001,57,6.2920555969737455
2025-10-19,Maharashtra,Thane,421302,53,5.814137095633764
2025-10-19,Bihar,Araria,854333,77,8.681648103673655
2025-10-19,Bihar,Begusarai,851129,33,3.4245445889338533
2025-10-19,Bihar,Kishanganj,855117,43,4.619340842283808
2025-10-19,Bihar,Purnia,854315,80,9.040086979678641
2025-10-19,Bihar,Purnia,854326,35,3.663503839603844
2025-10-19,Bihar,Purnia,854330,58,6.411535222308741
2025-10-19,Bihar,Saharsa,852106,31,3.1855853382638624
2025-10-19,Bihar,Saharsa,852216,36,3.7829834649388396
2025-10-19,Bihar,Supaul,852131,53,5.814137095633764
2025-10-19,Bihar,Supaul,852137,40,4.260901966278822
2025-10-19,Haryana,Panipat,132103,31,3.1855853382638624
2025-10-19,Uttar Pradesh,Bahraich,271855,71,7.964770351663682
2025-10-19,Uttar Pradesh,Bijnor,246762,34,3.5440242142688487
2025-10-19,Uttar Pradesh,Lucknow,226003,42,4.499861216948813
2025-10-19,Uttar Pradesh,Meerut,250002,83,9.398525855683628
2025-10-19,Uttar Pradesh,Shamli,247774,37,3.9024630902738355
2025-10-19,West Bengal,Howrah,711303,30,3.066105712928867
2025-10-19,West Bengal,South 24 Parganas,743355,39,4.141422340943826
2025-10-19,West Bengal,Uttar Dinajpur,733202,86,9.756964731688614
2025-10-19,West Bengal,Uttar Dinajpur,733210,103,11.788118362383537
2025-10-19,Uttar Pradesh,Agra,282001,35,3.663503839603844
2025-10-19,Uttar Pradesh,Aligarh,202001,57,6.2920555969737455
2025-10-19,Uttar Pradesh,Bahraich,271801,34,3.5440242142688487
2025-10-19,Uttar Pradesh,Bahraich,271865,36,3.7829834649388396
2025-10-19,Uttar Pradesh,Bareilly,243201,36,3.7829834649388396
2025-10-19,Uttar Pradesh,Bijnor,246725,36,3.7829834649388396
2025-10-19,West Bengal,Dakshin Dinajpur,733132,33,3.4245445889338533
2025-10-19,West Bengal,Howrah,711316,30,3.066105712928867
2025-10-19,Bihar,West Champaran,845438,47,5.09725934362379
2025-10-19,Delhi,South Delhi,110062,34,3.5440242142688487
2025-10-19,Madhya Pradesh,Ujjain,456006,46,4.977779718288795
2025-10-19,Punjab,Amritsar,143001,30,3.066105712928867
2025-10-19,West Bengal,South 24 Parganas,743337,55,6.053096346303755
2025-10-19,West Bengal,South 24 Parganas,743502,47,5.09725934362379
2025-10-19,West Bengal,Uttar Dinajpur,733207,103,11.788118362383537
2025-10-19,West Bengal,Uttar Dinajpur,733215,34,3.5440242142688487
2025-10-20,Jammu and Kashmir,Doda,182203,33,3.4245445889338533
2025-10-20,Bihar,Araria,854311,40,4.260901966278822
2025-10-20,West Bengal,Uttar Dinajpur,733210,39,4.141422340943826
2025-10-23,Meghalaya,West Garo Hills,794005,37,3.9024630902738355
2025-10-23,Meghalaya,West Khasi Hills,793119,63,7.008933348983718
2025-10-24,Bihar,Kishanganj,855107,36,3.7829834649388396
2025-10-24,Chhattisgarh,Bijapur,494444,63,7.008933348983718
2025-10-24,Uttar Pradesh,Bahraich,271855,55,6.053096346303755
2025-10-24,Madhya Pradesh,Singrauli,486886,36,3.7829834649388396
2025-10-24,West Bengal,Uttar Dinajpur,733201,38,4.021942715608831
2025-10-24,West Bengal,Uttar Dinajpur,733208,39,4.141422340943826
2025-10-24,Assam,Nagaon,782123,30,3.066105712928867
2025-10-24,Bihar,Araria,854318,37,3.9024630902738355
2025-10-24,Uttar Pradesh,Shamli,247775,30,3.066105712928867
2025-10-24,West Bengal,South 24 Parganas,743329,58,6.411535222308741
2025-10-24,West Bengal,South 24 Parganas,743502,30,3.066105712928867
2025-10-24,West Bengal,Uttar Dinajpur,733207,75,8.442688853003665
2025-10-24,Meghalaya,East Khasi Hills,793015,35,3.663503839603844
2025-10-24,Bihar,Araria,854311,71,7.964770351663682
2025-10-24,Bihar,Araria,854333,33,3.4245445889338533
2025-10-24,Bihar,Sitamarhi,843302,30,3.066105712928867
2025-10-24,Assam,Sonitpur,784027,32,3.305064963598858
2025-10-24,Bihar,Araria,854329,33,3.4245445889338533
2025-10-24,Bihar,Kishanganj,855117,40,4.260901966278822
2025-10-24,Bihar,Purnia,854315,58,6.411535222308741
2025-10-24,Uttar Pradesh,Meerut,250002,42,4.499861216948813
2025-10-24,Uttar Pradesh,Moradabad,244001,40,4.260901966278822
2025-10-24,West Bengal,Murshidabad,742224,30,3.066105712928867
2025-10-24,West Bengal,Uttar Dinajpur,733202,59,6.531014847643736
2025-10-24,Bihar,Katihar,855113,31,3.1855853382638624
2025-10-24,West Bengal,Malda,732125,32,3.305064963598858
2025-10-24,West Bengal,Murshidabad,742201,41,4.380381591613817
2025-10-24,West Bengal,Murshidabad,742202,56,6.17257597163875
2025-10-24,West Bengal,Murshidabad,742213,36,3.7829834649388396
2025-10-24,West Bengal,Uttar Dinajpur,733210,74,8.323209227668668
2025-10-25,Jharkhand,Giridih,815312,31,3.1855853382638624
2025-10-25,Jharkhand,Hazaribagh,825301,30,3.066105712928867
2025-10-25,Madhya Pradesh,Satna,485001,30,3.066105712928867
2025-10-25,Maharashtra,Aurangabad,431001,37,3.9024630902738355
2025-10-25,Meghalaya,South Garo Hills,794005,30,3.066105712928867
2025-10-25,Bihar,Araria,854311,65,7.247892599653709
2025-10-25,Bihar,Gaya,824232,30,3.066105712928867
2025-10-25,Bihar,Khagaria,851204,33,3.4245445889338533
2025-10-25,Bihar,Madhubani,847408,35,3.663503839603844
2025-10-25,Bihar,Purnia,854204,45,4.858300092953799
2025-10-25,Bihar,Sheohar,843329,33,3.4245445889338533
2025-10-25,Bihar,Vaishali,844102,44,4.738820467618804
2025-10-25,Telangana,Hyderabad,500005,31,3.1855853382638624
2025-10-25,Uttar Pradesh,Bahraich,271865,38,4.021942715608831
2025-10-25,Uttar Pradesh,Budaun,243601,32,3.305064963598858
2025-10-25,Uttar Pradesh,Ghaziabad,201102,35,3.663503839603844
2025-10-25,Uttar Pradesh,Saharanpur,247001,35,3.663503839603844
2025-10-25,West Bengal,Uttar Dinajpur,733210,80,9.040086979678641
2025-10-25,West Bengal,Uttar Dinajpur,733215,35,3.663503839603844
2025-10-25,Jammu and Kashmir,Doda,182203,50,5.455698219628776
2025-10-25,Jharkhand,Deoghar,815353,44,4.738820467618804
2025-10-25,Madhya Pradesh,Sidhi,486661,44,4.738820467618804
2025-10-25,Meghalaya,West Garo Hills,794104,53,5.814137095633764
2025-10-25,Telangana,Hyderabad,500008,35,3.663503839603844
2025-10-25,Telangana,Hyderabad,500053,36,3.7829834649388396
2025-10-25,Telangana,Mahabubnagar,509001,39,4.141422340943826
2025-10-25,West Bengal,South 24 Parganas,743338,30,3.066105712928867
2025-10-25,West Bengal,Uttar Dinajpur,733202,55,6.053096346303755
2025-10-25,Uttar Pradesh,Aligarh,202001,51,5.575177844963772
2025-10-25,Uttar Pradesh,Meerut,250002,44,4.738820467618804
2025-10-25,Uttar Pradesh,Moradabad,244001,54,5.933616720968759
2025-10-25,Bihar,Araria,854333,38,4.021942715608831
2025-10-25,Bihar,Sitamarhi,843317,33,3.4245445889338533
2025-10-25,Delhi,North East Delhi,110094,30,3.066105712928867
2025-10-25,Haryana,Hisar,125001,31,3.1855853382638624
2025-10-25,Jammu and Kashmir,Punch,185102,44,4.738820467618804
2025-10-25,Madhya Pradesh,Singrauli,486886,36,3.7829834649388396
2025-10-25,Bihar,Jamui,811303,35,3.663503839603844
2025-10-25,Bihar,Katihar,854317,46,4.977779718288795
2025-10-25,Bihar,Kishanganj,855117,30,3.066105712928867
2025-10-25,Bihar,Nalanda,803101,34,3.5440242142688487
2025-10-25,Bihar,Purnia,854315,38,4.021942715608831
2025-10-25,Bihar,Samastipur,848114,37,3.9024630902738355
2025-10-25,Delhi,South Delhi,110044,32,3.305064963598858
2025-10-25,Maharashtra,Thane,421302,35,3.663503839603844
2025-10-25,Manipur,Churachandpur,795128,31,3.1855853382638624
2025-10-25,Uttar Pradesh,Bahraich,271855,87,9.87644435702361
2025-10-25,Uttar Pradesh,Shamli,247774,36,3.7829834649388396
2025-10-25,West Bengal,Murshidabad,742202,59,6.531014847643736
2025-10-25,West Bengal,Uttar Dinajpur,733207,68,7.6063314756586955
2025-10-25,Haryana,Mewat,122508,34,3.5440242142688487
2025-10-25,Uttar Pradesh,Mirzapur,231001,32,3.305064963598858
2025-10-25,Uttar Pradesh,Varanasi,221001,31,3.1855853382638624
2025-10-25,West Bengal,South 24 Parganas,743329,44,4.738820467618804
2025-10-25,West Bengal,Uttar Dinajpur,733201,43,4.619340842283808
2025-10-25,West Bengal,Uttar Dinajpur,733208,53,5.814137095633764
2025-10-26,Jharkhand,Giridih,815312,40,4.260901966278822
2025-10-26,Uttar Pradesh,Bahraich,271855,81,9.159566605013637
2025-10-26,Uttar Pradesh,Bahraich,271865,37,3.9024630902738355
2025-10-26,Meghalaya,West Garo Hills,794104,36,3.7829834649388396
2025-10-26,Bihar,Purnia,854315,32,3.305064963598858
2025-10-26,Uttar Pradesh,Meerut,250002,34,3.5440242142688487
2025-10-26,Uttar Pradesh,Moradabad,244001,33,3.4245445889338533
2025-10-26,Bihar,Nawada,805130,33,3.4245445889338533
2025-10-26,Bihar,Vaishali,844508,31,3.1855853382638624
2025-10-26,Uttar Pradesh,Kheri,262723,41,4.380381591613817
2025-10-26,West Bengal,Uttar Dinajpur,733207,32,3.305064963598858
2025-10-26,Bihar,Araria,854311,32,3.305064963598858
2025-10-26,Bihar,West Champaran,845438,32,3.305064963598858
2025-10-26,Meghalaya,West Khasi Hills,793119,31,3.1855853382638624
2025-10-26,Uttar Pradesh,Aligarh,202001,36,3.7829834649388396
